Date,Close,High,Low,Open,Volume,Ticker
2021-01-01,1015.8336181640624,1018.450025307919,1007.8194961285266,1011.1626961782448,2915215,DRREDDY.NS
2021-01-04,1021.8223266601562,1028.8190096115443,1015.83361935299,1019.4481838154752,3923440,DRREDDY.NS
2021-01-05,1024.6617431640625,1034.371715578915,1013.0427563879352,1015.5719815743536,4770920,DRREDDY.NS
2021-01-06,1024.93310546875,1030.1078379673215,1012.8585719145908,1024.6617410533488,2713390,DRREDDY.NS
2021-01-07,1021.560791015625,1032.0459380746036,1018.0914904645488,1027.3944161068796,3266465,DRREDDY.NS
2021-01-08,1034.6138916015625,1038.8292665525523,1023.1305880133116,1027.181180663004,4045915,DRREDDY.NS
2021-01-11,1049.8377685546875,1051.8146830485753,1032.239657107094,1035.7283575770398,4599235,DRREDDY.NS
2021-01-12,1037.6373291015625,1055.012457316953,1032.9083255431506,1054.51822871383,3741860,DRREDDY.NS
2021-01-13,1025.262451171875,1041.7364225045044,1015.1842332862332,1039.7983082300773,3296060,DRREDDY.NS
2021-01-14,1028.925537109375,1032.6272834021595,1020.4171868759414,1028.1502440661095,2674860,DRREDDY.NS
2021-01-15,1010.3003540039062,1030.1078268380447,1006.9667356482836,1030.1078268380447,2577605,DRREDDY.NS
2021-01-18,979.15478515625,1015.1746256643842,975.8406260063216,1013.8276219258646,4412055,DRREDDY.NS
2021-01-19,986.287109375,989.3977452718752,976.141049282479,986.1126270222508,3990495,DRREDDY.NS
2021-01-20,984.6880493164062,1000.0184814233332,981.6645957316708,988.884083348682,3398145,DRREDDY.NS
2021-01-21,979.1741943359376,995.8031904544844,975.6274708823644,990.3764936002304,2906620,DRREDDY.NS
2021-01-22,976.2088623046876,989.4752579483336,966.1500436779012,978.5055231732804,3815610,DRREDDY.NS
2021-01-25,985.0271606445312,993.942557108409,961.304661316363,977.1972217144884,3588895,DRREDDY.NS
2021-01-27,951.4783935546876,979.2128031282624,936.651831698775,979.2128031282624,5261980,DRREDDY.NS
2021-01-28,944.2105712890624,950.4416020672746,925.8372843955578,939.0164388257166,5165470,DRREDDY.NS
2021-01-29,892.0558471679688,952.5831780225694,881.8420061043114,947.7378922747436,14820975,DRREDDY.NS
2021-02-01,858.2261352539062,887.200969276466,851.4233347633009,883.789868995686,12951700,DRREDDY.NS
2021-02-02,868.759765625,877.5781623424928,849.0879166152845,866.1432993983797,18375530,DRREDDY.NS
2021-02-03,901.1359252929688,922.8525295552838,880.3787373103175,887.4528428091536,17227025,DRREDDY.NS
2021-02-04,904.7020874023438,912.0765980918476,895.8157907836463,909.5570140230792,6508800,DRREDDY.NS
2021-02-05,930.4692993164062,936.109219100499,896.5038575955388,908.0065613842314,12038405,DRREDDY.NS
2021-02-08,941.8848266601562,951.6044393026827,935.1401674755518,942.8926248224992,10792890,DRREDDY.NS
2021-02-09,938.8419799804688,948.8426571304402,931.263945769544,939.985460350112,6233845,DRREDDY.NS
2021-02-10,934.9560546875,946.5944408730091,922.7362578531,939.0164066341642,5767115,DRREDDY.NS
2021-02-11,935.14990234375,941.9236027395076,932.2330306948624,934.364968373996,3557750,DRREDDY.NS
2021-02-12,928.7444458007812,941.884859090436,927.38774205973,941.884859090436,2504510,DRREDDY.NS
2021-02-15,912.8228149414062,936.7973406099806,910.9235006152728,928.7444773558263,4923205,DRREDDY.NS
2021-02-16,910.2546997070312,922.85244169477,905.0993089652322,916.534170632485,4064700,DRREDDY.NS
2021-02-17,891.63916015625,912.8421353315182,887.6563494646331,910.254769301865,5106775,DRREDDY.NS
2021-02-18,894.8176879882812,903.9074487062944,883.7801129526146,892.889273740353,5147530,DRREDDY.NS
2021-02-19,907.3185424804688,916.3404626265724,877.9658212504095,891.9202685580456,6392670,DRREDDY.NS
2021-02-22,866.1917114257812,916.1369548803484,861.1332614840353,912.464190421452,6976565,DRREDDY.NS
2021-02-23,871.2115478515625,878.7992233592973,856.7434713923304,871.763858422406,5317090,DRREDDY.NS
2021-02-24,859.6603393554688,876.7545229734127,848.3127171219289,871.2115440452666,3677930,DRREDDY.NS
2021-02-25,868.3043212890625,889.594478846714,856.8693994071217,856.8693994071217,8531875,DRREDDY.NS
2021-02-26,857.916015625,883.5087899022609,853.7393815160223,864.3990105701383,7534450,DRREDDY.NS
2021-03-01,863.119873046875,867.8876179830214,852.8187901210339,861.4918640234728,3545365,DRREDDY.NS
2021-03-02,853.6812133789062,868.2558117124959,850.8612830794093,866.9960492389973,9188390,DRREDDY.NS
2021-03-03,872.645751953125,875.2040772832928,857.8094878505229,865.368122556418,4253070,DRREDDY.NS
2021-03-04,886.697021484375,888.3056303818634,861.2980114537119,868.6628815241738,7364955,DRREDDY.NS
2021-03-05,870.6978759765625,883.7801479027546,869.0504669417307,881.8420335433187,4131845,DRREDDY.NS
2021-03-08,870.6494140625,876.4153159728255,864.9803942091999,872.1514408257223,2782080,DRREDDY.NS
2021-03-09,862.13134765625,876.0276530442903,855.9681584516866,872.3355477131405,2715590,DRREDDY.NS
2021-03-10,872.22900390625,875.9985913883985,863.6334714437785,871.3762288553719,3149805,DRREDDY.NS
2021-03-12,857.9063110351562,877.956106488182,853.3711305228868,876.0276921602605,3439260,DRREDDY.NS
2021-03-15,841.5776977539062,864.8253694296492,830.4819815042641,864.3989819157568,4608715,DRREDDY.NS
2021-03-16,862.4027709960938,865.6975891502366,845.986939584907,848.9135112695906,4678635,DRREDDY.NS
2021-03-17,844.2135620117188,865.3680976910023,841.9750421987835,862.402784962873,4769865,DRREDDY.NS
2021-03-18,816.4791259765625,848.6033955769867,813.0486848067598,846.9559865198906,6054535,DRREDDY.NS
2021-03-19,828.4373168945312,834.4260832422789,801.410297620008,815.9461554970336,7062075,DRREDDY.NS
2021-03-22,843.84521484375,846.5586220539418,827.2356210218549,828.9120708859597,4336515,DRREDDY.NS
2021-03-23,847.3920288085938,853.3516947380352,837.6723572936527,843.0797127016709,3326180,DRREDDY.NS
2021-03-24,843.1766357421875,856.45273104902,839.4651892971314,843.1281947120918,3912020,DRREDDY.NS
2021-03-25,849.0006713867188,853.1870054999928,830.4335618508869,843.0797462147975,4707080,DRREDDY.NS
2021-03-26,853.9331665039062,857.2279253031885,842.633927090976,856.6465146758311,3626590,DRREDDY.NS
2021-03-30,875.6788940429688,877.4716262691202,856.8501190642394,858.5750101863528,4331625,DRREDDY.NS
2021-03-31,875.25244140625,881.2024665819397,868.4690412655962,874.0895609813983,3862550,DRREDDY.NS
2021-04-01,889.1390380859375,890.5538236756871,876.4249538222671,881.8420093326517,3238200,DRREDDY.NS
2021-04-05,883.1212158203125,888.4316303567425,857.4024589895807,883.7801676196349,3661290,DRREDDY.NS
2021-04-06,895.2634887695312,899.2656998186541,880.2916020422743,883.5863611013497,3711470,DRREDDY.NS
2021-04-07,909.4892578125,917.5033204210106,899.4788806450576,903.6070736693288,5568060,DRREDDY.NS
2021-04-08,908.79150390625,921.7671936316306,903.3938483618184,909.5085967499224,3303175,DRREDDY.NS
2021-04-09,922.6006469726562,929.132083401841,909.2179686593968,909.5377741142868,6810735,DRREDDY.NS
2021-04-12,968.466064453125,992.3145473380184,909.944687451562,925.4496022537184,17568825,DRREDDY.NS
2021-04-13,925.8954467773438,997.1016943110344,920.8175371843064,997.1016943110344,19686170,DRREDDY.NS
2021-04-15,939.1229858398438,944.840446838094,927.3877176311372,938.6094162926628,6934505,DRREDDY.NS
2021-04-16,948.3678588867188,957.4285201097006,933.240830940484,942.660097744737,5990145,DRREDDY.NS
2021-04-19,962.8745727539062,970.0262193425216,931.6612202673176,948.3193152510598,9219640,DRREDDY.NS
2021-04-20,999.4371948242188,1009.9030606895992,986.4034218199536,988.4384184345764,17424880,DRREDDY.NS
2021-04-22,1007.7904052734376,1025.2625352810996,999.873283520497,1003.9335764778232,12120670,DRREDDY.NS
2021-04-23,981.9844360351562,1020.6400822785604,974.8909303277464,1013.246171209001,11774495,DRREDDY.NS
2021-04-26,981.9844360351562,994.2526739997916,974.9199712871508,993.2836168126572,4752885,DRREDDY.NS
2021-04-27,980.15283203125,991.5392531468492,973.195009034368,986.5970263661897,4789175,DRREDDY.NS
2021-04-28,977.6720581054688,989.7755721465048,974.8714688159836,985.0562686743187,4219765,DRREDDY.NS
2021-04-29,988.8840942382812,996.9660570053776,977.2554082776888,982.6724046989272,5359655,DRREDDY.NS
2021-04-30,1000.6678466796876,1009.9513721216312,993.3127356129852,996.1908071225928,6534750,DRREDDY.NS
2021-05-03,1005.096435546875,1010.2130862335148,996.1908561717192,1006.6470217863088,4689495,DRREDDY.NS
2021-05-04,982.0910034179688,1012.2576987867031,979.5908193515812,1009.9513379841504,3978090,DRREDDY.NS
2021-05-05,1000.2510986328124,1008.2071387171044,982.6240048724528,990.3764625045828,5055995,DRREDDY.NS
2021-05-06,1001.7047119140624,1017.8977386766422,994.2527185914764,1001.0361192056484,4891875,DRREDDY.NS
2021-05-07,1002.9158935546876,1017.316186090579,1001.2297436721024,1007.8096792038064,3924345,DRREDDY.NS
2021-05-10,1032.5401611328125,1044.633976231717,1021.7739496848236,1042.7055618400905,11222420,DRREDDY.NS
2021-05-11,1026.41552734375,1036.88139128364,1021.6381421110668,1032.0458058445863,4724450,DRREDDY.NS
2021-05-12,1027.4815673828125,1034.9529596025557,1022.3552175849215,1030.6890847995055,4400825,DRREDDY.NS
2021-05-14,1007.208984375,1046.271737164713,1000.0670374920768,1034.6720324956848,14885055,DRREDDY.NS
2021-05-17,1017.568115234375,1019.4480291538384,997.1597167293723,1017.5099150299718,6846935,DRREDDY.NS
2021-05-18,1010.8138427734376,1028.1502902962925,1009.7576035463106,1025.3110189412134,4550200,DRREDDY.NS
2021-05-19,1015.1455688476562,1020.2234188702806,1008.9919612863432,1014.6028400608184,4594605,DRREDDY.NS
2021-05-20,1014.8547973632812,1024.4871686250276,1012.6647187473264,1018.479061630086,3879585,DRREDDY.NS
2021-05-21,1011.0076293945312,1021.2893111288196,1007.1023008537878,1018.672785957901,3558170,DRREDDY.NS
2021-05-24,1021.8029174804688,1027.0067493119752,1012.9941033783806,1014.7965353671208,3532490,DRREDDY.NS
2021-05-25,1029.371337890625,1031.0768880711846,1018.479144137984,1025.1462625820488,3478075,DRREDDY.NS
2021-05-26,1024.3321533203125,1033.9839241682212,1022.3552389854484,1031.076752872528,2537400,DRREDDY.NS
2021-05-27,1021.1633911132812,1024.0802626531615,1013.6628980944782,1023.0821053795177,3891965,DRREDDY.NS
2021-05-28,1006.7632446289062,1023.3243989866464,998.1289118903844,1023.3243989866464,4373725,DRREDDY.NS
2021-05-31,1028.9739990234375,1034.03256768194,1002.2280430540538,1011.1143404652588,4338240,DRREDDY.NS
2021-06-01,1030.398681640625,1034.7594395212377,1020.475544282415,1028.1698025177272,3736865,DRREDDY.NS
2021-06-02,1029.59423828125,1037.6665609618212,1023.9058768987672,1028.4120168148136,2729755,DRREDDY.NS
2021-06-03,1023.818603515625,1034.9530609721858,1020.8048499021622,1029.1387179330163,2833590,DRREDDY.NS
2021-06-04,1018.47900390625,1025.262403551677,1015.9594791251404,1023.8185179477414,2007655,DRREDDY.NS
2021-06-07,1011.5406494140624,1022.113096743743,1010.280946011391,1019.641953530126,1819835,DRREDDY.NS
2021-06-08,1022.3067626953124,1026.4059736842078,998.148234907874,1011.6956345353876,3663570,DRREDDY.NS
2021-06-09,1012.2383422851562,1029.1386413473076,1009.3795528611074,1022.9172521728548,2365525,DRREDDY.NS
2021-06-10,1025.659912109375,1027.200680007312,1014.1184071958984,1014.1184071958984,1836400,DRREDDY.NS
2021-06-11,1056.8536376953125,1064.0052837444691,1024.9813358402,1027.2005144279926,7277420,DRREDDY.NS
2021-06-14,1058.4720458984375,1068.8700099330836,1040.7673532802646,1056.8536779125673,4489710,DRREDDY.NS
2021-06-15,1048.6846923828125,1062.6778218326278,1046.969442179736,1061.117653906533,2844075,DRREDDY.NS
2021-06-16,1047.763916015625,1057.8227337020985,1035.0112094251488,1048.5198089632636,3492955,DRREDDY.NS
2021-06-17,1024.584228515625,1049.2951872033757,1017.228999170463,1047.7640011143444,3536160,DRREDDY.NS
2021-06-18,1024.0802001953125,1035.922049678751,1014.5639931393451,1030.1077070238655,3487140,DRREDDY.NS
2021-06-21,1023.7120361328124,1027.2006183478238,1013.052407074486,1022.355332412221,2077445,DRREDDY.NS
2021-06-22,1028.81884765625,1031.0767080121525,1017.6067912695396,1024.3901906643564,2134275,DRREDDY.NS
2021-06-23,1027.0745849609375,1036.8814384737996,1024.7197240647029,1031.464442190016,2055715,DRREDDY.NS
2021-06-24,1022.8689575195312,1030.0980862562665,1017.5197429385132,1027.0068506209025,1830910,DRREDDY.NS
2021-06-25,1029.0030517578125,1034.177784021186,1020.8048657987124,1022.7429801752836,2320365,DRREDDY.NS
2021-06-28,1047.405517578125,1050.4483715748297,1029.633040521838,1032.821276766412,2964815,DRREDDY.NS
2021-06-29,1052.9970703125,1057.231846109334,1042.7056862082295,1048.713794331954,2881305,DRREDDY.NS
2021-06-30,1051.0491943359375,1059.9160920396655,1047.550911776705,1054.1405485482396,2340440,DRREDDY.NS
2021-07-01,1077.3009033203125,1081.467896835044,1048.985078712884,1051.6208860567565,4157750,DRREDDY.NS
2021-07-02,1080.634521484375,1085.344125548276,1068.1918594528422,1081.4678965284606,2858690,DRREDDY.NS
2021-07-05,1073.3082275390625,1084.5686663859942,1072.155106362902,1080.7312380976637,1486705,DRREDDY.NS
2021-07-06,1073.6087646484375,1077.8241396886676,1068.676296764265,1073.6765466015188,890540,DRREDDY.NS
2021-07-07,1077.9986572265625,1088.1737578663667,1068.879795816818,1071.5835032691916,2692540,DRREDDY.NS
2021-07-08,1059.5185546875,1083.0181893194963,1056.19475508472,1073.7152648351412,2255835,DRREDDY.NS
2021-07-09,1063.1304931640625,1074.8028587364447,1054.690125784265,1060.735579770116,2304980,DRREDDY.NS
2021-07-12,1069.750244140625,1070.860058825614,1059.177949092971,1070.8405696288758,913295,DRREDDY.NS
2021-07-13,1058.6134033203125,1077.480016125171,1057.0363231902222,1069.750291382369,1852410,DRREDDY.NS
2021-07-14,1049.6085205078125,1062.8579672617896,1045.0621894873275,1058.6134811531388,2506775,DRREDDY.NS
2021-07-15,1050.1534423828125,1058.8857904054998,1045.7823960725532,1053.336836123208,1518410,DRREDDY.NS
2021-07-16,1052.6651611328125,1061.1248980028656,1048.24539187857,1050.0268707151572,2189520,DRREDDY.NS
2021-07-19,1055.1573486328125,1060.1514552830631,1047.9047530619666,1051.0004455840135,1204290,DRREDDY.NS
2021-07-20,1040.4964599609375,1058.3991901726804,1036.320067325282,1058.3991901726804,1322140,DRREDDY.NS
2021-07-22,1048.3720703125,1050.2217615405218,1037.0891320764244,1050.2217615405218,929240,DRREDDY.NS
2021-07-23,1055.70263671875,1057.620421326831,1043.6213542419014,1047.7880021492351,1533805,DRREDDY.NS
2021-07-26,1053.580322265625,1060.5409367506102,1051.350948189885,1055.0893090467416,934695,DRREDDY.NS
2021-07-27,943.0090942382812,1060.1417226125811,930.6747499116136,1058.7885306300414,29369105,DRREDDY.NS
2021-07-28,921.2803344726562,949.142160810046,908.5760523054524,948.188140883678,16190650,DRREDDY.NS
2021-07-29,909.7734985351562,927.7541833046618,907.3104919621666,924.8336559700195,5434680,DRREDDY.NS
2021-07-30,917.2791748046876,935.5422144288708,910.7372223879354,912.177996794851,6866000,DRREDDY.NS
2021-08-02,915.4003295898438,924.9309621856644,912.6842606206636,922.691903163424,3781730,DRREDDY.NS
2021-08-03,919.3236083984376,920.8325356177468,913.4825538063136,920.6280773164416,2991305,DRREDDY.NS
2021-08-04,928.494140625,936.5158468960614,920.0830069080812,920.0830069080812,5520990,DRREDDY.NS
2021-08-05,931.12255859375,936.3210640442524,923.276077427147,933.400536670803,2969750,DRREDDY.NS
2021-08-06,931.9013671875,935.7856591421896,926.060312358004,934.2572426649444,1998185,DRREDDY.NS
2021-08-09,938.1707763671876,941.1497119787508,926.6444019285648,933.5952714949738,2717725,DRREDDY.NS
2021-08-10,928.6790771484376,946.0270175487384,921.6308803211556,942.162155277363,3083355,DRREDDY.NS
2021-08-11,923.8309936523438,928.1339470819024,913.1516262878569,927.7542642348908,2633925,DRREDDY.NS
2021-08-12,918.291748046875,925.4761909756664,913.2489183150304,924.7168847291337,3107090,DRREDDY.NS
2021-08-13,905.7918701171876,922.0689148398448,901.8589144800502,919.401509233911,3969475,DRREDDY.NS
2021-08-16,907.534423828125,912.4993561875192,897.3807304350128,903.4164991014594,2096145,DRREDDY.NS
2021-08-17,915.1958618164062,918.8368356848748,907.5343501146576,908.2839711196772,2130070,DRREDDY.NS
2021-08-18,912.5772094726562,925.8169699018852,910.23107850526,915.0986243796198,2768780,DRREDDY.NS
2021-08-20,887.0615234375,907.2910120857454,877.7158002196777,907.2910120857454,4134540,DRREDDY.NS
2021-08-23,879.0494995117188,895.4336746001558,876.1582059528492,895.4336746001558,2837575,DRREDDY.NS
2021-08-24,893.1751708984375,894.7912293887624,865.58595439926,886.2827687820795,3084680,DRREDDY.NS
2021-08-25,885.6889038085938,894.5770474590202,880.7045415135951,889.7873988855092,2220705,DRREDDY.NS
2021-08-26,876.839599609375,886.8472415905441,873.5102153471673,885.6887634622934,2408595,DRREDDY.NS
2021-08-27,895.7354125976562,897.7310942996144,877.3263823007452,877.3263823007452,2816975,DRREDDY.NS
2021-08-30,910.7859497070312,915.0985880503084,891.354685957424,899.3277281598276,3141835,DRREDDY.NS
2021-08-31,915.8871459960938,919.3333470151798,905.460841552533,910.7957121278642,3227635,DRREDDY.NS
2021-09-01,927.4524536132812,931.5412040112434,912.5675197934522,922.6919795112376,2814755,DRREDDY.NS
2021-09-02,946.1924438476562,954.8956176410902,936.5157609472084,936.7104746522674,6299320,DRREDDY.NS
2021-09-03,953.7566528320312,955.8399172160264,946.6987116270312,949.4050361157176,2156575,DRREDDY.NS
2021-09-06,957.1444702148438,962.469536781563,948.480214952337,961.827046882144,3080995,DRREDDY.NS
2021-09-07,953.5424194335938,959.0914331906338,945.384408417156,956.9594458836024,2101070,DRREDDY.NS
2021-09-08,956.2391357421876,961.8270689231352,946.5040439514676,956.9595230277752,2500145,DRREDDY.NS
2021-09-09,956.3850708007812,958.4099864125088,949.5802515420744,951.118412592598,1812055,DRREDDY.NS
2021-09-13,960.1526489257812,963.228911746817,948.8014987740607,959.6658943426988,1493265,DRREDDY.NS
2021-09-14,960.0260620117188,971.3674078397812,958.6631254486424,963.7545592361084,1549905,DRREDDY.NS
2021-09-15,966.227294921875,968.6415785359336,957.7188346836704,961.2429329596551,1601600,DRREDDY.NS
2021-09-16,960.259765625,972.82774340447,957.2613406157316,969.809888615402,1482575,DRREDDY.NS
2021-09-17,951.0308227539062,965.2830113475146,948.0129680763442,960.464129043814,2274150,DRREDDY.NS
2021-09-20,929.6914672851562,951.2254843189804,924.4832172476775,949.1713943311232,1660330,DRREDDY.NS
2021-09-21,945.0145263671876,947.0296974553706,923.9088549422108,928.484359870577,1701950,DRREDDY.NS
2021-09-22,943.5932006835938,949.911265344895,936.9148829842468,945.1216171272104,1253645,DRREDDY.NS
2021-09-23,934.0430908203124,947.9252810962151,928.7277095824352,947.594321266409,2800365,DRREDDY.NS
2021-09-24,932.68994140625,938.6769871750062,930.2950874477768,935.7370298741428,1258075,DRREDDY.NS
2021-09-27,932.9430541992188,935.6688679760066,921.5237512958516,934.0431243085038,1130285,DRREDDY.NS
2021-09-28,941.0231323242188,945.1021379436814,925.8266691098958,936.4962911156886,1527230,DRREDDY.NS
2021-09-29,950.3396606445312,958.4976722169,932.9430565848852,940.9939369909954,3275350,DRREDDY.NS
2021-09-30,950.28125,970.5886369090427,947.31205893223,952.0724735882612,3880075,DRREDDY.NS
2021-10-01,964.9130249023438,967.6680723692464,944.7419443089432,944.887935027044,1710665,DRREDDY.NS
2021-10-04,981.8228759765624,988.5011937621548,963.77403810803,964.747547237432,3801765,DRREDDY.NS
2021-10-05,980.2457885742188,983.244213307364,967.66806735398,980.732543135262,1774235,DRREDDY.NS
2021-10-06,965.0591430664062,981.7256157442752,955.3629700860998,976.9164779405124,2646320,DRREDDY.NS
2021-10-07,952.3060913085938,971.5426416016696,950.7193260603864,968.8168278678556,1719870,DRREDDY.NS
2021-10-08,944.1481323242188,963.121815992922,938.6575265035156,955.333742857723,1741550,DRREDDY.NS
2021-10-11,952.9389038085938,958.225051401184,940.0009885019742,948.1979189672204,3440320,DRREDDY.NS
2021-10-12,956.0443725585938,965.1369739647356,945.4720776812528,954.0389461301942,1427440,DRREDDY.NS
2021-10-13,959.5782470703124,962.9952737315912,952.1114484442156,955.791282174473,1207980,DRREDDY.NS
2021-10-14,965.468017578125,975.3880788372214,956.7745874345688,958.7118612618827,1460300,DRREDDY.NS
2021-10-18,949.658203125,968.6318874970148,947.3509911266368,962.8005770278064,1668255,DRREDDY.NS
2021-10-19,934.919189453125,957.9329589467452,932.6217222266076,955.012431632883,2698595,DRREDDY.NS
2021-10-20,925.5930786132812,943.2233154490197,918.6032304737172,934.7732629704684,1580485,DRREDDY.NS
2021-10-21,905.684814453125,932.3881642006978,895.6284479601053,930.6747785324573,2584000,DRREDDY.NS
2021-10-22,902.9200439453124,912.723288779702,894.3142558387102,906.33707076522,1814980,DRREDDY.NS
2021-10-25,910.4548950195312,914.9038387291038,883.3621795941029,905.5386859566088,1380835,DRREDDY.NS
2021-10-26,908.5176391601562,914.864937619068,902.8323791891236,914.125061182964,1363565,DRREDDY.NS
2021-10-27,907.8361206054688,920.5501465969238,904.7890324835208,906.4342651774216,1929040,DRREDDY.NS
2021-10-28,889.7776489257812,913.0932057491676,886.0978151104637,910.2310863735718,1341975,DRREDDY.NS
2021-10-29,907.1548461914062,957.5144584887774,881.2302912384872,894.2655343708905,9725820,DRREDDY.NS
2021-11-01,934.85107421875,941.373597365236,901.2844979576212,912.1780676524216,3383505,DRREDDY.NS
2021-11-02,924.0742797851562,935.3475318052024,919.3820182091916,934.5395026147308,2046660,DRREDDY.NS
2021-11-03,929.0490112304688,934.2280870803264,925.5249128325812,926.5860045403788,1862160,DRREDDY.NS
2021-11-04,927.9781494140624,932.3589407843778,925.6125292042864,929.701279700238,104180,DRREDDY.NS
2021-11-08,932.37841796875,936.545065783608,915.312773507496,926.7807401788044,1191260,DRREDDY.NS
2021-11-09,933.0792236328124,941.383284643774,929.7595837989492,932.6217028839044,1249435,DRREDDY.NS
2021-11-10,940.2833251953124,944.2941783413484,929.5065712332124,931.473078828857,1711170,DRREDDY.NS
2021-11-11,937.4795532226562,944.1773008307482,931.4535292950302,940.6045389393076,1586300,DRREDDY.NS
2021-11-12,942.9896850585938,948.1979353716066,937.4893344587856,944.3038986760351,1166710,DRREDDY.NS
2021-11-15,948.9085083007812,953.8442065797906,941.0036191433198,942.5515247600688,1337395,DRREDDY.NS
2021-11-16,937.9955444335938,954.2336697386388,934.0527848868144,954.2336697386388,1679855,DRREDDY.NS
2021-11-17,928.3966674804688,939.4070530878128,924.8531394940618,937.9955124193506,983295,DRREDDY.NS
2021-11-18,909.5398559570312,928.2799073746228,905.5776665271178,926.741805675798,1168320,DRREDDY.NS
2021-11-22,897.108154296875,913.0736684100364,892.0458949270309,910.5133346395212,910090,DRREDDY.NS
2021-11-23,901.8491821289062,907.6707480024716,886.1853933028323,895.6284442179173,1063495,DRREDDY.NS
2021-11-24,895.248779296875,906.064452226079,893.0194646240767,901.2553738295968,996290,DRREDDY.NS
2021-11-25,893.9929809570312,914.3198579266108,892.7079416752432,898.3542831849518,2726870,DRREDDY.NS
2021-11-26,925.0089111328124,938.462814630426,890.984754673084,891.7343757276662,5361365,DRREDDY.NS
2021-11-29,914.6312866210938,951.1183885944712,908.4008046275744,944.3038249095569,4500925,DRREDDY.NS
2021-11-30,910.396484375,924.4929364849548,905.3634589874248,917.8049337510586,3589115,DRREDDY.NS
2021-12-01,896.86474609375,917.5128360430442,893.6813523281434,914.3197570978087,2127105,DRREDDY.NS
2021-12-02,907.8458862304688,909.0627725879216,897.3904081541585,897.555888061654,1163740,DRREDDY.NS
2021-12-03,894.9469604492188,908.0893341319054,892.3184738290247,905.7918667707276,2738865,DRREDDY.NS
2021-12-06,875.9050903320312,897.4293628183032,873.1013792994924,897.4293628183032,1336375,DRREDDY.NS
2021-12-07,880.1885986328125,885.8933481307165,864.7292681998819,880.0522930880963,2662500,DRREDDY.NS
2021-12-08,889.9236450195312,893.622967807681,881.4638483538541,881.4638483538541,979280,DRREDDY.NS
2021-12-09,894.5089111328125,899.1233946856017,888.8820588135584,895.6284704882373,1130885,DRREDDY.NS
2021-12-10,894.3239135742188,899.4251515683546,890.4688552645553,897.5754603664461,802565,DRREDDY.NS
2021-12-13,895.5895385742188,910.8151771946946,889.0961894758057,910.8151771946946,1355025,DRREDDY.NS
2021-12-14,904.6917724609376,907.310514412529,891.1697163065691,894.8496093600477,1195915,DRREDDY.NS
2021-12-15,895.6868286132812,904.6917882753224,890.2352011257373,904.409492011635,1537725,DRREDDY.NS
2021-12-16,895.1123657226562,903.2119684025744,889.7872995731184,901.4694085390674,1006605,DRREDDY.NS
2021-12-17,879.6531372070312,904.9740596600748,875.5351532000849,901.4694505741834,2417560,DRREDDY.NS
2021-12-20,887.9766845703125,890.7609065862482,868.7596227154759,875.4183922839136,1708885,DRREDDY.NS
2021-12-21,899.6976928710938,901.313751359038,884.6861981857221,888.0448166882243,1293770,DRREDDY.NS
2021-12-22,905.0714721679688,911.0682624113086,897.5754398000815,903.4164947228586,1068395,DRREDDY.NS
2021-12-23,914.0861206054688,915.0985486729944,906.3564560197336,909.9778813298782,831200,DRREDDY.NS
2021-12-24,903.153564453125,920.9395944507106,897.7700901103422,919.9660853656676,1259130,DRREDDY.NS
2021-12-27,922.2830810546876,923.8601610862194,899.7365764097892,900.3207175366821,1696340,DRREDDY.NS
2021-12-28,923.6265258789062,929.4286022295285,915.6924027519752,922.28307853449,3342970,DRREDDY.NS
2021-12-29,941.0231323242188,943.9436597056492,923.6265289756262,923.6265289756262,2528020,DRREDDY.NS
2021-12-30,954.9540405273438,959.480881712032,939.4460473438188,940.40981186769,2765730,DRREDDY.NS
2021-12-31,955.4019165039062,960.0844932020302,949.4634749575893,954.8177753550332,1442840,DRREDDY.NS
2022-01-03,944.9171752929688,959.9384140972963,943.8560241930836,955.4018876778364,1463005,DRREDDY.NS
2022-01-04,941.470947265625,952.6565573842644,939.4362870904736,946.4455645358412,1267190,DRREDDY.NS
2022-01-05,932.6996459960938,954.934561300846,926.2062973032904,950.1449130076396,2684010,DRREDDY.NS
2022-01-06,922.7796020507812,941.587805950759,920.6086362427972,932.6996626616792,1908215,DRREDDY.NS
2022-01-07,916.7340698242188,928.620637684528,913.1515633582948,928.620637684528,1335615,DRREDDY.NS
2022-01-10,914.9136352539062,920.628129231987,906.366255782938,920.628129231987,1575095,DRREDDY.NS
2022-01-11,909.1115112304688,922.8672005044848,907.4176147879416,917.0456347035508,1547160,DRREDDY.NS
2022-01-12,913.8135375976562,915.7410666497724,902.2482444483966,911.204540274926,1188845,DRREDDY.NS
2022-01-13,920.151123046875,926.7028206636596,912.100183299688,915.0986081422096,2270255,DRREDDY.NS
2022-01-14,912.995849609375,919.5767215680862,907.4176017618216,919.0315588194863,1594300,DRREDDY.NS
2022-01-17,909.7247924804688,915.0888372918772,896.6992355720174,908.3813451280612,2693245,DRREDDY.NS
2022-01-18,913.8427734375,919.8590527084845,899.7171465064496,909.2575240615548,2122640,DRREDDY.NS
2022-01-19,912.1682739257812,921.7962930988668,906.327219378138,914.1250367061664,1539435,DRREDDY.NS
2022-01-20,893.9832153320312,917.4350776910848,889.787393130652,917.4350776910848,1588695,DRREDDY.NS
2022-01-21,875.4085693359375,889.7873177626475,863.5025720519346,888.0836768369531,2787740,DRREDDY.NS
2022-01-24,849.7469482421875,874.1723195701213,839.3596219892278,873.4518728697595,2782490,DRREDDY.NS
2022-01-25,857.242919921875,860.3775907199384,837.4125442018185,849.746887927954,1704510,DRREDDY.NS
2022-01-27,828.7191772460938,849.902746473359,823.9781923011166,845.0059667856104,3527530,DRREDDY.NS
2022-01-28,821.369140625,852.7940456214153,812.9678110275931,827.2491741270785,6514920,DRREDDY.NS
2022-01-31,837.7630004882812,850.5743542802137,825.5454729953037,827.4730020265323,3092775,DRREDDY.NS
2022-02-01,839.0578002929688,842.3580105118319,829.0403532939665,841.1118903017207,1858315,DRREDDY.NS
2022-02-02,859.6767578125,862.4804690014266,840.1579106575981,842.0854398181283,1525005,DRREDDY.NS
2022-02-03,851.7523193359375,863.882264249278,848.8999447709718,860.1926266909798,1107685,DRREDDY.NS
2022-02-04,847.3326416015625,857.9536002623666,844.4218587559216,857.5739174342526,1234965,DRREDDY.NS
2022-02-07,839.0091552734375,846.952963824575,827.4925253466116,841.111908901647,1279790,DRREDDY.NS
2022-02-08,841.4915771484375,852.667443026771,833.3335658273354,838.9701623396933,1982015,DRREDDY.NS
2022-02-09,850.6035766601562,855.7144994383717,839.4568855744873,841.5402093101852,994400,DRREDDY.NS
2022-02-10,850.9832763671875,854.4976300297934,843.7792851122982,853.7674981898364,1189325,DRREDDY.NS
2022-02-11,842.1632690429688,846.8652752158001,833.3530235697642,839.3595580809143,1687690,DRREDDY.NS
2022-02-14,818.643310546875,830.7148479624328,811.2738390362608,827.4827904038378,2246930,DRREDDY.NS
2022-02-15,832.8468627929688,836.137328632926,815.5280961472967,824.367576294881,1790055,DRREDDY.NS
2022-02-16,840.420654296875,851.3921209297145,826.2269343198408,832.9343668988456,1903065,DRREDDY.NS
2022-02-17,837.41259765625,844.0811116854281,835.8939257318825,841.676572562798,1145155,DRREDDY.NS
2022-02-18,841.3358154296875,845.5900457716486,830.3254290354246,833.3238539320192,1790540,DRREDDY.NS
2022-02-21,836.8771362304688,859.9298249917746,833.8300479406721,852.0151911167795,2939755,DRREDDY.NS
2022-02-22,821.3496704101562,824.6790550201163,809.1223980315327,815.7909118497437,2404200,DRREDDY.NS
2022-02-23,817.9326782226562,829.5563801787689,815.9661706702499,829.4298192322308,1857420,DRREDDY.NS
2022-02-24,796.8171997070312,807.81784067211,788.5326277449973,788.5423723429387,3485635,DRREDDY.NS
2022-02-25,813.1915893554688,817.9423182879992,798.6862806971501,801.0032369969612,1527165,DRREDDY.NS
2022-02-28,791.1514282226562,808.0126142428334,789.0291853539957,808.0126142428334,4914250,DRREDDY.NS
2022-03-02,750.21533203125,791.1513783234124,744.7344709750561,790.7522657313777,7703175,DRREDDY.NS
2022-03-03,724.0669555664062,758.2176154678756,720.3968068742897,755.2484242961725,6673625,DRREDDY.NS
2022-03-04,745.445068359375,754.2650580054215,711.4404042582639,722.3437175387303,6040250,DRREDDY.NS
2022-03-07,733.9090576171875,738.2995932402256,714.1662642106531,729.9371237841171,3015430,DRREDDY.NS
2022-03-08,753.2138061523438,756.7963127907751,727.7662620245989,730.1318821927091,3920845,DRREDDY.NS
2022-03-09,765.2658081054688,775.1663791905545,755.8714213569102,759.6291522890212,4046845,DRREDDY.NS
2022-03-10,757.8768920898438,776.1788526805466,754.5766817290257,773.9397934636169,3560495,DRREDDY.NS
2022-03-11,774.056640625,778.0285748508417,754.0802125619907,757.9742494136783,5566315,DRREDDY.NS
2022-03-14,770.4935913085938,777.7656763087627,764.2047006616114,771.2139785895531,2850290,DRREDDY.NS
2022-03-15,759.3079223632812,778.6126259319892,755.443119461042,770.629838816914,2356470,DRREDDY.NS
2022-03-16,767.8650512695312,773.7450248739376,757.390083791404,773.7450248739376,1793880,DRREDDY.NS
2022-03-17,787.0139770507812,788.5423935116087,768.3323345117194,772.0122275355488,3862935,DRREDDY.NS
2022-03-21,779.7711181640625,794.9578972096673,778.1745488288535,793.2152777283495,2008195,DRREDDY.NS
2022-03-22,784.7164916992188,789.8955672700034,772.9662296671579,782.8960344256313,6451110,DRREDDY.NS
2022-03-23,803.5928344726562,815.5961587659772,786.5953443780645,786.5953443780645,5220570,DRREDDY.NS
2022-03-24,842.766845703125,846.6706267286083,798.5597638858105,800.8085675459547,8690735,DRREDDY.NS
2022-03-25,849.1823120117188,851.8205433135929,835.2708870435002,842.4748788342665,4321985,DRREDDY.NS
2022-03-28,834.385009765625,849.474402065307,825.3703052461152,848.8610865280507,2484535,DRREDDY.NS
2022-03-29,841.8031616210938,848.033584849371,826.9084233282606,836.0496889755472,2105420,DRREDDY.NS
2022-03-30,847.8096313476562,850.1655067925211,834.1220954298873,847.4981012975308,3084130,DRREDDY.NS
2022-03-31,836.3319702148438,854.2542468450654,833.3432901070838,847.5370101965781,3058595,DRREDDY.NS
2022-04-01,833.2167358398438,843.9642551451898,830.0138528040277,836.2443349457909,1569355,DRREDDY.NS
2022-04-04,840.5570068359375,845.0059508270527,831.3768225879068,845.0059508270527,1298870,DRREDDY.NS
2022-04-05,843.0393676757812,858.2455746363216,837.7532205417599,844.7917315410829,2399325,DRREDDY.NS
2022-04-06,832.6909790039062,847.9264200780159,830.6563782735927,843.0588746125853,2059755,DRREDDY.NS
2022-04-07,840.6055908203125,848.3255105974996,832.6909573459167,836.244289210572,1397010,DRREDDY.NS
2022-04-08,862.5972290039062,871.8066466260777,842.4455784316748,846.3688486874718,3358875,DRREDDY.NS
2022-04-11,852.8912963867188,866.4230966066515,851.5186747035536,862.5290602174081,1077795,DRREDDY.NS
2022-04-12,851.304443359375,858.2650569398794,842.7959836401025,852.0151453810951,1855070,DRREDDY.NS
2022-04-13,837.0620727539062,849.3574377586592,835.3876062402762,847.1476125534354,1847180,DRREDDY.NS
2022-04-18,834.28759765625,840.8101208504158,823.7250471371417,832.350323953039,1698380,DRREDDY.NS
2022-04-19,819.6362915039062,840.3525352015322,815.800663097813,839.164882566008,1550720,DRREDDY.NS
2022-04-20,835.9328002929688,845.0059123809859,820.288501674339,821.0576119033994,2252075,DRREDDY.NS
2022-04-21,841.1702880859375,847.2547200876407,839.1648616749073,840.9171662077416,1972180,DRREDDY.NS
2022-04-22,816.3360595703125,837.0231283418788,811.3225232601723,836.6240157472711,1953715,DRREDDY.NS
2022-04-25,801.28564453125,813.7952129060795,790.6841159963158,808.0125663795955,1705680,DRREDDY.NS
2022-04-26,808.8984375,814.8757977626915,804.3229921664118,812.8801159485101,792225,DRREDDY.NS
2022-04-27,793.80908203125,810.6800124966005,792.9329594337837,808.8984740876598,993500,DRREDDY.NS
2022-04-28,802.5901489257812,808.3338767319218,794.6950039056799,798.2775104810594,1504805,DRREDDY.NS
2022-04-29,804.498291015625,830.5980705818114,801.2175697285198,809.9596634281108,2615175,DRREDDY.NS
2022-05-02,802.930908203125,807.0877518844408,792.4364510068528,802.5901443484051,925300,DRREDDY.NS
2022-05-04,777.3178100585938,805.1699515529264,772.3821710350518,802.9503222056189,1712475,DRREDDY.NS
2022-05-05,771.7590942382812,793.3904382170406,769.266913284733,788.5423818462064,1264655,DRREDDY.NS
2022-05-06,765.3047485351562,768.8483360815977,755.4430961477036,765.139268617707,1197395,DRREDDY.NS
2022-05-09,760.46630859375,766.3365967264707,753.6225708225991,764.9834048772603,886775,DRREDDY.NS
2022-05-10,762.0629272460938,765.9569637260618,757.3900953537883,759.3371135937723,1014140,DRREDDY.NS
2022-05-11,756.2316284179688,767.6995945435144,749.7967472991093,758.4609429454622,1356280,DRREDDY.NS
2022-05-12,755.4430541992188,758.5972141453939,737.8906567773984,751.8410586808501,1468145,DRREDDY.NS
2022-05-13,764.0684204101562,774.7186134900651,757.4874886771355,759.2203635828906,1092005,DRREDDY.NS
2022-05-16,757.07861328125,770.0457627114653,751.7535465782192,763.8152801813784,1089575,DRREDDY.NS
2022-05-17,760.1159057617188,768.0694586009866,753.6907693645082,766.1321849673965,1277320,DRREDDY.NS
2022-05-18,760.46630859375,775.8769735985506,755.8324553951744,762.0628777071372,2500790,DRREDDY.NS
2022-05-19,765.0711669921875,781.6792317312159,745.5230854263183,756.6113695840403,9129055,DRREDDY.NS
2022-05-20,827.3075561523438,837.0426476896358,773.9397772147149,773.9397772147149,12401575,DRREDDY.NS
2022-05-23,832.3405151367188,842.4747778891244,824.7958197999449,827.3074898524018,3035360,DRREDDY.NS
2022-05-24,846.3883056640625,851.8205033396218,828.7385800814029,832.1361769146522,5054480,DRREDDY.NS
2022-05-25,838.6683959960938,856.2986326076365,836.4974895850739,854.9551852145678,2500200,DRREDDY.NS
2022-05-26,838.02587890625,846.758227259601,835.2026786690415,840.3330907850817,2145360,DRREDDY.NS
2022-05-27,854.83837890625,858.4403747209992,831.1723733465341,841.1119233685902,2171455,DRREDDY.NS
2022-05-30,850.9053955078125,861.8962922946059,847.1670942706663,857.4668375965922,2324015,DRREDDY.NS
2022-05-31,850.7788696289062,856.4933637558754,843.1757653180441,847.9264948647792,2380075,DRREDDY.NS
2022-06-01,840.9171752929688,849.221236699385,837.4319959676208,846.9529437875248,1772530,DRREDDY.NS
2022-06-02,843.6722412109375,848.8999806040848,835.2708524751201,837.821441700078,1639675,DRREDDY.NS
2022-06-03,845.0059204101562,855.0622863074558,840.0994558112592,848.8415487389797,1423865,DRREDDY.NS
2022-06-06,838.33740234375,847.6635769309464,831.5715020769942,843.4483252230699,566055,DRREDDY.NS
2022-06-07,806.8345947265625,832.3502899168158,798.9978582665574,829.4297625837744,3605015,DRREDDY.NS
2022-06-08,817.5821533203125,820.1424869730482,800.8085513438365,812.6853740910421,2264910,DRREDDY.NS
2022-06-09,841.676513671875,844.0323890549562,811.9260779753428,811.9260779753428,3702930,DRREDDY.NS
2022-06-10,847.2546997070312,849.6787278512751,833.6742359222499,841.6765115959024,2107480,DRREDDY.NS
2022-06-13,830.8316650390625,847.926483617935,828.7483411633558,841.6960011879867,1839815,DRREDDY.NS
2022-06-14,839.3693237304688,842.0756481994101,825.3507685686068,827.4827559282592,2035905,DRREDDY.NS
2022-06-15,844.1296997070312,846.7776753027835,834.6963943427942,838.5223373162147,1585315,DRREDDY.NS
2022-06-16,834.7840576171875,848.7636341059347,832.4768457915796,846.9529214308491,1750035,DRREDDY.NS
2022-06-17,807.3700561523438,837.0036752766725,791.6673497517476,835.2708005728917,4764870,DRREDDY.NS
2022-06-20,808.363037109375,813.69790761341,799.6598630008097,807.3700981886985,1387575,DRREDDY.NS
2022-06-21,831.1139526367188,832.6521137401306,809.9791068902365,809.9791068902365,1191555,DRREDDY.NS
2022-06-22,829.6050415039062,846.7290940337782,809.9596334853806,833.5185674007035,2847785,DRREDDY.NS
2022-06-23,836.2247924804688,838.7169732947613,828.4562092035486,836.2442816754974,1675510,DRREDDY.NS
2022-06-24,839.0967407226562,851.3435025571686,835.6602842952991,841.5013392384118,1518295,DRREDDY.NS
2022-06-27,841.218994140625,856.6588353074858,838.3568748057529,856.6588353074858,1663765,DRREDDY.NS
2022-06-28,851.7426147460938,852.7940212724532,839.554320508596,842.912879564597,1412215,DRREDDY.NS
2022-06-29,849.7469482421875,858.3917144636825,843.9156377948885,848.335348055755,1905735,DRREDDY.NS
2022-06-30,855.4808959960938,859.6085652168236,847.1476601868047,850.798319438858,1845325,DRREDDY.NS
2022-07-01,853.9427490234375,855.7145428065415,835.2805952560045,853.7675245066404,1523995,DRREDDY.NS
2022-07-04,847.8193969726562,858.8784466441213,836.4390726449249,849.308835073013,1303490,DRREDDY.NS
2022-07-05,855.558837890625,869.8304563920268,847.1866232525566,849.8540289112875,2434495,DRREDDY.NS
2022-07-06,854.7410278320312,865.1186091557425,852.6674486033041,855.7145369753479,1678505,DRREDDY.NS
2022-07-07,844.3147583007812,865.0602366228045,842.6695254040641,861.8963317766782,2161110,DRREDDY.NS
2022-07-08,857.8951416015625,859.5987825103273,838.0745107748351,843.058872565873,2089480,DRREDDY.NS
2022-07-11,882.360595703125,895.6322496866917,852.7786850670319,858.4735449174175,4797040,DRREDDY.NS
2022-07-12,878.9691162109375,889.8099356070162,867.6578282141382,876.3030477060406,2079370,DRREDDY.NS
2022-07-13,882.4781494140625,888.9669544973889,872.3626561546347,881.0863066464242,1893835,DRREDDY.NS
2022-07-14,896.9456787109375,903.3364297810396,882.7624027175035,883.3407368833168,4423835,DRREDDY.NS
2022-07-15,891.1821899414062,904.2284202682064,886.281276072201,900.8664005330044,1504725,DRREDDY.NS
2022-07-18,875.5188598632812,904.4734983270384,873.4016913192924,897.0633186846611,2337315,DRREDDY.NS
2022-07-19,871.9510498046875,881.7724409800987,869.4515955787011,873.8917926441762,1961920,DRREDDY.NS
2022-07-20,874.0780639648438,880.5963039033497,870.4023782458999,880.2042068297501,1130700,DRREDDY.NS
2022-07-21,856.8953247070312,879.5865790275074,853.9352135189619,876.0873194729212,3126100,DRREDDY.NS
2022-07-22,857.3658447265625,863.8938353761907,853.347059643681,861.384569983838,1806315,DRREDDY.NS
2022-07-25,848.9461059570312,860.7671080680549,842.9572034395779,858.179470957518,1726910,DRREDDY.NS
2022-07-26,825.7060546875,848.6031116475976,822.187171941606,848.6031116475976,2971165,DRREDDY.NS
2022-07-27,840.2225341796875,842.9572227021639,816.1001895835016,824.912083362704,1866270,DRREDDY.NS
2022-07-28,835.1255493164062,845.8781258171826,822.3733616336369,845.7017000938791,2832835,DRREDDY.NS
2022-07-29,801.858154296875,820.0111589858546,795.0458718384348,820.0111589858546,9872475,DRREDDY.NS
2022-08-01,805.7984619140625,811.5521298608267,803.8478479913366,811.5521298608267,2136850,DRREDDY.NS
2022-08-02,800.8878173828125,809.2389345578864,798.1040717740457,809.2389345578864,2635115,DRREDDY.NS
2022-08-03,803.0245361328125,804.5339960433679,791.9876687023142,802.7598676438784,2600985,DRREDDY.NS
2022-08-04,813.14990234375,815.3748766921271,801.6033198605094,805.7102883217433,3006675,DRREDDY.NS
2022-08-05,814.8945922851562,822.1381577365062,812.3461408646124,814.5319294251315,2075395,DRREDDY.NS
2022-08-08,827.9310302734375,830.0188245277551,814.8946103474934,814.8946103474934,2041885,DRREDDY.NS
2022-08-10,831.8419189453125,835.899890145318,826.2058677760641,831.9007275210106,2108115,DRREDDY.NS
2022-08-11,834.7824096679688,838.6443320734458,830.3912101178005,835.11569812429,1285185,DRREDDY.NS
2022-08-12,835.2725219726562,840.9183842932803,827.4703054210678,834.7236220151293,2021290,DRREDDY.NS
2022-08-16,842.52587890625,846.6818441779205,835.6645996830487,838.0562479767317,1314065,DRREDDY.NS
2022-08-17,846.0741577148438,848.8186575105401,841.339858176262,846.4760661535901,2169055,DRREDDY.NS
2022-08-18,828.2740478515625,831.194973306961,810.2876584654165,831.194973306961,5137920,DRREDDY.NS
2022-08-19,824.1376953125,832.586866355106,820.4130125967766,829.6267549480601,1928705,DRREDDY.NS
2022-08-22,820.7952880859375,829.2248362237369,815.5120884432847,817.2960283158276,1692810,DRREDDY.NS
2022-08-23,828.2838745117188,830.2539916251044,812.5715159987323,812.5715159987323,1398150,DRREDDY.NS
2022-08-24,826.8920288085938,832.4300857681912,822.7654973529903,832.4300857681912,1467185,DRREDDY.NS
2022-08-25,830.7833862304688,835.8803489510271,825.706046310858,831.0284319398647,1552875,DRREDDY.NS
2022-08-26,827.9212036132812,838.0563204079166,825.7354150446004,837.664223345317,818685,DRREDDY.NS
2022-08-29,825.3433227539062,827.911396813479,814.9533495441954,817.4724264306145,966050,DRREDDY.NS
2022-08-30,832.1849975585938,835.4294001905223,821.9127010950829,826.0980409141363,2359905,DRREDDY.NS
2022-09-01,823.7652587890625,829.7247873025492,822.775264532764,826.4901958440471,1656700,DRREDDY.NS
2022-09-02,821.3833618164062,829.626732534439,818.2467649416277,827.8917898620901,1008280,DRREDDY.NS
2022-09-05,826.1470336914062,827.1860250470666,814.5318916575798,822.3733539118043,1581715,DRREDDY.NS
2022-09-06,831.0382080078125,833.5474735723183,820.413000176877,829.2346453400692,1129375,DRREDDY.NS
2022-09-07,833.0181274414062,836.2919642671225,825.7648107265577,826.294087893327,1073975,DRREDDY.NS
2022-09-08,837.3995971679688,842.3593197956144,833.6846660281274,842.3593197956144,1577545,DRREDDY.NS
2022-09-09,834.1551513671875,846.7799100991272,832.3810229650206,837.566168227007,1570630,DRREDDY.NS
2022-09-12,835.3411254882812,842.9571645963284,832.1163457795441,835.1157026000835,1262745,DRREDDY.NS
2022-09-13,833.7239379882812,844.3197121107792,830.6069637317062,835.9097265804047,2209365,DRREDDY.NS
2022-09-14,826.12744140625,835.5959804190151,816.5608482234204,816.5608482234204,1723540,DRREDDY.NS
2022-09-15,817.2764282226562,830.2638506650742,811.8560483050634,830.2638506650742,1881365,DRREDDY.NS
2022-09-16,799.3096313476562,820.4129955406394,796.0652287045522,820.4129955406394,1893520,DRREDDY.NS
2022-09-19,803.583251953125,805.9160917168894,783.5581252688654,797.8687696893151,1506440,DRREDDY.NS
2022-09-20,826.4901123046875,830.8028805382296,804.9456546338724,806.1023229331595,2957845,DRREDDY.NS
2022-09-21,814.0907592773438,836.8996306842699,810.18965113294,827.2644176399048,1894725,DRREDDY.NS
2022-09-22,819.9033203125,827.6859744309527,805.3966262906782,805.7299147785128,2391915,DRREDDY.NS
2022-09-23,811.4345703125,826.2451183331672,809.5330132527054,816.1001902722991,1659940,DRREDDY.NS
2022-09-26,809.2095336914062,815.2768677087766,801.652302651164,807.5138365657926,2055290,DRREDDY.NS
2022-09-27,819.7464599609375,823.3535253691962,808.7095924178197,813.2576548208623,1485445,DRREDDY.NS
2022-09-28,837.0172729492188,842.3690923846938,819.0701289105453,819.0701289105453,3133240,DRREDDY.NS
2022-09-29,854.8566284179688,863.9331305786346,840.2126952179023,841.2418751769701,5442790,DRREDDY.NS
2022-09-30,849.9556884765625,863.541007101881,837.4779213247668,859.1399961042989,3164565,DRREDDY.NS
2022-10-03,866.4129638671875,870.2062664674125,845.3880311176796,845.897745311193,3476290,DRREDDY.NS
2022-10-04,865.2955322265625,872.3430487866725,857.8657898508606,871.5785373298797,1543270,DRREDDY.NS
2022-10-06,862.08056640625,871.9608255797788,856.6601269165806,869.62798577734,1231195,DRREDDY.NS
2022-10-07,857.9833984375,864.2369692788179,857.0718356429993,860.6004696749768,1338865,DRREDDY.NS
2022-10-10,858.64013671875,860.2084052756634,846.8779430650685,852.7590398919093,1218745,DRREDDY.NS
2022-10-11,839.5755615234375,860.208397403665,833.5474732264568,860.0124087050524,1486910,DRREDDY.NS
2022-10-12,831.42041015625,844.9175460158016,826.3038848235833,842.957180479802,1470100,DRREDDY.NS
2022-10-13,834.0669555664062,844.7215379791203,831.4498842015979,833.1455813273067,1513920,DRREDDY.NS
2022-10-14,845.0744018554688,850.7986959023204,835.7136678000069,843.9374160966566,1244005,DRREDDY.NS
2022-10-17,849.8577270507812,857.4639556312793,839.5266212235007,843.937444102083,1050700,DRREDDY.NS
2022-10-18,854.0430908203125,857.3952993147939,849.8576910331528,854.1117107968115,721180,DRREDDY.NS
2022-10-19,846.2702026367188,861.3944155610021,843.9471742636647,854.7291847067575,860840,DRREDDY.NS
2022-10-20,852.57275390625,853.7391737697519,839.0364325452441,843.9373462867468,1287620,DRREDDY.NS
2022-10-21,848.9951171875,860.3946480646063,844.6431031139688,853.7392283156457,1002975,DRREDDY.NS
2022-10-24,858.1500244140625,859.4242500637189,853.7392019013689,855.6603816885614,158840,DRREDDY.NS
2022-10-25,870.8629760742188,877.7536898149662,856.8758083205026,860.5906795631812,3118275,DRREDDY.NS
2022-10-27,880.4393920898438,885.8892060858027,872.4313153341812,874.3230609663917,2207370,DRREDDY.NS
2022-10-28,874.313232421875,882.7035946646295,868.4419471144963,879.2239577445861,1767930,DRREDDY.NS
2022-10-31,869.1672973632812,906.6691013320992,851.7102438701169,888.2416764269041,9128805,DRREDDY.NS
2022-11-01,889.0845947265625,897.8474312190391,869.4711276231408,869.4711276231408,5350980,DRREDDY.NS
2022-11-02,893.0739135742188,910.5897745263684,890.9959309307776,890.9959309307776,3708780,DRREDDY.NS
2022-11-03,899.7882080078125,901.7681964529156,887.5261113295994,893.0739796057719,1766075,DRREDDY.NS
2022-11-04,887.0850219726562,901.768140595992,884.6051308697255,899.8175864726697,2463380,DRREDDY.NS
2022-11-07,879.312255859375,891.4371128813515,871.2649331544994,888.2417072305012,2100085,DRREDDY.NS
2022-11-09,889.0062255859375,895.0637484432839,882.1841912119543,890.0060312409993,3565560,DRREDDY.NS
2022-11-10,891.8585205078125,904.9047508647382,887.6534981099347,889.9961493029705,2959765,DRREDDY.NS
2022-11-11,889.898193359375,897.6514131296854,882.5566336216234,896.318378854802,1625215,DRREDDY.NS
2022-11-14,855.4348754882812,878.9985071755044,845.8977164390207,862.5608232518404,3722425,DRREDDY.NS
2022-11-15,869.1672973632812,870.9120514853812,855.4447379917684,856.1308779254663,1872600,DRREDDY.NS
2022-11-16,878.4398193359375,890.976335553988,861.2278121134391,869.1574573007096,2610960,DRREDDY.NS
2022-11-17,866.7364501953125,879.9002979882721,859.1007879134643,878.4300237918425,1561865,DRREDDY.NS
2022-11-18,864.3349609375,869.333869104858,857.7579130522607,867.2167006573768,1693670,DRREDDY.NS
2022-11-21,852.7295532226562,861.1885350908262,846.3976109837557,858.6400838862468,2153040,DRREDDY.NS
2022-11-22,855.2094116210938,863.0704960732542,848.0540898270926,856.9933513264132,2015475,DRREDDY.NS
2022-11-23,863.66845703125,866.4815768215336,854.719383471015,858.6401145878546,1964345,DRREDDY.NS
2022-11-24,865.2760009765625,870.3925265441312,857.8265757023927,867.9910666871581,1188110,DRREDDY.NS
2022-11-25,866.109130859375,869.4123421471193,860.4044597190328,867.2363650225162,1477045,DRREDDY.NS
2022-11-28,862.9529418945312,871.8529584465305,859.9143393866156,865.4523960139267,1530840,DRREDDY.NS
2022-11-29,873.0194091796875,877.9889432199658,863.3548210030252,863.560680930946,2045690,DRREDDY.NS
2022-11-30,879.6454467773438,885.6834063534424,870.5983786389457,876.2834269380752,4256840,DRREDDY.NS
2022-12-01,877.1361694335938,888.3984601305674,871.7353526828555,884.0464461453171,1936730,DRREDDY.NS
2022-12-02,884.2033081054688,886.8693765784317,874.3524830294073,879.2141513802478,2080040,DRREDDY.NS
2022-12-05,878.1261596679688,888.4377017274626,872.3921142964543,888.0259818826411,1961695,DRREDDY.NS
2022-12-06,857.503173828125,877.1558276161372,854.5331911351728,874.3427076784209,1742295,DRREDDY.NS
2022-12-07,855.0134887695312,859.2282630627589,846.877983073187,855.6996287301993,1661035,DRREDDY.NS
2022-12-08,853.9744873046875,858.4931158355286,849.0441987325289,857.4541244189376,1386625,DRREDDY.NS
2022-12-09,863.9526977539062,865.4622175384479,853.5921584876118,857.6599409951468,1539865,DRREDDY.NS
2022-12-12,872.8037719726562,874.8915660886124,856.101419045007,856.101419045007,1367975,DRREDDY.NS
2022-12-13,873.9603881835938,877.1949794341688,870.5003142092978,872.401871220035,1087545,DRREDDY.NS
2022-12-14,883.0564575195312,884.8110230149442,872.6273580245821,877.263603511234,1392005,DRREDDY.NS
2022-12-15,876.0775756835938,887.5751607718613,874.5191185118615,879.4494069563771,1209055,DRREDDY.NS
2022-12-16,844.7410888671875,874.0975736416646,835.3607329473623,869.3240885251566,16783045,DRREDDY.NS
2022-12-19,861.7864990234375,864.2565188773519,845.9075264740679,851.7690001875158,1661755,DRREDDY.NS
2022-12-20,856.6307373046875,860.6004655279351,844.5450670911488,858.6401000028144,1214105,DRREDDY.NS
2022-12-21,864.0409545898438,869.4221486208219,853.4255580533701,858.6303263584026,1739615,DRREDDY.NS
2022-12-22,852.6119384765625,873.5388760186305,845.9173333895482,868.4419137695344,1737350,DRREDDY.NS
2022-12-23,845.0057983398438,866.0894796643304,841.2418701449108,847.867915303585,2498780,DRREDDY.NS
2022-12-26,832.8809204101562,852.1709710310963,829.2444804218695,849.2401741341138,1593040,DRREDDY.NS
2022-12-27,833.322021484375,837.0369527058423,823.5496273661671,837.0369527058423,1366245,DRREDDY.NS
2022-12-28,833.6944580078125,836.419394873567,826.4803270493979,833.3219837624847,1088005,DRREDDY.NS
2022-12-29,835.2333374023438,853.6705729177874,827.8721552256428,838.0562685667225,4064660,DRREDDY.NS
2022-12-30,830.7147827148438,840.0363312570869,828.2545141716557,839.0365255987424,882895,DRREDDY.NS
2023-01-02,830.2246704101562,836.5958588205025,825.1178963163352,834.8707274634493,663630,DRREDDY.NS
2023-01-03,830.8715209960938,834.7432549451264,826.5096956566927,830.9597637696281,810895,DRREDDY.NS
2023-01-04,833.841552734375,835.1157784593901,827.5291728609767,830.2148642665533,832835,DRREDDY.NS
2023-01-05,842.467041015625,843.7118922041349,831.4889826754313,836.0958533872346,994925,DRREDDY.NS
2023-01-06,837.4191284179688,846.7406761639194,834.9392971108974,842.8591906701366,630680,DRREDDY.NS
2023-01-09,849.6224365234375,850.788856444959,838.0857256834976,841.6143598226569,830195,DRREDDY.NS
2023-01-10,840.7420043945312,852.4257668847177,839.8108187482604,846.8779584339865,1170765,DRREDDY.NS
2023-01-11,835.4882202148438,846.8779395697679,832.0575804133458,843.9275797683821,1273265,DRREDDY.NS
2023-01-12,845.0352172851562,847.2700628556263,831.6067005383612,838.0465089156529,1280325,DRREDDY.NS
2023-01-13,846.9563598632812,851.1319481105681,840.9968317634836,847.662062754063,1234630,DRREDDY.NS
2023-01-16,848.06396484375,853.2981073879836,841.0066368607747,850.7398446896578,446555,DRREDDY.NS
2023-01-17,853.10205078125,854.6801905099701,844.0549829494155,850.5927852805977,778125,DRREDDY.NS
2023-01-18,855.5722045898438,861.5709188815273,851.1908159405396,853.1021246489339,1318465,DRREDDY.NS
2023-01-19,849.2695922851562,859.2576574649875,846.2016153182727,855.6701548949602,1242455,DRREDDY.NS
2023-01-20,852.8766479492188,858.8459874880871,839.0364716836632,849.2205852717083,1182675,DRREDDY.NS
2023-01-23,850.3772583007812,855.7878868784436,846.750569722647,854.7096498278553,770265,DRREDDY.NS
2023-01-24,833.6944580078125,853.700022204584,830.6069181223132,850.9947081387762,1320270,DRREDDY.NS
2023-01-25,823.539794921875,836.8605055909073,818.4722665613759,835.1157514783331,1470210,DRREDDY.NS
2023-01-27,845.70166015625,858.8165100662948,833.8120386770719,839.0364294574571,4781440,DRREDDY.NS
2023-01-30,848.60302734375,850.6908213876226,840.006805480722,846.8680847317866,1873685,DRREDDY.NS
2023-01-31,847.6915283203125,857.9932593713041,841.6437572225823,851.778873944687,3159705,DRREDDY.NS
2023-02-01,853.0531005859375,858.6401546532558,844.9665922801278,850.9947405837944,2027270,DRREDDY.NS
2023-02-02,856.6994018554688,858.4539075545284,841.3007083171572,845.505671050127,1946775,DRREDDY.NS
2023-02-03,854.3958740234375,868.4222866693439,846.5250377139821,857.6598993056793,1874895,DRREDDY.NS
2023-02-06,852.6707763671875,858.6695500241516,840.0166429926319,858.6695500241516,1516105,DRREDDY.NS
2023-02-07,870.4513549804688,875.9404147538784,854.7684296146341,858.7675923340935,2987405,DRREDDY.NS
2023-02-08,879.7728271484375,881.4979583614199,868.9614425197053,872.3626479476592,1196855,DRREDDY.NS
2023-02-09,879.7140502929688,887.9573611986297,869.1476511453021,871.1864480910236,2054810,DRREDDY.NS
2023-02-10,882.0861206054688,883.1447348190205,868.9418951041844,880.9785092152628,685110,DRREDDY.NS
2023-02-13,887.006591796875,893.4169655286255,882.1841093548755,883.7523778451754,1872775,DRREDDY.NS
2023-02-14,889.6922607421875,894.7107915763542,882.2918930329682,890.9861091358471,1202135,DRREDDY.NS
2023-02-15,886.0557861328125,894.5540137872052,882.9878691152489,891.5742198906196,1283685,DRREDDY.NS
2023-02-16,885.947998046875,891.936900507478,884.017066675944,890.4862491292918,1352330,DRREDDY.NS
2023-02-17,884.1934814453125,889.0257753383653,875.0091736460023,882.3997302190933,1056035,DRREDDY.NS
2023-02-20,877.2244262695312,889.7217570556412,875.9795749607586,886.0852573053651,761745,DRREDDY.NS
2023-02-21,879.4494018554688,883.0074702352771,874.0878306109179,883.0074702352771,791630,DRREDDY.NS
2023-02-22,877.5968627929688,886.1244049846259,876.1657744194131,879.5964140955629,882305,DRREDDY.NS
2023-02-23,872.2842407226562,885.1050482053056,870.5983550614146,877.4791974790053,1187840,DRREDDY.NS
2023-02-24,880.4197998046875,884.1249196476647,870.7552113826506,875.283651306992,1764830,DRREDDY.NS
2023-02-27,866.6776733398438,880.4197959840026,853.7392479726105,880.4197959840026,1370570,DRREDDY.NS
2023-02-28,846.21142578125,870.2062816861456,842.9572116919243,870.2062816861456,2699875,DRREDDY.NS
2023-03-01,851.6220092773438,854.1606491047893,842.3690816977644,846.1819471387455,995515,DRREDDY.NS
2023-03-02,860.7180786132812,862.8450584468336,846.8779028572643,854.3272678873398,1413260,DRREDDY.NS
2023-03-03,870.0004272460938,871.764744218501,854.8173463024066,865.0308935596485,1371180,DRREDDY.NS
2023-03-06,870.2455444335938,874.0878443509579,865.7072931742492,869.8142615981827,877920,DRREDDY.NS
2023-03-08,867.7068481445312,871.1864852174355,862.8059340064656,869.0300710315641,1173705,DRREDDY.NS
2023-03-09,858.8263549804688,870.0788341844675,857.0326037365112,865.6288258871224,1022125,DRREDDY.NS
2023-03-10,861.6884765625,865.1191163211448,852.7590257202879,857.2580910413218,1686010,DRREDDY.NS
2023-03-13,856.7581787109375,865.6876294537586,851.8768277986982,857.6599301148591,812710,DRREDDY.NS
2023-03-14,852.6707763671875,866.6580037908514,844.7215083744933,861.384615645059,2141980,DRREDDY.NS
2023-03-15,861.4827270507812,867.4618184795476,850.9555130340229,854.1215443071787,1717110,DRREDDY.NS
2023-03-16,859.375244140625,868.4419347688552,856.7483614944379,864.7172522056229,1384640,DRREDDY.NS
2023-03-17,869.6475830078125,874.9405941585308,859.3752862130149,863.678303144843,3092990,DRREDDY.NS
2023-03-20,870.2944946289062,880.988262333901,866.9716606781104,868.6379833534105,3949945,DRREDDY.NS
2023-03-21,866.3541259765625,878.2437475684202,864.3643860952938,870.7845711687582,1984640,DRREDDY.NS
2023-03-22,877.2537841796875,878.2437783680258,865.6680164422326,868.3145219359188,1598885,DRREDDY.NS
2023-03-23,871.7647705078125,882.0665010202543,868.5497422972929,878.0477157571049,2418370,DRREDDY.NS
2023-03-24,875.1365966796875,881.7723933313788,872.3528512979238,872.3528512979238,1126970,DRREDDY.NS
2023-03-27,879.3514404296875,887.7809889655679,875.3130918947554,880.2041947187,1759570,DRREDDY.NS
2023-03-28,887.4183349609375,891.3978749579406,878.2438377992179,881.9587092812593,1834690,DRREDDY.NS
2023-03-29,895.4557495117188,896.8672150628747,886.5066762300155,891.8584955751502,2083535,DRREDDY.NS
2023-03-31,906.2279663085938,912.8441999934648,895.4655786587315,898.4355013368462,2282485,DRREDDY.NS
2023-04-03,912.84423828125,917.843206503747,901.3957102483856,911.364152667198,1500675,DRREDDY.NS
2023-04-05,918.0,920.3916484230054,909.86449473199,911.5700032304526,1823560,DRREDDY.NS
2023-04-06,921.2542114257812,923.5674284670366,916.657151717844,920.185785854484,1460345,DRREDDY.NS
2023-04-10,933.0653686523438,935.5256369549536,919.0193329337452,927.644989092443,920770,DRREDDY.NS
2023-04-11,933.7907104492188,942.1320754628388,922.9400799167196,935.682456031854,2309250,DRREDDY.NS
2023-04-12,956.8544921875,964.4214749312724,926.508010183485,933.7907614433096,3403195,DRREDDY.NS
2023-04-13,951.3458251953124,958.2266676716778,947.0918055807674,958.2266676716778,1169335,DRREDDY.NS
2023-04-17,951.2282104492188,965.0781980365438,944.8472109240917,956.0605044173708,1705675,DRREDDY.NS
2023-04-18,963.010009765625,964.10780975156,949.8951586856938,953.012192738402,1797050,DRREDDY.NS
2023-04-19,962.4120483398438,968.4205734856772,956.7661860316356,958.1090316359466,1920935,DRREDDY.NS
2023-04-20,952.3848266601562,963.71573739361,945.3373099609572,963.71573739361,3175850,DRREDDY.NS
2023-04-21,954.4530029296876,956.4623657075751,945.513740566346,952.3652087765112,1657195,DRREDDY.NS
2023-04-24,942.1712646484376,951.5614324476868,931.5853025718842,951.5614324476868,2190830,DRREDDY.NS
2023-04-25,947.5034790039062,949.0423731787832,932.6929312559414,941.6714392051382,1639985,DRREDDY.NS
2023-04-26,949.8167724609376,955.5311952095316,942.9358699414933,942.9358699414933,1020765,DRREDDY.NS
2023-04-27,964.2156372070312,968.2245513295888,944.5237385648818,949.797126779282,1098280,DRREDDY.NS
2023-04-28,966.4307861328124,967.440403111724,956.0898697769326,964.2156233052376,1235220,DRREDDY.NS
2023-05-02,970.4594116210938,972.1354859349448,961.2456692925612,961.2456692925612,1209890,DRREDDY.NS
2023-05-03,970.8220825195312,972.3413539199088,963.5197085718452,970.3613654864812,883875,DRREDDY.NS
2023-05-04,973.9095458984376,975.2818256637852,964.5684355016466,970.8220061648155,1006635,DRREDDY.NS
2023-05-05,968.9107055664062,978.026393714352,965.5878714896252,975.2720824172987,461545,DRREDDY.NS
2023-05-08,961.9710083007812,973.6548306120616,950.120631486564,969.400810841822,1190915,DRREDDY.NS
2023-05-09,967.0973510742188,968.4009510800032,958.6285576084622,964.1175571738924,1545295,DRREDDY.NS
2023-05-10,954.1688232421876,973.2921404832418,948.7973805171904,973.2921404832418,2271505,DRREDDY.NS
2023-05-11,888.437744140625,921.3718634132362,886.8792271122204,916.4709492461444,13916795,DRREDDY.NS
2023-05-12,875.5188598632812,890.9763619040754,871.3825171259507,890.9763619040754,5242020,DRREDDY.NS
2023-05-15,885.801025390625,888.4572825072232,871.676557649946,876.3128630050139,1588765,DRREDDY.NS
2023-05-16,885.1149291992188,891.554737733704,883.0565093089701,886.673386435856,1430235,DRREDDY.NS
2023-05-17,878.537841796875,890.9959868656301,872.5783135530419,886.0460756337222,1749805,DRREDDY.NS
2023-05-18,867.0892944335938,882.595793342059,863.521414721782,880.5962419887627,2127235,DRREDDY.NS
2023-05-19,860.9827880859375,870.4023304799445,859.4340825035072,868.0401162441402,1630405,DRREDDY.NS
2023-05-22,873.8623657226562,876.2539542271645,859.4732301431258,864.3251467757084,1224880,DRREDDY.NS
2023-05-23,874.4308471679688,882.0958837011958,871.5883529959372,873.9505671769543,1616475,DRREDDY.NS
2023-05-24,885.9381713867188,886.869356981924,874.3034067105642,875.3032122786382,1683665,DRREDDY.NS
2023-05-25,882.9388427734375,888.8101879982763,878.7142572989468,888.8101879982763,1033820,DRREDDY.NS
2023-05-26,888.2318725585938,889.8099525415527,882.1547271059836,883.1545327271532,752935,DRREDDY.NS
2023-05-29,893.1915893554688,895.6910435663207,886.0852639531893,891.5547008070804,928140,DRREDDY.NS
2023-05-30,885.86962890625,893.1915656167415,881.9390863540448,893.1915656167415,1369945,DRREDDY.NS
2023-05-31,882.370361328125,887.9769781096654,878.4300074109777,884.1248669659268,6313505,DRREDDY.NS
2023-06-01,892.3681640625,893.9168695811592,882.3703477278054,884.0954191393454,1528955,DRREDDY.NS
2023-06-02,903.8167724609376,905.68889526099,894.9166960030896,895.6812074676942,2509565,DRREDDY.NS
2023-06-05,902.464111328125,911.9620848847882,901.1212657019772,907.8453052326402,1132140,DRREDDY.NS
2023-06-06,908.9529418945312,909.6096476260212,902.7483679564284,903.7285507663702,1161655,DRREDDY.NS
2023-06-07,916.225830078125,917.0589614894882,910.6094020371388,911.5699619926786,1139525,DRREDDY.NS
2023-06-08,911.452392578125,919.9995579315472,909.0215583630436,916.4709237596154,1203490,DRREDDY.NS
2023-06-09,914.8634033203124,922.3520142661245,910.7074378228158,917.6569601940618,1084700,DRREDDY.NS
2023-06-12,916.598388671875,920.3916914961457,912.4424229809872,920.3916914961457,717870,DRREDDY.NS
2023-06-13,921.763916015625,927.0176813911852,913.1480710370706,921.3718189709256,1294905,DRREDDY.NS
2023-06-14,921.17578125,927.1646837853888,918.4312813817508,922.900912545931,901255,DRREDDY.NS
2023-06-15,941.6517944335938,951.757476471487,920.587676127862,920.7052932750538,3630745,DRREDDY.NS
2023-06-16,963.529541015625,968.420643804442,945.9058727351209,949.767735683696,3814515,DRREDDY.NS
2023-06-19,956.4623413085938,984.887641826054,953.139507338234,970.576997219921,3540755,DRREDDY.NS
2023-06-20,960.8143920898438,965.8231119115842,954.1197267185888,956.4623780023576,1070755,DRREDDY.NS
2023-06-21,962.617919921875,970.38095077692,959.344083118208,964.88213974733,1123550,DRREDDY.NS
2023-06-22,960.4713134765624,965.8623187375116,958.6187536741994,962.8433390402096,1242850,DRREDDY.NS
2023-06-23,978.9869995117188,983.1233421852784,960.775186451672,960.775186451672,2791140,DRREDDY.NS
2023-06-26,988.337890625,994.6894557841314,970.773032265738,978.202774533771,3607125,DRREDDY.NS
2023-06-27,985.2012939453124,997.1497242191224,983.3193597915518,988.3378907519858,3330315,DRREDDY.NS
2023-06-28,1001.3253173828124,1003.5895371836376,981.035522122158,985.1914874859572,4426340,DRREDDY.NS
2023-06-30,1011.47021484375,1014.479323205174,1001.7663817998975,1002.922990252548,2430705,DRREDDY.NS
2023-07-03,999.4531860351562,1015.2734109039123,997.8849174563552,1011.4702967834278,1174135,DRREDDY.NS
2023-07-04,1017.1160888671876,1020.3211859532996,996.8556683462532,1002.7073306486162,1863335,DRREDDY.NS
2023-07-05,1015.1458740234376,1019.7428735174364,1007.039743838132,1016.449473958032,1410270,DRREDDY.NS
2023-07-06,1025.6241455078125,1030.858288592574,1013.509099450861,1015.1655510879724,2534370,DRREDDY.NS
2023-07-07,1015.95947265625,1033.7301916142794,1001.7468220498674,1025.2712092604318,2771720,DRREDDY.NS
2023-07-10,1010.5586547851562,1022.3306597780928,1008.6081005864404,1018.400117180386,1003625,DRREDDY.NS
2023-07-11,1020.614990234375,1030.325492935797,1010.2820781585395,1016.2980991766154,1056805,DRREDDY.NS
2023-07-12,1025.1885986328125,1027.1544063064348,1013.5319451805752,1017.48333677972,1203590,DRREDDY.NS
2023-07-13,1015.9918212890624,1027.9843109683554,1014.5001611013032,1025.386265798972,2034915,DRREDDY.NS
2023-07-14,1006.0342407226562,1020.427193111452,1002.912667616546,1018.4712733934092,1942045,DRREDDY.NS
2023-07-17,1033.239501953125,1036.2524863971453,1006.2218849809334,1007.535739619924,1976770,DRREDDY.NS
2023-07-18,1025.583740234375,1030.463772035156,1016.801877674794,1028.0533602220198,1286955,DRREDDY.NS
2023-07-19,1031.5799560546875,1041.1916969230806,1019.775101180505,1024.2007611093816,1961585,DRREDDY.NS
2023-07-20,1054.8834228515625,1065.8287360277704,1035.2647747021604,1037.0429494583643,6016030,DRREDDY.NS
2023-07-21,1044.78759765625,1054.9722480695489,1042.693364670686,1051.7223100725466,1150370,DRREDDY.NS
2023-07-24,1065.2359619140625,1074.156258155565,1042.8217490259462,1042.8217490259462,2119525,DRREDDY.NS
2023-07-25,1071.89404296875,1082.6714981973148,1065.2656216092676,1070.8272105613978,2162155,DRREDDY.NS
2023-07-26,1081.822021484375,1084.6571405163463,1067.083285416888,1074.7786601837747,1701060,DRREDDY.NS
2023-07-27,1088.0157470703125,1109.1557171393852,1070.8370568942803,1092.5598234846032,7539055,DRREDDY.NS
2023-07-28,1103.031005859375,1109.945941565839,1089.003613089598,1089.003613089598,3180540,DRREDDY.NS
2023-07-31,1114.38134765625,1118.3228512856035,1100.4626039611471,1103.3372752277492,1599490,DRREDDY.NS
2023-08-01,1119.6368408203125,1127.9939963526272,1107.7925528903947,1114.262884969314,2122735,DRREDDY.NS
2023-08-02,1118.332763671875,1125.3268044067972,1113.196002512802,1119.6466786347669,1791795,DRREDDY.NS
2023-08-03,1118.1451416015625,1132.8641004751194,1110.637521145325,1115.2803583705625,2570520,DRREDDY.NS
2023-08-04,1116.1793212890625,1128.3198907079347,1114.292497922749,1118.1649053339097,1726520,DRREDDY.NS
2023-08-07,1112.4552001953125,1123.7759000844262,1110.123893304002,1118.2439752078487,2499830,DRREDDY.NS
2023-08-08,1117.8388671875,1133.8420768910023,1115.280374671588,1116.6633859674826,2987010,DRREDDY.NS
2023-08-09,1159.93115234375,1162.4502131500358,1120.4370059085404,1120.4370059085404,10067015,DRREDDY.NS
2023-08-10,1156.0093994140625,1168.9501846974583,1147.0891026190766,1161.7290781874124,2763310,DRREDDY.NS
2023-08-11,1150.44775390625,1162.7069813210007,1147.5138742941897,1156.5724838436176,2256960,DRREDDY.NS
2023-08-14,1150.5169677734375,1161.5117207815076,1145.9036742253963,1151.8208740686246,2167595,DRREDDY.NS
2023-08-16,1157.3330078125,1163.58616271742,1140.9644198005294,1151.8307476081534,4308265,DRREDDY.NS
2023-08-17,1161.837646484375,1167.0535127459125,1156.9478472310034,1160.0002637168382,2138070,DRREDDY.NS
2023-08-18,1160.61279296875,1181.4662505289775,1153.9250424741062,1165.5619212738557,4281645,DRREDDY.NS
2023-08-21,1167.8043212890625,1170.5998877362488,1156.5626061512917,1159.783000299528,1334640,DRREDDY.NS
2023-08-22,1170.70849609375,1174.551239176793,1160.2867723371369,1169.414477955107,1688225,DRREDDY.NS
2023-08-23,1176.2010498046875,1180.4685002088806,1168.031527354681,1169.6120600752372,3142630,DRREDDY.NS
2023-08-24,1167.0733642578125,1183.382624476447,1163.922066301498,1181.4662571584297,4124730,DRREDDY.NS
2023-08-25,1141.8040771484375,1163.6849342831129,1140.0852312897432,1163.6849342831129,4713240,DRREDDY.NS
2023-08-28,1141.142333984375,1151.6332751809432,1131.5205832859144,1141.9523163062104,2350770,DRREDDY.NS
2023-08-29,1130.848876953125,1143.2365293604448,1129.1102548402762,1139.9765827521248,3258085,DRREDDY.NS
2023-08-30,1116.2188720703125,1137.2205315652118,1114.2926165796111,1133.614982599895,3551815,DRREDDY.NS
2023-08-31,1107.940673828125,1125.1589182338816,1104.4141093814571,1116.2188452317598,3178875,DRREDDY.NS
2023-09-01,1102.15185546875,1113.156496678915,1096.5310582203886,1112.316849994792,1105280,DRREDDY.NS
2023-09-04,1118.13525390625,1119.5675852288473,1102.151820683796,1103.4261831536735,1473020,DRREDDY.NS
2023-09-05,1102.2210693359375,1114.2925429436343,1098.5956237680855,1114.2925429436343,1968470,DRREDDY.NS
2023-09-06,1103.09033203125,1113.2947580028522,1098.33872548238,1102.3987661100805,2256645,DRREDDY.NS
2023-09-07,1109.3829345703125,1117.1572932698975,1102.6852963935764,1103.0211309390052,2634215,DRREDDY.NS
2023-09-08,1103.189208984375,1113.038025200391,1100.4627386921877,1112.5144367878002,923950,DRREDDY.NS
2023-09-11,1109.1162109375,1119.034243273715,1103.4360850357752,1105.4018928748103,1313930,DRREDDY.NS
2023-09-12,1120.970458984375,1129.5054805772588,1111.526573777346,1114.2827084151195,2581215,DRREDDY.NS
2023-09-13,1133.832275390625,1137.9022045748611,1120.4765503238336,1128.122484662244,1571615,DRREDDY.NS
2023-09-14,1134.96826171875,1141.2212961806306,1127.045701422818,1139.976598047075,1139730,DRREDDY.NS
2023-09-15,1149.75634765625,1154.3695207864275,1132.6863047358795,1141.280534372741,2069105,DRREDDY.NS
2023-09-18,1131.6787109375,1151.5937615477758,1130.4735652478034,1150.0526606958324,1256740,DRREDDY.NS
2023-09-20,1109.3631591796875,1130.463577362591,1106.7848904466898,1130.463577362591,2266405,DRREDDY.NS
2023-09-21,1119.92333984375,1125.5541463513678,1108.92858569566,1109.4521741281703,2926715,DRREDDY.NS
2023-09-22,1090.0013427734375,1124.9415200215865,1087.027910790166,1119.923175248457,2447785,DRREDDY.NS
2023-09-25,1074.53173828125,1094.5158854460228,1072.4078408130913,1092.5303011781127,1217045,DRREDDY.NS
2023-09-26,1080.26123046875,1091.957317044271,1076.5568004624608,1078.532496465815,1379915,DRREDDY.NS
2023-09-27,1085.9315185546875,1107.3776610747525,1082.6913480185322,1089.3988748478253,2443890,DRREDDY.NS
2023-09-28,1072.6251220703125,1088.1047445041534,1069.0491169345278,1088.1047445041534,1931555,DRREDDY.NS
2023-09-29,1103.8214111328125,1112.3168800602946,1077.396476371167,1080.5082217782397,3101955,DRREDDY.NS
2023-10-03,1079.0657958984375,1103.8015471533258,1076.7542654598578,1103.8015471533258,2065240,DRREDDY.NS
2023-10-04,1070.3927001953125,1086.4353430190783,1067.1723058775124,1079.7179279862253,2109530,DRREDDY.NS
2023-10-05,1068.30810546875,1081.6934932778645,1066.8757741918662,1078.7299494606648,2058530,DRREDDY.NS
2023-10-06,1071.7952880859375,1084.103835398283,1068.6934309408296,1073.7907603106876,1572990,DRREDDY.NS
2023-10-09,1085.6153564453125,1092.0363688523937,1066.9055720208626,1068.8614918909584,2368110,DRREDDY.NS
2023-10-10,1082.3948974609375,1084.0644232922543,1072.407768614748,1083.471738607464,1519630,DRREDDY.NS
2023-10-11,1099.988525390625,1104.018901823501,1088.6084971249588,1088.6084971249588,1961240,DRREDDY.NS
2023-10-12,1092.5994873046875,1103.2386300142764,1089.59639066825,1099.988571367261,1695245,DRREDDY.NS
2023-10-13,1078.7696533203125,1091.3942601068002,1071.1433745146824,1072.2497595381894,1633255,DRREDDY.NS
2023-10-16,1085.26953125,1088.0157775456164,1078.7299825164628,1084.4595489733838,859220,DRREDDY.NS
2023-10-17,1095.3455810546875,1101.0553715124506,1083.6791587227508,1084.0644339183696,1626760,DRREDDY.NS
2023-10-18,1121.6915283203125,1125.109443850428,1094.8912069594362,1095.424683473169,3014855,DRREDDY.NS
2023-10-19,1112.49462890625,1121.1579539129418,1108.464132197821,1121.1579539129418,2525845,DRREDDY.NS
2023-10-20,1100.3243408203125,1110.3510219737686,1096.7087834350875,1110.3510219737686,1141375,DRREDDY.NS
2023-10-23,1096.8966064453125,1119.6171115069776,1091.6708516933152,1091.6708516933152,1809785,DRREDDY.NS
2023-10-25,1089.369140625,1108.8000332949312,1086.6327824153752,1106.3897420956548,2104480,DRREDDY.NS
2023-10-26,1071.2125244140625,1090.0902855271613,1055.1995466644082,1086.2376541478334,1544145,DRREDDY.NS
2023-10-27,1066.34228515625,1077.5346793496562,1057.1948037012917,1071.2025403704936,2159725,DRREDDY.NS
2023-10-30,1056.07861328125,1065.6805875325788,1028.4584216588312,1065.6805875325788,2691600,DRREDDY.NS
2023-10-31,1060.4647216796875,1074.9662628669475,1057.609826474309,1061.7390841941728,1884070,DRREDDY.NS
2023-11-01,1056.2960205078125,1070.9062103457218,1049.9836573532384,1063.9122899567378,1376665,DRREDDY.NS
2023-11-02,1054.725341796875,1069.8394655842192,1051.7421419023888,1062.9245290568972,2365835,DRREDDY.NS
2023-11-03,1039.818603515625,1062.3316966097595,1036.6674264752176,1062.3316966097595,2921805,DRREDDY.NS
2023-11-06,1054.646240234375,1058.4099988651133,1043.799688865746,1047.1188435598085,2847485,DRREDDY.NS
2023-11-07,1067.7352294921875,1081.3082509400908,1051.0306865710827,1061.7390453782464,3498735,DRREDDY.NS
2023-11-08,1077.4556884765625,1086.701931586353,1068.1797809849495,1072.5856652071077,2096955,DRREDDY.NS
2023-11-09,1078.324951171875,1086.425377023484,1074.7786106602268,1082.4640969456968,1642660,DRREDDY.NS
2023-11-10,1071.7952880859375,1076.8926174557955,1061.3438998099334,1074.7687201694455,1144920,DRREDDY.NS
2023-11-13,1070.797607421875,1083.0370590672587,1063.339427096795,1072.802967877276,855910,DRREDDY.NS
2023-11-15,1070.8173828125,1077.7718715732071,1067.8637268320456,1072.9906002567618,1422405,DRREDDY.NS
2023-11-16,1095.375244140625,1101.45053353265,1070.9952227297588,1071.815093168543,1695060,DRREDDY.NS
2023-11-17,1108.6717529296875,1114.193789516073,1095.5234380948195,1099.4748301168029,2120630,DRREDDY.NS
2023-11-20,1107.2095947265625,1117.4733495860355,1103.6040461123553,1109.3433801020942,2001625,DRREDDY.NS
2023-11-21,1115.56689453125,1121.9879064623149,1107.4763567929135,1108.3654441007511,1903465,DRREDDY.NS
2023-11-22,1119.1429443359375,1132.0738412716405,1117.2758970906352,1117.2758970906352,2124580,DRREDDY.NS
2023-11-23,1115.2113037109375,1123.0745352596216,1108.1382782157823,1121.2074880557775,1511300,DRREDDY.NS
2023-11-24,1115.507568359375,1137.378537365766,1109.353294665068,1116.2583424800105,2305405,DRREDDY.NS
2023-11-28,1121.3656005859375,1129.0016465440929,1115.6755863009662,1115.6755863009662,1555790,DRREDDY.NS
2023-11-29,1129.179443359375,1134.8399141087427,1117.058648800829,1125.7318632327388,1602385,DRREDDY.NS
2023-11-30,1143.5625,1145.9036949671026,1129.3078001155716,1131.0859747735626,4267760,DRREDDY.NS
2023-12-01,1135.9066162109375,1157.0762510359996,1133.940808418974,1145.9036327351157,1391500,DRREDDY.NS
2023-12-04,1137.2105712890625,1145.9036819385344,1131.7577516128458,1145.9036819385344,1121300,DRREDDY.NS
2023-12-05,1141.2508544921875,1149.6574498824132,1134.4445678982393,1138.988644182628,1121875,DRREDDY.NS
2023-12-06,1132.1429443359375,1149.855112660507,1127.737180687956,1145.1133938580676,2659705,DRREDDY.NS
2023-12-07,1142.9599609375,1155.762432975,1136.0943446929152,1140.0457368612222,3791150,DRREDDY.NS
2023-12-08,1138.771484375,1142.9105097513764,1128.5176169694118,1142.9105097513764,1142525,DRREDDY.NS
2023-12-11,1081.3970947265625,1102.043140848047,1060.9486905457782,1086.6327370580595,9493150,DRREDDY.NS
2023-12-12,1094.604736328125,1113.265200473674,1082.1677631358857,1086.6328556183337,4281525,DRREDDY.NS
2023-12-13,1106.123046875,1108.36548117985,1092.6290091241065,1099.3662001658338,3111975,DRREDDY.NS
2023-12-14,1101.12451171875,1111.6449958582605,1100.0476706366603,1108.7308926567175,3164560,DRREDDY.NS
2023-12-15,1104.305419921875,1109.3533087530732,1094.930752008662,1106.3897647403758,3636220,DRREDDY.NS
2023-12-18,1104.62158203125,1123.9736130753402,1101.4407400995628,1103.4263244216177,3279260,DRREDDY.NS
2023-12-19,1113.7886962890625,1115.477877727283,1105.0067133792047,1110.341116526161,1123370,DRREDDY.NS
2023-12-20,1102.2703857421875,1120.4369248553785,1096.9163267805764,1116.2682352539618,1307230,DRREDDY.NS
2023-12-21,1097.400390625,1105.204414108132,1080.9428088311224,1094.5356072467723,1681900,DRREDDY.NS
2023-12-22,1111.8624267578125,1117.4535593650603,1098.486926848483,1102.043155371978,1315040,DRREDDY.NS
2023-12-26,1112.74169921875,1125.1588957829756,1106.8935955238471,1111.8229475010878,1658265,DRREDDY.NS
2023-12-27,1129.011474609375,1130.493246571697,1106.64658198763,1113.2651151845712,1473880,DRREDDY.NS
2023-12-28,1157.471435546875,1163.8431280167792,1120.397588740355,1129.871018065818,4888545,DRREDDY.NS
2023-12-29,1145.48876953125,1154.6955806538322,1138.198446282554,1151.8505735180747,1452615,DRREDDY.NS
2024-01-01,1150.1810302734375,1157.7578679227538,1145.903691800678,1145.903691800678,978400,DRREDDY.NS
2024-01-02,1170.9554443359375,1175.341551987054,1147.0199075398127,1147.2965339096932,2869280,DRREDDY.NS
2024-01-03,1171.963134765625,1179.4905318286933,1163.3293527474336,1170.9555104947792,1412035,DRREDDY.NS
2024-01-04,1154.2410888671875,1170.0368897326205,1150.8429495416774,1170.0368897326205,2048300,DRREDDY.NS
2024-01-05,1152.947021484375,1160.632507734721,1147.187911153464,1159.7335323056514,1037255,DRREDDY.NS
2024-01-08,1138.267578125,1161.9067120706632,1132.5874524050917,1161.88705640464,1205700,DRREDDY.NS
2024-01-09,1135.9857177734375,1153.539797113381,1134.8595565133344,1149.65762176187,1292220,DRREDDY.NS
2024-01-10,1143.374755859375,1145.9037046755514,1124.210600716231,1135.8375912205097,1273855,DRREDDY.NS
2024-01-11,1124.6551513671875,1141.5572175517927,1115.3002589869975,1141.5572175517927,2964925,DRREDDY.NS
2024-01-12,1123.94384765625,1133.0320010975113,1115.4878108237924,1133.0320010975113,1385710,DRREDDY.NS
2024-01-15,1142.594482421875,1145.7062279274571,1126.541951451013,1133.6445211188595,1665610,DRREDDY.NS
2024-01-16,1137.6353759765625,1143.927962796448,1127.3419565960696,1143.927962796448,1142145,DRREDDY.NS
2024-01-17,1116.2584228515625,1134.0495761097857,1111.724234007587,1134.0495761097857,1778960,DRREDDY.NS
2024-01-18,1116.2584228515625,1119.8838686533795,1090.7126864176385,1115.7644988201555,1727635,DRREDDY.NS
2024-01-19,1119.8641357421875,1129.1004913695986,1108.7310683494711,1121.2273709451104,1641460,DRREDDY.NS
2024-01-23,1121.0889892578125,1136.8155734771135,1114.4802231603037,1116.643673074644,2329945,DRREDDY.NS
2024-01-24,1166.07568359375,1168.6242882498152,1124.7638090197574,1127.717465156292,5244260,DRREDDY.NS
2024-01-25,1156.8687744140625,1170.599885799473,1150.2502410160382,1166.0755853483474,2677510,DRREDDY.NS
2024-01-29,1154.5374755859375,1164.1986580815465,1134.0890699778297,1145.903693610344,1509570,DRREDDY.NS
2024-01-30,1153.9940185546875,1175.3415184956202,1152.0282108156766,1165.4531510428926,1576585,DRREDDY.NS
2024-01-31,1209.3531494140625,1212.5834316991347,1147.2965905135763,1150.8528192305043,7857425,DRREDDY.NS
2024-02-01,1184.064208984375,1214.9344578351695,1175.5588524914333,1203.0901704030496,3112555,DRREDDY.NS
2024-02-02,1193.2215576171875,1200.1759251551705,1184.637096264663,1188.568711794277,1686230,DRREDDY.NS
2024-02-05,1204.0780029296875,1212.6821199912629,1183.6591423803054,1193.1228029223005,2126485,DRREDDY.NS
2024-02-06,1218.3326416015625,1222.9558232971476,1201.964053309212,1202.21101530907,2587065,DRREDDY.NS
2024-02-07,1220.9307861328125,1222.9559229314025,1211.2202829185674,1218.2142039130538,2953275,DRREDDY.NS
2024-02-08,1217.0386962890625,1228.8730967368556,1210.1138717515146,1228.4878215235815,1791205,DRREDDY.NS
2024-02-09,1216.2088623046875,1225.9589172150231,1206.0043153164709,1213.0773407418094,1238970,DRREDDY.NS
2024-02-12,1251.30712890625,1262.16356978174,1230.8587216528863,1231.7082565408996,4296460,DRREDDY.NS
2024-02-13,1251.672607421875,1266.3915678578164,1246.8716802474612,1254.5670553400792,2086675,DRREDDY.NS
2024-02-14,1236.459716796875,1252.5813426713023,1219.02417594165,1250.6254229770534,1724345,DRREDDY.NS
2024-02-15,1235.33349609375,1244.4908656635437,1226.1365740190986,1232.8539881520317,1469095,DRREDDY.NS
2024-02-16,1248.0767822265625,1257.668747184833,1234.286342915078,1239.1465982158309,1275915,DRREDDY.NS
2024-02-19,1267.8338623046875,1275.1044094044669,1247.6520738008755,1248.0769015160752,1393520,DRREDDY.NS
2024-02-20,1259.7037353515625,1277.287478181558,1252.699926718136,1268.792009404617,1399485,DRREDDY.NS
2024-02-21,1254.3990478515625,1264.9493181000512,1245.676392967924,1261.8771251302517,995895,DRREDDY.NS
2024-02-22,1257.3231201171875,1260.4545211653435,1231.125371329681,1259.5062256538408,1420120,DRREDDY.NS
2024-02-23,1272.7730712890625,1283.0269385103688,1257.1353600327382,1258.0639998722272,1842255,DRREDDY.NS
2024-02-26,1272.4964599609375,1282.2267389084602,1260.6225073837643,1273.3459947936362,1089190,DRREDDY.NS
2024-02-27,1274.2449951171875,1276.2206912095126,1261.5313955865531,1267.6065646009167,966475,DRREDDY.NS
2024-02-28,1269.9873046875,1285.3681662044671,1262.8847351590846,1273.0298332404957,1560230,DRREDDY.NS
2024-02-29,1269.2364501953125,1278.848191725676,1255.9697193817487,1260.899071144159,5513940,DRREDDY.NS
2024-03-01,1223.6571044921875,1278.867941291282,1219.4193187548394,1274.126343448802,2876430,DRREDDY.NS
2024-03-04,1251.6231689453125,1272.219775244365,1232.63675967975,1232.834281041306,2196055,DRREDDY.NS
2024-03-05,1245.3404541015625,1253.0160521129817,1234.2172763260126,1251.5836002060869,1040180,DRREDDY.NS
2024-03-06,1247.5828857421875,1251.0106892460517,1222.9557828721518,1245.3404515636942,1207130,DRREDDY.NS
2024-03-07,1249.459716796875,1258.458997421831,1245.7750631263696,1245.7750631263696,1174600,DRREDDY.NS
2024-03-11,1261.9659423828125,1269.1080641883866,1246.6641863823313,1258.3208411141743,1412365,DRREDDY.NS
2024-03-12,1245.11328125,1269.9773377062218,1238.0204797024203,1262.1042182543192,1647055,DRREDDY.NS
2024-03-13,1245.439208984375,1254.5669145265765,1234.5728813782391,1245.1625826135423,1051325,DRREDDY.NS
2024-03-14,1243.6217041015625,1248.6695931405905,1226.6899741414811,1241.1323077344978,2001060,DRREDDY.NS
2024-03-15,1241.705078125,1246.3775795639558,1227.7962226105608,1241.744630630213,2429735,DRREDDY.NS
2024-03-18,1252.7987060546875,1255.5350643797167,1238.376148997202,1243.1277558824236,902465,DRREDDY.NS
2024-03-19,1212.0697021484375,1251.6033978283665,1209.8074916734693,1251.6033978283665,1581835,DRREDDY.NS
2024-03-20,1205.8265380859375,1212.7019213765184,1190.001194296077,1210.1038763892243,1385185,DRREDDY.NS
2024-03-21,1210.74609375,1216.238466181379,1197.271831930125,1210.1138565300355,1626230,DRREDDY.NS
2024-03-22,1225.563720703125,1232.7157303632432,1206.1722602169682,1210.9040905839054,1528595,DRREDDY.NS
2024-03-26,1212.0599365234375,1227.1938367219548,1206.369921904011,1222.9559298473498,1361275,DRREDDY.NS
2024-03-27,1194.13037109375,1215.250566241981,1192.1546750858215,1215.250566241981,1452965,DRREDDY.NS
2024-03-28,1216.61376953125,1226.8676363680293,1200.827978134156,1200.827978134156,2586915,DRREDDY.NS
2024-04-01,1234.879150390625,1241.221178239701,1216.613849717541,1227.89511778296,772020,DRREDDY.NS
2024-04-02,1232.3502197265625,1238.5539338637718,1226.116841209659,1238.5539338637718,1191030,DRREDDY.NS
2024-04-03,1209.9952392578125,1238.3662043187776,1207.545395559917,1232.3502438814726,1346125,DRREDDY.NS
2024-04-04,1213.5712890625,1219.9923011739418,1194.802176736747,1216.0409091053623,1995095,DRREDDY.NS
2024-04-05,1220.841796875,1245.8442872694238,1213.0773261794925,1213.5712501722364,2705055,DRREDDY.NS
2024-04-08,1219.9034423828125,1230.216517916464,1212.0994188419195,1228.3791350542704,1420525,DRREDDY.NS
2024-04-09,1218.5894775390625,1230.8981454677676,1216.0408731414925,1225.366100265831,643620,DRREDDY.NS
2024-04-10,1216.61376953125,1224.911716665178,1214.0651651588848,1224.911716665178,980420,DRREDDY.NS
2024-04-12,1201.98388671875,1222.7583600755188,1200.235376382705,1218.7871916350614,1974255,DRREDDY.NS
2024-04-15,1187.561279296875,1199.8797149754064,1181.9106970635771,1199.8797149754064,1349665,DRREDDY.NS
2024-04-16,1195.365234375,1200.008192552713,1182.4640015734276,1186.5734832174105,2041490,DRREDDY.NS
2024-04-18,1176.951904296875,1210.6078357041022,1173.0992726240056,1205.1647830749127,2988680,DRREDDY.NS
2024-04-19,1174.12646484375,1185.4176207395371,1161.8673577718482,1185.4176207395371,1713255,DRREDDY.NS
2024-04-22,1188.5985107421875,1198.0621723081726,1176.2306337690263,1180.478428650823,1667285,DRREDDY.NS
2024-04-23,1175.9539794921875,1198.2595424019537,1172.3581985466203,1195.2959986037622,1494175,DRREDDY.NS
2024-04-24,1175.697265625,1184.4001442156714,1169.8194973919824,1177.524760394944,1334935,DRREDDY.NS
2024-04-25,1228.6358642578125,1237.180772978876,1171.1924829492018,1180.4881657448243,4634925,DRREDDY.NS
2024-04-26,1235.2249755859375,1246.4370265954572,1220.7529778466042,1229.8510196040572,2063090,DRREDDY.NS
2024-04-29,1244.1156005859375,1249.6277491432002,1225.3958081972153,1238.761420889781,1485530,DRREDDY.NS
2024-04-30,1225.7811279296875,1247.2569350838062,1221.96804889266,1244.6687779928943,1906520,DRREDDY.NS
2024-05-02,1242.2188720703125,1244.6489395861124,1223.9931245279834,1223.9931245279834,3134765,DRREDDY.NS
2024-05-03,1254.4781494140625,1268.3771184024129,1236.3905937588402,1244.6687652312485,2906840,DRREDDY.NS
2024-05-06,1243.3944091796875,1260.4941168757664,1234.088957686845,1260.4347881108058,2263770,DRREDDY.NS
2024-05-07,1236.3116455078125,1254.5670586899605,1224.9316163587014,1250.5958901236638,1586770,DRREDDY.NS
2024-05-08,1196.5506591796875,1208.1282087303796,1176.072589554664,1205.1745528747954,4940700,DRREDDY.NS
2024-05-09,1161.1856689453125,1200.1365689563925,1159.7335613145092,1200.1365689563925,2534535,DRREDDY.NS
2024-05-10,1169.8095703125,1172.5755929873376,1149.479701589266,1160.7214168156038,1480900,DRREDDY.NS
2024-05-13,1167.3497314453125,1175.341507971422,1155.8808315204287,1169.8094631286208,852820,DRREDDY.NS
2024-05-14,1159.49658203125,1174.6303616891694,1156.7701116599735,1173.346231526245,1186650,DRREDDY.NS
2024-05-15,1160.721435546875,1178.8879752936516,1157.757891456117,1162.6971316073802,1458405,DRREDDY.NS
2024-05-16,1155.861083984375,1171.1925034365436,1127.9248356513217,1171.1925034365436,3660485,DRREDDY.NS
2024-05-17,1145.8148193359375,1157.056534516084,1144.125517239304,1155.8611564245764,3006695,DRREDDY.NS
2024-05-21,1141.9127197265625,1152.4827655327774,1140.5692609355403,1148.0669933876882,2456865,DRREDDY.NS
2024-05-22,1160.2769775390625,1166.648549238748,1144.0070284789792,1155.7822206683618,2605110,DRREDDY.NS
2024-05-23,1165.206298828125,1172.1804431844068,1152.8186459979684,1166.144706217778,2827915,DRREDDY.NS
2024-05-24,1158.8939208984375,1167.4584859979611,1153.5100768739046,1164.9494340433291,2122215,DRREDDY.NS
2024-05-27,1160.2669677734375,1163.674994960278,1145.133069676952,1158.893844654884,3366290,DRREDDY.NS
2024-05-28,1178.56201171875,1186.4252433374163,1160.1583983592534,1160.1583983592534,3966010,DRREDDY.NS
2024-05-29,1185.5657958984375,1188.9639351211868,1168.545194230141,1182.4540505952775,2533990,DRREDDY.NS
2024-05-30,1160.4744873046875,1180.4784101545874,1152.423501645245,1180.4784101545874,3005220,DRREDDY.NS
2024-05-31,1144.29345703125,1166.5793652884456,1136.5881945709211,1165.6507254842734,5146590,DRREDDY.NS
2024-06-03,1142.604248046875,1173.148429603825,1141.3892143575636,1173.148429603825,2087555,DRREDDY.NS
2024-06-04,1132.23193359375,1151.307216377582,1106.3897953243377,1147.28672794746,3287175,DRREDDY.NS
2024-06-05,1150.6749267578125,1162.0450667299172,1131.2440340380645,1133.6345489898831,2542820,DRREDDY.NS
2024-06-06,1163.87255859375,1170.7973826097716,1142.2683280033132,1152.8185975325466,3598380,DRREDDY.NS
2024-06-07,1197.5286865234375,1202.0332109254246,1160.968420552594,1163.8726359373472,3747525,DRREDDY.NS
2024-06-10,1206.3895263671875,1216.5644084336686,1186.2177485094403,1197.528559242947,3148275,DRREDDY.NS
2024-06-11,1193.1722412109375,1205.2240597542602,1190.94958310191,1202.2110749716994,2581810,DRREDDY.NS
2024-06-12,1197.2816162109375,1202.2109678867084,1183.6393779951902,1197.27172808438,1932925,DRREDDY.NS
2024-06-13,1204.354736328125,1209.1062226873971,1191.6411368980196,1209.1062226873971,2191150,DRREDDY.NS
2024-06-14,1202.260498046875,1208.8295910036177,1192.3523533247276,1204.3842748504978,1985020,DRREDDY.NS
2024-06-18,1183.68896484375,1197.6670393283696,1181.4663066581472,1194.9010164626277,3076985,DRREDDY.NS
2024-06-19,1176.7640380859375,1185.348499883506,1169.6120282359077,1183.8271753805896,3056645,DRREDDY.NS
2024-06-20,1179.648681640625,1184.6273538999894,1163.289859766781,1170.599959581128,2489735,DRREDDY.NS
2024-06-21,1187.6798095703125,1196.2839270557083,1176.5566314521395,1179.6880324340427,2150475,DRREDDY.NS
2024-06-24,1196.2740478515625,1205.1745680378774,1180.0832045531483,1185.0224445860906,1624525,DRREDDY.NS
2024-06-25,1200.9071044921875,1204.226259287369,1188.588548339535,1203.1988587840103,1977490,DRREDDY.NS
2024-06-26,1199.2574462890625,1204.1177022095426,1190.416254288622,1197.9633074343649,1958240,DRREDDY.NS
2024-06-27,1232.0242919921875,1234.7013214198278,1184.4297234415258,1185.4175714177072,12168270,DRREDDY.NS
2024-06-28,1264.9097900390625,1268.3969226691936,1235.0174977753095,1235.8868089009277,5118295,DRREDDY.NS
2024-07-01,1255.2979736328125,1280.2510240730412,1252.0282594169578,1270.3725439490208,2251925,DRREDDY.NS
2024-07-02,1258.5677490234375,1260.6816375537037,1241.5766916600555,1253.5790685615375,1819075,DRREDDY.NS
2024-07-03,1269.5625,1289.2996830356485,1257.560123114646,1259.3086333056142,2913200,DRREDDY.NS
2024-07-04,1280.12255859375,1292.5003227392342,1258.538104321582,1270.3725038426333,1744245,DRREDDY.NS
2024-07-05,1288.15380859375,1293.517876361091,1275.5191939231809,1280.122599426817,1139175,DRREDDY.NS
2024-07-08,1290.9493408203125,1299.0201022815174,1281.4363598865918,1288.1537744297327,807380,DRREDDY.NS
2024-07-09,1300.571044921875,1302.9715687246237,1270.5602165518826,1292.10524025156,1734640,DRREDDY.NS
2024-07-10,1302.4874267578125,1304.8385097321743,1280.8436441338567,1298.9213100834113,1287550,DRREDDY.NS
2024-07-11,1302.922119140625,1308.2960751628718,1291.0877189605887,1302.606060827278,1581340,DRREDDY.NS
2024-07-12,1327.55908203125,1332.6069709124604,1296.9851136451937,1302.0331231133196,2944400,DRREDDY.NS
2024-07-15,1342.43603515625,1360.2568522453876,1324.2201753237573,1333.594843502611,3023975,DRREDDY.NS
2024-07-16,1320.8330078125,1348.0404583026989,1318.9648511051007,1343.469472704041,1556420,DRREDDY.NS
2024-07-18,1325.0960693359375,1333.3139698790128,1309.7732049782917,1320.8231201045155,1928535,DRREDDY.NS
2024-07-19,1318.835693359375,1335.2119352659145,1316.907977820108,1323.6054913983287,900340,DRREDDY.NS
2024-07-22,1345.645751953125,1347.4542285925118,1307.7063162446502,1307.7063162446502,2061455,DRREDDY.NS
2024-07-23,1364.34716796875,1368.123268374282,1334.933735439531,1345.4669085431085,4330455,DRREDDY.NS
2024-07-24,1355.4337158203125,1379.0340399035929,1350.0876165022491,1379.0340399035929,3019385,DRREDDY.NS
2024-07-25,1362.001953125,1366.324514250295,1342.8931640359035,1350.4352962959697,1315525,DRREDDY.NS
2024-07-26,1367.0599365234375,1384.419809012618,1349.759622829289,1369.1070123380148,2051955,DRREDDY.NS
2024-07-29,1359.3885498046875,1380.862344907542,1338.5109491272126,1375.2777680713157,3271945,DRREDDY.NS
2024-07-30,1352.2537841796875,1369.5143107604645,1350.017964045903,1360.3822858607336,1458475,DRREDDY.NS
2024-07-31,1341.5914306640625,1357.2919050698092,1338.5109916176457,1352.2041769767252,1730870,DRREDDY.NS
2024-08-01,1368.908203125,1371.402394461565,1348.775874745966,1350.5347393690663,2320480,DRREDDY.NS
2024-08-02,1384.0521240234375,1387.40088090479,1366.225242931284,1367.526924030056,2209945,DRREDDY.NS
2024-08-05,1353.8238525390625,1383.426027491822,1350.2366180401589,1377.2850430214776,2186945,DRREDDY.NS
2024-08-06,1352.899658203125,1374.343734310111,1350.494987165334,1359.1600028490293,1227135,DRREDDY.NS
2024-08-07,1376.539794921875,1378.2588727378215,1359.3786142071665,1367.3281967463895,968865,DRREDDY.NS
2024-08-08,1378.914794921875,1398.132877410413,1374.1748367608725,1376.2715246719415,2705840,DRREDDY.NS
2024-08-09,1393.85986328125,1396.1454167543443,1383.8931664806546,1387.2021365046726,656255,DRREDDY.NS
2024-08-12,1368.6300048828125,1397.1391371598354,1365.9966813953902,1393.949405968843,1853275,DRREDDY.NS
2024-08-13,1380.9219970703125,1383.6744380535615,1361.6143956536828,1371.7004524742804,1217325,DRREDDY.NS
2024-08-14,1351.6376953125,1383.6248917446126,1349.9385108284782,1382.23369051337,1727965,DRREDDY.NS
2024-08-16,1350.1571044921875,1361.1574075457224,1343.1118207477027,1357.5998916341807,2565660,DRREDDY.NS
2024-08-19,1373.5587158203125,1376.072800436849,1354.9268815493467,1358.9711783359892,809235,DRREDDY.NS
2024-08-20,1384.29052734375,1386.0493918407192,1371.3029505971288,1377.2651373388553,747970,DRREDDY.NS
2024-08-21,1403.5882568359375,1412.5315374247275,1384.2906010526526,1391.1570871134388,1905585,DRREDDY.NS
2024-08-22,1385.0260009765625,1403.5683147502891,1375.9137484023706,1403.5683147502891,1683410,DRREDDY.NS
2024-08-23,1382.13427734375,1389.189507377096,1377.2750806051738,1387.172271755575,711440,DRREDDY.NS
2024-08-26,1379.908447265625,1383.217417334459,1371.1439645736814,1376.2615326016164,1018915,DRREDDY.NS
2024-08-27,1383.8135986328125,1392.4787357208245,1371.7104272410909,1380.2462574608194,2277085,DRREDDY.NS
2024-08-28,1391.037841796875,1400.7661824531635,1375.8740030756453,1383.813639102038,1632585,DRREDDY.NS
2024-08-29,1377.49365234375,1395.1417345973448,1369.136620060697,1370.9651113102034,1784160,DRREDDY.NS
2024-08-30,1397.407470703125,1400.120246378437,1378.8550884968745,1378.8550884968745,3415210,DRREDDY.NS
2024-09-02,1365.7681884765625,1406.072510170324,1357.391262233964,1401.0542875106228,2354285,DRREDDY.NS
2024-09-03,1362.1312255859375,1374.0854398717086,1360.9685554293762,1371.303037362454,1246805,DRREDDY.NS
2024-09-04,1348.8851318359375,1360.928866053299,1344.870675064489,1360.928866053299,2177470,DRREDDY.NS
2024-09-05,1330.71044921875,1361.1275246883783,1328.7726657047212,1350.9321754330344,2001265,DRREDDY.NS
2024-09-06,1325.0264892578125,1335.5497148242364,1322.2142468969491,1331.3364459248996,2074285,DRREDDY.NS
2024-09-09,1322.790771484375,1334.7249711936,1312.217811691163,1327.5703951174755,1466880,DRREDDY.NS
2024-09-10,1321.697509765625,1331.1178666856465,1314.294509767828,1330.362646662932,2328120,DRREDDY.NS
2024-09-11,1314.1654052734375,1341.3629105479258,1310.8663817872734,1323.784453823988,1833720,DRREDDY.NS
2024-09-12,1328.345458984375,1333.9796480112157,1307.766015875142,1331.555083546255,2663355,DRREDDY.NS
2024-09-13,1323.74462890625,1331.3663348564023,1321.021906582676,1328.852250258773,1197575,DRREDDY.NS
2024-09-16,1321.041748046875,1329.5477379780432,1317.9414158213465,1329.5477379780432,691625,DRREDDY.NS
2024-09-17,1317.97119140625,1324.7482784953595,1312.277322282162,1319.650603805547,911735,DRREDDY.NS
2024-09-18,1305.28173828125,1321.220568482789,1297.9680157401988,1321.021877443511,1239415,DRREDDY.NS
2024-09-19,1292.31396484375,1314.165370256448,1288.329226871444,1308.5013411885986,4661780,DRREDDY.NS
2024-09-20,1301.97265625,1311.273653153059,1288.965185940706,1298.7232450179597,2823650,DRREDDY.NS
2024-09-23,1322.5025634765625,1324.0030569538098,1307.7063877400092,1311.6811791921066,1326620,DRREDDY.NS
2024-09-24,1321.6876220703125,1329.5478058859192,1307.7461336757522,1322.5025222211366,1962100,DRREDDY.NS
2024-09-25,1329.85595703125,1333.0655817329855,1310.7967785727917,1322.860285232365,2388280,DRREDDY.NS
2024-09-26,1340.379150390625,1342.8832883614136,1324.460091548617,1334.4964154957725,2842130,DRREDDY.NS
2024-09-27,1341.47216796875,1345.9438081731946,1324.897356206171,1333.741169791936,2794555,DRREDDY.NS
2024-09-30,1341.8099365234375,1349.6402799029224,1333.5424243440568,1342.485704388093,1827470,DRREDDY.NS
2024-10-01,1341.3131103515625,1348.5273660800283,1327.1927034369571,1341.8099592513136,1738090,DRREDDY.NS
2024-10-03,1338.64013671875,1350.4353248809389,1329.985067602979,1347.4542314485304,2277090,DRREDDY.NS
2024-10-04,1318.2891845703125,1338.0935134042609,1313.8671566671264,1334.1386156466012,1742335,DRREDDY.NS
2024-10-07,1313.648681640625,1333.949982356014,1307.9249722451411,1328.2858317557912,2224190,DRREDDY.NS
2024-10-08,1322.8204345703125,1325.1953869134045,1306.712631743619,1313.6585697930657,1395550,DRREDDY.NS
2024-10-09,1324.5693359375,1342.4658431355565,1321.0417815052406,1330.760053863458,1680365,DRREDDY.NS
2024-10-10,1308.3223876953125,1331.157543645827,1302.479439801105,1331.157543645827,1582735,DRREDDY.NS
2024-10-11,1311.5220947265625,1316.5899293404098,1300.7603910212104,1308.7000268864715,1130225,DRREDDY.NS
2024-10-14,1323.5855712890625,1329.7563957876794,1311.681091097715,1318.8356667105743,1117595,DRREDDY.NS
2024-10-15,1313.996337890625,1331.5351279161905,1312.7145502428775,1328.3752369136523,1423265,DRREDDY.NS
2024-10-16,1333.721435546875,1340.6871458881703,1317.4546065717122,1319.630746641766,1849620,DRREDDY.NS
2024-10-17,1332.3599853515625,1346.4604986964575,1321.7074529074334,1340.458525258642,1819115,DRREDDY.NS
2024-10-18,1339.7232666015625,1346.2618759914835,1324.0824723756202,1332.360052977583,1143115,DRREDDY.NS
2024-10-21,1331.038330078125,1345.4668417627963,1328.7826166294908,1345.4668417627963,1175275,DRREDDY.NS
2024-10-22,1324.0823974609375,1342.4856997404468,1318.10031742181,1336.9210164369554,1904985,DRREDDY.NS
2024-10-23,1313.2510986328125,1329.1900502069764,1309.693704166941,1323.4762878405425,1548860,DRREDDY.NS
2024-10-24,1308.242919921875,1320.425664462993,1305.5598631233308,1320.425664462993,1587305,DRREDDY.NS
2024-10-25,1294.7286376953125,1308.1038934397652,1281.8901389151656,1305.718994304122,1285830,DRREDDY.NS
2024-10-28,1303.2347412109375,1317.5440146312137,1282.1186617212445,1311.6811730068148,829374,DRREDDY.NS
2024-10-29,1266.6666259765625,1326.9841594475,1255.5372583564108,1318.6370730818817,1443741,DRREDDY.NS
2024-10-30,1241.97314453125,1264.9772723698966,1221.0558790688117,1264.9772723698966,2065575,DRREDDY.NS
2024-10-31,1266.169677734375,1275.560194647064,1240.1348441107828,1250.6680164431905,1902206,DRREDDY.NS
2024-11-01,1251.6617431640625,1280.8764831771,1194.2260822537128,1271.9332028445988,540201,DRREDDY.NS
2024-11-04,1260.3070068359375,1268.8527839173069,1242.6688703460686,1251.661762930723,1771490,DRREDDY.NS
2024-11-05,1264.182373046875,1270.9395670370611,1233.4274727011357,1257.127142478333,1603920,DRREDDY.NS
2024-11-06,1293.8939208984375,1313.5691864637215,1243.7121804556823,1265.9710361201946,3908554,DRREDDY.NS
2024-11-07,1279.23681640625,1300.7503976637145,1272.4797442639208,1296.7258731230413,1479152,DRREDDY.NS
2024-11-08,1275.5601806640625,1284.851230654925,1251.2145850329366,1284.652539619152,1328199,DRREDDY.NS
2024-11-11,1279.783447265625,1287.0871019860049,1254.1957283880804,1275.9080015055242,1175591,DRREDDY.NS
2024-11-12,1255.9346923828125,1280.2802888453523,1250.3700088801468,1279.7337065268125,1110785,DRREDDY.NS
2024-11-13,1237.15380859375,1257.077498770622,1230.4960815980253,1250.0718804907128,995217,DRREDDY.NS
2024-11-14,1218.9691162109375,1245.1034184465395,1214.4974758414169,1242.0229793410713,1346891,DRREDDY.NS
2024-11-18,1186.028076171875,1212.112643827902,1162.825135139902,1198.4989109753928,3367815,DRREDDY.NS
2024-11-19,1205.8026123046875,1224.2357560150904,1178.7740791987833,1185.4815397126647,1509716,DRREDDY.NS
2024-11-21,1187.816650390625,1199.0950962498766,1165.1106797407394,1167.4955787398546,2121476,DRREDDY.NS
2024-11-22,1206.7962646484375,1215.491120542239,1186.0776894359794,1191.4436819049265,763755,DRREDDY.NS
2024-11-25,1201.6788330078125,1239.1411926368985,1198.1511571948197,1226.173387449366,3280431,DRREDDY.NS
2024-11-26,1201.0328369140625,1210.6716567862854,1195.6171112736918,1201.3806068742151,1190121,DRREDDY.NS
2024-11-27,1192.3380126953125,1207.939019611558,1190.499696028265,1204.3617317971132,1402977,DRREDDY.NS
2024-11-28,1184.4381103515625,1202.2750596385238,1180.960167857287,1201.430440721544,2819269,DRREDDY.NS
2024-11-29,1194.722900390625,1211.6653749146808,1191.095879200103,1198.399533690004,2535820,DRREDDY.NS
2024-12-02,1214.05029296875,1217.5282352854192,1194.7229191865174,1206.5975594330305,1826479,DRREDDY.NS
2024-12-03,1216.782958984375,1221.254599094975,1209.8768077784043,1221.254599094975,2237453,DRREDDY.NS
2024-12-04,1207.889404296875,1221.3539366503878,1201.9768296308157,1216.7829510495606,1435443,DRREDDY.NS
2024-12-05,1232.0362548828125,1241.6254633941169,1202.4737438496193,1208.8831677617898,3324867,DRREDDY.NS
2024-12-06,1245.7989501953125,1247.2398848632408,1228.558316700295,1238.1475252450998,1717216,DRREDDY.NS
2024-12-09,1247.2398681640625,1253.8479830604113,1235.4148396075973,1246.7430192440515,1269332,DRREDDY.NS
2024-12-10,1232.5330810546875,1245.6995773222106,1225.2294262532814,1242.1222893889712,2025890,DRREDDY.NS
2024-12-11,1230.7445068359375,1235.5639170941895,1218.9690904046852,1232.483478053936,1178864,DRREDDY.NS
2024-12-12,1237.55126953125,1242.320946210502,1218.6212778420577,1236.955075108969,1648944,DRREDDY.NS
2024-12-13,1238.4952392578125,1242.32095156001,1218.720628610154,1232.4834402975032,1258819,DRREDDY.NS
2024-12-16,1261.946533203125,1266.1201369441912,1237.352511471831,1238.4952882569205,1920945,DRREDDY.NS
2024-12-17,1239.787109375,1262.9401958002447,1235.4148147068283,1261.002533571659,2706166,DRREDDY.NS
2024-12-18,1267.3621826171875,1272.9268659677757,1241.6751190668745,1244.0102846076304,2823838,DRREDDY.NS
2024-12-19,1317.245849609375,1322.9596122638334,1263.635898963164,1266.9647625103426,7185903,DRREDDY.NS
2024-12-20,1335.18212890625,1360.0741870536287,1309.097560568544,1317.6433377446958,7499087,DRREDDY.NS
2024-12-23,1332.8966064453125,1358.384980932969,1321.9163178218876,1353.4164916098784,3740109,DRREDDY.NS
2024-12-24,1342.3863525390625,1356.39746694844,1327.7789224220958,1338.5109069447244,2587142,DRREDDY.NS
2024-12-26,1346.609619140625,1351.6277203290645,1334.2877419663432,1342.3864034241053,1531359,DRREDDY.NS
2024-12-27,1380.693359375,1389.437948533408,1337.0203895953516,1354.4598345017782,3656253,DRREDDY.NS
2024-12-30,1368.2225341796875,1383.2273467992782,1363.452736187565,1380.8424478032168,2462657,DRREDDY.NS
2024-12-31,1379.7493896484375,1386.2084253219807,1357.93777154818,1361.6641382829164,1892083,DRREDDY.NS
2025-01-01,1360.372314453125,1380.2960042480224,1346.8083149611602,1379.6996885157137,1658723,DRREDDY.NS
2025-01-02,1366.38427734375,1379.202882569641,1361.4157880930925,1362.8068680424708,1726305,DRREDDY.NS
2025-01-03,1344.1253662109375,1369.4646603518784,1338.709640368841,1366.384221402788,1573592,DRREDDY.NS
2025-01-06,1341.83984375,1352.720907795617,1325.3942174040292,1351.8265554862369,1539970,DRREDDY.NS
2025-01-07,1343.0323486328125,1364.396851945614,1339.007823906976,1343.4794641352369,1723188,DRREDDY.NS
2025-01-08,1362.111328125,1397.0398318187918,1349.441680535291,1360.8692058122836,3456684,DRREDDY.NS
2025-01-09,1362.9559326171875,1374.2343788371252,1355.5031988197388,1371.303018730531,1607980,DRREDDY.NS
2025-01-10,1345.8643798828125,1377.2652073928966,1344.0756752489128,1357.4905961001425,1582776,DRREDDY.NS
2025-01-13,1326.6859130859375,1345.6159047614904,1321.8167695889788,1345.516559241349,2822318,DRREDDY.NS
2025-01-14,1329.12060546875,1340.349318373553,1315.3081811176496,1326.73570637271,1370223,DRREDDY.NS
2025-01-15,1328.772705078125,1336.523596761905,1305.6692302642111,1336.523596761905,1940371,DRREDDY.NS
2025-01-16,1294.539794921875,1338.510922095387,1288.826032633791,1332.4493898412725,1195731,DRREDDY.NS
2025-01-17,1301.14794921875,1312.3766617994063,1279.8827916195291,1289.819769815333,1432206,DRREDDY.NS
2025-01-20,1294.142333984375,1300.750448759665,1285.4972114549605,1300.1045209152826,561642,DRREDDY.NS
2025-01-21,1280.0318603515625,1304.675493300159,1277.5476158224096,1294.1423207567505,738787,DRREDDY.NS
2025-01-22,1288.080810546875,1299.7567600349566,1279.8828034594983,1282.8638969458173,1301422,DRREDDY.NS
2025-01-23,1281.2740478515625,1295.7322789667649,1266.51765885728,1280.8765444464589,1448659,DRREDDY.NS
2025-01-24,1216.68359375,1244.7555562116847,1195.9152857570848,1222.198543683112,7082467,DRREDDY.NS
2025-01-27,1190.1021728515625,1226.5708329299214,1183.9909072321702,1216.6835885195949,2184847,DRREDDY.NS
2025-01-28,1173.8055419921875,1190.1022103909463,1157.3101825511644,1190.1022103909463,3142189,DRREDDY.NS
2025-01-29,1173.755859375,1184.9349602586974,1166.1044344016725,1179.9168588648424,3458251,DRREDDY.NS
2025-01-30,1186.9720458984375,1197.2071819640494,1176.5382187892424,1180.5130100689355,3290757,DRREDDY.NS
2025-01-31,1209.677978515625,1213.304999703686,1188.4625549923085,1194.424741723039,1505147,DRREDDY.NS
2025-02-01,1197.356201171875,1212.708906059826,1192.5367907576028,1212.708906059826,1067956,DRREDDY.NS
2025-02-03,1196.2630615234375,1212.3113051094715,1189.2575648769705,1192.437349288005,1407877,DRREDDY.NS
2025-02-04,1212.2615966796875,1225.2294016408125,1193.8781871660176,1199.3932585405194,2239920,DRREDDY.NS
2025-02-05,1219.8138427734375,1225.3287930534862,1208.187505162268,1219.2672604362133,1460238,DRREDDY.NS
2025-02-06,1228.8564453125,1246.0970783969458,1222.4470215305732,1227.1174741105904,2990483,DRREDDY.NS
2025-02-07,1232.582763671875,1235.9116270100535,1218.2734912275987,1232.1852602954507,1236992,DRREDDY.NS
2025-02-10,1213.2552490234375,1231.8870822917506,1203.4177380985664,1231.8870822917506,1565579,DRREDDY.NS
2025-02-11,1202.1756591796875,1215.1930762318004,1193.6794943829295,1212.3113283223092,1819297,DRREDDY.NS
2025-02-12,1208.1875,1212.708873712971,1195.269428021234,1210.3239746259203,1306601,DRREDDY.NS
2025-02-13,1215.888671875,1235.166434534207,1209.230944762757,1209.230944762757,4447231,DRREDDY.NS
2025-02-14,1189.5059814453125,1222.2482749238902,1178.7739968524104,1215.7892393246989,1211843,DRREDDY.NS
2025-02-17,1191.3939208984375,1194.424747688763,1175.6935685430287,1189.307179792459,613030,DRREDDY.NS
2025-02-18,1189.853759765625,1197.356105310619,1174.5507895167966,1191.3939185618026,1713796,DRREDDY.NS
2025-02-19,1158.5025634765625,1169.5325848687858,1120.3942768565423,1158.6516424077415,3062142,DRREDDY.NS
2025-02-20,1163.5704345703125,1166.750340431654,1148.963124876074,1157.161132037352,1579890,DRREDDY.NS
2025-02-21,1144.541259765625,1163.3717859570606,1138.03249017068,1163.322052542958,6828902,DRREDDY.NS
2025-02-24,1157.2108154296875,1166.5018655506665,1143.746161790039,1144.5411685462618,2017521,DRREDDY.NS
2025-02-25,1121.040283203125,1162.179399534627,1115.4258659428542,1159.794500371741,6463238,DRREDDY.NS
2025-02-27,1118.4566650390625,1129.1885290523826,1107.9731041875575,1121.388025179963,3435069,DRREDDY.NS
2025-02-28,1109.463623046875,1124.865939354288,1097.5889825431746,1121.586688007147,3895033,DRREDDY.NS
2025-03-03,1112.5440673828125,1123.1269735436906,1096.9430599557372,1111.3019450940003,1810605,DRREDDY.NS
2025-03-04,1113.0906982421875,1117.0654897396903,1098.085884599316,1104.097683958683,1074133,DRREDDY.NS
2025-03-05,1119.30126953125,1121.8848596511134,1103.5511830514422,1113.4384280239792,1260157,DRREDDY.NS
2025-03-06,1132.9149169921875,1138.479600802342,1111.6001462073866,1127.8470821168862,1648697,DRREDDY.NS
2025-03-07,1126.1080322265625,1137.982672420133,1122.8785143754826,1132.9148378986386,790599,DRREDDY.NS
2025-03-10,1113.1402587890625,1129.9835097600735,1108.3705819936204,1127.7973017571169,950503,DRREDDY.NS
2025-03-11,1109.6126708984375,1119.8476854418632,1103.6504841077426,1109.9604408676946,884438,DRREDDY.NS
2025-03-12,1098.1851806640625,1109.6127057046854,1085.5651454472936,1109.562972292803,1914579,DRREDDY.NS
2025-03-13,1100.9674072265625,1103.252960641784,1088.1488029007512,1098.185126222161,1299174,DRREDDY.NS
2025-03-17,1143.447998046875,1146.8265947919351,1094.5581153157673,1100.9178054298218,2714559,DRREDDY.NS
2025-03-18,1143.447998046875,1143.447998046875,1143.447998046875,1143.447998046875,0,DRREDDY.NS
2025-03-19,1164.713134765625,1170.2778180308453,1150.8013659520752,1166.6011847933776,1507415,DRREDDY.NS
2025-03-20,1179.718017578125,1183.2456934019715,1157.9561320990858,1171.5200104644855,1521677,DRREDDY.NS
2025-03-21,1192.58642578125,1197.0580658319475,1169.6320311145355,1182.6990599996634,2313824,DRREDDY.NS
2025-03-24,1202.6724853515625,1208.6842842084316,1182.7487961152535,1197.4058385371816,1660669,DRREDDY.NS
2025-03-25,1170.4766845703125,1208.2868137803716,1160.589318496489,1202.6725181471338,2860907,DRREDDY.NS
2025-03-26,1157.260498046875,1172.364778228362,1145.3858571961896,1170.47672804305,2864505,DRREDDY.NS
2025-03-27,1154.8756103515625,1165.0114013566508,1136.79035772632,1152.6895235686463,4460409,DRREDDY.NS
2025-03-28,1136.989013671875,1151.9442146009417,1133.5608046633806,1151.9442146009417,2762934,DRREDDY.NS
2025-04-01,1144.9385986328125,1157.0617850180583,1128.890475615012,1136.9890159412437,4158012,DRREDDY.NS
2025-04-02,1142.75244140625,1145.4353768787175,1127.846974779212,1142.75244140625,2071245,DRREDDY.NS
2025-04-03,1144.193359375,1219.1679361511833,1141.8085815372203,1182.9973095657458,6324685,DRREDDY.NS
2025-04-04,1102.954833984375,1150.1554798864215,1069.4175329487102,1144.541184309401,5423861,DRREDDY.NS
2025-04-07,1081.0439453125,1091.9248885519291,1013.5718351625552,1013.5718351625552,3888037,DRREDDY.NS
2025-04-08,1100.9674072265625,1106.6315573551988,1081.838724954683,1093.0675583931209,1577632,DRREDDY.NS
2025-04-09,1087.1551513671875,1096.2971228149688,1054.959317653821,1087.6022668669689,5511474,DRREDDY.NS
2025-04-11,1102.5076904296875,1132.7161272983258,1095.303381501688,1132.7161272983258,2740831,DRREDDY.NS
2025-04-15,1147.62158203125,1150.801366383712,1121.8847854563303,1133.7098132124825,2683350,DRREDDY.NS
2025-04-16,1151.099609375,1154.0807029137986,1136.4921782542824,1142.951214255013,1451875,DRREDDY.NS
2025-04-17,1156.2667236328125,1166.203701528077,1142.851803474205,1142.851803474205,2788024,DRREDDY.NS
2025-04-21,1169.9798583984375,1172.2652906446033,1147.7210025731808,1156.0680886702778,1938756,DRREDDY.NS
2025-04-22,1167.594970703125,1173.0603088638632,1154.97505656146,1166.5019273311789,1313400,DRREDDY.NS
2025-04-23,1178.525634765625,1184.2891307410362,1168.489310871414,1177.6312824520603,3192132,DRREDDY.NS
2025-04-24,1192.9342041015625,1202.3743331635906,1168.8867659586908,1171.5697014874986,4819678,DRREDDY.NS
2025-04-25,1167.396240234375,1202.87120366851,1152.3913062043994,1196.3128223572835,1286573,DRREDDY.NS
2025-04-28,1191.1455078125,1197.405852491153,1168.8867740684034,1168.8867740684034,1236678,DRREDDY.NS
2025-04-29,1168.588623046875,1196.809665074534,1161.6327383858818,1196.809665074534,1663018,DRREDDY.NS
2025-04-30,1176.4388427734375,1189.058756238947,1168.4892604201088,1168.7872969777584,1604442,DRREDDY.NS
2025-05-02,1170.4766845703125,1187.2702019617134,1164.01764875062,1168.6879799767655,910973,DRREDDY.NS
2025-05-05,1163.9183349609375,1186.375882009159,1147.2241626360433,1181.2085804319272,1893680,DRREDDY.NS
2025-05-06,1153.0870361328125,1167.5950008189568,1122.2824020686528,1164.812598254048,1990745,DRREDDY.NS
2025-05-07,1153.385009765625,1157.260455519162,1136.1941102809144,1136.1941102809144,1421366,DRREDDY.NS
2025-05-08,1140.76513671875,1154.0807122263654,1134.8029495930425,1145.4354681134846,2616533,DRREDDY.NS
2025-05-09,1148.6153564453125,1159.6453781988278,1131.3249897852315,1135.2997811415255,1248574,DRREDDY.NS
2025-05-12,1188.0650634765625,1196.41214924311,1136.690935820992,1148.615309401488,5065176,DRREDDY.NS
2025-05-13,1199.49267578125,1233.179057867154,1188.4626536737442,1188.4626536737442,3134295,DRREDDY.NS
2025-05-14,1212.3114013671875,1215.5906528585026,1185.6802499315045,1205.6536741587715,1197152,DRREDDY.NS
2025-05-15,1228.5086669921875,1231.9866093723956,1192.6360785440954,1206.349157020746,2053553,DRREDDY.NS
2025-05-16,1222.94384765625,1231.0922424882438,1213.3050274085404,1231.0922424882438,882873,DRREDDY.NS
2025-05-19,1211.317626953125,1233.9739854772429,1206.5478289582577,1220.5590650803051,2235758,DRREDDY.NS
2025-05-20,1216.48486328125,1226.6206541637796,1208.932783857664,1214.2987765247672,1385750,DRREDDY.NS
2025-05-21,1216.981689453125,1248.6806746354746,1212.410703674395,1217.379192847146,2615092,DRREDDY.NS
2025-05-22,1214.4974365234375,1222.0496370549406,1203.7655727646247,1216.9816810927466,2260610,DRREDDY.NS
2025-05-23,1222.34765625,1227.1174542756844,1208.3365413384308,1220.260915101639,734297,DRREDDY.NS
2025-05-26,1233.0797119140625,1240.0355970084108,1220.956525111878,1222.1490353372292,985434,DRREDDY.NS
2025-05-27,1235.3651123046875,1241.128608325722,1229.5023920603671,1236.060773576747,1145000,DRREDDY.NS
2025-05-28,1234.7689208984375,1244.308395973117,1229.2042372132917,1239.936222485435,766968,DRREDDY.NS
2025-05-29,1240.3336181640625,1245.5009198076375,1232.5828476502122,1237.5513369415296,1791885,DRREDDY.NS
2025-05-30,1243.314697265625,1249.6743877446809,1233.179027749729,1240.3336037255372,3161983,DRREDDY.NS
2025-06-02,1239.836669921875,1243.6127700012073,1224.7325122065424,1243.115921111874,1139977,DRREDDY.NS
2025-06-03,1240.4329833984375,1245.5008178003206,1232.9802500718451,1242.1222210987326,811620,DRREDDY.NS
2025-06-04,1244.0103759765625,1258.0214915511724,1238.4456922172644,1240.4330879385143,1387633,DRREDDY.NS
2025-06-05,1282.4664306640625,1295.1858117608106,1256.23278296515,1256.23278296515,3834672,DRREDDY.NS
2025-06-06,1312.575439453125,1314.56283503976,1286.838642346005,1286.9379878651366,2158757,DRREDDY.NS
2025-06-09,1310.7867431640625,1320.6243756400918,1300.352916268486,1319.034483420966,1227356,DRREDDY.NS
2025-06-10,1340.2996826171875,1354.0126399007422,1312.6748344023233,1312.6748344023233,3022355,DRREDDY.NS
2025-06-11,1342.5850830078125,1346.858032099046,1331.753752649454,1341.4920396801251,1094247,DRREDDY.NS
2025-06-12,1354.1119384765625,1371.0048010134,1335.0329893082992,1351.4290029469944,2625058,DRREDDY.NS
2025-06-13,1353.913330078125,1358.186279383362,1336.5236175817088,1346.4605961510897,1419556,DRREDDY.NS
2025-06-16,1338.312255859375,1351.230327358786,1333.7411489033973,1351.230327358786,1294663,DRREDDY.NS
2025-06-17,1310.48876953125,1341.1939359718178,1294.390791624489,1339.8028560264122,1649457,DRREDDY.NS
2025-06-18,1305.0234375,1316.450962797545,1300.5517971661782,1302.8372294450826,728945,DRREDDY.NS
2025-06-19,1317.74267578125,1323.6055172726135,1296.0801357416258,1296.7756757062768,1654212,DRREDDY.NS
2025-06-20,1316.94775390625,1326.5865741266948,1309.8924024262726,1324.0029840852253,1843895,DRREDDY.NS
2025-06-23,1309.5943603515625,1314.6621948925354,1293.893886525567,1310.5880581557142,843945,DRREDDY.NS
2025-06-24,1328.8721923828125,1345.1687401930817,1300.8498400412118,1309.5944297012163,1011128,DRREDDY.NS
2025-06-25,1333.14501953125,1339.8028679479628,1327.5803357970924,1339.8028679479628,833145,DRREDDY.NS
2025-06-26,1313.171630859375,1325.294695389663,1306.315091840999,1317.643270919055,2373431,DRREDDY.NS
2025-06-27,1292.8009033203125,1323.2080332811731,1290.217313169574,1320.5250976056,1770595,DRREDDY.NS
2025-06-30,1275.2125244140625,1296.7757196612051,1264.480538903359,1294.6889783955155,2224279,DRREDDY.NS
2025-07-01,1268.75341796875,1286.7393241495074,1265.2754756182885,1278.1935472057169,1851442,DRREDDY.NS
2025-07-02,1262.791259765625,1272.8275836590096,1255.735908082201,1267.958439997564,2027306,DRREDDY.NS
2025-07-03,1283.1619873046875,1289.422210515989,1261.9961761450058,1266.865319510017,1918977,DRREDDY.NS
2025-07-04,1299.1605224609375,1304.7252058570966,1279.0877542056126,1294.7882278993122,1466009,DRREDDY.NS
2025-07-07,1302.240966796875,1305.122714676847,1289.9190898176507,1299.6573767772798,569025,DRREDDY.NS
2025-07-08,1275.7093505859375,1302.042343657083,1265.5735597175717,1302.042343657083,1602620,DRREDDY.NS
2025-07-09,1261.4000244140625,1277.597225938257,1258.915779888787,1271.93319694103,1494337,DRREDDY.NS
2025-07-10,1262.5999755859375,1269.9000244140625,1252.0999755859375,1262.9000244140625,1246082,DRREDDY.NS
2025-07-11,1254.699951171875,1272.0,1251.300048828125,1263.0,895466,DRREDDY.NS
2025-07-14,1250.5999755859375,1261.4000244140625,1245.300048828125,1254.699951171875,1035555,DRREDDY.NS
2025-07-15,1260.9000244140625,1264.5,1241.0,1254.800048828125,1183659,DRREDDY.NS
2025-07-16,1259.4000244140625,1262.0,1250.0,1260.9000244140625,1159859,DRREDDY.NS
2025-07-17,1263.0999755859375,1274.800048828125,1255.5,1259.4000244140625,709420,DRREDDY.NS
2025-07-18,1257.5,1270.5999755859375,1251.0999755859375,1265.0,690731,DRREDDY.NS
2025-07-21,1259.300048828125,1262.4000244140625,1245.199951171875,1250.199951171875,1065189,DRREDDY.NS
2025-07-22,1240.0,1263.5999755859375,1236.0,1261.0,1304352,DRREDDY.NS
2025-07-23,1247.4000244140625,1252.0999755859375,1231.0,1240.199951171875,1088262,DRREDDY.NS
2025-07-24,1265.5,1287.9000244140625,1256.0999755859375,1261.0999755859375,3809212,DRREDDY.NS
2025-07-25,1277.9000244140625,1288.5,1261.199951171875,1266.0,1621138,DRREDDY.NS
2025-07-28,1287.4000244140625,1290.0,1271.5999755859375,1280.0,1553778,DRREDDY.NS
2025-07-29,1299.800048828125,1302.0,1282.800048828125,1287.0,1943466,DRREDDY.NS
2025-07-30,1292.0999755859375,1298.0999755859375,1277.699951171875,1298.0999755859375,1387013,DRREDDY.NS
2025-07-31,1270.300048828125,1285.0,1257.0,1274.5,1968821,DRREDDY.NS
2025-08-01,1220.5999755859375,1259.0,1213.699951171875,1258.0,2525210,DRREDDY.NS
2025-08-04,1225.0,1232.199951171875,1219.199951171875,1225.0999755859375,767310,DRREDDY.NS
2025-08-05,1214.800048828125,1232.0,1205.0,1225.0,956582,DRREDDY.NS
2025-08-06,1196.699951171875,1217.800048828125,1187.5,1214.800048828125,1701845,DRREDDY.NS
2025-08-07,1200.800048828125,1210.0,1183.4000244140625,1184.0,1246560,DRREDDY.NS
2025-08-08,1211.4000244140625,1215.0,1195.4000244140625,1200.800048828125,2389106,DRREDDY.NS
2025-08-11,1219.5,1237.0,1208.5999755859375,1212.5,1246374,DRREDDY.NS
2025-08-12,1220.300048828125,1227.199951171875,1204.0999755859375,1210.0,922461,DRREDDY.NS
2025-08-13,1253.4000244140625,1255.5,1219.800048828125,1220.300048828125,1192506,DRREDDY.NS
2025-08-14,1260.4000244140625,1266.0,1250.199951171875,1255.0999755859375,1603933,DRREDDY.NS
2025-08-18,1262.699951171875,1270.5999755859375,1241.0999755859375,1270.0,1648543,DRREDDY.NS
2025-08-19,1244.199951171875,1263.800048828125,1241.9000244140625,1263.0,1061816,DRREDDY.NS
2025-08-20,1245.4000244140625,1250.699951171875,1238.0,1244.0,685379,DRREDDY.NS
2025-08-21,1276.5999755859375,1281.800048828125,1240.300048828125,1245.4000244140625,2008295,DRREDDY.NS
2025-08-22,1277.5999755859375,1284.0999755859375,1265.5999755859375,1274.0999755859375,1229920,DRREDDY.NS
2025-08-25,1283.9000244140625,1288.9000244140625,1275.300048828125,1277.699951171875,967056,DRREDDY.NS
2025-08-26,1263.199951171875,1279.5999755859375,1259.0,1276.0,2798216,DRREDDY.NS
2025-08-28,1259.800048828125,1267.4000244140625,1248.5,1263.199951171875,1827890,DRREDDY.NS
2025-08-29,1260.0999755859375,1266.4000244140625,1240.800048828125,1259.0,2422956,DRREDDY.NS
2025-09-01,1279.9000244140625,1285.0,1260.0999755859375,1260.0999755859375,1273903,DRREDDY.NS
2025-09-02,1253.699951171875,1283.4000244140625,1248.0,1279.9000244140625,1632660,DRREDDY.NS
2025-09-03,1262.199951171875,1265.9000244140625,1247.5999755859375,1250.0,1294925,DRREDDY.NS
2025-09-04,1253.0,1274.699951171875,1249.0,1268.0,1230934,DRREDDY.NS
2025-09-05,1268.0999755859375,1271.699951171875,1253.5999755859375,1254.300048828125,769861,DRREDDY.NS
2025-09-08,1250.5999755859375,1277.0,1248.699951171875,1269.0,969297,DRREDDY.NS
2025-09-09,1291.300048828125,1295.800048828125,1256.800048828125,1257.5,1643726,DRREDDY.NS
2025-09-10,1304.199951171875,1310.0,1293.699951171875,1294.4000244140625,1232984,DRREDDY.NS
2025-09-11,1303.0999755859375,1311.0,1283.0,1304.0,1349391,DRREDDY.NS
2025-09-12,1316.699951171875,1321.0,1302.800048828125,1303.0999755859375,1042942,DRREDDY.NS
2025-09-15,1300.800048828125,1311.800048828125,1292.5,1308.9000244140625,1331182,DRREDDY.NS
2025-09-16,1310.4000244140625,1312.5,1296.4000244140625,1300.0,1034369,DRREDDY.NS
2025-09-17,1311.4000244140625,1318.199951171875,1305.199951171875,1317.0,716840,DRREDDY.NS
2025-09-18,1322.699951171875,1325.800048828125,1305.699951171875,1312.0999755859375,822010,DRREDDY.NS
2025-09-19,1321.699951171875,1326.800048828125,1312.0,1324.699951171875,1409571,DRREDDY.NS
2025-09-22,1301.4000244140625,1320.9000244140625,1293.5,1320.9000244140625,1399531,DRREDDY.NS
2025-09-23,1308.4000244140625,1311.9000244140625,1295.199951171875,1300.0,1271238,DRREDDY.NS
2025-09-24,1298.0999755859375,1308.300048828125,1294.4000244140625,1303.300048828125,750456,DRREDDY.NS
2025-09-25,1275.199951171875,1307.300048828125,1268.0,1298.300048828125,1241492,DRREDDY.NS
2025-09-26,1253.0999755859375,1278.5,1246.199951171875,1250.0,2284377,DRREDDY.NS
2025-09-29,1234.5999755859375,1270.0,1231.0,1265.0,3899164,DRREDDY.NS
2025-09-30,1223.699951171875,1240.300048828125,1217.5,1235.0999755859375,2635047,DRREDDY.NS
2025-10-01,1244.699951171875,1250.699951171875,1226.0,1227.9000244140625,4083180,DRREDDY.NS
2025-10-03,1248.0999755859375,1265.4000244140625,1240.0,1243.9000244140625,2742600,DRREDDY.NS
2025-10-06,1248.5999755859375,1251.300048828125,1234.199951171875,1248.199951171875,1880910,DRREDDY.NS
2025-10-07,1248.5,1256.0999755859375,1244.4000244140625,1250.300048828125,1380941,DRREDDY.NS
2025-10-08,1234.5,1251.0,1231.4000244140625,1248.300048828125,1496744,DRREDDY.NS
2025-10-09,1246.0999755859375,1264.9000244140625,1240.300048828125,1245.0,2699135,DRREDDY.NS
2025-10-10,1264.4000244140625,1267.699951171875,1244.699951171875,1249.5999755859375,1680920,DRREDDY.NS
2025-10-13,1262.4000244140625,1265.0999755859375,1248.300048828125,1257.0,1188201,DRREDDY.NS
2025-10-14,1237.300048828125,1262.4000244140625,1232.300048828125,1262.4000244140625,1944911,DRREDDY.NS
2025-10-15,1232.4000244140625,1242.300048828125,1231.0,1233.0,2150067,DRREDDY.NS
2025-10-16,1240.199951171875,1242.5999755859375,1230.300048828125,1235.9000244140625,1308931,DRREDDY.NS
2025-10-17,1255.9000244140625,1262.0,1238.0999755859375,1245.0,1473018,DRREDDY.NS
2025-10-20,1282.0,1287.699951171875,1259.800048828125,1264.800048828125,1368192,DRREDDY.NS
2025-10-21,1288.699951171875,1294.0,1283.0999755859375,1288.0,226788,DRREDDY.NS
2025-10-23,1279.4000244140625,1303.5999755859375,1271.5999755859375,1303.5999755859375,1991213,DRREDDY.NS
2025-10-24,1283.5999755859375,1288.0,1265.5,1280.0,1167634,DRREDDY.NS
2025-10-27,1284.300048828125,1293.4000244140625,1264.5999755859375,1283.0,1927956,DRREDDY.NS
2025-10-28,1289.4000244140625,1294.9000244140625,1275.300048828125,1283.9000244140625,1828290,DRREDDY.NS
2025-10-29,1250.9000244140625,1301.5,1235.0,1299.0,2574921,DRREDDY.NS
2025-10-30,1202.199951171875,1207.199951171875,1180.9000244140625,1196.0,8883497,DRREDDY.NS
2025-10-31,1197.5999755859375,1205.5,1191.0,1202.5,4250157,DRREDDY.NS
2025-11-03,1196.0,1200.800048828125,1187.9000244140625,1196.9000244140625,1547000,DRREDDY.NS
2025-11-04,1200.0,1204.300048828125,1193.300048828125,1198.0,1015516,DRREDDY.NS
2025-11-06,1205.199951171875,1213.9000244140625,1193.199951171875,1202.0,1560897,DRREDDY.NS
2025-11-07,1205.4000244140625,1211.9000244140625,1198.0,1208.0,1076140,DRREDDY.NS
2025-11-10,1198.699951171875,1209.5,1195.0,1199.4000244140625,3483082,DRREDDY.NS
2025-11-11,1211.5,1214.800048828125,1198.5999755859375,1203.5999755859375,1048552,DRREDDY.NS
2025-11-12,1229.5999755859375,1235.0,1215.0,1220.0999755859375,1222295,DRREDDY.NS
2025-11-13,1234.9000244140625,1242.4000244140625,1227.300048828125,1235.800048828125,1426984,DRREDDY.NS
2025-11-14,1246.0,1249.0,1231.800048828125,1235.199951171875,827643,DRREDDY.NS
2025-11-17,1244.4000244140625,1253.0,1240.5,1253.0,1423044,DRREDDY.NS
2025-11-18,1243.800048828125,1247.0,1232.699951171875,1244.5,971685,DRREDDY.NS
2025-11-19,1250.199951171875,1252.699951171875,1237.0,1248.699951171875,830105,DRREDDY.NS
2025-11-20,1248.5999755859375,1255.0,1237.699951171875,1255.0,854999,DRREDDY.NS
2025-11-21,1243.9000244140625,1250.699951171875,1237.0999755859375,1244.800048828125,941902,DRREDDY.NS
2025-11-24,1226.199951171875,1262.4000244140625,1219.0,1248.0,7611988,DRREDDY.NS
2025-11-25,1236.0999755859375,1251.199951171875,1230.300048828125,1236.300048828125,1983817,DRREDDY.NS
2025-11-26,1248.0,1251.0,1234.5999755859375,1236.0999755859375,809816,DRREDDY.NS
2025-11-27,1249.300048828125,1256.0,1241.0,1248.0,1060956,DRREDDY.NS
2025-11-28,1258.800048828125,1260.300048828125,1245.0,1250.0,809748,DRREDDY.NS
2025-12-01,1260.0999755859375,1268.800048828125,1248.4000244140625,1263.9000244140625,1457856,DRREDDY.NS
2025-12-02,1275.199951171875,1278.300048828125,1260.5,1260.5,2361183,DRREDDY.NS
2025-12-03,1280.699951171875,1293.0,1269.199951171875,1283.5999755859375,4969448,DRREDDY.NS
2025-12-04,1277.5999755859375,1284.199951171875,1266.5,1280.5999755859375,1971130,DRREDDY.NS
2025-12-05,1275.199951171875,1282.800048828125,1271.5999755859375,1277.5999755859375,1036082,DRREDDY.NS
2025-12-08,1266.5,1279.0,1263.699951171875,1275.0,1435892,DRREDDY.NS
2025-12-09,1246.199951171875,1267.4000244140625,1241.300048828125,1266.5,2118272,DRREDDY.NS
2025-12-10,1250.800048828125,1262.0999755859375,1246.800048828125,1249.300048828125,1669910,DRREDDY.NS
2025-12-11,1273.5,1275.9000244140625,1248.0,1250.800048828125,1717539,DRREDDY.NS
2025-12-12,1279.300048828125,1280.4000244140625,1267.300048828125,1275.0,981548,DRREDDY.NS
2025-12-15,1280.5999755859375,1282.800048828125,1264.0999755859375,1274.9000244140625,1078613,DRREDDY.NS
2025-12-16,1276.9000244140625,1285.9000244140625,1272.0,1285.9000244140625,928506,DRREDDY.NS
2025-12-17,1272.0,1281.0,1267.300048828125,1270.0,894068,DRREDDY.NS
2025-12-18,1280.0,1283.9000244140625,1262.0,1277.0,889699,DRREDDY.NS
2025-12-19,1278.199951171875,1292.9000244140625,1268.9000244140625,1277.0,1209487,DRREDDY.NS
2025-12-22,1283.4000244140625,1286.300048828125,1276.699951171875,1278.199951171875,614138,DRREDDY.NS
2025-12-23,1283.5,1288.5999755859375,1277.800048828125,1288.5999755859375,408490,DRREDDY.NS
2025-12-24,1265.800048828125,1285.0999755859375,1252.4000244140625,1281.0999755859375,1265233,DRREDDY.NS
2025-12-26,1269.300048828125,1275.0,1261.0999755859375,1265.0,594744,DRREDDY.NS
2025-12-29,1268.5999755859375,1275.9000244140625,1260.0,1269.300048828125,811488,DRREDDY.NS
2025-12-30,1265.800048828125,1272.9000244140625,1256.4000244140625,1268.0,1123996,DRREDDY.NS
