Date,Close,High,Low,Open,Volume,Ticker
2021-01-01,674.8862915039062,683.3871690618734,672.7787911885241,681.9664057166303,8810938,HDFCBANK.NS
2021-01-04,670.6004028320312,681.0193356443933,662.549409295206,681.0193356443933,15740192,HDFCBANK.NS
2021-01-05,675.667724609375,677.5857784188031,667.2852432584963,672.1158159334071,14386824,HDFCBANK.NS
2021-01-06,672.7552490234375,681.9665096579522,669.2269848250551,679.5985703883066,22134050,HDFCBANK.NS
2021-01-07,670.7188110351562,678.4619610337114,668.9665590663031,678.4146138096108,19894842,HDFCBANK.NS
2021-01-08,678.011962890625,682.9135848954606,673.9627642108427,678.1777070529124,13768764,HDFCBANK.NS
2021-01-11,687.3889770507812,693.7587675349387,680.2141682562502,686.7022978773078,17331392,HDFCBANK.NS
2021-01-12,701.3836059570312,704.5566214281087,686.2761419775225,687.8626497130612,20388156,HDFCBANK.NS
2021-01-13,696.48193359375,708.9136137714456,692.4327346400382,707.019262506273,16934650,HDFCBANK.NS
2021-01-14,695.5821533203125,704.6987194148936,689.5439082446808,696.7187757202818,12297166,HDFCBANK.NS
2021-01-15,694.5875244140625,696.9554632980903,684.3343374840208,695.7477913428329,14165236,HDFCBANK.NS
2021-01-18,702.3780517578125,711.731410769727,694.7532997710615,696.1267159476713,42825632,HDFCBANK.NS
2021-01-19,712.2050170898438,715.8990251352752,694.7533178392471,706.4983186612751,17360254,HDFCBANK.NS
2021-01-20,706.593017578125,710.8553078986365,703.751490697784,710.8553078986365,13346052,HDFCBANK.NS
2021-01-21,698.4473876953125,707.7059955211522,695.2980169153192,706.5930756304524,26333054,HDFCBANK.NS
2021-01-22,683.6476440429688,695.1794946049523,682.0374340732837,695.1794946049523,15392364,HDFCBANK.NS
2021-01-25,692.7879638671875,701.3835947711163,689.1413606041951,693.853536512856,20344718,HDFCBANK.NS
2021-01-27,667.5693969726562,697.073942054867,665.9355420753217,695.2269379463488,23556276,HDFCBANK.NS
2021-01-28,649.5020141601562,663.6386573049136,635.5548755229009,658.2397444156159,42704446,HDFCBANK.NS
2021-01-29,658.5238647460938,667.1668424746923,646.2105814067206,658.9264028315245,28704502,HDFCBANK.NS
2021-02-01,699.3707885742188,702.0939184433921,663.4965124716306,667.8771996524747,26370544,HDFCBANK.NS
2021-02-02,739.0574340820312,747.5583116187343,709.1503541772746,710.8552586250999,42420206,HDFCBANK.NS
2021-02-03,745.80615234375,749.0738621856243,730.272448092601,747.7951981441097,20237254,HDFCBANK.NS
2021-02-04,747.842529296875,752.0574725376579,730.9591116288991,741.6385402984712,24484684,HDFCBANK.NS
2021-02-05,756.6038818359375,766.3834817798823,733.1139377693545,733.1139377693545,27054716,HDFCBANK.NS
2021-02-08,760.2269287109375,772.7296600476119,755.7041414256892,767.2123497970526,17447580,HDFCBANK.NS
2021-02-09,763.3525390625,771.0009941477288,751.4417934690837,762.4764131313533,18421366,HDFCBANK.NS
2021-02-10,749.0975341796875,764.7732794572811,742.1121138356696,761.6949586277138,19788006,HDFCBANK.NS
2021-02-11,744.645751953125,756.6985959261269,740.7859998925289,749.215885700542,13648618,HDFCBANK.NS
2021-02-12,749.192138671875,754.1885126967173,744.9535513167575,745.3797918657261,9910106,HDFCBANK.NS
2021-02-15,765.6021118164062,769.5802613449466,756.1777019768093,757.787912239673,10355244,HDFCBANK.NS
2021-02-16,770.3616333007812,777.1576069056083,761.7423003535508,767.7805450141519,13897358,HDFCBANK.NS
2021-02-17,751.3470458984375,768.0647183895073,749.6894885957936,767.2122372237433,12794426,HDFCBANK.NS
2021-02-18,736.09765625,760.5584237121387,733.1140295170923,760.5584237121387,14720560,HDFCBANK.NS
2021-02-19,728.8990478515625,740.7860913158588,726.0101735308317,731.6932277267678,17139508,HDFCBANK.NS
2021-02-22,733.1138916015625,745.3798268023176,729.0646929130805,731.7168307594127,29451838,HDFCBANK.NS
2021-02-23,724.1868286132812,737.7077262268455,721.1085077743629,735.8370774568311,18239906,HDFCBANK.NS
2021-02-24,760.795166015625,764.3470748323017,718.0775657714667,722.931841154258,14314332,HDFCBANK.NS
2021-02-25,760.771484375,774.908069216845,758.6876864081806,762.3579920072215,20109570,HDFCBANK.NS
2021-02-26,726.673095703125,752.4836295180887,720.3270079368773,751.6075036939108,27912846,HDFCBANK.NS
2021-03-01,738.2760620117188,744.7405472981088,729.6567290261943,740.6913483244873,13536018,HDFCBANK.NS
2021-03-02,742.6803588867188,751.8206264779094,734.53467191637,746.2322673582679,16110038,HDFCBANK.NS
2021-03-03,751.5127563476562,755.8460960923422,741.1648749276413,750.1630427382644,11222410,HDFCBANK.NS
2021-03-04,735.0321044921875,744.006571842905,728.8991066576652,733.3745468846445,16291438,HDFCBANK.NS
2021-03-05,724.5894165039062,731.9773754629191,720.3744730417781,725.0630043578303,17445822,HDFCBANK.NS
2021-03-08,719.6166381835938,736.429004524836,716.3015236937714,730.2723633294515,15117050,HDFCBANK.NS
2021-03-09,739.98095703125,741.4964149068451,728.496452578125,731.6931703125,15066696,HDFCBANK.NS
2021-03-10,736.7842407226562,745.9008061309231,735.0793361565595,744.4800426906737,11055016,HDFCBANK.NS
2021-03-12,734.9845581054688,757.7404748656829,726.9809705885083,757.7404748656829,15631204,HDFCBANK.NS
2021-03-15,723.9500122070312,733.303371388489,717.6276265503748,733.303371388489,12230386,HDFCBANK.NS
2021-03-16,716.1358032226562,729.5146585706096,715.1175778906098,725.0155744712979,13722366,HDFCBANK.NS
2021-03-17,708.1795043945312,728.8516234041614,705.7405156649922,721.8662033617888,21064428,HDFCBANK.NS
2021-03-18,706.119384765625,720.8243085586888,701.4545566632114,715.9463312672258,18065540,HDFCBANK.NS
2021-03-19,709.1976928710938,715.6858222624396,698.0920826747441,703.2778456851914,21235020,HDFCBANK.NS
2021-03-22,695.7716064453125,707.9664936714229,691.6277127277023,707.9664936714229,14015632,HDFCBANK.NS
2021-03-23,710.4527587890625,713.9099150865279,695.7478342871996,696.1740748748355,19761428,HDFCBANK.NS
2021-03-24,700.3416748046875,713.4363314696999,696.6476667715011,706.0720757291848,16368900,HDFCBANK.NS
2021-03-25,693.024658203125,708.2742192275458,686.8206699198174,705.7404783853448,23964356,HDFCBANK.NS
2021-03-26,706.261474609375,709.9080773660381,698.0683829469915,707.5401384822288,12021258,HDFCBANK.NS
2021-03-30,735.8133544921875,740.0046528436594,711.1157965428214,713.5310828024924,25607644,HDFCBANK.NS
2021-03-31,707.3744506835938,733.1139368392285,704.698667969491,733.1139368392285,30774506,HDFCBANK.NS
2021-04-01,704.1068115234375,710.097710030839,693.8062746809053,710.097710030839,35763762,HDFCBANK.NS
2021-04-05,686.5128784179688,703.2778984689253,677.704156706419,700.9099594168414,16006586,HDFCBANK.NS
2021-04-06,682.0848388671875,692.6932173036304,678.4855830970582,691.4381980531808,15075734,HDFCBANK.NS
2021-04-07,685.3762817382812,689.87536610547,673.228800195683,681.6349841449041,25088180,HDFCBANK.NS
2021-04-08,678.5565795898438,691.8643843569828,677.4673045950678,688.1230294139348,17613592,HDFCBANK.NS
2021-04-09,673.3235473632812,678.5567163982668,670.1741764974265,675.3362957904267,28157816,HDFCBANK.NS
2021-04-12,647.418212890625,662.5493196905331,640.7642813018523,659.7077929441834,22549128,HDFCBANK.NS
2021-04-13,663.188720703125,666.0775949671928,644.5530507466788,647.8681656292848,18600682,HDFCBANK.NS
2021-04-15,677.2778930664062,680.4035609465851,658.7606218714734,665.3908509916752,34444984,HDFCBANK.NS
2021-04-16,676.5911865234375,684.3343350848605,674.152197919238,679.5747548202479,15606526,HDFCBANK.NS
2021-04-19,668.8954467773438,671.4054275301584,649.9045868073125,658.2870680749406,24069242,HDFCBANK.NS
2021-04-20,658.9501342773438,675.5257087311528,655.4218701712806,674.8626741907973,23186270,HDFCBANK.NS
2021-04-22,673.6787109375,675.7151617997141,649.3126393851161,653.5512274824252,38485312,HDFCBANK.NS
2021-04-23,669.7242431640625,679.4090911892929,663.1176582311249,667.2852542707776,22713528,HDFCBANK.NS
2021-04-26,665.2962036132812,676.7570059215569,664.3253254418922,669.179600676809,30170952,HDFCBANK.NS
2021-04-27,681.3507080078125,682.9135707879716,665.2961287020331,666.4563956250854,20592906,HDFCBANK.NS
2021-04-28,699.3945922851562,700.4364624788374,677.7042446296256,680.1905809568831,24103940,HDFCBANK.NS
2021-04-29,697.3580932617188,712.110366015842,691.9118331106085,703.8462235347221,24078552,HDFCBANK.NS
2021-04-30,668.8482055664062,688.5021031599366,666.5749605516613,684.3345065699116,35232902,HDFCBANK.NS
2021-05-03,669.8663330078125,673.3945972912176,652.2725900591925,659.7078964206457,22473700,HDFCBANK.NS
2021-05-04,657.505615234375,673.9154441830442,655.1140315140075,667.7351002247756,21486328,HDFCBANK.NS
2021-05-05,664.2542724609375,667.5693872393219,654.3562753461298,663.4965435023666,14421612,HDFCBANK.NS
2021-05-06,663.4491577148438,668.1376884767826,660.6549781447178,666.622172836726,11477044,HDFCBANK.NS
2021-05-07,670.0083618164062,674.8389344089317,667.8772166471722,669.1558806243075,12048334,HDFCBANK.NS
2021-05-10,672.4236450195312,677.2305728857831,669.0848856230303,675.8098094461626,11060050,HDFCBANK.NS
2021-05-11,664.7042236328125,674.4837660986876,660.678727067445,661.128612382698,14519034,HDFCBANK.NS
2021-05-12,662.7861328125,667.0957702739445,657.7424111292165,662.9045297636991,13774926,HDFCBANK.NS
2021-05-14,656.7952270507812,662.5019831493979,654.664081956677,660.3471355409549,10604142,HDFCBANK.NS
2021-05-17,682.0848388671875,683.1977586511666,654.1668607756777,660.726040338843,15120692,HDFCBANK.NS
2021-05-18,699.3471069335938,702.2123363536926,689.0702744188992,690.9409231735007,22165280,HDFCBANK.NS
2021-05-19,690.5857543945312,700.3653547002302,687.9100293890692,696.2688083859091,10130916,HDFCBANK.NS
2021-05-20,678.5565795898438,694.2323232056198,676.5201290556131,690.656712419775,10684184,HDFCBANK.NS
2021-05-21,709.10302734375,711.2815196347564,683.3871869956029,683.3871869956029,19341646,HDFCBANK.NS
2021-05-24,715.0938110351562,720.0664824869762,709.6712543382882,711.9207961855401,22146102,HDFCBANK.NS
2021-05-25,700.4127197265625,716.8935998449266,696.410925563643,715.3544393498013,19236974,HDFCBANK.NS
2021-05-26,699.512939453125,704.225115318239,696.1741220698126,700.9100004512399,12283990,HDFCBANK.NS
2021-05-27,702.1650390625,705.172310355068,692.5985297827585,697.6422519596574,20439496,HDFCBANK.NS
2021-05-28,712.0155639648438,716.5383506375555,700.3179682784436,706.0720716848272,17750020,HDFCBANK.NS
2021-05-31,717.8880615234375,719.6166685711843,704.461858834904,710.3817063881385,15661054,HDFCBANK.NS
2021-06-01,715.9226684570312,723.168585066384,713.8152258292779,719.9955698673149,11030162,HDFCBANK.NS
2021-06-02,712.276123046875,715.2123445786457,707.0666567213992,715.1176501334982,10624016,HDFCBANK.NS
2021-06-03,720.1139526367188,722.1976927085534,704.5802496675188,714.1704026204795,10287260,HDFCBANK.NS
2021-06-04,710.8316650390625,720.1613804324387,710.0028862960756,717.959185353156,9424476,HDFCBANK.NS
2021-06-07,710.3106079101562,717.011886442744,708.4873065510865,715.1175353557089,8091668,HDFCBANK.NS
2021-06-08,702.3544921875,710.9974705499297,701.6204078871059,708.7479282364206,9872540,HDFCBANK.NS
2021-06-09,701.0521240234375,711.3289573399608,697.1450242244664,702.7570287371487,10223442,HDFCBANK.NS
2021-06-10,701.4072265625,705.1722264064853,697.90266531903,701.9044590603982,11483540,HDFCBANK.NS
2021-06-11,703.9172973632812,708.7479281753265,701.4073164160874,706.1194924532565,7205974,HDFCBANK.NS
2021-06-14,700.6494750976562,703.7514984338662,692.645887212192,700.0811928397461,8881964,HDFCBANK.NS
2021-06-15,705.76416015625,708.4872897793995,698.44725238019,703.7514121739222,7569602,HDFCBANK.NS
2021-06-16,703.0885009765625,707.5402382681639,700.0101799934681,704.6987112068459,7702098,HDFCBANK.NS
2021-06-17,694.3270874023438,700.3179848535726,691.4382132789289,694.2797401828149,9283802,HDFCBANK.NS
2021-06-18,700.8152465820312,705.6458189970701,689.0702460676088,695.9372691383855,11938060,HDFCBANK.NS
2021-06-21,705.0302124023438,706.4983809928871,690.9646763172761,692.0775962076742,7260472,HDFCBANK.NS
2021-06-22,702.7097778320312,714.1705823555012,700.9101206141523,708.9611152428284,14366824,HDFCBANK.NS
2021-06-23,703.5147705078125,709.3399243472963,700.2470026908098,705.6459158913771,7844868,HDFCBANK.NS
2021-06-24,713.3416137695312,716.7514227574198,704.6986365404565,705.6458121272044,14785024,HDFCBANK.NS
2021-06-25,717.5328979492188,720.8006654850395,713.6968481510871,715.6385466601647,10383176,HDFCBANK.NS
2021-06-28,714.336181640625,721.2742548134761,712.749673994932,719.8534913437187,9356786,HDFCBANK.NS
2021-06-29,714.4313354492188,717.3564596471477,709.722512551715,716.7857178673613,10971692,HDFCBANK.NS
2021-06-30,712.45751953125,717.7370848853583,710.6500735615214,712.5050716754585,9679022,HDFCBANK.NS
2021-07-01,707.154052734375,714.4075246053683,705.3704121103602,714.4075246053683,16911442,HDFCBANK.NS
2021-07-02,704.1337890625,708.3431694594663,702.516609898695,706.321710020015,14827036,HDFCBANK.NS
2021-07-05,711.2921142578125,715.5966570879147,706.107711679034,708.6761078676606,7373882,HDFCBANK.NS
2021-07-06,729.9608764648438,732.4817785375456,711.5537277221872,712.029365240718,17669032,HDFCBANK.NS
2021-07-07,732.243896484375,735.0263641150248,726.6313510263612,729.6278903585783,9629190,HDFCBANK.NS
2021-07-08,723.1829833984375,731.3877299302179,719.853521037715,725.3471571573934,8420922,HDFCBANK.NS
2021-07-09,714.4075317382812,721.0664568010882,712.2671629680933,719.4255306350982,10695842,HDFCBANK.NS
2021-07-12,707.27294921875,714.4075115847763,705.8460367455447,714.4075115847763,14458978,HDFCBANK.NS
2021-07-13,714.336181640625,716.3576410548972,705.8936158516059,711.601265962492,18178142,HDFCBANK.NS
2021-07-14,713.0518798828125,716.9520836668454,709.2229752658203,712.2670664944662,9788494,HDFCBANK.NS
2021-07-15,723.3019409179688,726.1795710886405,713.2898061320276,715.8344552077314,10438802,HDFCBANK.NS
2021-07-16,724.086669921875,727.7015029771919,722.3981917888874,726.7502280646762,5170628,HDFCBANK.NS
2021-07-19,699.6627807617188,708.1528987460736,697.2845931996463,707.2729809603507,25111600,HDFCBANK.NS
2021-07-20,686.416259765625,691.5769149534121,683.0867973139923,685.8692650363275,24174250,HDFCBANK.NS
2021-07-22,689.0560302734375,698.4736760969855,687.2961947294137,692.5757594227039,13207114,HDFCBANK.NS
2021-07-23,686.22607421875,693.2179229686257,682.6825977011295,690.3879027749199,13126684,HDFCBANK.NS
2021-07-26,682.3258056640625,686.8205568594655,679.2579089216915,680.161631792961,13167166,HDFCBANK.NS
2021-07-27,684.7991333007812,689.6268658388828,683.0630447053469,683.0630447053469,22401430,HDFCBANK.NS
2021-07-28,674.1210327148438,684.2996284750666,667.7950309210904,682.5635980986397,20670342,HDFCBANK.NS
2021-07-29,674.5728759765625,680.1378114327916,672.2184936053619,679.3292509173456,13702230,HDFCBANK.NS
2021-07-30,678.4730834960938,680.9939854514296,669.6737898129428,674.9296073725011,11655488,HDFCBANK.NS
2021-08-02,676.6657104492188,682.5398220441142,673.6216187944088,682.5398220441142,13258786,HDFCBANK.NS
2021-08-03,682.3971557617188,684.8705058077147,670.6489317422132,670.6489317422132,12033120,HDFCBANK.NS
2021-08-04,696.9515991210938,701.3274405647641,684.9179480591796,685.3935855231096,22053948,HDFCBANK.NS
2021-08-05,706.2503662109375,716.8095540851317,693.1941393958622,697.8078001562104,18822408,HDFCBANK.NS
2021-08-06,709.9603271484375,713.4562511669117,701.0896761466853,705.632037503602,13339270,HDFCBANK.NS
2021-08-09,715.3112182617188,716.9521443443277,702.0409209486176,709.6511206336975,10998048,HDFCBANK.NS
2021-08-10,717.094970703125,722.8501735007229,708.2243186988494,708.2243186988494,14838346,HDFCBANK.NS
2021-08-11,711.0542602539062,722.4220081617676,709.1993204454371,720.5432632537157,12585786,HDFCBANK.NS
2021-08-12,714.1221313476562,717.0710605291638,708.3669293933626,712.0293148021268,8597674,HDFCBANK.NS
2021-08-13,725.9179077148438,728.2009908715206,713.9318662953315,714.0269705680195,16658428,HDFCBANK.NS
2021-08-16,728.0107421875,730.1035587891065,723.6586474723767,725.8941785477451,6252778,HDFCBANK.NS
2021-08-17,720.4244384765625,724.8716380293928,715.9772389237322,721.6372794121205,8282666,HDFCBANK.NS
2021-08-18,719.6395263671875,744.5391374947473,717.4278004141593,740.4248615711514,22985932,HDFCBANK.NS
2021-08-20,720.471923828125,722.8739164966347,706.8211504103504,706.8211504103504,13150406,HDFCBANK.NS
2021-08-23,725.1569213867188,729.2236452390042,717.570526480986,727.6540182634369,10843054,HDFCBANK.NS
2021-08-24,741.4474487304688,744.1348120128122,726.5124207569589,727.7253195139677,18381314,HDFCBANK.NS
2021-08-25,740.7578735351562,744.2776027396884,736.2868693056814,738.2369714945701,7727974,HDFCBANK.NS
2021-08-26,739.521240234375,747.2265448434088,734.122707926727,737.2381569110653,11119002,HDFCBANK.NS
2021-08-27,736.5008544921875,741.35239176859,734.9788377356009,738.189390820678,6382138,HDFCBANK.NS
2021-08-30,745.91845703125,746.7508225978399,737.9990815997371,739.9016314662284,9049166,HDFCBANK.NS
2021-08-31,752.173095703125,753.1005655316161,743.04082157555,743.6591735020199,12062576,HDFCBANK.NS
2021-09-01,751.0791625976562,760.0687229354822,748.8912417158429,749.1290604651969,12422558,HDFCBANK.NS
2021-09-02,755.7880249023438,757.2149374729586,747.3454588595391,748.701014189379,9618524,HDFCBANK.NS
2021-09-03,749.6285400390625,760.0687604261853,745.9423492422521,754.4086623001291,10735334,HDFCBANK.NS
2021-09-06,744.7056274414062,751.959099481168,742.9219867758911,751.4834619703639,7876896,HDFCBANK.NS
2021-09-07,746.3941650390625,752.4585433116437,739.7114347769459,743.1836118359313,7245496,HDFCBANK.NS
2021-09-08,749.7949829101562,751.7450850903009,744.6580745740106,747.6783611524173,6724080,HDFCBANK.NS
2021-09-09,746.0849609375,751.2456161314306,742.4701275979534,748.6534150154891,8250948,HDFCBANK.NS
2021-09-13,739.8779296875,753.4097932161694,738.9742068333936,742.9457683103893,8959164,HDFCBANK.NS
2021-09-14,736.5484619140625,744.1348566916412,735.6209339673617,741.9944879763249,9758506,HDFCBANK.NS
2021-09-15,735.7161254882812,739.521225577569,730.1035796320939,730.1035796320939,14822998,HDFCBANK.NS
2021-09-16,741.970703125,744.0397727219095,730.7219225742858,731.411573732443,10260550,HDFCBANK.NS
2021-09-17,752.5299682617188,755.7880738969212,741.6140515521491,746.2753228094836,20498102,HDFCBANK.NS
2021-09-20,741.9231567382812,752.3158246968031,741.04323895895,743.8970640127071,8781610,HDFCBANK.NS
2021-09-21,738.1655883789062,746.1087693954601,727.2259259755568,742.9457684361612,14774996,HDFCBANK.NS
2021-09-22,729.4851684570312,737.3094397175464,727.725333033006,736.7624450118473,10582202,HDFCBANK.NS
2021-09-23,746.7508544921875,747.7021294660628,733.4330048579319,733.4330048579319,13664304,HDFCBANK.NS
2021-09-24,761.75732421875,764.8013580210053,749.1291243270337,751.0316744840547,20806702,HDFCBANK.NS
2021-09-27,772.9585571289062,777.9051991730677,764.82516678098,768.4875526262753,16415462,HDFCBANK.NS
2021-09-28,768.1783447265625,776.2403768870238,752.458502595142,776.2403768870238,12773790,HDFCBANK.NS
2021-09-29,758.0948486328125,764.1592270047574,753.9568254387971,759.5931184310665,16263036,HDFCBANK.NS
2021-09-30,758.6180419921875,764.0403213516778,752.9817489724259,754.361109397566,15975348,HDFCBANK.NS
2021-10-01,752.79150390625,755.7880436031745,744.4916521396281,752.9342183913312,11128596,HDFCBANK.NS
2021-10-04,754.2421875,761.6621211029538,753.2195552330974,755.7880094198329,7051028,HDFCBANK.NS
2021-10-05,758.8558959960938,759.830976185328,749.7236783800458,757.2149696945492,10257178,HDFCBANK.NS
2021-10-06,768.1069946289062,773.7908394129953,754.8366970384816,759.1174344507981,18600830,HDFCBANK.NS
2021-10-07,766.01416015625,774.1951015729854,764.3494289792573,773.6719119581737,11265724,HDFCBANK.NS
2021-10-08,762.2803955078125,771.4839688507248,761.0913018443557,766.7275941968978,7245562,HDFCBANK.NS
2021-10-11,777.0966186523438,782.4237357564093,760.5444094069899,760.972494795636,13080848,HDFCBANK.NS
2021-10-12,775.098876953125,780.7827800509983,772.9109560129631,772.9109560129631,8176946,HDFCBANK.NS
2021-10-13,779.7600708007812,783.850541382647,775.289067022885,778.6185292739035,6225644,HDFCBANK.NS
2021-10-14,802.5906982421875,803.8273440823788,779.0941950336901,779.0941950336901,14757288,HDFCBANK.NS
2021-10-18,794.4573364257812,820.4746843514532,792.9115145567133,810.9619343879581,28856456,HDFCBANK.NS
2021-10-19,803.208984375,804.9926249141711,794.7902242545991,796.9067878032625,8987540,HDFCBANK.NS
2021-10-20,796.1458129882812,807.9891982795003,791.6748089028501,803.3992848197823,10908568,HDFCBANK.NS
2021-10-21,797.3111572265625,799.998462628159,789.962523081634,795.1707884960194,9738190,HDFCBANK.NS
2021-10-22,799.427734375,812.3888563513312,794.6713593378141,799.1185583853392,12175554,HDFCBANK.NS
2021-10-25,788.13134765625,803.827385358517,767.5838306159519,803.827385358517,16426766,HDFCBANK.NS
2021-10-26,786.10986328125,796.1458027295024,783.0657717264866,784.8018601809484,12090656,HDFCBANK.NS
2021-10-27,781.3773193359375,791.9602538614304,778.761313048737,786.1098893037489,13249642,HDFCBANK.NS
2021-10-28,757.9758911132812,784.8018571141539,754.9080525326855,784.8018571141539,17797750,HDFCBANK.NS
2021-10-29,752.8628540039062,761.9713243308421,741.9945480375242,756.2636739613226,12406874,HDFCBANK.NS
2021-11-01,763.5408935546875,766.252004050304,753.1957780437663,753.885429186674,8122320,HDFCBANK.NS
2021-11-02,764.2305908203125,771.4840630530865,761.043842637615,763.873862677717,13237722,HDFCBANK.NS
2021-11-03,752.1968994140625,765.728821094555,749.3906846195152,763.4457378753382,10207338,HDFCBANK.NS
2021-11-04,758.1423950195312,759.9973929432354,756.3112021961033,758.6418376355663,1096808,HDFCBANK.NS
2021-11-08,761.1388549804688,763.2554184797219,746.9648352689229,757.2623980202548,18943580,HDFCBANK.NS
2021-11-09,747.8211059570312,758.4515931319643,746.2990890867115,758.4515931319643,12695476,HDFCBANK.NS
2021-11-10,739.7352294921875,746.2752451845312,737.2381325914745,745.7996076796335,13714126,HDFCBANK.NS
2021-11-11,736.4295654296875,739.5687613215156,730.3889343351215,737.2619310557671,7999404,HDFCBANK.NS
2021-11-12,738.6650390625,741.5426691680743,734.8837441539887,737.2381265594817,14914092,HDFCBANK.NS
2021-11-15,740.6865844726562,747.6308811816832,739.3310290495845,742.9934150082311,9533594,HDFCBANK.NS
2021-11-16,736.2869262695312,740.662768498323,733.2428343419601,739.6163891144192,8245406,HDFCBANK.NS
2021-11-17,728.1058349609375,734.3842261047051,727.0118455965297,731.0072118067511,7598878,HDFCBANK.NS
2021-11-18,732.1964111328125,734.1465133558511,725.4661286012387,725.8466618423676,9152874,HDFCBANK.NS
2021-11-22,720.7572631835938,738.5223119294355,713.0044068868091,735.3355639518028,15261272,HDFCBANK.NS
2021-11-23,720.8524169921875,726.6789762107248,711.7201424006887,714.4075058157676,11235214,HDFCBANK.NS
2021-11-24,722.0415649414062,730.7456967746908,720.1390148495992,724.8715849784808,30802286,HDFCBANK.NS
2021-11-25,725.799072265625,729.2950545918285,716.7857642148182,720.4957602069751,10251652,HDFCBANK.NS
2021-11-26,708.6522216796875,716.6428957020347,706.3215866502159,713.4561481315311,18624936,HDFCBANK.NS
2021-11-29,714.05078125,717.0948727956322,695.3820097835137,710.9829426666183,12990996,HDFCBANK.NS
2021-11-30,710.388427734375,727.2497542737889,707.058965157582,711.0780789007943,25221542,HDFCBANK.NS
2021-12-01,715.66796875,716.8095103506997,708.2717824753072,711.0780553091722,8677634,HDFCBANK.NS
2021-12-02,725.7039794921875,727.1546972193483,713.4563127893044,715.5966817276724,11203110,HDFCBANK.NS
2021-12-03,719.901123046875,730.5553560310378,716.809479461367,725.7276821118706,8124694,HDFCBANK.NS
2021-12-06,715.263671875,722.3982341371078,712.1957752655638,719.6395135046063,7029532,HDFCBANK.NS
2021-12-07,725.68017578125,728.6767155251968,718.165137442202,720.0914346536905,12427534,HDFCBANK.NS
2021-12-08,739.0455932617188,739.6401401548495,729.6279472500399,730.5792222790491,15295534,HDFCBANK.NS
2021-12-09,726.2271118164062,739.4736046987022,723.9202815328325,734.9550484079257,11747744,HDFCBANK.NS
2021-12-10,724.181884765625,726.7740858657247,717.4753496970789,725.2996212566436,7779384,HDFCBANK.NS
2021-12-13,718.7595825195312,731.3639756168698,716.8807796550856,725.8227874165515,10322142,HDFCBANK.NS
2021-12-14,714.62158203125,721.0664937719724,712.0531858243114,714.6453871321823,9191100,HDFCBANK.NS
2021-12-15,713.4562377929688,724.5623616157026,711.3872263156126,714.8831502685547,10115148,HDFCBANK.NS
2021-12-16,713.5037841796875,721.5420693396168,710.6024071149554,719.5444151143828,13210432,HDFCBANK.NS
2021-12-17,700.6378173828125,716.3100492192655,698.0931104004245,712.0293118733335,14994768,HDFCBANK.NS
2021-12-20,678.0927124023438,693.4795761596208,672.5990752514857,690.6257507433261,21156668,HDFCBANK.NS
2021-12-21,685.774169921875,690.0311023174055,680.1616242039565,684.6801804486681,9118750,HDFCBANK.NS
2021-12-22,687.391357421875,692.5282661369407,682.8728007403497,690.7684304433625,8577484,HDFCBANK.NS
2021-12-23,686.8681030273438,693.3843716225142,683.4197311478777,691.220197770224,9779166,HDFCBANK.NS
2021-12-24,684.3948364257812,690.6256763008242,679.2103758660999,687.5340324330864,5561024,HDFCBANK.NS
2021-12-27,690.0548706054688,691.5768872980073,676.4278453611157,679.6383983110893,4705098,HDFCBANK.NS
2021-12-28,694.8112182617188,697.7125951282051,691.2914894785592,694.7636080671955,5450678,HDFCBANK.NS
2021-12-29,691.5055541992188,694.906373869757,688.4377156088801,692.5519915154243,7668702,HDFCBANK.NS
2021-12-30,695.1441650390625,697.6888139009618,687.2961467543245,693.7172526236556,7215918,HDFCBANK.NS
2021-12-31,703.658203125,706.2266575074009,695.1442793672378,695.1442793672378,6325736,HDFCBANK.NS
2022-01-03,722.8025512695312,724.3959253104654,704.1813312029835,706.3216999908345,9069184,HDFCBANK.NS
2022-01-04,727.0357666015625,729.1047782359835,717.166287896205,722.9690425129386,8857352,HDFCBANK.NS
2022-01-05,744.3013305664062,747.7021503050373,726.8216524342752,730.9597335226943,14332638,HDFCBANK.NS
2022-01-06,732.3628540039062,739.4974166342414,727.7491933941105,733.9086759071455,9628930,HDFCBANK.NS
2022-01-07,737.499755859375,745.2050602081262,730.5316548059,734.3843069802756,11179384,HDFCBANK.NS
2022-01-10,741.5902099609375,747.7021401431209,735.0977465592833,741.0432152309048,8856496,HDFCBANK.NS
2022-01-11,744.8008422851562,746.1325925725578,736.191814344952,742.7318305795472,8389198,HDFCBANK.NS
2022-01-12,740.401123046875,749.9138730090968,738.1893970684148,745.7995970381922,21085530,HDFCBANK.NS
2022-01-13,726.7741088867188,739.6163215437484,723.1592754547615,739.6163215437484,41963896,HDFCBANK.NS
2022-01-14,734.9312744140625,736.6197526556398,722.4933425207672,727.7253548760855,11208968,HDFCBANK.NS
2022-01-17,723.6824340820312,740.0919273293728,722.5646976035137,727.7253527081879,22989372,HDFCBANK.NS
2022-01-18,727.3685913085938,737.666154009168,724.395857160692,729.1522317973348,12341152,HDFCBANK.NS
2022-01-19,722.2318115234375,732.3629145201494,719.8060716409249,729.6279986191973,14317626,HDFCBANK.NS
2022-01-20,717.7369995117188,727.0119309169397,713.5038140786304,726.9881258170541,15197846,HDFCBANK.NS
2022-01-21,723.7300415039062,727.6303040191038,706.6070907204011,713.4562826460474,11537694,HDFCBANK.NS
2022-01-24,707.1065063476562,723.5635523601698,698.0218416410312,718.1888253449379,11868508,HDFCBANK.NS
2022-01-25,707.7723999023438,711.0780572785832,686.8205449567051,693.7886458927823,13594248,HDFCBANK.NS
2022-01-27,701.54150390625,706.321683981928,682.5398091003816,689.6743715648455,28617838,HDFCBANK.NS
2022-01-28,695.9765625,707.1302385002696,694.4307406458227,702.7543967837006,24925208,HDFCBANK.NS
2022-01-31,706.6546020507812,709.4371278413857,697.6650998575648,700.4951197241377,12842546,HDFCBANK.NS
2022-02-01,712.0294189453125,721.5421700334263,700.8281313145686,717.499250820978,14739484,HDFCBANK.NS
2022-02-02,728.296142578125,730.1035883666477,716.1198337589774,719.1401203787386,13969290,HDFCBANK.NS
2022-02-03,720.7572631835938,732.457933895551,717.7369767162163,727.1308172000766,10564762,HDFCBANK.NS
2022-02-04,724.87158203125,729.0809624800141,720.1627589609288,726.9643987359728,11579958,HDFCBANK.NS
2022-02-07,698.3071899414062,722.4933446051142,694.4307328001756,719.2114343241577,12268042,HDFCBANK.NS
2022-02-08,695.3106079101562,703.206178118259,687.082114705199,702.2311561639202,13981130,HDFCBANK.NS
2022-02-09,712.314697265625,713.3135243877856,697.7602016051236,701.0896640531371,11308342,HDFCBANK.NS
2022-02-10,725.394775390625,730.3414172466761,714.2410986903759,720.1152104926523,14314530,HDFCBANK.NS
2022-02-11,722.4219970703125,725.3471792743838,713.2184231619269,713.5751512828815,10711104,HDFCBANK.NS
2022-02-14,700.9469604492188,713.1946260728857,698.8542018984211,708.6998749228623,14656620,HDFCBANK.NS
2022-02-15,721.9226684570312,725.2996833180713,700.6378889247106,702.0409964179948,13135066,HDFCBANK.NS
2022-02-16,720.947509765625,729.9846218788012,716.7856818187674,729.7943552747017,10032264,HDFCBANK.NS
2022-02-17,716.5479125976562,723.9202940415751,714.4075437913573,719.6871085679842,7351208,HDFCBANK.NS
2022-02-18,719.330322265625,721.5420481321954,708.9138499717109,712.6476505919669,7796128,HDFCBANK.NS
2022-02-21,723.9677734375,728.058244021846,711.3396335859223,715.3587469383176,7468066,HDFCBANK.NS
2022-02-22,718.5455322265625,723.9678112195843,707.7247793394828,708.6047551441089,9536196,HDFCBANK.NS
2022-02-23,713.8843383789062,725.6801135920207,711.3872414933543,725.3947427030585,9029562,HDFCBANK.NS
2022-02-24,675.119873046875,701.5415010977686,669.2933137242217,689.6268166665427,23630766,HDFCBANK.NS
2022-02-25,692.5758056640625,697.2370767488001,681.5172329343914,684.8942478331431,18318654,HDFCBANK.NS
2022-02-28,678.3779907226562,684.2283552518861,672.5752363928466,678.2590813465437,24880832,HDFCBANK.NS
2022-03-02,653.6448364257812,665.1314936990638,644.2034436334029,659.4713958190617,38505560,HDFCBANK.NS
2022-03-03,652.0990600585938,662.0874482870623,648.2464076398575,656.8554354054835,17527922,HDFCBANK.NS
2022-03-04,649.9586791992188,659.2336109550803,635.8798200435912,646.8670352805982,21219364,HDFCBANK.NS
2022-03-07,630.1245727539062,633.7156009825043,616.9256323482289,627.1280333292115,27054458,HDFCBANK.NS
2022-03-08,631.551513671875,634.5004430311901,614.5236674634915,619.3751468768733,39212492,HDFCBANK.NS
2022-03-09,652.17041015625,653.8588885491644,627.2945441400525,632.5979142059786,23134694,HDFCBANK.NS
2022-03-10,662.4202880859375,678.734676699917,656.4986247477649,678.734676699917,22273206,HDFCBANK.NS
2022-03-11,664.3705444335938,670.1494941420394,652.90763317853,660.18491082348,15150780,HDFCBANK.NS
2022-03-14,686.1309204101562,689.6743966720176,673.0270836488999,673.0270836488999,25018126,HDFCBANK.NS
2022-03-15,677.3078002929688,689.436556548215,671.4812409154484,686.5827315469807,18867928,HDFCBANK.NS
2022-03-16,688.7944946289062,692.052600068531,683.1105913586209,688.2474998619687,13364108,HDFCBANK.NS
2022-03-17,703.96728515625,708.6047506498716,699.4487290342597,700.1383801652347,14823954,HDFCBANK.NS
2022-03-21,707.03515625,710.4359760473683,700.5189456092843,707.2729750042046,12257876,HDFCBANK.NS
2022-03-22,710.6737670898438,712.5049598135698,693.0989270027054,704.561836957358,10461814,HDFCBANK.NS
2022-03-23,703.5867919921875,722.3982788795391,700.8994284281059,716.785732994576,31188256,HDFCBANK.NS
2022-03-24,686.178466796875,699.0206795927611,682.3258145703531,697.2845910655177,20160044,HDFCBANK.NS
2022-03-25,680.5896606445312,690.6255995491529,674.929563195763,690.1499620838986,16366462,HDFCBANK.NS
2022-03-28,681.4934692382812,683.966761144496,666.6535436173285,680.58974632828,15754886,HDFCBANK.NS
2022-03-29,690.530517578125,694.5496310648167,680.16159727628,685.3936095630206,12377448,HDFCBANK.NS
2022-03-30,702.4928588867188,705.2515799115708,691.6008053997855,700.138476229865,20109742,HDFCBANK.NS
2022-03-31,699.3535766601562,706.1789630767555,697.237013039462,699.6627526430442,14295714,HDFCBANK.NS
2022-04-01,716.31005859375,718.2126085501743,699.3298234571498,702.2312005284535,14568556,HDFCBANK.NS
2022-04-04,788.0361938476562,819.0952862089551,743.2073617126769,751.5072124484601,97450970,HDFCBANK.NS
2022-04-05,764.9439697265625,792.7449569360995,761.9712355056448,792.7449569360995,30922582,HDFCBANK.NS
2022-04-06,737.6423950195312,756.1685102240006,735.9776637926485,755.1696250388968,27027860,HDFCBANK.NS
2022-04-07,721.4232177734375,733.1238893042467,719.9725000942207,733.1001422646726,40781732,HDFCBANK.NS
2022-04-08,720.4244384765625,725.7040037554764,712.1721384616357,719.211539479779,41256322,HDFCBANK.NS
2022-04-11,711.6251220703125,718.2126904332335,710.2457615824013,716.3101402599004,20799066,HDFCBANK.NS
2022-04-12,710.3646240234375,716.7143731950656,704.0148748518094,705.8460676603825,27435402,HDFCBANK.NS
2022-04-13,696.7850952148438,714.5502013407392,695.691163859955,708.6998371784712,28892520,HDFCBANK.NS
2022-04-18,663.7283325195312,680.9464450214841,661.15993644386,674.8582617385757,45620376,HDFCBANK.NS
2022-04-19,638.400634765625,660.9221170332797,631.1709679279387,656.8078410106541,74096022,HDFCBANK.NS
2022-04-20,644.1558227539062,646.8193808657757,635.1424582257645,644.2271219225465,49325736,HDFCBANK.NS
2022-04-21,653.6923828125,656.2846420095574,643.6802483309051,649.2451838249173,52446270,HDFCBANK.NS
2022-04-22,644.774169921875,654.168010350688,641.706331335433,646.8669864904109,20659148,HDFCBANK.NS
2022-04-25,649.6019287109375,651.9325641201308,628.9116970441421,642.1106379350289,20935488,HDFCBANK.NS
2022-04-26,652.5984497070312,657.3072144691479,645.5114394033479,652.5746446077407,17016842,HDFCBANK.NS
2022-04-27,652.8363037109375,655.9041425017765,645.0120316413157,646.8670295884091,18054334,HDFCBANK.NS
2022-04-28,652.2655029296875,655.9041415782432,647.8658558596376,652.5746789306378,20773722,HDFCBANK.NS
2022-04-29,658.5676879882812,668.1517954743881,652.3606532888389,656.5462285607915,28401476,HDFCBANK.NS
2022-05-02,667.6522827148438,668.9602857363819,647.8420288557909,647.8420288557909,19494316,HDFCBANK.NS
2022-05-04,644.9644165039062,667.6047487158417,642.1105916521191,665.8924654170124,29055916,HDFCBANK.NS
2022-05-05,643.5137329101562,654.0015630179496,640.4458942572139,654.0015630179496,17862912,HDFCBANK.NS
2022-05-06,626.699951171875,634.9760551888268,624.5120303093106,632.5978677162095,26731268,HDFCBANK.NS
2022-05-09,627.7701416015625,630.9331425829555,616.1883801102291,618.32874885627,32762434,HDFCBANK.NS
2022-05-10,637.853759765625,643.5376052646478,625.4871834634218,625.4871834634218,20113812,HDFCBANK.NS
2022-05-11,641.4447021484375,644.4887936717504,631.9557575251372,643.5375186995411,17102924,HDFCBANK.NS
2022-05-12,626.9856567382812,638.4133907389254,622.1498973824371,635.6706993369925,22382290,HDFCBANK.NS
2022-05-13,621.35595703125,634.1790892090257,619.262889083472,630.353829122959,16768238,HDFCBANK.NS
2022-05-16,627.9719848632812,631.292053906236,618.4448991695826,625.0368734940553,9804356,HDFCBANK.NS
2022-05-17,632.25439453125,633.6978977151113,624.6519209350625,631.5807479648557,16641444,HDFCBANK.NS
2022-05-18,632.206298828125,641.5409646353346,630.3297329141748,637.0901630861314,15732384,HDFCBANK.NS
2022-05-19,619.2869873046875,623.7858941010936,615.0767694162303,618.8779477207698,20537506,HDFCBANK.NS
2022-05-20,635.5985717773438,637.1623671024004,621.837184664106,626.961633399629,13919350,HDFCBANK.NS
2022-05-23,627.4427490234375,639.9290287015857,625.0850152898169,632.2544265466233,19486320,HDFCBANK.NS
2022-05-24,634.6361694335938,637.5472577654566,624.0264559706711,625.5180642227122,12870796,HDFCBANK.NS
2022-05-25,639.375732421875,642.8160348600121,636.6811460213428,639.9531102298189,12887112,HDFCBANK.NS
2022-05-26,657.6119384765625,659.6809832899339,644.7647830842534,645.7993054909392,26992428,HDFCBANK.NS
2022-05-27,669.8095703125,671.0846178237094,659.5606740424182,660.0659236596756,24031718,HDFCBANK.NS
2022-05-30,674.3806762695312,683.4987815396562,672.8890092715018,678.5668121550864,12624674,HDFCBANK.NS
2022-05-31,668.3179321289062,675.944488061126,664.0115042012508,671.662083279525,13485388,HDFCBANK.NS
2022-06-01,671.1568603515625,673.8513881488794,663.6025497657505,664.0115306279351,12091896,HDFCBANK.NS
2022-06-02,666.4653930664062,667.8607911929586,663.3378029059205,667.4999154052102,11475020,HDFCBANK.NS
2022-06-03,664.1558837890625,673.995741003826,662.231212745682,672.8169034842749,6957244,HDFCBANK.NS
2022-06-06,663.2657470703125,667.3797553581381,654.7009952570307,662.2312832633797,6173266,HDFCBANK.NS
2022-06-07,655.6392211914062,661.2689195958052,651.5492949621544,655.3505322636607,10253966,HDFCBANK.NS
2022-06-08,657.94873046875,664.4925994985958,652.9445745978237,660.7876316707815,5986588,HDFCBANK.NS
2022-06-09,662.90478515625,664.9979118561328,653.016823143348,655.4707669191479,7311816,HDFCBANK.NS
2022-06-10,650.1057739257812,658.2134392480132,646.4970155862447,654.4362839332251,9155430,HDFCBANK.NS
2022-06-13,638.317138671875,639.9531208031428,629.511803905611,636.8736353918679,10892572,HDFCBANK.NS
2022-06-14,631.2921142578125,638.0284630380025,627.9239398677174,630.9312384303023,11870356,HDFCBANK.NS
2022-06-15,629.102783203125,633.1205811087782,624.7482500861813,626.3120453531265,11810470,HDFCBANK.NS
2022-06-16,616.5202026367188,635.4060350189333,614.9323257189839,630.3296922471587,12169192,HDFCBANK.NS
2022-06-17,620.5861206054688,625.0369224008559,611.8529139840168,613.4888961209325,14723922,HDFCBANK.NS
2022-06-20,636.1759643554688,637.547280721459,622.703267102487,627.7795517185277,15936840,HDFCBANK.NS
2022-06-21,643.1048583984375,651.5012131681581,637.0902607879485,643.2732553842702,13220684,HDFCBANK.NS
2022-06-22,640.0733642578125,643.2971645111071,636.6811083122385,641.0356997049206,8159698,HDFCBANK.NS
2022-06-23,642.4310913085938,648.6140847460432,634.4196370457403,640.1936496695923,15372244,HDFCBANK.NS
2022-06-24,651.4049072265625,655.1820622227635,644.067099221751,644.067099221751,8013432,HDFCBANK.NS
2022-06-27,652.583740234375,662.0868029953917,650.5387773617512,659.1997965869816,9804164,HDFCBANK.NS
2022-06-28,647.6036987304688,650.0576425546589,643.9949405371601,646.6894682409041,9770574,HDFCBANK.NS
2022-06-29,646.6653442382812,649.9373082816165,640.5545375901551,640.5545375901551,9994046,HDFCBANK.NS
2022-06-30,648.6141967773438,651.5012035879254,642.8401831561805,642.8401831561805,12475822,HDFCBANK.NS
2022-07-01,651.380859375,654.3881578947369,639.9772068826776,646.6653918015329,11472452,HDFCBANK.NS
2022-07-04,652.2950439453125,654.4843218717582,645.8473846257052,651.35673163144,8487480,HDFCBANK.NS
2022-07-05,650.8275146484375,663.6987525096566,648.7585284770123,656.3128389795442,14325718,HDFCBANK.NS
2022-07-06,659.80126953125,660.835791929005,648.18105675633,648.6141194735643,15049078,HDFCBANK.NS
2022-07-07,671.6139526367188,672.6724981664967,661.3409744346241,664.0114788767993,17743142,HDFCBANK.NS
2022-07-08,672.239501953125,678.4465781386755,671.1087694034876,678.4465781386755,12474030,HDFCBANK.NS
2022-07-11,676.5940551757812,678.3984342696596,670.3869793455802,670.7478551643559,7462880,HDFCBANK.NS
2022-07-12,669.6893310546875,676.1610141176355,668.5345166503326,676.1610141176355,9876974,HDFCBANK.NS
2022-07-13,653.3536987304688,670.844136867853,651.6215063626066,668.823255561398,15945610,HDFCBANK.NS
2022-07-14,650.0817260742188,660.4749379498609,649.215600611124,655.350489555198,10372410,HDFCBANK.NS
2022-07-15,655.37451171875,656.745827963444,648.0367040425124,651.0199203901375,13595646,HDFCBANK.NS
2022-07-18,648.3976440429688,657.3232708257327,645.7512213402739,648.6141460423058,20332220,HDFCBANK.NS
2022-07-19,648.63818359375,653.690444771779,643.3212566690205,643.3212566690205,15792538,HDFCBANK.NS
2022-07-20,656.8180541992188,659.7290838164299,652.1025868008825,654.3400285637287,20347862,HDFCBANK.NS
2022-07-21,654.7490234375,658.9592412990309,653.473917137891,654.6528133808986,12640278,HDFCBANK.NS
2022-07-22,670.0260620117188,672.1913167902127,655.5429251294964,657.2751172050325,12729592,HDFCBANK.NS
2022-07-25,671.9989013671875,675.8482435588785,665.5994052152816,671.2290446761094,10143126,HDFCBANK.NS
2022-07-26,670.6275024414062,674.5971360881447,667.0428264609901,671.7101297996077,8527964,HDFCBANK.NS
2022-07-27,675.751953125,676.5218097245117,666.0564118856013,668.2938535156615,9212778,HDFCBANK.NS
2022-07-28,681.7425537109375,685.182915066855,678.9277339602053,680.8764869533358,17420406,HDFCBANK.NS
2022-07-29,690.0907592773438,692.2079091114783,680.9967358477592,691.9192202105274,20019736,HDFCBANK.NS
2022-08-01,695.8407592773438,696.9474098698968,688.0939701842794,692.4003980885738,13193036,HDFCBANK.NS
2022-08-02,688.190185546875,695.094931123578,684.7258011854689,693.8439067006424,15036510,HDFCBANK.NS
2022-08-03,689.8020629882812,690.8365853805471,681.8146902206062,685.6399502739025,10975498,HDFCBANK.NS
2022-08-04,688.9840698242188,696.1053168364679,679.8659062909707,692.8815166078793,12012206,HDFCBANK.NS
2022-08-05,686.6504516601562,691.4139653304088,683.8115502270574,689.5133762386452,9268982,HDFCBANK.NS
2022-08-08,703.4913940429688,704.6702316392747,686.674544464695,687.1076072249125,15357736,HDFCBANK.NS
2022-08-10,705.5362548828125,708.0383035448924,697.2361116710222,703.154439415044,17353102,HDFCBANK.NS
2022-08-11,714.8709716796875,717.4211844953526,709.5059977383994,715.2559294113627,18301766,HDFCBANK.NS
2022-08-12,714.6063232421875,716.6031812290219,710.1795445295438,714.5341363296417,8850370,HDFCBANK.NS
2022-08-16,722.7861938476562,725.8415975092017,716.0017398840251,719.2496224051965,12563756,HDFCBANK.NS
2022-08-17,726.5152587890625,727.88657524504,714.8950448985743,721.7516859147646,12384350,HDFCBANK.NS
2022-08-18,727.3812866210938,728.4398909455316,721.5832502964957,721.7516472669315,8342138,HDFCBANK.NS
2022-08-19,718.4075317382812,727.5256370949188,716.939946608088,726.563301596116,8063702,HDFCBANK.NS
2022-08-22,707.4850463867188,716.1460665835506,706.2099399993691,714.4379561754013,8234066,HDFCBANK.NS
2022-08-23,705.2957153320312,710.1795210324121,697.8857201939286,699.2811184238794,14966884,HDFCBANK.NS
2022-08-24,708.6878662109375,709.9629724189963,702.1199150712563,703.4191031598855,13455520,HDFCBANK.NS
2022-08-25,704.838623046875,715.400291243383,701.0614676554292,712.0802217563679,11823040,HDFCBANK.NS
2022-08-26,704.9588623046875,712.9943990116683,703.0822963230394,708.303013425697,7706176,HDFCBANK.NS
2022-08-29,692.5928955078125,695.7685910224809,687.3962601301372,691.4380811198513,8653178,HDFCBANK.NS
2022-08-30,715.0633544921875,716.9158385123882,694.3731420244557,695.9850421787525,10135400,HDFCBANK.NS
2022-09-01,708.3511352539062,716.6753023262013,702.023767412422,704.7904820543832,22403136,HDFCBANK.NS
2022-09-02,714.7747192382812,717.1805580778581,705.0069900550793,708.351141283871,12038086,HDFCBANK.NS
2022-09-05,719.369873046875,721.2704621778411,714.101050906599,715.0633864131738,12131932,HDFCBANK.NS
2022-09-06,716.627197265625,724.951423073854,715.2317990033503,721.2223729044177,12238696,HDFCBANK.NS
2022-09-07,713.2349853515625,716.9399535633776,707.9421400567993,707.9421400567993,9776206,HDFCBANK.NS
2022-09-08,720.5968627929688,721.7516772237872,713.1628440120845,716.9881044068499,11164690,HDFCBANK.NS
2022-09-09,721.0780029296875,726.0821594471598,718.8887248344994,719.9231885431478,15128888,HDFCBANK.NS
2022-09-12,718.6481323242188,723.6763119278681,716.9399632796035,721.7516408855068,11080492,HDFCBANK.NS
2022-09-13,728.0548706054688,729.4021637256475,721.0539154710427,721.2223124269915,13001966,HDFCBANK.NS
2022-09-14,735.537109375,740.4690789237419,718.0706961615213,718.8887165967504,20219760,HDFCBANK.NS
2022-09-15,731.7117919921875,741.4554391702014,727.5256559583752,736.1866756721654,13539372,HDFCBANK.NS
2022-09-16,718.26318359375,728.8247925761237,713.5717978693896,723.2432582308112,20560046,HDFCBANK.NS
2022-09-19,723.002685546875,728.4880099183553,712.1283056005058,716.4588155669953,12076038,HDFCBANK.NS
2022-09-20,731.7117919921875,733.299669100902,726.5152154056927,728.4879914821296,10781668,HDFCBANK.NS
2022-09-21,730.5810546875,732.0967448746909,724.1574768560039,725.6009801321287,9072304,HDFCBANK.NS
2022-09-22,715.0153198242188,726.6355334380704,713.4515245419652,722.7140042906975,12048144,HDFCBANK.NS
2022-09-23,695.8407592773438,709.7224372346395,691.438062580459,708.4473309391279,15806252,HDFCBANK.NS
2022-09-26,686.4580078125,691.1734166960763,682.2958948729614,685.8324662197185,8923486,HDFCBANK.NS
2022-09-27,680.299072265625,692.881621797613,677.0030846314178,689.2247583187195,12639700,HDFCBANK.NS
2022-09-28,668.6066284179688,678.7351736760943,666.8503544937673,676.5218139126857,11816132,HDFCBANK.NS
2022-09-29,665.1422119140625,674.6933797809945,663.434101683277,671.8545371114053,14410388,HDFCBANK.NS
2022-09-30,683.90771484375,688.7674969815789,656.7939260539112,663.4340639656767,15781756,HDFCBANK.NS
2022-10-03,679.9862670898438,682.22370896109,674.1641488370536,678.4224718418965,11541112,HDFCBANK.NS
2022-10-04,699.1367797851562,701.5426186694823,686.2174367235855,687.8293370288237,11538526,HDFCBANK.NS
2022-10-06,691.4380493164062,703.7559318367181,690.0907561363719,702.4808255656671,12549198,HDFCBANK.NS
2022-10-07,688.454833984375,690.4516331398249,683.4265958004532,688.1901682297433,13297994,HDFCBANK.NS
2022-10-10,680.8523559570312,686.1452011270152,672.7687143847188,677.4841817579505,13109302,HDFCBANK.NS
2022-10-11,673.9476318359375,681.8147129301799,673.3701952846903,674.1641338324686,14521620,HDFCBANK.NS
2022-10-12,678.350341796875,680.7802037798269,672.3357447059547,675.1745875438293,9225050,HDFCBANK.NS
2022-10-13,670.555419921875,676.6422042083251,665.9362208884066,674.6213229862772,14714234,HDFCBANK.NS
2022-10-14,692.4004516601562,696.249793990442,680.9727166171202,681.8147602518703,12849920,HDFCBANK.NS
2022-10-17,696.0332641601562,701.3501327995798,686.626410721968,690.4757528984051,18410500,HDFCBANK.NS
2022-10-18,694.7340698242188,703.90033929577,692.8815856653596,701.5666873690876,10561108,HDFCBANK.NS
2022-10-19,701.8554077148438,710.8773037655702,699.3292768206403,704.4296436407238,12967040,HDFCBANK.NS
2022-10-20,697.1159057617188,699.0886819198254,694.0845252418784,694.8062769145736,7898078,HDFCBANK.NS
2022-10-21,692.2078857421875,701.3741545079234,689.9945259278926,698.6555450817992,10492606,HDFCBANK.NS
2022-10-24,703.0101928710938,703.9484465267632,699.7623104281301,699.7623104281301,2167794,HDFCBANK.NS
2022-10-25,698.1262817382812,706.2580282452401,695.287380341186,703.0341691638182,13773394,HDFCBANK.NS
2022-10-27,699.8103637695312,706.0414624275766,698.2946736608377,704.6701461335379,15937276,HDFCBANK.NS
2022-10-28,701.8793334960938,705.8730490883848,696.442173472227,697.6931978037887,10474278,HDFCBANK.NS
2022-10-31,720.163818359375,720.7893599900692,705.9934502305936,708.2789972666101,12830528,HDFCBANK.NS
2022-11-01,728.1270141601562,735.7054053532985,721.222269486996,723.4356291358301,19073756,HDFCBANK.NS
2022-11-02,728.5841674804688,735.34459771333,727.33314310533,729.931460645262,12720406,HDFCBANK.NS
2022-11-03,725.384521484375,731.4953288906344,720.3081778321194,720.6449717888227,10332352,HDFCBANK.NS
2022-11-04,720.38037109375,729.4984772519798,716.7475307718796,723.2914009917648,10818060,HDFCBANK.NS
2022-11-07,725.9859619140625,727.5256752984809,717.9504248353214,726.5633397491442,9835834,HDFCBANK.NS
2022-11-09,725.7693481445312,730.38854669658,723.6762802249166,728.9932072410344,9269790,HDFCBANK.NS
2022-11-10,733.6605834960938,734.743211017239,719.3699237114974,720.3562824334263,12774182,HDFCBANK.NS
2022-11-11,775.2334594726562,787.6716345011165,740.0360255728266,743.4041999414936,56722338,HDFCBANK.NS
2022-11-14,777.1099853515625,783.341084117066,768.9060518544665,775.6424002436796,19195390,HDFCBANK.NS
2022-11-15,779.0106201171875,781.0074781111963,772.3945632755499,781.0074781111963,11030202,HDFCBANK.NS
2022-11-16,785.6987915039062,790.0774060630871,775.6423742836154,778.8421514086572,13578150,HDFCBANK.NS
2022-11-17,778.6016235351562,785.0492832742325,776.5566605526772,778.5775416526076,12100930,HDFCBANK.NS
2022-11-18,776.556640625,780.9352553866862,772.3945278555009,779.9729198902146,10459232,HDFCBANK.NS
2022-11-21,768.5933227539062,775.6424423049926,765.1529614641645,773.5493742606727,8344816,HDFCBANK.NS
2022-11-22,767.4625244140625,771.9614309133688,765.537853506441,769.8683630485893,8546314,HDFCBANK.NS
2022-11-23,769.4594116210938,772.2742311837565,766.9813859856123,772.2742311837565,10185738,HDFCBANK.NS
2022-11-24,781.9698486328125,785.2658362595581,769.4594860453441,772.7313917879773,17197960,HDFCBANK.NS
2022-11-25,778.3610229492188,785.1213945985398,776.6528539412901,784.1590590980275,8410496,HDFCBANK.NS
2022-11-28,769.9887084960938,773.4530928760762,767.0054918764588,771.2638148082744,16105980,HDFCBANK.NS
2022-11-29,768.8338623046875,775.8107945409757,766.4280236025191,768.5451734076865,12638236,HDFCBANK.NS
2022-11-30,773.9342041015625,776.0754357204742,768.4729621678146,768.4729621678146,15184806,HDFCBANK.NS
2022-12-01,779.251220703125,787.6716568638566,777.0859656903655,780.454140154658,20446366,HDFCBANK.NS
2022-12-02,773.28466796875,778.8180970128258,772.3464143644907,774.6800661706023,7811078,HDFCBANK.NS
2022-12-05,776.0994873046875,776.893425827618,768.0399276122688,774.6559840761946,11592622,HDFCBANK.NS
2022-12-06,775.2334594726562,776.4604020366052,769.8684271238768,770.3495948908293,12353092,HDFCBANK.NS
2022-12-07,774.8966064453125,778.8181354914701,772.0095998448971,776.6769624240152,11674720,HDFCBANK.NS
2022-12-08,779.251220703125,782.378811277111,772.2742878842332,774.6801267872993,14803634,HDFCBANK.NS
2022-12-09,784.8087158203125,786.637118107019,779.4917884600618,782.3787950839879,11963384,HDFCBANK.NS
2022-12-12,790.9194946289062,795.6589852525027,780.1654070879796,781.897599252911,14434808,HDFCBANK.NS
2022-12-13,793.1088256835938,797.2949616133573,791.5209486143468,793.9267873639345,17031702,HDFCBANK.NS
2022-12-14,799.8211059570312,801.3849011709643,793.9268009198986,795.3703041942985,14227640,HDFCBANK.NS
2022-12-15,785.1696166992188,803.2615137057865,782.88406971569,797.319103295872,18182648,HDFCBANK.NS
2022-12-16,788.94677734375,791.5691183004844,774.1989728568607,779.5159004222755,14647958,HDFCBANK.NS
2022-12-19,791.400634765625,792.3148652124158,782.4749497572581,791.0397589631783,9604542,HDFCBANK.NS
2022-12-20,785.939453125,787.3829564457624,779.5880032718654,779.5880032718654,7174698,HDFCBANK.NS
2022-12-21,778.3368530273438,791.4246495956942,773.0199852301969,789.5961888570239,9269198,HDFCBANK.NS
2022-12-22,775.66650390625,783.1005222357195,774.1989187571569,780.5503096365309,9747096,HDFCBANK.NS
2022-12-23,768.7377319335938,771.8653225705988,762.8674496500488,763.613283219548,10693152,HDFCBANK.NS
2022-12-26,784.038818359375,788.6339941689127,765.0567728667305,769.6278667926638,9907322,HDFCBANK.NS
2022-12-27,784.832763671875,787.1664156857469,776.3642223890472,785.7469942121562,7926772,HDFCBANK.NS
2022-12-28,784.2072143554688,785.7469276450677,780.9833552219441,780.9833552219441,8691870,HDFCBANK.NS
2022-12-29,789.7406616210938,790.7992071900476,775.1612551160126,779.5398699494827,11012896,HDFCBANK.NS
2022-12-30,783.4132690429688,791.5209337293505,779.4917402076278,791.5209337293505,7122640,HDFCBANK.NS
2023-01-02,783.6779174804688,788.9948447926183,778.7941116415499,782.8599557722763,4381378,HDFCBANK.NS
2023-01-03,788.8023071289062,790.5585810922254,780.5502688048173,780.5502688048173,8378030,HDFCBANK.NS
2023-01-04,774.7041625976562,791.8818278494382,773.2365774595456,786.709274515468,10351600,HDFCBANK.NS
2023-01-05,769.7240600585938,778.5535356487463,764.7680672572426,777.085950452134,10941436,HDFCBANK.NS
2023-01-06,767.173828125,774.2469701477634,759.3788757825465,770.8306910669477,9092462,HDFCBANK.NS
2023-01-09,768.66552734375,775.4259581366615,765.0567689994132,767.9437756748827,10729340,HDFCBANK.NS
2023-01-10,754.6154174804688,769.8684118966518,753.0275403864125,769.8684118966518,16371766,HDFCBANK.NS
2023-01-11,765.48974609375,768.9060251968651,750.6216516314828,754.4469115539331,15195798,HDFCBANK.NS
2023-01-12,769.5797119140625,771.7449667913606,762.2419037187744,763.998177755398,9250070,HDFCBANK.NS
2023-01-13,770.18115234375,774.6319539246812,763.1320332277727,769.2669218933805,9244546,HDFCBANK.NS
2023-01-16,762.7952880859375,780.1173277789237,760.3894492396894,777.0859473381312,14748094,HDFCBANK.NS
2023-01-17,774.1508178710938,775.1612584159965,759.0421385172157,764.9605254372576,10786354,HDFCBANK.NS
2023-01-18,787.8159790039062,789.884965083016,769.724024650822,772.274237215273,19090642,HDFCBANK.NS
2023-01-19,791.0878295898438,793.92673085957,785.746879693138,787.6715505558279,11172162,HDFCBANK.NS
2023-01-20,799.195556640625,803.068980550622,790.7510978089086,791.0878917418223,18843404,HDFCBANK.NS
2023-01-23,805.041748046875,809.6128416563689,799.4121088854909,801.7457607178152,15444400,HDFCBANK.NS
2023-01-24,815.8198852539062,819.139954334254,805.9559468005266,805.9800286815163,24983940,HDFCBANK.NS
2023-01-25,793.2772216796875,814.5929177332151,791.6653214666925,813.8471429635326,14704142,HDFCBANK.NS
2023-01-27,777.4708251953125,787.6715573611841,765.0325926486802,785.2657187620357,35179948,HDFCBANK.NS
2023-01-30,776.677001953125,782.0420345725445,761.2074457179801,767.4626270039054,18512822,HDFCBANK.NS
2023-01-31,771.552490234375,780.7908875770869,767.4625643428925,779.3473843212695,18596244,HDFCBANK.NS
2023-02-01,783.1245727539062,801.1442809848427,772.7553845415359,781.4164037954262,17302790,HDFCBANK.NS
2023-02-02,771.4802856445312,781.6569951120864,764.4552483744704,773.7658324138648,17497106,HDFCBANK.NS
2023-02-03,798.1610717773438,798.9790334420251,773.2365593142633,775.1612302770866,14411100,HDFCBANK.NS
2023-02-06,794.7688598632812,803.2614827057959,792.0983552594887,798.7384939446326,11167672,HDFCBANK.NS
2023-02-07,795.9476318359375,801.0961617651983,785.5544206626682,798.449739262286,10264588,HDFCBANK.NS
2023-02-08,795.8514404296875,802.6839988300309,793.9267694733884,795.9717323644562,8444826,HDFCBANK.NS
2023-02-09,794.1914672851562,799.5324176572361,786.9739509076702,798.738479108453,11777336,HDFCBANK.NS
2023-02-10,797.3430786132812,798.0167252205403,790.173667284601,793.3494214707791,8172116,HDFCBANK.NS
2023-02-13,797.9445190429688,799.5805011250109,791.3044393965116,796.3326188427218,5736944,HDFCBANK.NS
2023-02-14,805.3305053710938,807.1589664647599,797.7521126904261,801.1443690991507,10908592,HDFCBANK.NS
2023-02-15,803.694580078125,807.3995485525281,797.1747330538742,807.3995485525281,11438712,HDFCBANK.NS
2023-02-16,800.783447265625,809.2760700053668,799.2196520403804,805.0898752375481,8062500,HDFCBANK.NS
2023-02-17,796.7657470703125,802.6600524376097,790.5345890116744,799.2196910269881,8956270,HDFCBANK.NS
2023-02-20,789.2835083007812,803.2854781022144,786.6130625255412,798.7384663515395,8086706,HDFCBANK.NS
2023-02-21,792.2427368164062,799.8692342574486,786.2281396647481,789.115146297544,12389296,HDFCBANK.NS
2023-02-22,776.700927734375,790.0533322670238,774.222960909244,788.6339109553685,10359102,HDFCBANK.NS
2023-02-23,771.4321899414062,778.9383950431011,766.0671578181314,776.1235754720026,27882010,HDFCBANK.NS
2023-02-24,764.551513671875,778.4813560195853,762.7471345130758,778.4813560195853,17061740,HDFCBANK.NS
2023-02-27,766.4521484375,769.3872600713753,758.9459430133319,763.0839740657053,14312972,HDFCBANK.NS
2023-02-28,769.6758422851562,772.4185334208952,764.4311026003177,766.0189795071293,18993992,HDFCBANK.NS
2023-03-01,768.93017578125,776.1236104242643,767.8234664194171,775.6424426558673,14137256,HDFCBANK.NS
2023-03-02,762.3861694335938,772.7312753996731,761.2073320156976,766.9813446479279,17391814,HDFCBANK.NS
2023-03-03,777.5189819335938,779.4917579688479,764.094389910204,767.943731924865,14986234,HDFCBANK.NS
2023-03-06,783.0043334960938,788.8504748967295,778.5535316356411,779.4917852900815,27004710,HDFCBANK.NS
2023-03-08,784.568115234375,788.8745431955432,779.4917718675084,779.4917718675084,20099774,HDFCBANK.NS
2023-03-09,784.6402587890625,791.9780672791738,782.859961535162,784.27938296168,20700166,HDFCBANK.NS
2023-03-10,764.4071655273438,776.4844644274136,762.6508914747951,774.8965873418113,27387000,HDFCBANK.NS
2023-03-13,754.7357177734375,771.6968814107662,753.0034668384583,764.0463022356049,26443550,HDFCBANK.NS
2023-03-14,752.7147827148438,761.9772622068983,750.2849207392273,755.5536842804477,33185612,HDFCBANK.NS
2023-03-15,741.91259765625,761.6404762620406,739.3623849761033,759.2827424375032,37264754,HDFCBANK.NS
2023-03-16,746.7242431640625,750.1886274704333,737.1730750713688,740.5171674402086,21753342,HDFCBANK.NS
2023-03-17,756.70849609375,759.8601097073861,740.9983568458301,749.4187927190782,22950876,HDFCBANK.NS
2023-03-20,751.4637451171875,754.5191486294086,743.596664030981,754.4469617185391,26503114,HDFCBANK.NS
2023-03-21,759.9803466796875,761.4479317488242,748.7931969715295,756.371588709314,33050494,HDFCBANK.NS
2023-03-22,758.2241821289062,763.156151684689,753.1719206327385,762.1697342790129,14177324,HDFCBANK.NS
2023-03-23,752.1373901367188,765.225129615806,749.9240302046185,754.350750068819,28364178,HDFCBANK.NS
2023-03-24,750.9344482421875,757.3099208232004,748.1917568712191,750.6216774626521,31477748,HDFCBANK.NS
2023-03-27,754.2064208984375,759.9804343168659,750.0924715795884,751.6802900278751,31872006,HDFCBANK.NS
2023-03-28,760.34130859375,761.6404968520089,752.5945190205312,753.3643757274799,39276302,HDFCBANK.NS
2023-03-29,763.9981689453125,770.8307274292553,761.1592675027767,762.1697080199377,39763612,HDFCBANK.NS
2023-03-31,774.4635009765625,776.0994241800914,766.2114631109374,767.7511762682442,34711228,HDFCBANK.NS
2023-04-03,774.94482421875,777.4227914010955,771.1916918821255,773.5013208179412,40025398,HDFCBANK.NS
2023-04-05,795.7311401367188,796.8137675382653,777.5670581774376,778.8180825386323,43365392,HDFCBANK.NS
2023-04-06,801.7938842773438,803.1652006446278,792.5314049071793,793.2291334002176,44637344,HDFCBANK.NS
2023-04-10,797.99267578125,804.0313548734133,795.8515026694348,800.3023046039525,31813286,HDFCBANK.NS
2023-04-11,800.3263549804688,803.2614665555587,794.4560730939902,798.2573101275717,42361542,HDFCBANK.NS
2023-04-12,810.7196044921875,812.3074229248433,802.4916471991853,802.5878572606912,26955504,HDFCBANK.NS
2023-04-13,814.3523559570312,816.5657746530499,807.4716921966794,812.3555567321653,35330086,HDFCBANK.NS
2023-04-17,801.938232421875,827.6085198214015,795.5146547856368,827.6085198214015,32405148,HDFCBANK.NS
2023-04-18,798.5459594726562,807.0385817236702,797.0062462186185,803.5501156527228,29637226,HDFCBANK.NS
2023-04-19,801.4810791015625,803.6944976892919,797.3671301762054,801.1442851788886,24741168,HDFCBANK.NS
2023-04-20,804.4644165039062,807.1348624191324,801.8179937357015,804.3681477069183,32922716,HDFCBANK.NS
2023-04-21,805.7634887695312,806.8942212156402,800.3022466466929,803.0689611623811,20128618,HDFCBANK.NS
2023-04-24,812.2833862304688,813.8712046366431,805.5229555378388,811.7300315452851,35675852,HDFCBANK.NS
2023-04-25,800.7353515625,812.0668172386956,799.6527240862603,812.0668172386956,50353068,HDFCBANK.NS
2023-04-26,804.416259765625,805.955973055451,796.3326181532963,798.738456878835,27392750,HDFCBANK.NS
2023-04-27,808.8429565429688,810.8879194015693,801.5532536644629,803.7906953628967,47790392,HDFCBANK.NS
2023-04-28,812.0186767578125,813.6546588421882,803.5501361717647,810.6232785465422,27916272,HDFCBANK.NS
2023-05-02,811.8502807617188,817.5040017864336,809.3241500911014,812.547950500037,32221184,HDFCBANK.NS
2023-05-03,814.689208984375,816.0605253605099,808.1934441893474,810.7435980893194,29407270,HDFCBANK.NS
2023-05-04,831.3616943359375,834.5614130090665,811.7781309061464,811.7781309061464,56854638,HDFCBANK.NS
2023-05-05,782.2103881835938,799.1955750303342,780.5022191249311,788.6339660930405,62770416,HDFCBANK.NS
2023-05-08,791.2562866210938,794.0951881063704,784.3034360962322,786.7092748572636,37244524,HDFCBANK.NS
2023-05-09,791.2803344726562,796.8137633850524,789.0909977997552,793.878651970084,43688938,HDFCBANK.NS
2023-05-10,794.937255859375,796.1642571593527,785.7950682892969,791.2803925786036,46340550,HDFCBANK.NS
2023-05-11,795.4664916992188,812.2111527020498,793.5659026029952,801.2164814876731,35734618,HDFCBANK.NS
2023-05-12,802.4916381835938,804.8974770572269,791.1601135942614,792.4833249747595,22478760,HDFCBANK.NS
2023-05-15,806.3409423828125,808.7226992609494,801.1924121940802,804.5124814304968,18512260,HDFCBANK.NS
2023-05-16,801.7174072265625,813.641207320555,800.1113205928083,813.641207320555,32722086,HDFCBANK.NS
2023-05-17,797.4102172851562,803.0314612780545,791.0346460503185,803.0314612780545,30466868,HDFCBANK.NS
2023-05-18,800.5980224609375,804.953835962047,798.1645938212387,802.0580796447568,49646942,HDFCBANK.NS
2023-05-19,801.5227661132812,803.0314800422937,794.0521518021368,802.0581085513332,30460332,HDFCBANK.NS
2023-05-22,798.6756591796875,804.4428733296279,794.6117857136817,800.5980440930408,28334032,HDFCBANK.NS
2023-05-23,796.8018798828125,802.8367950174272,794.9768083346355,802.5447954516952,22470074,HDFCBANK.NS
2023-05-24,786.3868408203125,795.6095118101778,785.3160965486113,792.1053982534182,33588112,HDFCBANK.NS
2023-05-25,783.3693237304688,788.455225154943,777.407423655138,786.3380947431477,29776930,HDFCBANK.NS
2023-05-26,786.3868408203125,787.944211421121,779.7922252930767,787.944211421121,26635066,HDFCBANK.NS
2023-05-29,795.9744873046875,798.6512587386072,790.7912725552128,792.5676872978805,21816292,HDFCBANK.NS
2023-05-30,796.5828857421875,799.4543434930372,792.5920864341458,795.0498137776772,37125928,HDFCBANK.NS
2023-05-31,783.9777221679688,795.706836766176,780.9602943063138,793.249109394473,43334270,HDFCBANK.NS
2023-06-01,780.6439819335938,788.3822976265084,778.6972388365025,788.3822976265084,50366938,HDFCBANK.NS
2023-06-02,781.860595703125,785.9001108734474,779.1838242892643,784.7563519232599,17859710,HDFCBANK.NS
2023-06-05,780.838623046875,786.7275086936293,779.889550195903,785.7541372012771,18697242,HDFCBANK.NS
2023-06-06,778.4051513671875,783.4909933701617,774.9253365920524,782.4203085516023,32182852,HDFCBANK.NS
2023-06-07,782.4446411132812,784.8051144822347,776.7504417142903,780.3762267164857,24949026,HDFCBANK.NS
2023-06-08,782.9312744140625,791.350960923385,780.278861070367,780.278861070367,37395522,HDFCBANK.NS
2023-06-09,783.8560791015625,787.7009085166137,782.1040222342899,786.4355374130215,18212578,HDFCBANK.NS
2023-06-12,779.0865478515625,786.3868338718737,778.4294745818307,784.8051052341397,13408292,HDFCBANK.NS
2023-06-13,780.4005737304688,783.0773452649356,773.8789730190645,773.8789730190645,27926108,HDFCBANK.NS
2023-06-14,779.5488891601562,784.5374180278894,778.7945024942541,783.7830313619872,20113968,HDFCBANK.NS
2023-06-15,769.961181640625,781.5929230405386,768.4767664026215,780.6439096325554,35377476,HDFCBANK.NS
2023-06-16,780.0355224609375,783.1746215295391,770.9101653895649,772.4432372595309,15779272,HDFCBANK.NS
2023-06-19,780.7169189453125,785.6324328940507,777.8941179716442,784.0507042851576,24829146,HDFCBANK.NS
2023-06-20,782.3473510742188,784.0507512165266,774.1467079853705,780.7169656771292,20005626,HDFCBANK.NS
2023-06-21,796.023193359375,796.8262367213268,784.0507359035319,786.4841646307309,24308946,HDFCBANK.NS
2023-06-22,799.9166870117188,806.7059888717916,797.7023024946114,798.1646301932708,56596140,HDFCBANK.NS
2023-06-23,799.8680419921875,807.8497002925832,795.2688853504051,796.9722855006775,21339218,HDFCBANK.NS
2023-06-26,795.9988403320312,803.3964393933287,792.6649956756461,800.5979965482512,16130314,HDFCBANK.NS
2023-06-27,807.2169799804688,814.1766100290189,797.4589662553369,799.6003360457688,33831864,HDFCBANK.NS
2023-06-28,815.75830078125,817.5833722744769,808.1416572008739,812.7651716503821,59562950,HDFCBANK.NS
2023-06-30,828.047119140625,831.6486054517263,819.2137611926184,829.3124901661796,40699016,HDFCBANK.NS
2023-07-03,837.0021362304688,855.3501643562647,832.232592346636,833.4493066629323,44104116,HDFCBANK.NS
2023-07-04,841.0902709960938,850.2399866599931,834.0820438772298,838.778513734139,38795188,HDFCBANK.NS
2023-07-05,814.3712768554688,837.0994772709068,812.0595195781218,835.2744057361592,37165754,HDFCBANK.NS
2023-07-06,815.1986083984375,821.4525082286525,808.0930085295972,814.2252369257229,52156544,HDFCBANK.NS
2023-07-07,808.093017578125,815.1986175265295,806.0976179186929,810.3317601084606,19926336,HDFCBANK.NS
2023-07-10,806.1705932617188,816.0503378295722,802.8854644229833,808.3850372058562,38398442,HDFCBANK.NS
2023-07-11,802.2528076171875,815.6853225262156,800.841407050649,809.3584077333511,50670426,HDFCBANK.NS
2023-07-12,794.7334594726562,810.9644765133695,791.9107178120092,805.6352319869237,70958358,HDFCBANK.NS
2023-07-13,798.6998901367188,806.65718944724,797.2155343981111,806.2921751723549,41913546,HDFCBANK.NS
2023-07-14,800.3546752929688,804.7835035114284,795.7311609024043,804.7835035114284,24727214,HDFCBANK.NS
2023-07-17,817.0966796875,818.6053935606003,794.7577929158504,803.0314502823962,49252928,HDFCBANK.NS
2023-07-18,816.415283203125,829.3124545920268,812.7651403572094,826.3923403152943,81076818,HDFCBANK.NS
2023-07-19,820.1141357421875,821.8905505906512,815.1986216073076,818.1673927652148,32935134,HDFCBANK.NS
2023-07-20,821.8905639648438,823.4722926593728,817.6320636334198,818.1917641303833,56210948,HDFCBANK.NS
2023-07-21,815.5636596679688,822.4016183376864,814.3469452719253,817.6320741412428,42154248,HDFCBANK.NS
2023-07-24,816.8533325195312,819.8951183000274,812.813817239081,816.9019892100436,32179444,HDFCBANK.NS
2023-07-25,825.7110595703125,826.879117291901,816.853402383876,819.8951884245319,55992596,HDFCBANK.NS
2023-07-26,822.8395385742188,827.1710534459679,821.5255108693627,827.1710534459679,24794358,HDFCBANK.NS
2023-07-27,814.2982788085938,828.8258366410838,811.5241343729674,827.317122690067,59741302,HDFCBANK.NS
2023-07-28,799.8680419921875,812.2298721075693,798.6999842928814,808.6283856221597,41015684,HDFCBANK.NS
2023-07-31,803.615478515625,806.3409662159895,797.5319067020986,803.0558374366854,34565006,HDFCBANK.NS
2023-08-01,808.9933471679688,811.5240891764785,803.0314470309211,805.1971747453257,35394188,HDFCBANK.NS
2023-08-02,798.407958984375,803.7615021412346,794.830830666086,799.1379875966741,28116322,HDFCBANK.NS
2023-08-03,792.6407470703125,803.6884896703888,789.8909607409018,798.1646183703506,57673946,HDFCBANK.NS
2023-08-04,804.1021118164062,806.1948841477191,792.932698459204,795.8041560498854,37388304,HDFCBANK.NS
2023-08-07,803.6398315429688,809.4070457041624,801.8391180613743,809.4070457041624,28300918,HDFCBANK.NS
2023-08-08,802.9828491210938,805.7569341954113,799.1623777784342,803.8588478451442,43773828,HDFCBANK.NS
2023-08-09,803.2748413085938,805.2215843350914,793.8331257481036,804.4915557001548,33361236,HDFCBANK.NS
2023-08-10,796.1448364257812,805.099865704745,793.7844225264857,801.5957522263969,50781118,HDFCBANK.NS
2023-08-11,787.8468627929688,797.385890968424,786.5814324003055,797.385890968424,28225822,HDFCBANK.NS
2023-08-14,784.0020751953125,785.9974748594191,778.8188601509507,784.0507318876311,31304410,HDFCBANK.NS
2023-08-16,781.714599609375,783.3937010320665,769.5961724006356,770.4721710730195,34137542,HDFCBANK.NS
2023-08-17,777.3831176757812,783.5153458133944,775.7770310495571,777.529087744607,52884040,HDFCBANK.NS
2023-08-18,774.1953125,776.8964420218484,771.6402124587459,772.6379419530916,25633366,HDFCBANK.NS
2023-08-21,773.5869750976562,778.9405181779168,772.3702607612333,778.9405181779168,21837270,HDFCBANK.NS
2023-08-22,770.2774658203125,777.7237811054864,768.963438139342,776.9207377849476,32273570,HDFCBANK.NS
2023-08-23,772.1755981445312,774.0980425006611,765.6783552717781,768.9634840803492,36498588,HDFCBANK.NS
2023-08-24,768.622802734375,776.8477441031978,767.0897307917666,775.4364030038525,43145792,HDFCBANK.NS
2023-08-25,759.9597778320312,767.746749618975,758.4510639302869,766.3110504597091,30069756,HDFCBANK.NS
2023-08-28,767.868408203125,770.2531801549441,759.9597651143588,759.9597651143588,28867238,HDFCBANK.NS
2023-08-29,773.9763793945312,775.1200790359981,769.6691629379135,773.6843204138314,35538932,HDFCBANK.NS
2023-08-30,768.3307495117188,780.6195643753474,765.8973208258516,780.6195643753474,28084204,HDFCBANK.NS
2023-08-31,764.8023071289062,770.4965661172561,760.7384929502665,768.4768083488655,100075772,HDFCBANK.NS
2023-09-01,766.384033203125,768.4768057096691,758.9134187598048,764.5833196769412,43226776,HDFCBANK.NS
2023-09-04,771.1779174804688,774.5360015777221,766.4813881806992,773.8303310146484,25073638,HDFCBANK.NS
2023-09-05,766.4813842773438,773.0516417713671,764.38861183011,773.0516417713671,38712082,HDFCBANK.NS
2023-09-06,776.507080078125,778.6971658570981,766.4813659496907,767.4060807161218,56320910,HDFCBANK.NS
2023-09-07,783.9777221679688,785.510794150052,772.4432937501639,776.5071078478363,34208342,HDFCBANK.NS
2023-09-08,790.0856323242188,794.7091467964383,782.3959739643648,782.7366896240351,34502210,HDFCBANK.NS
2023-09-11,794.173828125,796.4612273788786,790.3776555229446,792.762427572447,31573022,HDFCBANK.NS
2023-09-12,796.6559448242188,799.576059429664,790.888730360441,798.164658821722,39033340,HDFCBANK.NS
2023-09-13,800.0626831054688,803.8101394610018,792.6163676755281,793.9304547919241,46420094,HDFCBANK.NS
2023-09-14,799.5759887695312,803.0314455319658,795.7798163539742,800.2330026157181,23538848,HDFCBANK.NS
2023-09-15,808.7500610351562,812.7652185519548,803.0315033597159,803.0315033597159,173411202,HDFCBANK.NS
2023-09-18,792.83544921875,805.4649207376626,791.3996906023217,804.8565635467733,37056288,HDFCBANK.NS
2023-09-20,761.0304565429688,778.2104866731253,759.4244292708094,778.2104866731253,115474648,HDFCBANK.NS
2023-09-21,755.9932861328125,763.5855718328563,748.0603441770149,755.8229580049356,72841442,HDFCBANK.NS
2023-09-22,744.4588623046875,761.3711919566923,741.5874045249608,758.7430770496563,61704250,HDFCBANK.NS
2023-09-25,745.1158447265625,749.8366724935371,742.195730377536,742.195730377536,40208754,HDFCBANK.NS
2023-09-26,748.3523559570312,749.4960555884529,742.1957693327212,742.1957693327212,27575308,HDFCBANK.NS
2023-09-27,743.0961303710938,745.8459167585748,737.3289160778081,741.2224021033014,39338538,HDFCBANK.NS
2023-09-28,741.5630493164062,748.3279930851168,738.9592924506106,746.5759362770035,55354188,HDFCBANK.NS
2023-09-29,742.8284301757812,747.2815569377753,740.8816873168103,741.5629997895483,32053782,HDFCBANK.NS
2023-10-03,733.9464111328125,743.1690816035621,732.9486816600946,743.1690816035621,38971694,HDFCBANK.NS
2023-10-04,744.41015625,747.0625696224938,724.7966982477518,727.5951410981291,54649430,HDFCBANK.NS
2023-10-05,747.4276123046875,755.1172706279191,745.8945403681716,747.0869560565192,48512674,HDFCBANK.NS
2023-10-06,746.6002807617188,751.9294658332841,744.5561650144963,751.4427800948807,17759356,HDFCBANK.NS
2023-10-09,737.9371948242188,744.6291232191622,735.8687805930545,743.6557518162614,16454972,HDFCBANK.NS
2023-10-10,742.1227416992188,744.1424994102023,737.426212407623,740.0300286548502,33266292,HDFCBANK.NS
2023-10-11,749.3013916015625,750.5424640657517,743.8991914942775,744.6778768359782,31333360,HDFCBANK.NS
2023-10-12,754.2899169921875,755.3363032633498,745.4079018281694,747.5979877590232,22025336,HDFCBANK.NS
2023-10-13,747.4276123046875,753.7788848660191,744.6048112974557,749.4960266639874,39745300,HDFCBANK.NS
2023-10-16,744.4345092773438,746.794923276397,740.0056808464606,745.3592240817852,17856084,HDFCBANK.NS
2023-10-17,750.0800170898438,757.1613181665532,747.0625893528261,757.1613181665532,32902558,HDFCBANK.NS
2023-10-18,739.640625,750.0800099587005,738.8375816778204,750.0800099587005,31216200,HDFCBANK.NS
2023-10-19,737.3045654296875,742.8041382598725,731.5860077723223,732.6567520860139,30252364,HDFCBANK.NS
2023-10-20,741.125,743.1690561547468,732.4619708663353,732.4619708663353,21094010,HDFCBANK.NS
2023-10-23,732.9730834960938,744.0208260452915,730.0772676931944,741.4657259067877,22376136,HDFCBANK.NS
2023-10-25,728.3252563476562,741.1251158897211,725.8674694399969,740.2490577379119,28311996,HDFCBANK.NS
2023-10-26,712.2158813476562,726.1350808000519,710.6828094760561,725.7700665168079,55561798,HDFCBANK.NS
2023-10-27,715.0143432617188,719.3215000369331,713.9193003827721,715.1846713831347,31940532,HDFCBANK.NS
2023-10-30,722.7770385742188,725.1374527205985,711.485952264384,712.1429661841146,23310982,HDFCBANK.NS
2023-10-31,718.5914916992188,731.9753494856925,717.3747773549939,731.9753494856925,32634824,HDFCBANK.NS
2023-11-01,717.6180419921875,719.0537409979071,711.6561423554264,711.6561423554264,33877466,HDFCBANK.NS
2023-11-02,718.7131958007812,725.4051249981815,714.041024388573,722.7283533192214,45225154,HDFCBANK.NS
2023-11-03,722.1199340820312,725.8430917067044,721.0979059562075,724.18834838353,18095340,HDFCBANK.NS
2023-11-06,727.3518676757812,729.0552678342725,721.7549814407384,729.0552678342725,25593730,HDFCBANK.NS
2023-11-07,723.8233642578125,727.1084929912065,718.9321488241404,727.1084929912065,41952848,HDFCBANK.NS
2023-11-08,725.9161987304688,726.8408541843154,720.7816399888761,722.2173392755413,31399546,HDFCBANK.NS
2023-11-09,723.044677734375,726.4271198457463,721.9982915168673,723.2150058605088,22116740,HDFCBANK.NS
2023-11-10,725.8917846679688,728.0818705084018,720.3192566823748,720.3435553235623,14015186,HDFCBANK.NS
2023-11-13,724.5777587890625,728.0575143276742,723.1663582507371,726.1837860969108,20605914,HDFCBANK.NS
2023-11-15,732.1700439453125,735.3577999173147,730.2963157159859,732.0240144584016,41245460,HDFCBANK.NS
2023-11-16,734.0924072265625,739.2756221207742,731.8536647558356,734.7494210785321,29713838,HDFCBANK.NS
2023-11-17,732.5106811523438,733.6787387876133,724.6750527726409,725.16173850318,23701874,HDFCBANK.NS
2023-11-20,732.559326171875,736.3554985735485,730.7829708116128,736.3554985735485,19331452,HDFCBANK.NS
2023-11-21,738.7645874023438,740.7356883923068,735.9174877356371,739.2756311878541,24959972,HDFCBANK.NS
2023-11-22,736.1365966796875,739.7623819588872,731.7564246812467,739.7623819588872,29123650,HDFCBANK.NS
2023-11-23,740.3950805664062,741.6360936254299,734.1654789893513,734.1654789893513,13046220,HDFCBANK.NS
2023-11-24,745.6512451171875,746.1622889319527,739.6893445243804,740.3463584220192,16469192,HDFCBANK.NS
2023-11-28,743.9721069335938,748.1575920701932,742.5850645710412,747.1598626215828,28489338,HDFCBANK.NS
2023-11-29,758.8161010742188,760.6898293348779,746.0892567948611,746.5272858530379,34042488,HDFCBANK.NS
2023-11-30,758.645751953125,765.2889647471237,750.542422535641,763.6829374580863,69491440,HDFCBANK.NS
2023-12-01,756.9910278320312,762.028213465217,755.3849410922298,758.2077422076743,22153536,HDFCBANK.NS
2023-12-04,783.2720336914062,784.5374047202694,765.873018667368,772.8569470817542,50662456,HDFCBANK.NS
2023-12-05,790.2315673828125,797.6778825457567,786.7274540178253,796.4611682648754,52230820,HDFCBANK.NS
2023-12-06,792.2271118164062,797.4102676843459,786.8005536561491,797.4102676843459,38613060,HDFCBANK.NS
2023-12-07,793.5167236328125,795.2444817359088,786.5814519897668,790.86431017188,20450386,HDFCBANK.NS
2023-12-08,804.5888061523438,805.4648642096952,793.5167060552014,793.5167060552014,33728038,HDFCBANK.NS
2023-12-11,803.5181884765625,809.6990738547369,801.5714454396721,803.0558607692541,23187620,HDFCBANK.NS
2023-12-12,795.5364990234375,806.0732571804058,794.1981132379304,805.0755276490755,36581476,HDFCBANK.NS
2023-12-13,793.7357788085938,796.2178641804811,786.0461204150259,794.4901060535459,29346914,HDFCBANK.NS
2023-12-14,803.1044311523438,807.3872297272943,800.5979878797419,801.0846735866597,35172366,HDFCBANK.NS
2023-12-15,806.2192993164062,811.7918273650013,801.3767404796611,803.0314839042278,138837130,HDFCBANK.NS
2023-12-18,805.8055419921875,810.1857135762941,803.4937847672423,808.2389706500245,18014754,HDFCBANK.NS
2023-12-19,804.44287109375,807.2413140972394,800.135714179051,803.0314705665357,24008446,HDFCBANK.NS
2023-12-20,806.438232421875,812.2541029714071,800.3303029144753,806.9249181384845,34232520,HDFCBANK.NS
2023-12-21,820.892822265625,822.3772375517154,803.1531506256655,806.4382794041677,36589240,HDFCBANK.NS
2023-12-22,813.1788330078125,820.5034769444852,811.3537615362043,819.3840760112807,48578850,HDFCBANK.NS
2023-12-26,818.8244018554688,820.5278019503709,812.059517577905,814.3469167985355,18045856,HDFCBANK.NS
2023-12-27,828.9718627929688,830.5292334309963,816.9506891067552,818.3620896655261,27009078,HDFCBANK.NS
2023-12-28,829.9208374023438,837.7808237889657,828.3391087868577,831.8919383640549,44076470,HDFCBANK.NS
2023-12-29,831.8676147460938,834.6174011041943,825.4190285852712,825.9057143332578,25011426,HDFCBANK.NS
2024-01-01,826.4410400390625,831.8189412093673,823.4722689184366,830.285869252277,14239686,HDFCBANK.NS
2024-01-02,826.927734375,828.7285072707376,821.8661907638304,826.781764297971,29242092,HDFCBANK.NS
2024-01-03,814.1766357421875,829.6532075675672,812.2541913065818,828.339179753768,28389762,HDFCBANK.NS
2024-01-04,822.91259765625,824.9079973714623,813.1058678027235,816.6586975811834,26734056,HDFCBANK.NS
2024-01-05,818.7027587890625,829.7505611476026,811.8405014795056,821.1118889384027,31889470,HDFCBANK.NS
2024-01-08,809.577392578125,818.7757651976441,807.8983504931613,816.9020369293803,17998470,HDFCBANK.NS
2024-01-09,803.2748413085938,816.5613862283932,801.4497697212522,811.3781710383666,25326888,HDFCBANK.NS
2024-01-10,805.92724609375,807.8739890989318,798.8460040583302,799.6246893784266,16115824,HDFCBANK.NS
2024-01-11,802.5447998046875,809.309743595266,799.6246853117656,807.8983430417109,18314010,HDFCBANK.NS
2024-01-12,798.74853515625,805.9515071727096,795.0497357734226,804.004764401761,19773552,HDFCBANK.NS
2024-01-15,814.1279296875,818.0700722997735,799.916670432672,801.9120700848223,28320356,HDFCBANK.NS
2024-01-16,817.2183837890625,819.4084696501124,806.9736250528656,814.2252545636514,25322500,HDFCBANK.NS
2024-01-17,748.279296875,777.1397839265529,743.8504686909188,764.0965828252033,170145236,HDFCBANK.NS
2024-01-18,723.2879638671875,737.3288344094451,720.3191929835535,727.1084347245617,161070930,HDFCBANK.NS
2024-01-19,715.744384765625,735.0171279009493,714.6493418669147,732.924355486129,109600538,HDFCBANK.NS
2024-01-23,694.6708374023438,717.7153939258839,693.527137863982,712.9945662952517,115469402,HDFCBANK.NS
2024-01-24,708.5657958984375,709.8068089160445,671.7480069982282,671.7480069982282,86004404,HDFCBANK.NS
2024-01-25,698.3453979492188,709.27146932584,690.8017687875753,706.9110553088505,98941852,HDFCBANK.NS
2024-01-29,707.9574584960938,711.923959354735,703.6503013666003,704.7453443356181,65645498,HDFCBANK.NS
2024-01-30,702.9202880859375,712.1186016988493,701.2655445701624,707.9088172760645,41728768,HDFCBANK.NS
2024-01-31,711.80224609375,717.8371016849802,699.2700884068386,700.5841161285045,65761040,HDFCBANK.NS
2024-02-01,713.651611328125,717.1800828855794,708.6387839338071,713.0189555223712,32690740,HDFCBANK.NS
2024-02-02,703.820556640625,720.7085271394582,701.8251570967384,717.8614275967279,44867754,HDFCBANK.NS
2024-02-05,703.1878051757812,706.6189630437951,697.9316353856925,703.7475055995538,38605046,HDFCBANK.NS
2024-02-06,702.8228759765625,705.5483042801744,697.2259898811583,703.5286059562596,41075740,HDFCBANK.NS
2024-02-07,695.9362182617188,707.5437201567751,694.330191039234,707.1543478186637,54837086,HDFCBANK.NS
2024-02-08,682.8444213867188,700.3163911601653,681.6033490400813,695.8875630019661,69106124,HDFCBANK.NS
2024-02-09,683.112060546875,688.2709172654594,675.033089526087,677.5395328507874,56642124,HDFCBANK.NS
2024-02-12,676.4932250976562,688.0033555217624,673.2567528222265,681.1897546934406,34447812,HDFCBANK.NS
2024-02-13,678.6588745117188,683.4770749934498,673.7433606505093,677.4421602188512,57580994,HDFCBANK.NS
2024-02-14,673.5974731445312,677.2232584177402,663.6204147201233,669.6796288773342,91320810,HDFCBANK.NS
2024-02-15,688.197998046875,688.903668609651,673.7433958465795,674.0597534612269,41584944,HDFCBANK.NS
2024-02-16,691.0451049804688,694.8412181662663,685.4725175238648,692.9918479710976,32175742,HDFCBANK.NS
2024-02-19,689.682373046875,695.4739454261017,688.7576582283627,695.4739454261017,34451756,HDFCBANK.NS
2024-02-20,707.7870483398438,709.22274741334,687.1029057664576,688.660276266856,56133508,HDFCBANK.NS
2024-02-21,700.4137573242188,712.507885437546,698.3939997287421,712.507885437546,45893136,HDFCBANK.NS
2024-02-22,690.8748168945312,695.3766603212918,687.2976289140083,689.9987587340186,50560882,HDFCBANK.NS
2024-02-23,691.3857421875,697.85868621692,690.1203711604371,692.334815015207,29833452,HDFCBANK.NS
2024-02-26,692.213134765625,698.3210050066913,687.9546346452112,687.9546346452112,23506870,HDFCBANK.NS
2024-02-27,691.1668090820312,694.3545652339111,687.7113519923358,687.9546948776648,32087150,HDFCBANK.NS
2024-02-28,685.9348754882812,693.1377886016653,683.3067606806109,691.1667470533215,25321986,HDFCBANK.NS
2024-02-29,683.0147094726562,686.4215093038766,680.0459386445675,682.3819943114798,53295700,HDFCBANK.NS
2024-03-01,696.3256225585938,697.2989940386686,681.360036052442,681.360036052442,34738898,HDFCBANK.NS
2024-03-04,697.2745971679688,699.3673694975699,693.1864847071581,696.4228971703204,35616474,HDFCBANK.NS
2024-03-05,701.2411499023438,702.2875361451739,691.8968072809968,692.0671354112525,37991672,HDFCBANK.NS
2024-03-06,702.0928344726562,707.0813632922424,697.6883641851937,697.6883641851937,42409530,HDFCBANK.NS
2024-03-07,703.7962646484375,706.205394802925,701.5088653436588,703.5042650748312,49348046,HDFCBANK.NS
2024-03-11,694.889892578125,703.7231908402335,692.553777365576,695.9605773947812,50531094,HDFCBANK.NS
2024-03-12,710.3421630859375,712.5078907659129,695.5955620745772,697.9073192338245,65418454,HDFCBANK.NS
2024-03-13,710.755859375,716.2067158438075,705.7429725398497,713.2379447418698,63067454,HDFCBANK.NS
2024-03-14,708.3467407226562,713.4812990740788,702.9202422173576,711.5832127948388,52432158,HDFCBANK.NS
2024-03-15,706.9840698242188,710.2205419583659,701.9225261192986,705.6943406988961,143613804,HDFCBANK.NS
2024-03-18,703.7719116210938,708.6144107880084,698.7833829737194,704.2342392927528,21437856,HDFCBANK.NS
2024-03-19,705.3779907226562,706.8624060469253,698.6374048635253,698.6374048635253,36183594,HDFCBANK.NS
2024-03-20,696.4716796875,706.4973944482159,693.3568789456579,705.2320233558721,43606094,HDFCBANK.NS
2024-03-21,703.6258544921875,706.3026258563286,700.000069771983,702.0927826471133,28922860,HDFCBANK.NS
2024-03-22,702.2145385742188,706.0593679691759,699.7324530743978,701.3141817980924,45980326,HDFCBANK.NS
2024-03-26,693.7218627929688,699.8297331586394,692.1401341445468,694.5978614753975,56844290,HDFCBANK.NS
2024-03-27,701.1680908203125,704.6965622791422,691.7020773602309,692.8214782766382,62168668,HDFCBANK.NS
2024-03-28,704.6723022460938,710.8045307526719,701.1681292352769,701.1681292352769,55592142,HDFCBANK.NS
2024-04-01,715.67138671875,717.2774734382766,708.4197572494843,709.5878149173326,25199570,HDFCBANK.NS
2024-04-02,720.367919921875,727.5221766350272,712.1429189199621,713.0676337207477,41225446,HDFCBANK.NS
2024-04-03,721.414306640625,727.9115494819865,716.109420115624,716.450076374618,45584386,HDFCBANK.NS
2024-04-04,743.4611206054688,744.62917825726,731.9753490842609,731.9753490842609,88935066,HDFCBANK.NS
2024-04-05,754.1439208984375,756.5529915753328,744.7022055513205,749.0093625181328,59055902,HDFCBANK.NS
2024-04-08,752.7081298828125,757.891344732456,750.2504026191882,756.7719438017782,20482940,HDFCBANK.NS
2024-04-09,753.6572875976562,756.7233723625303,749.64212991684,756.7233723625303,21884494,HDFCBANK.NS
2024-04-10,747.7196655273438,754.3142814277871,746.0649220391629,754.3142814277871,27807400,HDFCBANK.NS
2024-04-12,739.251220703125,744.5561067183442,736.574449351488,740.2489501526853,41084208,HDFCBANK.NS
2024-04-15,727.4491577148438,734.8954733611977,726.1594880212867,728.8362596129997,23415248,HDFCBANK.NS
2024-04-16,734.5304565429688,736.3068713842836,721.3899415012858,723.7016987771374,20744886,HDFCBANK.NS
2024-04-18,727.4491577148438,739.2026303131596,725.6728022773389,734.7981599763604,34234884,HDFCBANK.NS
2024-04-19,745.2619018554688,747.0382572891224,720.4165709168466,723.4827148610226,34576434,HDFCBANK.NS
2024-04-22,735.9661254882812,757.9643557818745,734.0680986992392,757.9643557818745,42298438,HDFCBANK.NS
2024-04-23,733.7274169921875,742.9257894510552,731.6103458842442,742.8284760660457,26827060,HDFCBANK.NS
2024-04-24,735.7227783203125,740.613993564681,734.4331086916868,737.3288649584306,22441580,HDFCBANK.NS
2024-04-25,735.260498046875,739.616311752735,733.0704121681982,733.0704121681982,35445204,HDFCBANK.NS
2024-04-26,734.7981567382812,743.6558134751455,732.729742335618,739.6650141563123,24854694,HDFCBANK.NS
2024-04-29,744.3858642578125,746.7949349875348,733.216449914726,737.3289207914913,36093350,HDFCBANK.NS
2024-04-30,739.8109741210938,749.2526892649995,737.2802320622603,744.2398024289921,52307382,HDFCBANK.NS
2024-05-02,745.7242431640625,748.0360004850149,739.9326708359107,740.7357142083232,33475006,HDFCBANK.NS
2024-05-03,739.567626953125,749.7880273318675,733.5327119903678,746.2108990812835,31865242,HDFCBANK.NS
2024-05-06,741.0520629882812,746.819277196089,738.3752913854279,740.7357053714223,28793396,HDFCBANK.NS
2024-05-07,733.021728515625,741.7334150168236,732.0483570497901,740.7113274497933,28480602,HDFCBANK.NS
2024-05-08,721.5845947265625,728.5441648774708,720.465193806477,728.0574791574124,41687862,HDFCBANK.NS
2024-05-09,704.4776000976562,723.5800151607533,703.4069152466064,717.83709973452,46281278,HDFCBANK.NS
2024-05-10,709.3616333007812,716.2929072582592,703.8856637079383,709.9042861034679,27276608,HDFCBANK.NS
2024-05-13,717.9208984375,720.1655815796556,705.6122976051453,706.4509373389452,27047202,HDFCBANK.NS
2024-05-14,720.7328491210938,722.9775322143812,715.4789152317669,716.4408878596623,25665142,HDFCBANK.NS
2024-05-15,709.6575317382812,720.1161379403006,708.3255604595557,720.1161379403006,38931996,HDFCBANK.NS
2024-05-16,720.3875122070312,721.5221990437014,708.1775543730138,713.3822271543565,34945236,HDFCBANK.NS
2024-05-17,722.286865234375,724.210870736283,713.4562165510583,713.4562165510583,20920190,HDFCBANK.NS
2024-05-21,719.6722412109375,725.0495080646152,715.380219686854,715.380219686854,43769978,HDFCBANK.NS
2024-05-22,719.8695678710938,723.0269026870767,714.4182889056816,719.2035821431577,39996278,HDFCBANK.NS
2024-05-23,736.3468017578125,737.8514873644924,718.808897899437,719.5982164877166,40861920,HDFCBANK.NS
2024-05-24,748.4827270507812,749.814758588212,733.0908042399884,733.8308016870678,31060206,HDFCBANK.NS
2024-05-27,753.6627807617188,762.1974428837648,749.3955099218479,751.5168000055969,29385440,HDFCBANK.NS
2024-05-28,755.0441284179688,757.7821433020647,752.2321619595608,754.8467837037828,27908904,HDFCBANK.NS
2024-05-29,744.0921630859375,751.763434227272,740.6141508121484,748.8774560751649,35147706,HDFCBANK.NS
2024-05-30,747.3234252929688,751.6400771573121,738.8381451452329,739.6027730570852,33755350,HDFCBANK.NS
2024-05-31,755.5620727539062,757.7573743920395,746.9040786650703,749.370736784836,74079588,HDFCBANK.NS
2024-06-03,775.6160278320312,788.8373406823981,764.6640888415991,788.8373406823981,72637256,HDFCBANK.NS
2024-06-04,731.684814453125,769.1040063078372,717.304185485308,768.1173430540747,89531240,HDFCBANK.NS
2024-06-05,765.5520629882812,769.4000136473305,731.2901444599279,737.062160780223,81631650,HDFCBANK.NS
2024-06-06,769.4493408203125,772.2859977724349,762.9867083301413,772.0147015010076,46422870,HDFCBANK.NS
2024-06-07,776.183349609375,781.6099978301712,765.6754214599775,770.1154063679018,36712216,HDFCBANK.NS
2024-06-10,770.2387084960938,779.7846636223554,768.4133453075493,776.5039961939522,22454058,HDFCBANK.NS
2024-06-11,771.9653930664062,775.0240252200629,765.7493660748642,767.6240504407497,29545326,HDFCBANK.NS
2024-06-12,776.5780029296875,783.5586575880445,772.7546827700062,776.9973227739393,39280436,HDFCBANK.NS
2024-06-13,779.8340454101562,782.2760131134276,776.5040566032491,780.3273770852536,24120192,HDFCBANK.NS
2024-06-14,787.80126953125,788.8372538804852,778.3292663726063,781.4372796414563,25540554,HDFCBANK.NS
2024-06-18,793.1786499023438,794.5106212671108,784.1259659599784,787.8013228802739,32415714,HDFCBANK.NS
2024-06-19,817.869873046875,823.8145435842582,791.3039754417663,795.941305047812,90131196,HDFCBANK.NS
2024-06-20,823.5431518554688,829.5124525875813,814.983860042712,823.7651872236406,41408742,HDFCBANK.NS
2024-06-21,821.7671508789062,825.2697933574087,810.6178682451445,825.2697933574087,51630776,HDFCBANK.NS
2024-06-24,825.0478515625,826.3798229097616,811.9005512360641,812.5172157896385,28544994,HDFCBANK.NS
2024-06-25,844.2631225585938,847.025767804676,824.4065232844747,824.4065232844747,74521548,HDFCBANK.NS
2024-06-26,839.40380859375,844.041138181783,834.2731473521208,842.5857736709851,47596666,HDFCBANK.NS
2024-06-27,836.7644653320312,845.0770913433391,832.0531241260426,836.7397746618053,55074650,HDFCBANK.NS
2024-06-28,830.6718139648438,841.9197388781129,828.3037980772367,837.4797542547091,26476046,HDFCBANK.NS
2024-07-01,841.2291259765625,842.2651706437105,828.7971921822882,828.7971921822882,21187024,HDFCBANK.NS
2024-07-02,853.7597045898438,855.8810546817267,840.0204307746837,846.0637432263002,45921690,HDFCBANK.NS
2024-07-03,872.5310668945312,885.0370126375711,870.5577402219837,883.5570176331604,123217802,HDFCBANK.NS
2024-07-04,852.0578002929688,868.1404005851939,850.9231133709549,868.1404005851939,45848658,HDFCBANK.NS
2024-07-05,813.0598754882812,831.2638253093144,810.1492067263514,831.2638253093144,82242548,HDFCBANK.NS
2024-07-08,806.7698974609375,816.4391857049037,802.7246020410699,811.678583484828,39087800,HDFCBANK.NS
2024-07-09,807.3372192382812,812.3691778178521,799.369901303005,801.6639054458949,48550878,HDFCBANK.NS
2024-07-10,802.2066040039062,809.0639261539534,799.5672916548901,804.1059188594888,45507182,HDFCBANK.NS
2024-07-11,800.1345825195312,802.0832183690328,789.8239394111588,801.1458762280633,44177074,HDFCBANK.NS
2024-07-12,800.5292358398438,808.2745787950348,794.8312914757237,800.1839277769812,56049960,HDFCBANK.NS
2024-07-15,800.2332763671875,804.031966294815,796.8292758573642,800.9239527377698,33375694,HDFCBANK.NS
2024-07-16,799.073974609375,802.6506292263948,797.6186702674619,799.5673062806881,28950324,HDFCBANK.NS
2024-07-18,796.6319580078125,801.1458943462288,788.9113057816174,793.2772787604164,33717064,HDFCBANK.NS
2024-07-19,792.9320068359375,800.6772898644657,791.0573224261681,797.2239682199486,26002152,HDFCBANK.NS
2024-07-22,810.3218994140625,814.4905276323838,795.5712715150735,797.7172520784763,53744822,HDFCBANK.NS
2024-07-23,798.407958984375,812.9119216218081,791.7973027922226,812.7885887086006,52002152,HDFCBANK.NS
2024-07-24,791.3286743164062,799.6906218755655,783.4353677463822,793.3513220807449,61728206,HDFCBANK.NS
2024-07-25,797.5199584960938,801.6639565310072,785.8773432331659,785.8773432331659,25535732,HDFCBANK.NS
2024-07-26,798.2846069335938,800.0605887969758,787.5792741911353,791.7972838101718,43810540,HDFCBANK.NS
2024-07-29,791.822021484375,805.0432741154053,788.4920327099303,796.7306475152811,51001148,HDFCBANK.NS
2024-07-30,797.001953125,806.4738965011826,788.8372904146756,790.3172853310259,54595834,HDFCBANK.NS
2024-07-31,797.1005859375,803.0945773220608,793.8692396532248,796.237255579839,37820484,HDFCBANK.NS
2024-08-01,808.471923828125,814.0219048337823,798.1859108540549,800.627938629233,26215174,HDFCBANK.NS
2024-08-02,818.5111694335938,824.1104712768188,804.6238722852388,804.6238722852388,44119238,HDFCBANK.NS
2024-08-05,797.1005859375,812.02386783421,789.8239443515008,809.1131991555811,41333634,HDFCBANK.NS
2024-08-06,789.922607421875,805.5858871810888,786.0253355957136,804.1305829139676,45116050,HDFCBANK.NS
2024-08-07,800.9238891601562,804.130544706532,790.415901512036,797.7172336137804,42346264,HDFCBANK.NS
2024-08-08,810.3958740234375,815.6252376687839,798.8272709671206,801.1705962949537,33976950,HDFCBANK.NS
2024-08-09,814.0958251953125,820.1885189537674,811.9252142176729,814.9838462106346,26644618,HDFCBANK.NS
2024-08-12,818.9798583984375,826.7991529902637,812.6898798741655,814.9838840860709,39316196,HDFCBANK.NS
2024-08-13,790.9092407226562,805.314560371115,789.8979470194763,803.1438891669751,54055042,HDFCBANK.NS
2024-08-14,793.1786499023438,796.0892584565494,790.9092761384464,792.5372946697382,32334428,HDFCBANK.NS
2024-08-16,805.1666259765625,806.1779800129083,794.757339532809,803.3906439659711,27849246,HDFCBANK.NS
2024-08-19,804.895263671875,807.9045746403995,801.0225621096914,807.9045746403995,19502164,HDFCBANK.NS
2024-08-20,807.9292602539062,812.0239372458545,802.8726105839366,802.8726105839366,31134494,HDFCBANK.NS
2024-08-21,802.0586547851562,806.3753069063249,798.1120014172305,803.1932814957441,47630904,HDFCBANK.NS
2024-08-22,804.77197265625,808.2252943260683,803.1439540663039,805.1172807347715,21300638,HDFCBANK.NS
2024-08-23,801.6885986328125,806.1038926835937,800.6772446912317,806.1038926835937,20333422,HDFCBANK.NS
2024-08-26,809.0392456054688,812.9858989531632,805.2159251748899,805.2159251748899,22364266,HDFCBANK.NS
2024-08-27,807.9539184570312,812.714580974844,805.2159036816922,810.7412543536698,35773244,HDFCBANK.NS
2024-08-28,807.6332397460938,808.9405806750858,804.2292392849356,807.9539173658313,26921188,HDFCBANK.NS
2024-08-29,808.3485717773438,811.2345497877237,804.6979056469421,810.0505418236547,49052604,HDFCBANK.NS
2024-08-30,807.5346069335938,819.9172195651064,799.7646332824804,816.9572296027775,445342100,HDFCBANK.NS
2024-09-02,802.6258544921875,812.4185353190471,800.7758609185206,812.4185353190471,34049680,HDFCBANK.NS
2024-09-03,807.756591796875,809.0392420850643,801.466613051357,806.1039427589494,37282860,HDFCBANK.NS
2024-09-04,809.951904296875,811.4318992052836,805.1172301742814,808.5705516272349,24682744,HDFCBANK.NS
2024-09-05,811.7525024414062,813.947864316631,810.0505324148638,812.0238589250097,22876318,HDFCBANK.NS
2024-09-06,807.5592041015625,812.8872099026286,806.1532209716318,808.2252499925564,26029602,HDFCBANK.NS
2024-09-09,812.2705688476562,813.2572321563082,804.1799176724811,808.0772497858858,23792914,HDFCBANK.NS
2024-09-10,814.1698608398438,815.9705333718649,808.0772271240113,815.9705333718649,26606646,HDFCBANK.NS
2024-09-11,810.9879150390625,815.2305552034559,808.6692201411954,814.1945707781381,22226684,HDFCBANK.NS
2024-09-12,822.1865234375,823.8638631072175,812.541925723635,815.970556634334,32424046,HDFCBANK.NS
2024-09-13,821.8658447265625,825.8371886289187,817.4752411837702,825.8371886289187,23860532,HDFCBANK.NS
2024-09-16,824.3324584960938,827.7118283198007,820.9285184448568,822.383822656841,15172820,HDFCBANK.NS
2024-09-17,823.2718505859375,827.8104775064535,820.9778464556504,827.8104775064535,20127122,HDFCBANK.NS
2024-09-18,836.0984497070312,838.1210972952287,824.4064542356848,824.7764529489335,40917342,HDFCBANK.NS
2024-09-19,842.8571166992188,848.0370989791965,838.2444778560398,838.2691083056365,30651776,HDFCBANK.NS
2024-09-20,858.989013671875,860.8390072921377,842.3884524296358,846.8037464482039,60623386,HDFCBANK.NS
2024-09-23,868.1651000976562,871.3963864151646,858.5204418257773,862.8370939539058,26965350,HDFCBANK.NS
2024-09-24,872.2350463867188,878.9443447710721,865.4270455398441,870.7303607683197,33039036,HDFCBANK.NS
2024-09-25,877.686279296875,882.0769427901153,868.3376691203036,868.3376691203036,31965312,HDFCBANK.NS
2024-09-26,879.8323364257812,882.0770195965482,872.2350769395101,874.7017352717152,31899644,HDFCBANK.NS
2024-09-27,864.6376953125,877.2422823547212,863.3303544458242,876.6503084858455,35613502,HDFCBANK.NS
2024-09-30,854.47509765625,864.0456833682003,850.701098537286,862.738402689165,26383534,HDFCBANK.NS
2024-10-01,851.5890502929688,859.3837142697525,848.5797393423385,850.5037447767241,24572284,HDFCBANK.NS
2024-10-03,829.7838134765625,851.5644172954591,825.5164827720641,846.3844351066934,48473398,HDFCBANK.NS
2024-10-04,817.771240234375,834.0511850540141,815.4772359655595,826.083866681385,48683232,HDFCBANK.NS
2024-10-07,798.1119384765625,818.4371776300311,795.7439225540929,815.0824984433904,94458296,HDFCBANK.NS
2024-10-08,814.5152587890625,817.3519158252083,800.1839500223357,804.1306032900168,29734406,HDFCBANK.NS
2024-10-09,805.6845703125,817.3271848335777,803.4892084079638,813.7505304861846,41125642,HDFCBANK.NS
2024-10-10,820.114501953125,821.6191272702827,805.363874384187,808.5705299330368,21754766,HDFCBANK.NS
2024-10-11,814.4905395507812,821.1258260358886,810.6672193318118,821.1258260358886,23672594,HDFCBANK.NS
2024-10-14,832.7931518554688,834.741848018609,815.9705545228965,816.9819085005773,18527508,HDFCBANK.NS
2024-10-15,830.81982421875,837.6771462351046,826.5771840500105,835.7038196244212,19651130,HDFCBANK.NS
2024-10-16,838.565185546875,842.585790426718,828.8465156450762,828.8465156450762,20470682,HDFCBANK.NS
2024-10-17,825.4178466796875,837.5044718768119,821.4958240034423,836.1724403142362,14695732,HDFCBANK.NS
2024-10-18,829.7098388671875,834.2238355924767,816.0198853262701,820.4598702584595,24809724,HDFCBANK.NS
2024-10-21,852.8223876953125,862.4177242903107,844.1151323678729,846.063768270474,46548354,HDFCBANK.NS
2024-10-22,845.841796875,858.3970631644344,843.9424218629189,853.4884373802005,38875280,HDFCBANK.NS
2024-10-23,856.3251342773438,861.603759041874,841.1551854708522,841.1551854708522,38036090,HDFCBANK.NS
2024-10-24,863.15771484375,872.5310159915173,857.4597103207274,857.4597103207274,30832258,HDFCBANK.NS
2024-10-25,860.0744018554688,867.2030200365818,852.8223905419693,865.7970368926951,26130478,HDFCBANK.NS
2024-10-28,855.5357055664062,863.8237012026692,852.9210840084185,859.383716444917,22012142,HDFCBANK.NS
2024-10-29,864.2430419921875,870.2370336046123,851.0464203091243,851.5644426318723,35794926,HDFCBANK.NS
2024-10-30,855.7330322265625,865.6736766021975,850.6023712370916,859.3836983279829,32715724,HDFCBANK.NS
2024-10-31,856.2757568359375,857.8544543150349,848.2344867353692,852.4771270596069,22895912,HDFCBANK.NS
2024-11-01,857.0650634765625,860.4196824223525,851.5397130969706,854.9437133825962,1759692,HDFCBANK.NS
2024-11-04,845.6197509765625,860.8637106769045,844.0411138190809,860.8637106769045,28089248,HDFCBANK.NS
2024-11-05,867.2030029296875,869.5956493162819,837.6277954866241,840.1437747820238,44232406,HDFCBANK.NS
2024-11-06,865.9203491210938,873.9369881601011,861.0363539084846,873.9369881601011,27787910,HDFCBANK.NS
2024-11-07,861.62841796875,868.7323455565536,857.4104082699865,860.5184217555121,18895456,HDFCBANK.NS
2024-11-08,865.525634765625,869.15167034177,861.2829948869464,864.3169963876733,19902986,HDFCBANK.NS
2024-11-11,871.3717041015625,879.5116762015548,863.9223481240455,865.5750573030832,24565362,HDFCBANK.NS
2024-11-12,847.6424560546875,875.6637191561447,842.931174712482,874.1837241378527,31395406,HDFCBANK.NS
2024-11-13,829.463134765625,853.1677439816382,825.3438276461692,846.9270867373347,35728500,HDFCBANK.NS
2024-11-14,835.087158203125,841.05645917869,824.8998474928816,825.39317914741,27146470,HDFCBANK.NS
2024-11-18,841.1797485351562,847.987749103584,836.1971111266544,838.6637692715708,27081968,HDFCBANK.NS
2024-11-19,859.507080078125,865.1803941380466,839.9957889401087,845.5704607570133,50981272,HDFCBANK.NS
2024-11-21,858.989013671875,867.7703408111802,855.5356922473849,863.0343691875372,35716512,HDFCBANK.NS
2024-11-22,861.15966796875,865.4516892160756,853.2417315623627,860.148374275574,24773612,HDFCBANK.NS
2024-11-25,880.8929443359375,889.7482832055338,870.6810037082952,880.6216480727867,427737274,HDFCBANK.NS
2024-11-26,880.8683471679688,892.9302818593218,873.0983737208503,892.9302818593218,30935566,HDFCBANK.NS
2024-11-27,894.06494140625,896.5562300169572,880.6709755435701,883.0143007972586,32714976,HDFCBANK.NS
2024-11-28,884.6176147460938,905.8061839354122,882.07694483503,897.3702251985009,35722392,HDFCBANK.NS
2024-11-29,886.04833984375,890.2662893460416,879.561016559754,888.6383310231244,27669536,HDFCBANK.NS
2024-12-02,890.3156127929688,892.0176431336934,875.6636867426915,889.7236388960249,15110876,HDFCBANK.NS
2024-12-03,900.9715576171876,906.4475265301776,895.9395389832724,899.1955156163089,43410242,HDFCBANK.NS
2024-12-04,917.6461791992188,920.063516299678,903.3642521901576,906.7435619082082,44669084,HDFCBANK.NS
2024-12-05,920.4335327148438,927.4388181075852,905.3622266087298,917.596875706611,39682714,HDFCBANK.NS
2024-12-06,915.5494995117188,919.6688066050772,909.7035317020062,916.1168429341786,17783156,HDFCBANK.NS
2024-12-09,922.5302124023438,927.4635290462064,912.1702474502318,914.464251733858,26947912,HDFCBANK.NS
2024-12-10,921.5928344726562,926.3288062229568,916.881553393078,926.3288062229568,13325480,HDFCBANK.NS
2024-12-11,919.1261596679688,923.4675021564424,915.9935158212784,918.435483332828,14045426,HDFCBANK.NS
2024-12-12,917.2268676757812,921.864197216933,912.0221946944998,913.1568815747592,17293790,HDFCBANK.NS
2024-12-13,923.3934936523438,924.996821476236,902.4268990322158,918.8301759997275,19009002,HDFCBANK.NS
2024-12-16,920.1621704101562,922.5054957499956,915.2535445762154,920.1128492893369,13107082,HDFCBANK.NS
2024-12-17,904.4002685546876,918.7562078618506,901.0702798391582,915.7962178924912,21079532,HDFCBANK.NS
2024-12-18,893.275634765625,905.7569501607672,891.5243434620028,902.7229483325016,23422312,HDFCBANK.NS
2024-12-19,884.790283203125,888.5395915672278,877.6369745293333,887.7995941182149,25380770,HDFCBANK.NS
2024-12-20,873.93701171875,886.7883251977108,871.7417099804251,879.2156362475025,25692348,HDFCBANK.NS
2024-12-23,888.4902954101562,890.956953642833,878.7716860618692,879.1169941259847,11044592,HDFCBANK.NS
2024-12-24,887.0596313476562,892.2889348142179,882.8416818560752,889.0083275055933,14485834,HDFCBANK.NS
2024-12-26,883.4336547851562,893.916952377888,878.5003382709294,887.2816657547127,10481678,HDFCBANK.NS
2024-12-27,887.1336669921875,890.9322967259654,882.6196702111419,885.4316968356189,7259330,HDFCBANK.NS
2024-12-30,877.0943603515625,895.3969526845203,873.6903598921683,884.1489668763874,22222218,HDFCBANK.NS
2024-12-31,874.6029663085938,879.0183205202264,871.0263119988338,873.3450067875037,14117236,HDFCBANK.NS
2025-01-01,879.4869995117188,885.0369805772112,868.80635723923,874.8989910757854,7313806,HDFCBANK.NS
2025-01-02,884.9136352539062,889.6989281059142,874.6770036544534,876.699651347947,18558576,HDFCBANK.NS
2025-01-03,862.9356689453125,885.6536147489581,861.5050553855514,883.5569553072743,24426194,HDFCBANK.NS
2025-01-06,843.84375,866.8823129474961,841.5251154360177,858.4463541498661,18816348,HDFCBANK.NS
2025-01-07,845.2744140625,849.0237223493897,838.6637582765616,846.063732614296,13527906,HDFCBANK.NS
2025-01-08,835.8518676757812,844.4111600559388,830.4498497882179,842.7338203435289,19738190,HDFCBANK.NS
2025-01-09,822.778564453125,833.237171528912,817.9932112311335,830.844525028491,40420222,HDFCBANK.NS
2025-01-10,817.3272094726562,826.2811909461473,815.9705474379197,824.3571854708366,17453280,HDFCBANK.NS
2025-01-13,804.5499267578125,812.3939122066796,801.3186405131205,809.0639234971638,21669066,HDFCBANK.NS
2025-01-14,812.3198852539062,817.0558570637163,807.5839134440961,809.0145872775671,26661432,HDFCBANK.NS
2025-01-15,810.568603515625,820.2625224034592,807.2386148292592,817.2038902170349,14022892,HDFCBANK.NS
2025-01-16,815.0086059570312,819.2019251337407,810.4699184801376,815.4032351586193,21212454,HDFCBANK.NS
2025-01-17,807.4605712890625,814.2438814190301,803.3905852110819,810.7905598983193,23112076,HDFCBANK.NS
2025-01-20,814.6138916015625,819.3991845447669,802.1572673696536,802.1572673696536,17557618,HDFCBANK.NS
2025-01-21,810.2479248046875,819.4485722440602,805.6352858599316,818.0672195171876,31158144,HDFCBANK.NS
2025-01-22,821.9152221679688,824.8012002853578,801.8859089377631,810.2479165643738,30619306,HDFCBANK.NS
2025-01-23,821.347900390625,832.2505181334424,814.6139111249832,832.2505181334424,34909158,HDFCBANK.NS
2025-01-24,813.8986206054688,824.0119199318104,811.2839386423929,818.9305795964561,24236200,HDFCBANK.NS
2025-01-27,804.0319213867188,810.839861804967,802.157237088582,809.6065327196525,22804166,HDFCBANK.NS
2025-01-28,824.0612182617188,830.9185403912116,812.5172453545283,812.5172453545283,30179312,HDFCBANK.NS
2025-01-29,827.4651489257812,829.3644636153648,823.2964606110903,826.3304621132276,12619890,HDFCBANK.NS
2025-01-30,834.4705200195312,837.6278547525732,825.1219089590883,829.2905374831995,25744846,HDFCBANK.NS
2025-01-31,838.047119140625,840.9824182950722,830.7457868177106,832.3738053097981,15821686,HDFCBANK.NS
2025-02-01,834.1991577148438,845.0771450539991,826.8485640579613,837.4305042201771,5587528,HDFCBANK.NS
2025-02-03,827.8104858398438,832.1518283284162,820.6324864421063,823.8638327488314,20276540,HDFCBANK.NS
2025-02-04,848.9744873046875,851.391824544325,828.8219005259823,833.0891713164636,28616502,HDFCBANK.NS
2025-02-05,857.311767578125,860.4690419690123,847.9877873258422,854.9437515638108,23675506,HDFCBANK.NS
2025-02-06,860.29638671875,862.8370567631686,850.5037655001158,856.1770794811201,26760716,HDFCBANK.NS
2025-02-07,854.8204345703125,871.7170439392539,850.997114202158,863.3304057123341,23509600,HDFCBANK.NS
2025-02-10,846.4337158203125,850.2323451556149,842.8570616226162,847.1984039096569,17195950,HDFCBANK.NS
2025-02-11,839.3544311523438,844.090402664855,833.0890834393857,840.1437497009048,22724704,HDFCBANK.NS
2025-02-12,842.0184326171875,844.5837329512449,829.38909497558,835.2104321766692,22809570,HDFCBANK.NS
2025-02-13,837.5291137695312,845.6937766231139,835.4818356095761,838.1704689996619,12602434,HDFCBANK.NS
2025-02-14,836.1231079101562,839.601120018604,828.7971451888767,839.601120018604,19959892,HDFCBANK.NS
2025-02-17,847.2230834960938,848.5304243918573,829.413823260936,831.3624591587258,12938946,HDFCBANK.NS
2025-02-18,850.0350952148438,854.2284140997132,841.697778564227,845.1017788797033,16350910,HDFCBANK.NS
2025-02-19,852.0823974609375,857.3610822217985,844.8057556604201,847.0504387449713,11884112,HDFCBANK.NS
2025-02-20,832.2998046875,845.9157460199498,831.4118438608401,844.0904430253034,26390510,HDFCBANK.NS
2025-02-21,834.9638061523438,836.1724445897772,827.4404985932164,829.2411711352042,15680940,HDFCBANK.NS
2025-02-24,827.366455078125,830.8690975664632,819.4731490892408,829.339781575346,20693646,HDFCBANK.NS
2025-02-25,829.9564819335938,832.7438177754724,824.406500920576,824.406500920576,24138708,HDFCBANK.NS
2025-02-27,839.0091552734375,843.9671626938127,830.0552335524236,830.0552335524236,35786800,HDFCBANK.NS
2025-02-28,854.6477661132812,857.0404125816553,831.2638337603047,831.2638337603047,54516728,HDFCBANK.NS
2025-03-03,839.428466796875,859.9017296292334,835.7531099870528,858.2984018170607,21205364,HDFCBANK.NS
2025-03-04,843.5971069335938,845.7184570804238,835.3338019387764,837.6771272358142,19920958,HDFCBANK.NS
2025-03-05,833.73046875,843.991790915382,832.8671383829512,839.6257577393887,21583872,HDFCBANK.NS
2025-03-06,834.3224487304688,838.6144701478811,824.973838204501,832.2504799228543,32966088,HDFCBANK.NS
2025-03-07,833.3604736328125,839.2311321984157,827.6131479773222,829.7838192395386,13372914,HDFCBANK.NS
2025-03-10,832.4971313476562,838.6144556459366,830.3018296675241,833.2371287977431,15604050,HDFCBANK.NS
2025-03-11,831.510498046875,835.7038170818192,823.8885481247595,829.9811819724781,19898430,HDFCBANK.NS
2025-03-12,844.1644287109375,847.7904041385841,834.4951408301645,834.4951408301645,18784106,HDFCBANK.NS
2025-03-13,841.9197998046875,848.9251455168071,838.6885135609504,846.5818201293218,15736264,HDFCBANK.NS
2025-03-17,843.79443359375,850.5037317302232,841.1304307424771,841.1304307424771,18950652,HDFCBANK.NS
2025-03-18,843.79443359375,843.79443359375,843.79443359375,843.79443359375,0,HDFCBANK.NS
2025-03-19,860.4197387695312,863.823739278078,854.5490799535085,855.930432694155,15221406,HDFCBANK.NS
2025-03-20,872.5803833007812,875.1703745445009,862.985106495842,865.3037412350927,17833978,HDFCBANK.NS
2025-03-21,873.3696899414062,875.2196836615442,866.0684175252852,866.0684175252852,33508264,HDFCBANK.NS
2025-03-24,887.9969482421875,890.1676194932312,874.997671627427,877.6369838460287,17393736,HDFCBANK.NS
2025-03-25,898.5789184570312,909.5555477752322,888.7369760332164,890.4143157035983,39101416,HDFCBANK.NS
2025-03-26,891.2283325195312,901.5636066855512,888.9836493829623,900.3302775382388,24478442,HDFCBANK.NS
2025-03-27,900.5029296875,908.2235821777276,887.0596420099644,887.9969842041877,41658100,HDFCBANK.NS
2025-03-28,901.908935546875,905.7569466636452,890.8829847599874,902.3036249715724,28773648,HDFCBANK.NS
2025-04-01,872.1363525390625,892.8809726796349,870.9030234039785,888.9836405685396,28511006,HDFCBANK.NS
2025-04-02,886.4676513671875,887.602278026219,873.5423260418547,873.5423260418547,11573564,HDFCBANK.NS
2025-04-03,885.456298828125,889.9702954640933,876.6503409310941,878.6729886492828,11250038,HDFCBANK.NS
2025-04-04,896.5316162109375,908.6921929973272,893.4729239008652,894.4102660639704,33540454,HDFCBANK.NS
2025-04-07,867.1289672851562,878.0562747489253,857.5090006629878,869.6450067324856,37995450,HDFCBANK.NS
2025-04-08,872.7777099609375,879.1170096868965,863.4784203033727,870.730371547347,35563872,HDFCBANK.NS
2025-04-09,870.7303466796875,875.6636630914704,865.0570328061372,870.7303466796875,22454608,HDFCBANK.NS
2025-04-11,891.3269653320312,897.567622795633,875.540352413462,875.540352413462,32775766,HDFCBANK.NS
2025-04-15,920.01416015625,925.8848185421238,915.1301650210728,920.0634812745556,49298344,HDFCBANK.NS
2025-04-16,926.476806640625,929.3381542000716,917.8435030643678,929.3381542000716,19136820,HDFCBANK.NS
2025-04-17,940.6353759765624,947.0486870380012,925.8354273732424,928.4501090482868,35703084,HDFCBANK.NS
2025-04-21,950.6994018554688,962.3420166432836,942.2634427629204,949.170085798879,34247298,HDFCBANK.NS
2025-04-22,967.7686767578124,972.1593405008402,954.5967457498784,954.5967457498784,45961750,HDFCBANK.NS
2025-04-23,949.1207885742188,976.2540297557508,947.4434488933124,976.2540297557508,30570642,HDFCBANK.NS
2025-04-24,945.6181030273438,949.1207455952106,939.8460867592294,942.2634238174406,25931754,HDFCBANK.NS
2025-04-25,942.8554077148438,953.6100615716746,933.2848220611924,949.5647662059754,18500878,HDFCBANK.NS
2025-04-28,947.29541015625,951.982060830828,941.4741328194632,942.8554253066496,13920492,HDFCBANK.NS
2025-04-29,941.6715087890624,951.5381421157664,937.4288082816594,946.6048254524144,18918308,HDFCBANK.NS
2025-04-30,949.6633911132812,955.5340495753018,942.4114402150566,943.7434115323152,31936870,HDFCBANK.NS
2025-05-02,948.1340942382812,958.000727072394,947.1967520748112,952.0314262519852,17840404,HDFCBANK.NS
2025-05-05,955.4847412109376,962.9833580251332,953.2647488384408,956.57004672681,15068024,HDFCBANK.NS
2025-05-06,952.9686889648438,957.112686715781,949.318083066804,952.1300492793256,17490156,HDFCBANK.NS
2025-05-07,959.8259887695312,961.3553047488028,948.3807192627594,954.1033540161452,21420778,HDFCBANK.NS
2025-05-08,951.3900756835938,964.364722012384,946.752746184645,964.364722012384,34803430,HDFCBANK.NS
2025-05-09,932.248779296875,946.7034204881496,930.8181657127636,942.3127568324844,17188796,HDFCBANK.NS
2025-05-12,965.5486450195312,966.8806765571812,943.3981029435624,946.0127244576516,18618972,HDFCBANK.NS
2025-05-13,948.4794311523438,967.7686868855956,947.1967808891196,961.996730590512,24242102,HDFCBANK.NS
2025-05-14,942.5594482421876,952.2287366384548,938.8101397074493,948.2327622761528,15445308,HDFCBANK.NS
2025-05-15,954.0047607421876,959.4314088460198,935.85013208818,943.9901042439284,32241458,HDFCBANK.NS
2025-05-16,954.44873046875,958.9380967138302,951.340777169636,954.0047801554118,15868010,HDFCBANK.NS
2025-05-19,956.4220581054688,959.5300716290252,952.6234284399216,955.5834183781088,10202964,HDFCBANK.NS
2025-05-20,944.6807861328124,954.3993955236706,943.7434439560598,951.1927398071444,23879090,HDFCBANK.NS
2025-05-21,950.5514526367188,960.4674068130724,947.739426083267,950.6500948788124,15132040,HDFCBANK.NS
2025-05-22,947.1474609375,949.2687509312964,939.895449442171,944.828766015395,21306670,HDFCBANK.NS
2025-05-23,953.906005859375,955.583345407158,944.4833839865792,947.2460290070276,9566072,HDFCBANK.NS
2025-05-26,957.1620483398438,961.947401503022,950.6007734925844,954.5967478346392,10802860,HDFCBANK.NS
2025-05-27,950.3048095703124,961.010082603254,945.3714929245052,952.9194312599,26162148,HDFCBANK.NS
2025-05-28,948.9234619140624,954.3501102535764,946.0621141556768,947.295443323748,18157594,HDFCBANK.NS
2025-05-29,950.896728515625,957.4580633637506,940.9314535555671,951.1433943336576,28917794,HDFCBANK.NS
2025-05-30,959.4807739257812,961.4047794767922,949.8608063918772,953.0674622365118,28748078,HDFCBANK.NS
2025-06-02,953.1660766601562,955.0900821550082,941.276795842849,952.1794133521448,14668822,HDFCBANK.NS
2025-06-03,949.466064453125,962.9833634640112,947.1967509482078,956.0767204883472,24377584,HDFCBANK.NS
2025-06-04,957.6553955078124,958.6914401720352,947.6407989299088,947.6901200517408,12961542,HDFCBANK.NS
2025-06-05,961.7993774414062,966.3873858970264,957.1620478647776,961.0100588418236,22255418,HDFCBANK.NS
2025-06-06,976.1552734375,984.8379583134906,958.3953347348496,959.036689943126,30127008,HDFCBANK.NS
2025-06-09,976.2539672851562,984.196594423998,974.7739724063232,984.196594423998,13202588,HDFCBANK.NS
2025-06-10,969.5447387695312,978.1780428487654,967.472709657825,978.1780428487654,15533126,HDFCBANK.NS
2025-06-11,962.194091796875,970.6793723493836,960.516752091058,970.6793723493836,11096394,HDFCBANK.NS
2025-06-12,958.74072265625,967.4233474890254,954.7447484104944,961.9966994408974,16349130,HDFCBANK.NS
2025-06-13,946.0127563476562,953.6100757725884,943.7434428106372,947.19676434732,12117762,HDFCBANK.NS
2025-06-16,954.7940673828124,956.520728121515,947.2460692080248,949.1700746468088,16513746,HDFCBANK.NS
2025-06-17,951.9327392578124,957.852719054467,946.75275693574,955.5834055099792,16978736,HDFCBANK.NS
2025-06-18,954.0540771484376,955.2380851367438,945.7167603313338,945.7167603313338,18433816,HDFCBANK.NS
2025-06-19,954.7447509765624,960.4180648603084,949.9593979158448,954.0540746334422,16876220,HDFCBANK.NS
2025-06-20,969.2486572265624,971.8140179089728,952.9193918485256,952.9193918485256,32900408,HDFCBANK.NS
2025-06-23,961.2073364257812,965.8939867961492,957.9513597916496,961.2073364257812,11739518,HDFCBANK.NS
2025-06-24,967.3740234375,976.3033140635844,964.7593416610488,969.3966711141704,22625322,HDFCBANK.NS
2025-06-25,976.8953247070312,977.7833457795492,968.854054817417,969.8900392545884,18405932,HDFCBANK.NS
2025-06-26,997.41796875,1000.032590400823,976.7966813877978,977.4873577522008,50084830,HDFCBANK.NS
2025-06-27,1004.9491577148438,1007.393088107433,994.2258430942326,1004.0015037809444,28213384,HDFCBANK.NS
2025-06-30,998.2658081054688,1004.400566128524,995.2732550959096,1003.2533964547342,13649020,HDFCBANK.NS
2025-07-01,1003.5526123046876,1005.4977838847652,999.5126780283082,1000.0114368496796,14389386,HDFCBANK.NS
2025-07-02,990.5350341796876,1007.4429706558584,986.4950998423908,1007.4429706558584,18878250,HDFCBANK.NS
2025-07-03,991.0836181640624,1001.507689459166,989.6871300276722,994.9739612315548,16860506,HDFCBANK.NS
2025-07-04,992.1809692382812,999.2633203019868,987.5424877454124,991.0836632772651,7863944,HDFCBANK.NS
2025-07-07,991.2332763671876,996.7196233059492,989.4377568185034,992.031278290642,11349426,HDFCBANK.NS
2025-07-08,998.2159423828124,1000.0114620081928,986.0462146584524,986.0462146584524,15224316,HDFCBANK.NS
2025-07-09,1003.1036987304688,1004.4005203490876,996.5699704674604,1001.0089360727128,13861428,HDFCBANK.NS
2025-07-10,1000.6099243164062,1005.9965439473216,997.5176439735465,1005.4977851253348,17030310,HDFCBANK.NS
2025-07-11,989.3878784179688,999.91173856234,987.9913902076418,996.5201541247732,12516922,HDFCBANK.NS
2025-07-14,989.0387573242188,991.8816582943851,982.8541356715338,989.0387573242188,13088850,HDFCBANK.NS
2025-07-15,995.2732543945312,999.31318877786,984.0511806165924,984.0511806165924,14498168,HDFCBANK.NS
2025-07-16,995.6722412109376,1008.8394251469304,993.826797075495,1006.4952830829004,17994612,HDFCBANK.NS
2025-07-17,990.98388671875,999.9116815490104,988.8890631972324,999.5126501495852,22529158,HDFCBANK.NS
2025-07-18,976.2705078125,996.021344530824,974.0759568696542,990.9838927216936,16129446,HDFCBANK.NS
2025-07-21,997.7670288085938,998.5151670456409,985.7968170158388,986.6446826643672,22309078,HDFCBANK.NS
2025-07-22,1001.058837890625,1006.4953213272488,999.0139388595042,1004.051390877723,14836814,HDFCBANK.NS
2025-07-23,1009.6375122070312,1012.3806857402004,999.0139248978444,1003.0039954915454,13634916,HDFCBANK.NS
2025-07-24,1004.5999755859376,1016.320807677376,1001.7072110041944,1016.320807677376,19107176,HDFCBANK.NS
2025-07-25,1002.2999877929688,1007.5,999.5,1007.5,9306598,HDFCBANK.NS
2025-07-28,1004.25,1010.7000122070312,1000.25,1001.5,12059580,HDFCBANK.NS
2025-07-29,1010.7999877929688,1013.25,998.1500244140624,999.9500122070312,19895696,HDFCBANK.NS
2025-07-30,1012.9000244140624,1016.2999877929688,1008.5,1014.0,15154036,HDFCBANK.NS
2025-07-31,1009.0999755859376,1015.7000122070312,1004.0,1007.2999877929688,22183032,HDFCBANK.NS
2025-08-01,1006.0999755859376,1014.1500244140624,1004.6500244140624,1007.0,11317258,HDFCBANK.NS
2025-08-04,996.0,1009.25,994.0499877929688,1005.0499877929688,13933946,HDFCBANK.NS
2025-08-05,988.7999877929688,997.2000122070312,982.75,993.25,23978058,HDFCBANK.NS
2025-08-06,992.6500244140624,994.0,985.0,985.5499877929688,14080204,HDFCBANK.NS
2025-08-07,997.7000122070312,1000.7999877929688,988.4000244140624,990.0499877929688,13081186,HDFCBANK.NS
2025-08-08,986.9500122070312,996.4000244140624,985.0,993.5499877929688,13895264,HDFCBANK.NS
2025-08-11,997.7999877929688,998.7999877929688,986.5499877929688,987.9500122070312,9105854,HDFCBANK.NS
2025-08-12,984.9500122070312,998.0,983.75,995.9500122070312,12937802,HDFCBANK.NS
2025-08-13,990.1500244140624,997.0,984.5499877929688,997.0,13577396,HDFCBANK.NS
2025-08-14,995.5499877929688,998.0,985.5999755859376,989.0,17511716,HDFCBANK.NS
2025-08-18,1001.7999877929688,1013.2999877929688,997.7999877929688,1005.0,19284796,HDFCBANK.NS
2025-08-19,995.5499877929688,1003.0499877929688,993.3499755859376,999.1500244140624,12352438,HDFCBANK.NS
2025-08-20,994.0999755859376,996.0,989.5,993.5,9950228,HDFCBANK.NS
2025-08-21,995.5999755859376,998.75,991.5999755859376,998.75,12439850,HDFCBANK.NS
2025-08-22,982.2999877929688,998.0,978.5499877929688,994.9500122070312,19833502,HDFCBANK.NS
2025-08-25,982.0499877929688,988.7000122070312,978.5,980.0999755859376,17518044,HDFCBANK.NS
2025-08-26,973.4000244140624,985.7000122070312,968.0,979.5,16917731,HDFCBANK.NS
2025-08-28,957.7999877929688,972.2000122070312,955.0,967.0,25438255,HDFCBANK.NS
2025-08-29,951.5999755859376,963.2999877929688,950.0999755859376,954.0,14823813,HDFCBANK.NS
2025-09-01,950.5999755859376,957.4500122070312,946.3499755859376,949.5999755859376,20178344,HDFCBANK.NS
2025-09-02,944.5,954.7999877929688,944.0,951.0,14196320,HDFCBANK.NS
2025-09-03,954.4500122070312,956.2999877929688,940.0,945.0,16083481,HDFCBANK.NS
2025-09-04,961.25,965.7000122070312,956.25,960.2000122070312,17597657,HDFCBANK.NS
2025-09-05,963.4000244140624,967.5,954.0499877929688,967.5,11602111,HDFCBANK.NS
2025-09-08,966.0,973.1500244140624,960.4500122070312,969.0,11711307,HDFCBANK.NS
2025-09-09,965.1500244140624,974.4000244140624,962.7000122070312,974.0,13985539,HDFCBANK.NS
2025-09-10,965.9000244140624,973.9000244140624,961.7000122070312,973.9000244140624,18091100,HDFCBANK.NS
2025-09-11,967.7999877929688,969.25,959.9000244140624,960.2999877929688,15113633,HDFCBANK.NS
2025-09-12,967.2999877929688,970.75,962.25,969.9000244140624,14363519,HDFCBANK.NS
2025-09-15,967.0499877929688,972.3499755859376,965.0,969.5999755859376,14486377,HDFCBANK.NS
2025-09-16,966.8499755859376,969.3499755859376,961.2000122070312,961.2000122070312,18661794,HDFCBANK.NS
2025-09-17,966.5,974.4000244140624,964.3499755859376,965.1500244140624,17361476,HDFCBANK.NS
2025-09-18,976.9000244140624,979.6500244140624,969.25,973.2999877929688,17791598,HDFCBANK.NS
2025-09-19,966.9000244140624,976.7000122070312,962.0999755859376,974.9000244140624,31243267,HDFCBANK.NS
2025-09-22,964.2000122070312,971.2000122070312,961.9500122070312,964.0,10854415,HDFCBANK.NS
2025-09-23,957.2000122070312,968.2000122070312,955.5,967.0,21022298,HDFCBANK.NS
2025-09-24,951.0499877929688,956.4500122070312,943.0,952.2000122070312,15117220,HDFCBANK.NS
2025-09-25,949.8499755859376,958.0,947.4000244140624,952.5,31413279,HDFCBANK.NS
2025-09-26,945.0499877929688,951.4500122070312,941.2999877929688,945.0999755859376,14874656,HDFCBANK.NS
2025-09-29,950.2999877929688,956.7999877929688,939.0999755859376,946.0499877929688,32398179,HDFCBANK.NS
2025-09-30,951.0,960.0,946.2999877929688,958.0499877929688,28296687,HDFCBANK.NS
2025-10-01,965.25,969.5999755859376,946.0,952.7000122070312,25350832,HDFCBANK.NS
2025-10-03,965.1500244140624,966.75,952.0,952.0,26658296,HDFCBANK.NS
2025-10-06,973.4500122070312,977.4000244140624,962.0,971.9000244140624,18542683,HDFCBANK.NS
2025-10-07,982.5,989.8499755859376,971.0,974.0,25535736,HDFCBANK.NS
2025-10-08,978.7000122070312,985.9000244140624,974.5499877929688,976.0,15939710,HDFCBANK.NS
2025-10-09,977.0999755859376,979.0,970.1500244140624,974.5,15370950,HDFCBANK.NS
2025-10-10,980.9000244140624,986.2000122070312,978.0999755859376,979.0,13757080,HDFCBANK.NS
2025-10-13,977.0,981.0,972.0,974.2999877929688,18634254,HDFCBANK.NS
2025-10-14,977.1500244140624,980.4500122070312,967.0,970.0,22934382,HDFCBANK.NS
2025-10-15,978.25,984.9000244140624,973.3499755859376,975.0,23310447,HDFCBANK.NS
2025-10-16,994.3499755859376,996.5999755859376,981.5,982.6500244140624,22936566,HDFCBANK.NS
2025-10-17,1002.5499877929688,1009.0,986.0,993.9500122070312,25210511,HDFCBANK.NS
2025-10-20,1002.9500122070312,1020.0,997.0,997.0,22195202,HDFCBANK.NS
2025-10-21,1007.7000122070312,1010.0,1004.0,1006.0,3471600,HDFCBANK.NS
2025-10-23,1008.7999877929688,1020.5,1006.0,1016.0,43526526,HDFCBANK.NS
2025-10-24,994.75,1011.9500122070312,991.2999877929688,1011.0,17707768,HDFCBANK.NS
2025-10-27,1002.9500122070312,1009.0499877929688,996.2000122070312,996.5,15700796,HDFCBANK.NS
2025-10-28,1003.5499877929688,1008.0,995.0,997.6500244140624,33904289,HDFCBANK.NS
2025-10-29,1007.8499755859376,1012.5,1000.0,1004.9000244140624,17769445,HDFCBANK.NS
2025-10-30,998.1500244140624,1009.5,997.0999755859376,1000.0,19962917,HDFCBANK.NS
2025-10-31,987.2999877929688,1004.4500122070312,981.1500244140624,994.0,23221330,HDFCBANK.NS
2025-11-03,992.6500244140624,994.5499877929688,983.2999877929688,985.0,16607180,HDFCBANK.NS
2025-11-04,985.25,997.0,983.7000122070312,987.0,20024544,HDFCBANK.NS
2025-11-06,984.6500244140624,991.0499877929688,974.0,981.0,22279516,HDFCBANK.NS
2025-11-07,982.2999877929688,984.9000244140624,974.75,980.0,15004568,HDFCBANK.NS
2025-11-10,984.5,990.9500122070312,980.2000122070312,982.2999877929688,15988262,HDFCBANK.NS
2025-11-11,991.7000122070312,993.5,978.0,983.5,10200530,HDFCBANK.NS
2025-11-12,989.5,999.0,987.7000122070312,998.7999877929688,13137263,HDFCBANK.NS
2025-11-13,986.6500244140624,990.0999755859376,982.5999755859376,984.0,14124839,HDFCBANK.NS
2025-11-14,989.5999755859376,991.6500244140624,976.0499877929688,976.0499877929688,21386965,HDFCBANK.NS
2025-11-17,996.5499877929688,997.9500122070312,985.5999755859376,991.25,18396408,HDFCBANK.NS
2025-11-18,992.4500122070312,999.0,990.0,997.6500244140624,20002640,HDFCBANK.NS
2025-11-19,994.5999755859376,996.5499877929688,984.0,990.0,19813847,HDFCBANK.NS
2025-11-20,1008.8499755859376,1011.5999755859376,992.4500122070312,995.2999877929688,19850865,HDFCBANK.NS
2025-11-21,998.0499877929688,1008.2999877929688,996.5499877929688,1003.0999755859376,17499897,HDFCBANK.NS
2025-11-24,999.1500244140624,1011.4500122070312,993.5999755859376,1000.0,32204053,HDFCBANK.NS
2025-11-25,989.7999877929688,1006.0999755859376,988.4000244140624,1004.0,24989383,HDFCBANK.NS
2025-11-26,1003.9000244140624,1006.9500122070312,981.2999877929688,981.2999877929688,19494356,HDFCBANK.NS
2025-11-27,1009.5,1016.7999877929688,1001.0,1002.0999755859376,25536848,HDFCBANK.NS
2025-11-28,1007.5999755859376,1012.0499877929688,1004.2000122070312,1007.0,15988807,HDFCBANK.NS
2025-12-01,1002.0999755859376,1017.5,999.2999877929688,1017.5,16746566,HDFCBANK.NS
2025-12-02,989.7999877929688,994.4000244140624,985.0,988.0,27316662,HDFCBANK.NS
2025-12-03,1000.5,1002.2999877929688,986.0,986.0,15448777,HDFCBANK.NS
2025-12-04,997.2000122070312,1004.7000122070312,993.0,1000.0,14528169,HDFCBANK.NS
2025-12-05,1003.2999877929688,1008.0,990.2000122070312,992.0,12843366,HDFCBANK.NS
2025-12-08,1003.0999755859376,1006.5,997.5,1000.0,12901022,HDFCBANK.NS
2025-12-09,997.0999755859376,1002.7999877929688,994.0,994.9000244140624,15294322,HDFCBANK.NS
2025-12-10,989.7999877929688,998.5,985.2999877929688,997.5,15322830,HDFCBANK.NS
2025-12-11,1000.2999877929688,1002.7000122070312,988.5,990.0,11844809,HDFCBANK.NS
2025-12-12,1001.5,1004.7000122070312,998.2000122070312,1003.0,11988618,HDFCBANK.NS
2025-12-15,996.0999755859376,1001.7999877929688,992.0,992.0,9790060,HDFCBANK.NS
2025-12-16,994.2999877929688,998.7000122070312,990.0999755859376,990.0999755859376,20049088,HDFCBANK.NS
2025-12-17,984.0,996.0,980.7999877929688,996.0,19080922,HDFCBANK.NS
2025-12-18,979.7000122070312,987.4000244140624,973.2999877929688,973.2999877929688,14912404,HDFCBANK.NS
2025-12-19,985.5,988.0,978.7000122070312,987.0,25952384,HDFCBANK.NS
2025-12-22,987.7000122070312,992.9000244140624,983.9000244140624,988.0,13540411,HDFCBANK.NS
2025-12-23,996.5999755859376,998.9000244140624,987.7000122070312,990.5,17927849,HDFCBANK.NS
2025-12-24,997.2000122070312,999.4000244140624,993.0,993.0,13699996,HDFCBANK.NS
2025-12-26,992.0999755859376,997.2000122070312,987.7000122070312,996.0,9360853,HDFCBANK.NS
2025-12-29,991.7000122070312,997.4000244140624,987.2000122070312,993.0999755859376,13545749,HDFCBANK.NS
2025-12-30,990.9000244140624,995.0,982.2000122070312,990.2000122070312,33155849,HDFCBANK.NS
