Date,Close,High,Low,Open,Volume,Ticker
2021-01-01,2195.60400390625,2210.7314684277826,2190.500148833185,2202.822771871949,830096,HINDUNILVR.NS
2021-01-04,2231.4228515625,2234.6414709651244,2207.6969836348235,2211.651332374948,1614486,HINDUNILVR.NS
2021-01-05,2253.538818359375,2259.424202488643,2211.650751938764,2211.650751938764,2356303,HINDUNILVR.NS
2021-01-06,2222.96240234375,2253.033457051581,2208.524641011378,2249.171158884962,1641627,HINDUNILVR.NS
2021-01-07,2178.4072265625,2237.1238935440924,2174.866656154248,2236.48021470069,2403881,HINDUNILVR.NS
2021-01-08,2198.96044921875,2207.053021868209,2171.0045340803035,2197.8569676104244,2797948,HINDUNILVR.NS
2021-01-11,2233.813720703125,2245.630516198677,2208.984373194071,2230.0432484983808,2787672,HINDUNILVR.NS
2021-01-12,2184.889892578125,2237.491489332471,2181.3035221235045,2234.456747286953,2036708,HINDUNILVR.NS
2021-01-13,2181.6259765625,2205.2137654410053,2174.499034660012,2190.4080285867485,1702740,HINDUNILVR.NS
2021-01-14,2205.7197265625,2212.570742354212,2162.1302929404587,2175.786523861207,2120413,HINDUNILVR.NS
2021-01-15,2162.1298828125,2213.4899279462447,2154.451313366442,2200.15565127187,2042957,HINDUNILVR.NS
2021-01-18,2145.07177734375,2183.60315616061,2134.0823125296374,2183.60315616061,1733797,HINDUNILVR.NS
2021-01-19,2173.16552734375,2190.5922302155027,2136.473359728051,2153.715961899535,1495269,HINDUNILVR.NS
2021-01-20,2166.544189453125,2183.0970858297046,2157.67008758978,2167.509819977697,1380562,HINDUNILVR.NS
2021-01-21,2177.3037109375,2206.960986114977,2161.0727648703937,2184.982506098747,1521133,HINDUNILVR.NS
2021-01-22,2215.651611328125,2227.2845311509177,2167.5101733784945,2169.3493843868764,2548089,HINDUNILVR.NS
2021-01-25,2206.684814453125,2236.801885936797,2193.2584882002434,2225.4446714652363,2124424,HINDUNILVR.NS
2021-01-27,2199.05224609375,2230.04290046775,2147.2784216875034,2230.04290046775,2460297,HINDUNILVR.NS
2021-01-28,2115.460205078125,2217.6744815770653,2105.8963985754003,2177.533570538317,3867335,HINDUNILVR.NS
2021-01-29,2081.89453125,2135.599620182664,2070.031711645958,2128.9785063452205,4472694,HINDUNILVR.NS
2021-02-01,2067.824951171875,2101.2985004993343,2047.225653920854,2093.619705013951,2717591,HINDUNILVR.NS
2021-02-02,2051.133544921875,2092.10200490963,2027.7296355277952,2088.469608968542,4215607,HINDUNILVR.NS
2021-02-03,2053.3408203125,2075.5491988960125,2039.3168392388784,2052.0992633302844,2353429,HINDUNILVR.NS
2021-02-04,2065.06640625,2077.389031371895,2047.2259230655604,2058.99691954036,2908003,HINDUNILVR.NS
2021-02-05,2087.09033203125,2101.298189548129,2060.8355548259765,2065.0658291703194,4036942,HINDUNILVR.NS
2021-02-08,2056.83544921875,2104.700958009853,2050.9960892927293,2104.057279094558,2780672,HINDUNILVR.NS
2021-02-09,2038.0758056640625,2073.434594253961,2032.7880737373537,2066.353676402549,3131481,HINDUNILVR.NS
2021-02-10,2055.778076171875,2060.835906374937,2034.8570512410272,2041.5241910541545,2055520,HINDUNILVR.NS
2021-02-11,2081.06689453125,2085.6649212535904,2054.444364711504,2061.755182297421,1824480,HINDUNILVR.NS
2021-02-12,2061.341552734375,2089.5733939330967,2052.559276161809,2085.6650709386126,1222094,HINDUNILVR.NS
2021-02-15,2037.1099853515625,2079.917664737891,2035.086898227016,2070.0319059688263,2449407,HINDUNILVR.NS
2021-02-16,2019.545654296875,2049.8466095081026,2013.9819963232865,2047.9613733996232,2396356,HINDUNILVR.NS
2021-02-17,1989.934326171875,2024.5576092514243,1986.3479543927824,2019.4537536326625,2447956,HINDUNILVR.NS
2021-02-18,1974.2547607421875,1994.2101511794228,1970.898066633898,1990.02590209266,3205806,HINDUNILVR.NS
2021-02-19,2005.751708984375,2017.6145305025216,1977.1518872289976,1979.8186534577071,3364030,HINDUNILVR.NS
2021-02-22,1993.3363037109373,2027.7294480818248,1987.8186725596945,2027.7294480818248,2678023,HINDUNILVR.NS
2021-02-23,2004.050048828125,2016.0969692583928,1995.7275751349275,2009.3377798276715,2062144,HINDUNILVR.NS
2021-02-24,2003.68212890625,2012.556230384209,1982.255280180045,2012.556230384209,924143,HINDUNILVR.NS
2021-02-25,1989.38232421875,2009.3377156685503,1986.347581622,2001.9808727736545,2099460,HINDUNILVR.NS
2021-02-26,1960.644775390625,2006.9467734564555,1949.563485206536,1984.5084910734456,3413194,HINDUNILVR.NS
2021-03-01,1971.082275390625,1980.8301831817923,1956.9204409521144,1963.5415554361837,1229276,HINDUNILVR.NS
2021-03-02,2002.85498046875,2008.3265889103136,1968.461820681988,1988.1873159865447,2095135,HINDUNILVR.NS
2021-03-03,2017.1546630859373,2027.7301263298343,1998.762553096551,2027.7301263298343,2031893,HINDUNILVR.NS
2021-03-04,2020.2808837890625,2026.3503688447252,1999.2220112858784,2009.337670036635,2290915,HINDUNILVR.NS
2021-03-05,2024.1434326171875,2032.2818052847235,2000.371544433126,2008.969944290261,2129837,HINDUNILVR.NS
2021-03-08,1999.7279052734373,2037.937553357579,1994.6240505595797,2032.3278707868467,1440724,HINDUNILVR.NS
2021-03-09,2021.7523193359373,2027.7297539848728,1988.2327499379755,2001.0611993973164,1711842,HINDUNILVR.NS
2021-03-10,2048.742919921875,2057.0651689366077,2016.8784590414944,2032.787676896058,2696085,HINDUNILVR.NS
2021-03-12,2027.499755859375,2059.8237918817968,2023.1316307475336,2056.237421068857,2038930,HINDUNILVR.NS
2021-03-15,2033.1099853515625,2039.1792471702176,2007.7748079784956,2028.7418590635532,1632022,HINDUNILVR.NS
2021-03-16,2063.640625,2066.813218853807,2036.2823632598884,2042.7656264908264,2633605,HINDUNILVR.NS
2021-03-17,2047.3179931640625,2080.147868197183,2040.8347287783367,2072.7910233936564,3703365,HINDUNILVR.NS
2021-03-18,2037.1099853515625,2069.020250150026,2027.7300544918976,2058.07703489926,2597091,HINDUNILVR.NS
2021-03-19,2126.173828125,2138.312575176948,2015.315346091939,2026.902464581055,5382214,HINDUNILVR.NS
2021-03-22,2164.014892578125,2167.0496346138543,2116.931151657582,2124.380043516828,2471516,HINDUNILVR.NS
2021-03-23,2149.3935546875,2182.1773944693514,2145.8069592394504,2173.027366457755,1970612,HINDUNILVR.NS
2021-03-24,2132.197509765625,2161.9005893049643,2129.3926679463884,2149.394088581314,1762743,HINDUNILVR.NS
2021-03-25,2057.203369140625,2135.32380540474,2051.68573656852,2132.1972367524318,2495833,HINDUNILVR.NS
2021-03-26,2131.55322265625,2138.0825106660777,2068.0086255416927,2073.7101340008626,1929236,HINDUNILVR.NS
2021-03-30,2205.903564453125,2212.570703939226,2138.0826627841648,2138.0826627841648,3327203,HINDUNILVR.NS
2021-03-31,2236.0205078125,2242.5497958926344,2190.1780892742186,2194.17846252956,2709756,HINDUNILVR.NS
2021-04-01,2206.22509765625,2250.09022422399,2199.741835586649,2250.09022422399,1532653,HINDUNILVR.NS
2021-04-05,2182.40771484375,2222.8703566054387,2157.854293040973,2207.0531870012087,2545447,HINDUNILVR.NS
2021-04-06,2214.68603515625,2217.168925176065,2186.2242890036173,2190.7762914587893,3683538,HINDUNILVR.NS
2021-04-07,2211.880859375,2239.2391196666144,2195.420012735847,2222.686222683453,1713970,HINDUNILVR.NS
2021-04-08,2216.1572265625,2242.917836682386,2203.0070473928945,2212.5708548822554,1814515,HINDUNILVR.NS
2021-04-09,2276.94287109375,2283.380108612997,2229.1233923793416,2229.1233923793416,2604858,HINDUNILVR.NS
2021-04-12,2264.068603515625,2288.208246424758,2241.6303204834026,2245.216691910397,2261945,HINDUNILVR.NS
2021-04-13,2257.07958984375,2304.4392718442077,2251.929933887456,2271.42552507047,1811781,HINDUNILVR.NS
2021-04-15,2262.8271484375,2296.2548976457765,2226.456931090842,2296.2548976457765,3352379,HINDUNILVR.NS
2021-04-16,2261.2177734375,2279.655907793938,2243.8373200667934,2271.333433486981,1225517,HINDUNILVR.NS
2021-04-19,2240.7568359375,2261.953789357289,2219.973884637187,2243.837604420933,1746316,HINDUNILVR.NS
2021-04-20,2204.7080078125,2258.5509509972294,2192.155483415311,2258.5509509972294,1589508,HINDUNILVR.NS
2021-04-22,2160.521484375,2197.857564608316,2144.520435425353,2197.857564608316,1721265,HINDUNILVR.NS
2021-04-23,2122.2197265625,2161.073061389611,2115.0927834877043,2151.8770058092296,1949756,HINDUNILVR.NS
2021-04-26,2170.86669921875,2179.2812245052746,2125.208374572432,2137.163246432857,1946867,HINDUNILVR.NS
2021-04-27,2188.5224609375,2194.5917203719773,2163.784947074109,2173.027023966066,1668456,HINDUNILVR.NS
2021-04-28,2213.07666015625,2248.435446716313,2176.062538794152,2188.661089237148,1951215,HINDUNILVR.NS
2021-04-29,2214.041748046875,2252.0672914285765,2192.476824755722,2237.3996322071725,3151150,HINDUNILVR.NS
2021-04-30,2164.521484375,2246.504226362458,2142.910754738117,2216.249294676049,4010778,HINDUNILVR.NS
2021-05-03,2214.40966796875,2220.846905375636,2151.8765045875725,2154.635320619095,1692239,HINDUNILVR.NS
2021-05-04,2214.088134765625,2223.7900178794494,2181.488164067533,2215.5135682205964,1453111,HINDUNILVR.NS
2021-05-05,2202.133056640625,2238.3196201737965,2178.2233154226637,2238.3196201737965,1256857,HINDUNILVR.NS
2021-05-06,2197.856689453125,2222.2722553201547,2185.9478455990675,2207.052742547071,1377740,HINDUNILVR.NS
2021-05-07,2217.35302734375,2229.124024189282,2204.432523472543,2215.1460636596903,1169518,HINDUNILVR.NS
2021-05-10,2237.30859375,2250.229098599167,2221.7673473917826,2228.204587222802,988495,HINDUNILVR.NS
2021-05-11,2208.984375,2230.9628557855767,2201.765382301985,2230.0432503215266,1019077,HINDUNILVR.NS
2021-05-12,2141.71484375,2196.937190146235,2138.1284726755243,2196.937190146235,2053932,HINDUNILVR.NS
2021-05-14,2185.7646484375,2190.868279879648,2139.002614123168,2141.669380543625,1388970,HINDUNILVR.NS
2021-05-17,2185.212646484375,2202.455250217813,2176.246492542987,2193.2591948933127,811243,HINDUNILVR.NS
2021-05-18,2183.373046875,2214.731679756315,2176.659882780149,2208.9841462013105,1153722,HINDUNILVR.NS
2021-05-19,2170.038818359375,2188.660827500927,2155.555033471501,2170.2687197068017,1323590,HINDUNILVR.NS
2021-05-20,2155.69287109375,2172.107917003328,2151.8765985553714,2170.268706235332,856235,HINDUNILVR.NS
2021-05-21,2172.337646484375,2175.924017393017,2151.8764283092128,2151.8764283092128,771492,HINDUNILVR.NS
2021-05-24,2148.704345703125,2170.223025296683,2138.312758313064,2165.6710228264765,1194864,HINDUNILVR.NS
2021-05-25,2155.601318359375,2179.281159997357,2150.0376601787125,2165.670953687283,1098457,HINDUNILVR.NS
2021-05-26,2164.75146484375,2179.6490298521244,2156.704916280716,2166.360774556357,811095,HINDUNILVR.NS
2021-05-27,2139.369873046875,2163.831466038069,2136.1512542066143,2163.831466038069,3755182,HINDUNILVR.NS
2021-05-28,2135.048095703125,2161.072976880512,2132.8871574340847,2145.76163474316,1215325,HINDUNILVR.NS
2021-05-31,2151.9228515625,2156.474853792628,2133.622567775573,2138.0827441653987,1178704,HINDUNILVR.NS
2021-06-01,2168.70556640625,2173.0276670962567,2143.2325404757803,2158.3139799724563,1141451,HINDUNILVR.NS
2021-06-02,2169.165283203125,2182.821288816127,2161.072710702991,2166.59034315585,1113091,HINDUNILVR.NS
2021-06-03,2173.2578125,2180.430780680939,2156.475011239818,2178.545544403893,868532,HINDUNILVR.NS
2021-06-04,2153.761962890625,2179.46489000303,2146.313069030966,2179.46489000303,1283795,HINDUNILVR.NS
2021-06-07,2151.23291015625,2164.7510643385103,2143.600140600284,2164.7510643385103,1128300,HINDUNILVR.NS
2021-06-08,2169.348876953125,2172.107692820382,2147.416201003228,2151.232697660739,1106664,HINDUNILVR.NS
2021-06-09,2166.5908203125,2181.2584849107247,2157.02701175982,2172.1084539805283,1072858,HINDUNILVR.NS
2021-06-10,2187.557373046875,2207.0069374749924,2165.9006209482877,2173.94716820794,1944339,HINDUNILVR.NS
2021-06-11,2176.24609375,2196.523436927352,2170.2686588844285,2189.580371527044,1128097,HINDUNILVR.NS
2021-06-14,2190.23291015625,2199.9586331566998,2164.2976488217178,2184.489921379292,1761632,HINDUNILVR.NS
2021-06-15,2215.565673828125,2218.3908096482883,2185.97173727347,2185.97173727347,1215463,HINDUNILVR.NS
2021-06-16,2230.339599609375,2240.482319497836,2207.8778123739994,2209.1283528400472,2153668,HINDUNILVR.NS
2021-06-17,2239.417236328125,2247.0125179437964,2210.425272784576,2221.169971944579,1555777,HINDUNILVR.NS
2021-06-18,2299.80859375,2312.591014361936,2227.6531014189045,2241.5469877063406,3937751,HINDUNILVR.NS
2021-06-21,2328.939697265625,2342.50930285127,2285.081237696356,2291.518693320903,2506277,HINDUNILVR.NS
2021-06-22,2306.616943359375,2347.0944246552385,2298.6510238860487,2332.413352205121,1945883,HINDUNILVR.NS
2021-06-23,2297.58642578125,2328.616115466262,2276.930796076852,2311.017186988195,1035668,HINDUNILVR.NS
2021-06-24,2306.5244140625,2320.094247952419,2291.658133796476,2306.3855656280107,759681,HINDUNILVR.NS
2021-06-25,2268.084716796875,2306.339270647295,2264.703960848163,2304.533110261853,1112942,HINDUNILVR.NS
2021-06-28,2278.783203125,2283.2292932236933,2257.571954507064,2269.4281193910674,694906,HINDUNILVR.NS
2021-06-29,2308.747802734375,2313.3327413184898,2264.704125134617,2273.9667186934503,1354397,HINDUNILVR.NS
2021-06-30,2289.064453125,2320.2793435775648,2281.376456379857,2308.7474615286023,1447245,HINDUNILVR.NS
2021-07-01,2295.270751953125,2300.828308253253,2281.3768612028034,2300.828308253253,735043,HINDUNILVR.NS
2021-07-02,2303.884765625,2308.886475310765,2271.1877676254007,2295.270509043941,860231,HINDUNILVR.NS
2021-07-05,2314.7685546875,2328.0602411416858,2301.80092333461,2314.7221964908736,761700,HINDUNILVR.NS
2021-07-06,2290.176025390625,2313.749278382006,2286.9341179734897,2306.385562476302,461782,HINDUNILVR.NS
2021-07-07,2298.6513671875,2307.126775707618,2265.491464208337,2276.7454245704653,623145,HINDUNILVR.NS
2021-07-08,2267.06640625,2287.6293212131677,2258.637354635731,2280.6360170018866,1114426,HINDUNILVR.NS
2021-07-09,2270.6787109375,2282.766442133706,2258.6373379418665,2260.0730853342434,538094,HINDUNILVR.NS
2021-07-12,2263.91650390625,2278.5050874061126,2250.810025693126,2272.113988899275,543898,HINDUNILVR.NS
2021-07-13,2257.01611328125,2274.4761924865784,2250.810220862757,2273.966704616489,994396,HINDUNILVR.NS
2021-07-14,2236.77734375,2261.323215010044,2231.3586364319244,2259.88746787865,1377829,HINDUNILVR.NS
2021-07-15,2234.461669921875,2246.178759386968,2223.9485366136537,2246.178759386968,693792,HINDUNILVR.NS
2021-07-16,2239.139404296875,2250.810363302352,2228.5801374919583,2241.547769214688,545405,HINDUNILVR.NS
2021-07-19,2231.03466796875,2238.7690246031,2221.6332252836305,2223.068972616286,463873,HINDUNILVR.NS
2021-07-20,2255.3486328125,2278.597831220202,2225.801052204124,2225.801052204124,1061476,HINDUNILVR.NS
2021-07-22,2202.783203125,2323.05804944963,2200.328706725517,2269.335016408131,3546044,HINDUNILVR.NS
2021-07-23,2184.212158203125,2215.380693370321,2181.062740882705,2206.349665143976,1517589,HINDUNILVR.NS
2021-07-26,2175.505126953125,2185.971902050617,2165.5941978789588,2183.42468902916,1311535,HINDUNILVR.NS
2021-07-27,2169.669921875,2185.462689827162,2160.03691459768,2175.505401305754,1656945,HINDUNILVR.NS
2021-07-28,2187.268310546875,2193.798482913809,2170.317948669398,2176.709046478529,912373,HINDUNILVR.NS
2021-07-29,2162.583984375,2196.531298578877,2158.1842525297143,2187.26870522038,1012663,HINDUNILVR.NS
2021-07-30,2161.2412109375,2182.776743060569,2147.069396183839,2167.4471039992163,1708251,HINDUNILVR.NS
2021-08-02,2160.777587890625,2179.858392442542,2153.182307393745,2169.2991276221856,1229936,HINDUNILVR.NS
2021-08-03,2210.84228515625,2216.5386898716088,2154.57202798546,2158.184349101901,1733476,HINDUNILVR.NS
2021-08-04,2201.810791015625,2218.159175115713,2192.964970603929,2210.84181803614,1588974,HINDUNILVR.NS
2021-08-05,2183.841552734375,2214.686033306552,2180.41443847914,2214.686033306552,921757,HINDUNILVR.NS
2021-08-06,2196.6240234375,2205.1919223271466,2183.6563926856024,2183.84159932598,1432661,HINDUNILVR.NS
2021-08-09,2208.665283203125,2218.391005775418,2199.72697148455,2203.9876285479936,921476,HINDUNILVR.NS
2021-08-10,2206.164306640625,2217.464624159466,2185.1382670859966,2217.464624159466,1061370,HINDUNILVR.NS
2021-08-11,2214.1767578125,2218.3912833486684,2188.009929522479,2213.759986306187,1300594,HINDUNILVR.NS
2021-08-12,2215.89013671875,2235.5267883685665,2202.1350958567505,2218.3909915652443,1226064,HINDUNILVR.NS
2021-08-13,2227.1904296875,2231.960574505061,2211.9071516297568,2223.948522220706,1033159,HINDUNILVR.NS
2021-08-16,2247.475341796875,2257.154931817926,2216.2140922755675,2226.727225162182,1146309,HINDUNILVR.NS
2021-08-17,2300.642822265625,2304.023578149369,2251.782645726145,2253.588806076878,1921902,HINDUNILVR.NS
2021-08-18,2302.726806640625,2315.6480776866147,2273.040153057181,2301.754189220495,1545643,HINDUNILVR.NS
2021-08-20,2426.243408203125,2436.061846785861,2293.4179211565743,2306.3855507592366,5779927,HINDUNILVR.NS
2021-08-23,2439.90576171875,2475.752176320514,2403.1796721769115,2431.4305798667924,2163220,HINDUNILVR.NS
2021-08-24,2438.8408203125,2461.997303604491,2417.5368556838685,2439.76707964418,1482854,HINDUNILVR.NS
2021-08-25,2449.955810546875,2469.8240269965845,2427.401306486265,2437.914439833412,1746570,HINDUNILVR.NS
2021-08-26,2469.77783203125,2498.8625112053965,2436.988341607171,2436.988341607171,2117291,HINDUNILVR.NS
2021-08-27,2480.47607421875,2491.637544132798,2455.6061474254425,2472.186098620981,1176229,HINDUNILVR.NS
2021-08-30,2489.507080078125,2506.2261057021647,2474.594441002512,2493.119627037453,1168190,HINDUNILVR.NS
2021-08-31,2523.22314453125,2535.5885709690333,2478.34569884754,2489.692375699503,2535891,HINDUNILVR.NS
2021-09-01,2531.3740234375,2570.369631545875,2514.794071944883,2542.581851745379,1775792,HINDUNILVR.NS
2021-09-02,2594.498779296875,2602.788755193561,2528.826856161249,2545.360675897476,1946183,HINDUNILVR.NS
2021-09-03,2562.681884765625,2601.631138492869,2552.770954227449,2595.5640940816897,1561823,HINDUNILVR.NS
2021-09-06,2575.556396484375,2616.682214102347,2570.647177545462,2584.263142423203,1444978,HINDUNILVR.NS
2021-09-07,2572.870361328125,2601.584399058342,2565.7382100871555,2582.966723180294,1219915,HINDUNILVR.NS
2021-09-08,2594.359619140625,2602.7886693433315,2561.1997166476253,2583.244507385422,946711,HINDUNILVR.NS
2021-09-09,2603.390625,2615.431995964337,2576.85338636822,2576.85338636822,879454,HINDUNILVR.NS
2021-09-13,2580.88232421875,2614.320144514101,2570.3691922028515,2591.2100234909826,1341412,HINDUNILVR.NS
2021-09-14,2558.837646484375,2597.23104882238,2548.18566465076,2595.378530242621,1755061,HINDUNILVR.NS
2021-09-15,2570.786376953125,2579.632198660778,2546.3332214316038,2569.443346170556,1362350,HINDUNILVR.NS
2021-09-16,2564.117431640625,2591.0253108387487,2549.0657172852884,2549.0657172852884,1259196,HINDUNILVR.NS
2021-09-17,2521.50927734375,2577.7795275406947,2499.9737494905985,2565.830873509436,3095032,HINDUNILVR.NS
2021-09-20,2593.850341796875,2601.862394350456,2510.2090811155267,2519.425315996169,2671330,HINDUNILVR.NS
2021-09-21,2605.05810546875,2648.4534471673865,2590.423162276478,2602.7888152523547,2277437,HINDUNILVR.NS
2021-09-22,2579.169189453125,2630.483867572612,2569.443466167344,2619.368755246005,1580594,HINDUNILVR.NS
2021-09-23,2577.131103515625,2609.920589836455,2568.377999010595,2592.599587445084,1054473,HINDUNILVR.NS
2021-09-24,2544.1103515625,2575.001193748279,2529.9848953737733,2565.831315923406,1635284,HINDUNILVR.NS
2021-09-27,2509.699951171875,2561.107350060983,2505.068653974658,2561.107350060983,1465932,HINDUNILVR.NS
2021-09-28,2522.991455078125,2551.3348536421627,2510.069957085121,2524.0565628055847,1078052,HINDUNILVR.NS
2021-09-29,2487.28466796875,2542.0728266609835,2479.596668930208,2514.7481715495005,1503894,HINDUNILVR.NS
2021-09-30,2502.567626953125,2505.80953476867,2484.181287887088,2487.284347251269,1620199,HINDUNILVR.NS
2021-10-01,2504.651611328125,2512.0153278470725,2482.467745382351,2506.4577718120127,956111,HINDUNILVR.NS
2021-10-04,2488.11767578125,2523.130322398871,2482.0969903570235,2500.9000992940355,1025005,HINDUNILVR.NS
2021-10-05,2508.912353515625,2514.7478327774365,2487.9326692282666,2488.117875874863,562784,HINDUNILVR.NS
2021-10-06,2487.978759765625,2532.392846576655,2478.669808865812,2495.3888339326377,862471,HINDUNILVR.NS
2021-10-07,2472.556396484375,2504.8366223892344,2469.4072054320786,2499.0475019713986,1082816,HINDUNILVR.NS
2021-10-08,2445.370849609375,2481.0318317758874,2431.801015518048,2473.575399368113,1579941,HINDUNILVR.NS
2021-10-11,2450.048583984375,2468.9441833966657,2441.156404180046,2447.362296310919,1086252,HINDUNILVR.NS
2021-10-12,2478.808837890625,2489.8314596996006,2431.4307631886486,2431.4307631886486,1174337,HINDUNILVR.NS
2021-10-13,2451.576904296875,2494.972244762773,2447.733018496922,2489.877818400769,1660007,HINDUNILVR.NS
2021-10-14,2454.169677734375,2479.3638783237902,2426.798677952117,2451.576107202201,2158809,HINDUNILVR.NS
2021-10-18,2458.292236328125,2481.3560029509467,2448.1497419973066,2475.705956779055,1758177,HINDUNILVR.NS
2021-10-19,2358.99755859375,2530.5407595871543,2334.6368903877824,2473.0199586012523,5431133,HINDUNILVR.NS
2021-10-20,2295.87255859375,2393.4540677957752,2287.860505981256,2379.5601780833385,4864654,HINDUNILVR.NS
2021-10-21,2265.3984375,2320.279295078197,2248.957336706532,2318.7971899037857,3254632,HINDUNILVR.NS
2021-10-22,2273.133056640625,2314.027314605441,2250.810116878303,2277.6716367916656,1845622,HINDUNILVR.NS
2021-10-25,2274.754150390625,2281.8863022686014,2232.2850680802235,2273.133196503015,1560381,HINDUNILVR.NS
2021-10-26,2271.026123046875,2300.894986853421,2252.57343768493,2300.894986853421,1595060,HINDUNILVR.NS
2021-10-27,2233.51513671875,2288.1273600782697,2228.4358188382043,2287.941015276972,3083879,HINDUNILVR.NS
2021-10-28,2227.037841796875,2251.594855172749,2206.861182553423,2236.683630966307,2015791,HINDUNILVR.NS
2021-10-29,2230.2998046875,2238.547667077929,2211.5210715969715,2236.683763941311,2453400,HINDUNILVR.NS
2021-11-01,2243.301025390625,2246.8422598245616,2207.094610878137,2230.1604154254755,1941114,HINDUNILVR.NS
2021-11-02,2254.2978515625,2262.778702951025,2238.547959014976,2250.663330983,1350154,HINDUNILVR.NS
2021-11-03,2247.261474609375,2268.370086332844,2223.8227564696685,2268.370086332844,1591607,HINDUNILVR.NS
2021-11-04,2257.978515625,2264.641877050712,2255.322363153384,2263.7099256609786,245719,HINDUNILVR.NS
2021-11-08,2266.412841796875,2282.349304019993,2236.776965073115,2282.349304019993,2555533,HINDUNILVR.NS
2021-11-09,2265.7138671875,2279.7397831949247,2252.014225225897,2273.775384424244,1696949,HINDUNILVR.NS
2021-11-10,2236.822998046875,2255.3223238213272,2232.9554908578098,2246.9814045341204,1794509,HINDUNILVR.NS
2021-11-11,2214.5029296875,2243.160435994706,2205.183415441254,2239.199642440052,1282647,HINDUNILVR.NS
2021-11-12,2241.296630859375,2249.3581475501583,2214.503026233296,2225.5000990287467,1651974,HINDUNILVR.NS
2021-11-15,2259.749755859375,2264.642502005684,2240.505045361464,2240.505045361464,1007999,HINDUNILVR.NS
2021-11-16,2242.880859375,2268.975499896391,2236.776759417656,2268.975499896391,1245209,HINDUNILVR.NS
2021-11-17,2228.43603515625,2246.0500573696754,2224.7548717461746,2240.411704537913,956809,HINDUNILVR.NS
2021-11-18,2236.12451171875,2242.6017571684697,2208.7252265021507,2227.3642579494262,1236943,HINDUNILVR.NS
2021-11-22,2226.01318359375,2245.9102150237145,2215.388798150552,2245.44423919359,1629290,HINDUNILVR.NS
2021-11-23,2231.2783203125,2236.6836847226928,2177.5047622310717,2225.313921497465,1932539,HINDUNILVR.NS
2021-11-24,2213.15185546875,2242.2753402496314,2205.929231243092,2242.2753402496314,999070,HINDUNILVR.NS
2021-11-25,2189.20068359375,2224.568196980391,2181.698428626349,2224.568196980391,1363272,HINDUNILVR.NS
2021-11-26,2176.2001953125,2204.0654561574647,2166.973738282009,2184.4944732486665,2450902,HINDUNILVR.NS
2021-11-29,2170.887939453125,2182.8636083774177,2129.229748948553,2175.5476973960804,1724612,HINDUNILVR.NS
2021-11-30,2159.844482421875,2200.3377340552224,2145.3525894939103,2163.9916215485923,3931035,HINDUNILVR.NS
2021-12-01,2185.28662109375,2196.3767532135435,2165.156377173381,2180.766565193462,1263139,HINDUNILVR.NS
2021-12-02,2221.1201171875,2225.5002438537936,2185.4263282400107,2196.6097465508337,1673117,HINDUNILVR.NS
2021-12-03,2184.16796875,2227.2707241801795,2178.809247804626,2221.119981002688,1890178,HINDUNILVR.NS
2021-12-06,2149.546142578125,2203.086710942662,2144.4204093094586,2184.4943239553977,1079171,HINDUNILVR.NS
2021-12-07,2163.618896484375,2182.304343791381,2154.672070233753,2169.49000946365,895313,HINDUNILVR.NS
2021-12-08,2181.325927734375,2184.913804749343,2160.496719210548,2160.496719210548,839769,HINDUNILVR.NS
2021-12-09,2180.533447265625,2188.781308768358,2163.5719760533693,2181.698386600632,716666,HINDUNILVR.NS
2021-12-10,2174.056396484375,2187.29006162018,2162.1273723727386,2187.29006162018,724539,HINDUNILVR.NS
2021-12-13,2147.542724609375,2191.9501265969234,2144.4205957906124,2191.9501265969234,1804894,HINDUNILVR.NS
2021-12-14,2160.543212890625,2166.7405993688926,2147.216260904738,2148.1482124068675,1219031,HINDUNILVR.NS
2021-12-15,2163.012939453125,2166.601043989555,2143.9545754528085,2158.399824711456,755122,HINDUNILVR.NS
2021-12-16,2152.341796875,2167.066674764344,2147.1694210068595,2163.0125950908064,926493,HINDUNILVR.NS
2021-12-17,2078.48486328125,2151.8294018987663,2074.5240693483074,2146.2843358980917,2439222,HINDUNILVR.NS
2021-12-20,2114.69140625,2119.584152010436,2051.365114814565,2074.5242024248582,2175705,HINDUNILVR.NS
2021-12-21,2118.18603515625,2146.004650617717,2099.453719195488,2134.1689121996083,1591415,HINDUNILVR.NS
2021-12-22,2122.659423828125,2159.7044991096,2114.5981336771406,2143.488632638794,1661605,HINDUNILVR.NS
2021-12-23,2144.094482421875,2148.148563128922,2119.817323849536,2142.510210115041,1423081,HINDUNILVR.NS
2021-12-24,2140.646240234375,2155.604109325939,2127.9251915598893,2152.8082544500303,895503,HINDUNILVR.NS
2021-12-27,2144.79296875,2151.0372254656045,2123.2183837665043,2140.645830316997,584302,HINDUNILVR.NS
2021-12-28,2151.969482421875,2160.63645008616,2141.391740987647,2152.808147832212,783710,HINDUNILVR.NS
2021-12-29,2149.872802734375,2163.8520777959748,2142.60353419689,2157.3748316622896,1410236,HINDUNILVR.NS
2021-12-30,2167.3466796875,2171.4471756176845,2140.366499496552,2150.944240912281,963711,HINDUNILVR.NS
2021-12-31,2199.545166015625,2209.051253010245,2171.446920268529,2180.7664349477936,1123597,HINDUNILVR.NS
2022-01-03,2200.617431640625,2216.180978371848,2192.8821875983845,2216.180978371848,879278,HINDUNILVR.NS
2022-01-04,2237.8486328125,2244.23259186494,2195.07214818733,2207.746552600195,1484275,HINDUNILVR.NS
2022-01-05,2251.40869140625,2255.322842569724,2229.22819811024,2240.225272352185,1202512,HINDUNILVR.NS
2022-01-06,2228.668701171875,2247.8669928681206,2206.5814963742614,2234.8196720139936,1198901,HINDUNILVR.NS
2022-01-07,2251.73486328125,2257.093585209599,2225.5005156342363,2225.5005156342363,1026186,HINDUNILVR.NS
2022-01-10,2243.254150390625,2259.9826361507035,2238.547749292367,2259.9826361507035,919447,HINDUNILVR.NS
2022-01-11,2240.0849609375,2253.738185886433,2229.2278178023125,2252.666305226936,1321335,HINDUNILVR.NS
2022-01-12,2248.9384765625,2251.5946291184914,2235.285479280092,2243.393411122885,1487554,HINDUNILVR.NS
2022-01-13,2249.917236328125,2257.0932172786997,2239.7124130422185,2253.458697487188,1586299,HINDUNILVR.NS
2022-01-14,2202.85400390625,2256.254877364186,2200.1514352127488,2255.3229257419785,1596037,HINDUNILVR.NS
2022-01-17,2226.944580078125,2231.278063207045,2185.426098459101,2203.133175589473,912205,HINDUNILVR.NS
2022-01-18,2208.259033203125,2244.791485735901,2196.9823292773794,2244.791485735901,1667579,HINDUNILVR.NS
2022-01-19,2152.71484375,2207.4205830125657,2148.195015145087,2203.1335147732616,2145255,HINDUNILVR.NS
2022-01-20,2107.88818359375,2167.3000983532907,2090.367447931761,2166.7874794656022,2829711,HINDUNILVR.NS
2022-01-21,2167.159912109375,2175.501059998497,2096.8908605059737,2110.6837881160795,4596050,HINDUNILVR.NS
2022-01-24,2129.13671875,2185.3798613564986,2112.454648575012,2179.741508664749,2231103,HINDUNILVR.NS
2022-01-25,2168.88427734375,2174.895319426171,2088.410168780537,2128.1113964182846,1843543,HINDUNILVR.NS
2022-01-27,2139.15478515625,2167.3463156408807,2120.1894827284355,2152.807782462719,2620474,HINDUNILVR.NS
2022-01-28,2128.15771484375,2160.915716310477,2123.031982023641,2138.4558235605014,1967721,HINDUNILVR.NS
2022-01-31,2119.02490234375,2154.532348507718,2116.462035501993,2134.1691154995874,1639875,HINDUNILVR.NS
2022-02-01,2148.753662109375,2162.127255758241,2123.357986368249,2146.5637128278354,1270508,HINDUNILVR.NS
2022-02-02,2169.489990234375,2174.2430342992475,2140.273444742455,2165.9487562551662,1246111,HINDUNILVR.NS
2022-02-03,2141.764404296875,2173.2644127905533,2134.1690900310223,2170.5152011712885,1448039,HINDUNILVR.NS
2022-02-04,2149.63916015625,2155.370570175132,2127.6450164132857,2149.0798983132004,1014561,HINDUNILVR.NS
2022-02-07,2103.97412109375,2159.052326700844,2084.775826229328,2139.0620094559067,1207402,HINDUNILVR.NS
2022-02-08,2110.264404296875,2113.665936155022,2093.675622608205,2113.665936155022,1190660,HINDUNILVR.NS
2022-02-09,2122.659423828125,2125.17587511432,2102.1100735239675,2113.246849392447,1049611,HINDUNILVR.NS
2022-02-10,2127.784912109375,2129.509113343318,2102.342818947658,2124.8493559837048,1195100,HINDUNILVR.NS
2022-02-11,2104.346435546875,2123.917416568347,2095.9588722519584,2123.917416568347,2100036,HINDUNILVR.NS
2022-02-14,2076.90087890625,2084.0768610498017,2056.817275500017,2068.932646855477,1661501,HINDUNILVR.NS
2022-02-15,2134.262451171875,2147.356189136219,2071.3090750569004,2094.9805546971043,1533070,HINDUNILVR.NS
2022-02-16,2130.9072265625,2146.983390856488,2120.189783699841,2134.2623431651828,995668,HINDUNILVR.NS
2022-02-17,2150.52490234375,2155.603992921927,2121.121784647776,2126.7134940976384,869374,HINDUNILVR.NS
2022-02-18,2155.18505859375,2169.397322739216,2137.897308176924,2137.897308176924,890713,HINDUNILVR.NS
2022-02-21,2138.642578125,2147.2631304287875,2129.276419035436,2141.624777740861,737919,HINDUNILVR.NS
2022-02-22,2115.483154296875,2124.849311900827,2096.984054479328,2124.849311900827,902667,HINDUNILVR.NS
2022-02-23,2106.583251953125,2119.2112413168115,2098.987937617553,2115.5300780960574,1324411,HINDUNILVR.NS
2022-02-24,2023.6395263671875,2089.4353975138897,2013.29500056756,2050.293431994004,2997629,HINDUNILVR.NS
2022-02-25,2022.9873046875,2046.5657258136623,2015.0190729544968,2045.6337742081005,2193728,HINDUNILVR.NS
2022-02-28,2024.291748046875,2031.5607870208707,1975.7369885899864,2016.7428506173255,2334036,HINDUNILVR.NS
2022-03-02,2002.857177734375,2008.169256092091,1978.5797942227175,1984.078217385975,2034688,HINDUNILVR.NS
2022-03-03,1948.7108154296875,2020.4244462739816,1944.61031935886,2011.0582870932244,2372998,HINDUNILVR.NS
2022-03-04,1882.076171875,1936.5486949489505,1840.837315422676,1933.799483357576,6320118,HINDUNILVR.NS
2022-03-07,1811.6671142578125,1845.4038275857763,1795.8705814778143,1844.798036344232,2976453,HINDUNILVR.NS
2022-03-08,1816.3736572265625,1824.7612215749664,1772.152599584038,1793.587486252181,3211938,HINDUNILVR.NS
2022-03-09,1861.946044921875,1870.4734244506371,1818.2374939947017,1830.3528642775984,2879079,HINDUNILVR.NS
2022-03-10,1958.9156494140625,1970.14571186748,1909.5688569614315,1912.2714256309555,4879791,HINDUNILVR.NS
2022-03-11,1951.8792724609373,1966.604152736656,1929.1397452190097,1957.0982922511691,2481643,HINDUNILVR.NS
2022-03-14,1919.16796875,1952.4385952495188,1906.8661394143592,1952.4385952495188,1730325,HINDUNILVR.NS
2022-03-15,1899.5035400390625,1939.2047657492933,1887.2018254968248,1905.840855872102,2391023,HINDUNILVR.NS
2022-03-16,1931.143310546875,1938.4592212147568,1893.7721899619116,1919.820190241538,2808685,HINDUNILVR.NS
2022-03-17,1959.0086669921875,1972.661665253573,1940.6492682202409,1955.3275041272916,2995889,HINDUNILVR.NS
2022-03-21,1911.6190185546875,1967.2564818852331,1906.772915886816,1963.1559859802437,1674982,HINDUNILVR.NS
2022-03-22,1857.8453369140625,1913.9954154438203,1835.0125248978125,1913.9954154438203,5356303,HINDUNILVR.NS
2022-03-23,1843.9127197265625,1879.3268773775708,1840.8372342145824,1875.086452469176,3212162,HINDUNILVR.NS
2022-03-24,1832.1236572265625,1855.84177973442,1818.5637160592823,1835.94463600054,3054664,HINDUNILVR.NS
2022-03-25,1820.1014404296875,1842.468278407318,1812.645827770477,1840.5112028369997,2233647,HINDUNILVR.NS
2022-03-28,1840.6973876953125,1846.0095795115544,1799.8779801914295,1826.578299696128,1794533,HINDUNILVR.NS
2022-03-29,1851.8345947265625,1859.1037494290167,1839.7192231255085,1845.2642900066928,1249125,HINDUNILVR.NS
2022-03-30,1878.72119140625,1881.6102185185125,1859.2900239380176,1863.9031387008545,1476829,HINDUNILVR.NS
2022-03-31,1909.242431640625,1914.2284633911197,1880.6782079470688,1881.9829628559492,2540524,HINDUNILVR.NS
2022-04-01,1936.73486328125,1943.9110716476312,1899.689905980155,1915.066991526424,1714996,HINDUNILVR.NS
2022-04-04,1983.612060546875,1987.339866426369,1929.325887426742,1936.5951543971985,1693019,HINDUNILVR.NS
2022-04-05,1994.18994140625,2011.1514138489276,1982.260916244981,1998.5700681181768,1277652,HINDUNILVR.NS
2022-04-06,1996.2867431640625,2017.1157225379616,1976.9487496641832,1989.7164396261292,1736115,HINDUNILVR.NS
2022-04-07,2017.48876953125,2026.9946298762568,1989.809853883904,1994.3296824042984,1824732,HINDUNILVR.NS
2022-04-08,2034.497314453125,2044.2361647404823,2016.2776122252264,2029.5112815769912,1693462,HINDUNILVR.NS
2022-04-11,2015.85791015625,2044.7950522139768,1993.3511429881328,2039.1100565664008,1380107,HINDUNILVR.NS
2022-04-12,1987.1534423828125,2017.674851803864,1980.3967944957092,1995.2147312648187,1370233,HINDUNILVR.NS
2022-04-13,2005.699462890625,2017.6751314716864,1985.709147393732,1992.2328083268965,1071601,HINDUNILVR.NS
2022-04-18,2029.46435546875,2034.357101476611,1989.7633529498871,2001.8320809304937,1828131,HINDUNILVR.NS
2022-04-19,1969.26025390625,2056.6773541657226,1958.076835387611,2036.9664425102824,1775996,HINDUNILVR.NS
2022-04-20,2017.6282958984373,2021.076470842979,1950.294801976439,1970.51810343442,1511804,HINDUNILVR.NS
2022-04-21,2048.383056640625,2053.788421644904,2020.4711505960977,2036.314328437488,2244813,HINDUNILVR.NS
2022-04-22,1982.214599609375,2040.0422474230045,1975.7375808756367,2033.5185855993584,3520828,HINDUNILVR.NS
2022-04-25,1957.79736328125,2014.8793999352908,1907.70496376852,1957.0983995671188,2437310,HINDUNILVR.NS
2022-04-26,2002.1580810546875,2011.1046788714116,1976.6691167095207,1996.4264428562417,1447088,HINDUNILVR.NS
2022-04-27,1999.129150390625,2005.9322139674173,1960.3598789824648,2001.6453738051985,2214481,HINDUNILVR.NS
2022-04-28,2089.29541015625,2096.890723320953,2017.67485155105,2078.251694669211,5865359,HINDUNILVR.NS
2022-04-29,2082.77197265625,2134.1690086439226,2071.308923305249,2091.671927766584,2678692,HINDUNILVR.NS
2022-05-02,2078.7177734375,2098.75473023145,2055.791676048419,2068.932282910222,1543544,HINDUNILVR.NS
2022-05-04,2023.779052734375,2097.6828422352337,2002.437229742712,2089.388338486141,1608395,HINDUNILVR.NS
2022-05-05,2019.166259765625,2052.110609571397,2007.050889972488,2029.790416111793,1101451,HINDUNILVR.NS
2022-05-06,2002.950439453125,2022.335079266756,1962.8765185275624,1980.3972550423296,1585602,HINDUNILVR.NS
2022-05-09,1972.6151123046875,1993.817009583609,1966.5574273678528,1977.1351682299864,1341414,HINDUNILVR.NS
2022-05-10,2032.0272216796875,2048.33637503324,1974.8054832101243,1988.784757513169,2162232,HINDUNILVR.NS
2022-05-11,2016.2772216796875,2040.6943073080545,1972.009522105024,2036.3141804345355,1858636,HINDUNILVR.NS
2022-05-12,1993.2579345703125,2017.5353169048856,1965.6720788706627,2017.5353169048856,1531515,HINDUNILVR.NS
2022-05-13,2044.7947998046875,2067.0683488011728,2007.5631567664125,2022.334678493483,2057239,HINDUNILVR.NS
2022-05-16,2066.36962890625,2070.7497558016858,2024.478451130906,2050.293464243432,1396818,HINDUNILVR.NS
2022-05-17,2092.231201171875,2122.0536503645253,2070.1439952440146,2085.6142542463635,2055096,HINDUNILVR.NS
2022-05-18,2135.4736328125,2145.352409985793,2083.936895515336,2083.936895515336,2137455,HINDUNILVR.NS
2022-05-19,2110.45068359375,2128.3907488531613,2092.650320039763,2092.7902492723942,1734602,HINDUNILVR.NS
2022-05-20,2167.672607421875,2188.222184085362,2127.365703903267,2134.1689955517377,2599505,HINDUNILVR.NS
2022-05-23,2217.858154296875,2225.5001108471047,2149.406364315836,2151.87594470099,2363306,HINDUNILVR.NS
2022-05-24,2152.48193359375,2218.0448200199444,2145.3992379117158,2218.0448200199444,3078655,HINDUNILVR.NS
2022-05-25,2142.27734375,2171.400834598842,2130.9075784280667,2171.400834598842,1884260,HINDUNILVR.NS
2022-05-26,2125.035888671875,2139.760768735695,2104.3466096712536,2134.3087611319856,2299127,HINDUNILVR.NS
2022-05-27,2172.006103515625,2176.0133126608434,2125.3152456522207,2140.692444316225,1011303,HINDUNILVR.NS
2022-05-30,2189.107421875,2204.065288897061,2172.378938020739,2182.816749274554,939562,HINDUNILVR.NS
2022-05-31,2193.114990234375,2206.767989463334,2147.1230901219974,2199.4056632117813,3123979,HINDUNILVR.NS
2022-06-01,2151.36376953125,2249.544968174599,2145.3527268143075,2208.725439856607,2197599,HINDUNILVR.NS
2022-06-02,2129.322998046875,2149.965634363882,2103.5544005546167,2138.8288585795585,1460335,HINDUNILVR.NS
2022-06-03,2135.986572265625,2166.740977198737,2111.010222147828,2128.577602037192,1845303,HINDUNILVR.NS
2022-06-06,2125.315673828125,2145.3059906132307,2094.654556477287,2117.580429860595,2131405,HINDUNILVR.NS
2022-06-07,2061.104248046875,2106.0709127136256,2056.863822764561,2096.891098449515,2034730,HINDUNILVR.NS
2022-06-08,2047.5443115234373,2067.953960584815,2037.246200821703,2064.272797264443,1506843,HINDUNILVR.NS
2022-06-09,2048.14990234375,2058.0753229955944,2023.0338532527849,2047.497581755784,1497867,HINDUNILVR.NS
2022-06-10,2050.199951171875,2058.5410988636936,2015.6246880950491,2015.811032883909,1641981,HINDUNILVR.NS
2022-06-13,2047.4039306640625,2066.136244732734,2009.287209582217,2020.4706263331384,1519441,HINDUNILVR.NS
2022-06-14,2023.266845703125,2063.294119876604,2013.015378497812,2041.7661752617887,1592475,HINDUNILVR.NS
2022-06-15,2018.1429443359373,2029.754026849363,2003.523102910068,2029.5660368013548,1432377,HINDUNILVR.NS
2022-06-16,2018.2838134765625,2034.5489689786612,2007.3308112574407,2016.6855538166487,1353485,HINDUNILVR.NS
2022-06-17,1984.202392578125,2031.164327197499,1974.377559676475,2030.788347095803,3252189,HINDUNILVR.NS
2022-06-20,2064.54052734375,2071.121785294525,1982.039758032247,1984.719362012344,2022000,HINDUNILVR.NS
2022-06-21,2073.0966796875,2098.481536989796,2042.2116781552636,2063.69488068665,1606187,HINDUNILVR.NS
2022-06-22,2071.074951171875,2091.805730000221,2055.279886249657,2058.2413605005468,1741378,HINDUNILVR.NS
2022-06-23,2117.848876953125,2122.314730513193,2060.9680052933136,2075.9167706589064,1585753,HINDUNILVR.NS
2022-06-24,2166.080078125,2180.0888944056537,2124.853332973325,2129.507176922961,1930048,HINDUNILVR.NS
2022-06-27,2181.828125,2192.358322214852,2160.580199592781,2177.315445663441,1450391,HINDUNILVR.NS
2022-06-28,2179.007568359375,2184.9778017577837,2141.5885968634702,2181.828107690388,1404108,HINDUNILVR.NS
2022-06-29,2099.8447265625,2162.3196342609617,2091.9002524100065,2158.8410145799057,1682914,HINDUNILVR.NS
2022-06-30,2097.164794921875,2114.4640084679777,2080.993521499509,2091.8055873498342,2387212,HINDUNILVR.NS
2022-07-01,2145.819580078125,2155.832403701725,2071.7804166278365,2092.8403535281464,1235612,HINDUNILVR.NS
2022-07-04,2233.114990234375,2236.029639396416,2139.84920101813,2139.84920101813,2410245,HINDUNILVR.NS
2022-07-05,2257.841796875,2267.713684806371,2229.7305125801013,2241.8587402242088,2463079,HINDUNILVR.NS
2022-07-06,2348.94482421875,2359.0049304386744,2256.43123538249,2256.43123538249,4770394,HINDUNILVR.NS
2022-07-07,2325.017578125,2379.5950611316607,2318.013284559506,2355.1503864617976,3333262,HINDUNILVR.NS
2022-07-08,2347.488037109375,2354.0222408446275,2306.0730708063625,2328.308231372418,1346970,HINDUNILVR.NS
2022-07-11,2341.61181640625,2373.953908533825,2331.6458190748067,2338.227077435098,1587197,HINDUNILVR.NS
2022-07-12,2303.017578125,2341.612006550453,2298.2225691158487,2326.945109199244,1116476,HINDUNILVR.NS
2022-07-13,2348.333984375,2368.641958908877,2314.1583584470563,2316.6029176258635,2528792,HINDUNILVR.NS
2022-07-14,2348.381103515625,2371.979478303374,2320.5516901761675,2353.034947525601,1663307,HINDUNILVR.NS
2022-07-15,2414.85205078125,2419.92893037978,2352.377142912176,2378.6551249665417,2996964,HINDUNILVR.NS
2022-07-18,2400.7490234375,2449.168281204107,2381.522393202441,2426.6039669051056,1566888,HINDUNILVR.NS
2022-07-19,2414.334716796875,2420.963030418442,2371.8386349468446,2397.411480079387,1473121,HINDUNILVR.NS
2022-07-20,2448.6982421875,2461.390669244337,2383.919947022965,2420.9629386188567,4012897,HINDUNILVR.NS
2022-07-21,2451.4716796875,2472.57866948168,2436.6638484047844,2460.4504423407425,1990695,HINDUNILVR.NS
2022-07-22,2482.638671875,2485.0830014366134,2454.8563151138937,2460.4503385664325,1905780,HINDUNILVR.NS
2022-07-25,2466.65576171875,2495.237135205847,2455.749584460314,2487.2456070787757,1253821,HINDUNILVR.NS
2022-07-26,2394.732177734375,2467.9720959286383,2386.2705591197623,2467.9720959286383,1685576,HINDUNILVR.NS
2022-07-27,2427.496826171875,2435.535408168582,2373.953640465419,2383.6845917565984,1404133,HINDUNILVR.NS
2022-07-28,2463.364990234375,2467.9717790742206,2430.364590059756,2467.9717790742206,1442054,HINDUNILVR.NS
2022-07-29,2479.630126953125,2486.7755852886157,2440.7067748239115,2482.0746862616047,1463059,HINDUNILVR.NS
2022-08-01,2437.88623046875,2480.194321626133,2425.663893023284,2479.724231724384,1559918,HINDUNILVR.NS
2022-08-02,2477.6083984375,2481.2281818690262,2443.5268864582345,2444.467066099042,1359934,HINDUNILVR.NS
2022-08-03,2469.2412109375,2504.638887179492,2442.492913066802,2458.805123759822,1767904,HINDUNILVR.NS
2022-08-04,2470.74560546875,2485.318393229677,2458.570322246679,2476.433739502009,1189384,HINDUNILVR.NS
2022-08-05,2487.1513671875,2498.6685688858342,2470.3692967201387,2480.1941289964025,1176666,HINDUNILVR.NS
2022-08-08,2491.8056640625,2498.997947831553,2468.959248654791,2487.1515903501963,1024511,HINDUNILVR.NS
2022-08-10,2484.707275390625,2516.5792794894205,2473.8010976589776,2491.805678942235,1098949,HINDUNILVR.NS
2022-08-11,2457.34814453125,2508.1649137399977,2450.673005001465,2497.164854880746,810674,HINDUNILVR.NS
2022-08-12,2439.719482421875,2469.006220389173,2430.458849279328,2467.877821020509,1473527,HINDUNILVR.NS
2022-08-16,2486.305419921875,2489.92520387724,2435.5827668671755,2451.9418031702107,1584117,HINDUNILVR.NS
2022-08-17,2524.0537109375,2532.8444842395543,2486.3055822462884,2492.416751194899,1711381,HINDUNILVR.NS
2022-08-18,2521.609375,2552.5882546883545,2505.2501081322757,2524.382859608925,1465489,HINDUNILVR.NS
2022-08-19,2476.95068359375,2537.4981695694582,2469.382190462766,2528.1434266721417,1324508,HINDUNILVR.NS
2022-08-22,2469.570068359375,2507.27136761359,2463.365019819106,2489.5959426572986,1410895,HINDUNILVR.NS
2022-08-23,2437.651123046875,2472.3907199885966,2430.599774701353,2446.394840902538,1305045,HINDUNILVR.NS
2022-08-24,2433.42041015625,2453.8693211659665,2408.08261000775,2421.903207403652,1242489,HINDUNILVR.NS
2022-08-25,2420.210693359375,2471.1683904667857,2411.9841204557224,2445.595546890646,1106593,HINDUNILVR.NS
2022-08-26,2417.719482421875,2458.28815018264,2408.7407191579205,2444.37344282205,1048791,HINDUNILVR.NS
2022-08-29,2421.71533203125,2451.8949678496874,2397.458645708625,2397.458645708625,1450034,HINDUNILVR.NS
2022-08-30,2500.737060546875,2507.4592535704824,2430.92871799809,2433.843137339098,2227943,HINDUNILVR.NS
2022-09-01,2450.1083984375,2496.177205622242,2438.8262415759305,2491.476306929921,1702269,HINDUNILVR.NS
2022-09-02,2447.85205078125,2466.091445832684,2430.3646158892443,2458.5700079498542,937600,HINDUNILVR.NS
2022-09-05,2445.031494140625,2465.5272285963338,2431.398888075206,2441.64675530306,1274074,HINDUNILVR.NS
2022-09-06,2419.1767578125,2463.2710990303262,2409.6808499292847,2436.193874629951,1250776,HINDUNILVR.NS
2022-09-07,2411.185302734375,2441.552927852562,2407.612573445149,2417.9545516562225,1344964,HINDUNILVR.NS
2022-09-08,2422.984130859375,2440.706610814734,2409.6806793213264,2425.6637349391426,1004533,HINDUNILVR.NS
2022-09-09,2433.84326171875,2488.6557867987517,2428.907318053962,2442.586979260732,1785443,HINDUNILVR.NS
2022-09-12,2426.039794921875,2449.1683091567497,2420.022736187898,2436.005792332107,1595709,HINDUNILVR.NS
2022-09-13,2431.868896484375,2452.9288298863,2424.7234389715472,2442.5868532175573,1342130,HINDUNILVR.NS
2022-09-14,2417.578125,2450.1084362675592,2394.355731008593,2397.458370100643,1610054,HINDUNILVR.NS
2022-09-15,2407.236083984375,2443.339123264628,2398.3984863547657,2425.663698469344,1199906,HINDUNILVR.NS
2022-09-16,2376.91552734375,2410.4801306486484,2367.9838190266,2402.1594474019203,2516820,HINDUNILVR.NS
2022-09-19,2424.958984375,2433.185558422991,2358.018222028853,2379.5953046246486,1166725,HINDUNILVR.NS
2022-09-20,2429.00146484375,2464.6812408283668,2425.287800698982,2443.1512161388982,1253333,HINDUNILVR.NS
2022-09-21,2466.65576171875,2488.4208318033448,2425.663831511336,2427.5441910706472,1960049,HINDUNILVR.NS
2022-09-22,2531.669189453125,2539.660717857304,2463.31816300931,2466.185757343909,2620240,HINDUNILVR.NS
2022-09-23,2521.609375,2560.8148282531884,2514.0408814131347,2536.511087678643,1789791,HINDUNILVR.NS
2022-09-26,2501.395263671875,2565.7505212379992,2484.94211815276,2508.869646729059,2678551,HINDUNILVR.NS
2022-09-27,2518.9765625,2551.4127634540914,2494.6728244634487,2515.9209783521505,1898501,HINDUNILVR.NS
2022-09-28,2540.459716796875,2546.711820129236,2493.403675837528,2510.232801034754,1526197,HINDUNILVR.NS
2022-09-29,2539.00244140625,2563.870149608736,2530.117788775216,2548.9213835651585,2019666,HINDUNILVR.NS
2022-09-30,2535.147705078125,2552.493975996988,2508.305526629742,2545.066647598627,1340054,HINDUNILVR.NS
2022-10-03,2465.621337890625,2570.4513776140966,2460.967494141953,2560.109400601019,1683197,HINDUNILVR.NS
2022-10-04,2508.352294921875,2516.3908769763475,2476.574176292154,2491.476115818166,1327939,HINDUNILVR.NS
2022-10-06,2457.630126953125,2531.2462550869814,2449.2155632060862,2520.904276740966,1752351,HINDUNILVR.NS
2022-10-07,2444.185546875,2456.6899849751667,2420.963150138176,2455.655695310182,1025923,HINDUNILVR.NS
2022-10-10,2449.732666015625,2454.5274454448854,2389.937136789768,2416.262172128129,1043728,HINDUNILVR.NS
2022-10-11,2398.06982421875,2454.386739220872,2392.7578994783617,2453.869594356984,1129783,HINDUNILVR.NS
2022-10-12,2436.335205078125,2448.792588392129,2401.4073850836157,2410.1040489065995,882873,HINDUNILVR.NS
2022-10-13,2412.877197265625,2451.1895217396013,2409.586568169701,2428.4842727921514,753331,HINDUNILVR.NS
2022-10-14,2421.71533203125,2467.8780254877447,2416.450232994862,2435.0658401511137,1001536,HINDUNILVR.NS
2022-10-17,2435.582763671875,2453.822159504713,2414.3816638241474,2419.6467623821204,778918,HINDUNILVR.NS
2022-10-18,2446.58251953125,2483.9546610055,2441.6465763176698,2463.2707084914496,1123374,HINDUNILVR.NS
2022-10-19,2428.484375,2460.9205774535426,2424.1594561917627,2458.852227841982,1241979,HINDUNILVR.NS
2022-10-20,2445.31298828125,2453.8687143103075,2414.522106904368,2414.522106904368,1428125,HINDUNILVR.NS
2022-10-21,2495.14306640625,2507.2244685877413,2450.1085460353065,2450.1085460353065,2458302,HINDUNILVR.NS
2022-10-24,2419.1767578125,2482.07469520613,2397.458512415012,2453.9634107377374,719908,HINDUNILVR.NS
2022-10-25,2355.526123046875,2431.304698503759,2350.4492444931934,2431.304698503759,2923789,HINDUNILVR.NS
2022-10-27,2368.312744140625,2378.654721189274,2339.1671724580688,2344.8082508482407,1846329,HINDUNILVR.NS
2022-10-28,2373.248779296875,2398.3044782988304,2361.731577139249,2374.988203682049,1164951,HINDUNILVR.NS
2022-10-31,2398.116455078125,2418.1423297660617,2389.98399201212,2392.757476382048,1324443,HINDUNILVR.NS
2022-11-01,2415.248291015625,2438.01137519914,2411.2730873569844,2431.5278395219825,1280132,HINDUNILVR.NS
2022-11-02,2383.540771484375,2426.79522677603,2367.5449856731047,2426.79522677603,1338284,HINDUNILVR.NS
2022-11-03,2410.089599609375,2412.59770015868,2374.0756881563893,2381.0796063109324,730444,HINDUNILVR.NS
2022-11-04,2385.48095703125,2409.758280109352,2380.6537761370964,2408.764421563361,889055,HINDUNILVR.NS
2022-11-07,2397.264404296875,2415.4369242831526,2382.309850478329,2395.655421213009,1283685,HINDUNILVR.NS
2022-11-09,2374.54931640625,2408.717397090055,2359.26339542891,2375.685055875096,1436444,HINDUNILVR.NS
2022-11-10,2379.092041015625,2402.1862529874106,2367.2135718394065,2370.0056648859245,1459152,HINDUNILVR.NS
2022-11-11,2369.106689453125,2410.515536915884,2361.487415304746,2408.811812405041,1162847,HINDUNILVR.NS
2022-11-14,2326.278076171875,2379.234029540042,2323.7697445164235,2372.655984654207,2137131,HINDUNILVR.NS
2022-11-15,2325.994140625,2336.878752066378,2313.358434043023,2326.278133225659,1558333,HINDUNILVR.NS
2022-11-16,2345.255615234375,2350.129936486097,2298.1678325762264,2331.7207892802107,1330395,HINDUNILVR.NS
2022-11-17,2328.3603515625,2364.3268935785063,2322.9180458627097,2347.2427399056714,960476,HINDUNILVR.NS
2022-11-18,2350.7919921875,2355.38255101336,2317.8070269404766,2337.8251539456232,1075675,HINDUNILVR.NS
2022-11-21,2367.544921875,2377.577786813517,2337.872662584153,2350.792130977733,1354881,HINDUNILVR.NS
2022-11-22,2381.07958984375,2388.935485714857,2363.3803121354986,2371.8039621071234,921265,HINDUNILVR.NS
2022-11-23,2373.17626953125,2389.881686712873,2368.11246738836,2386.095735526001,734152,HINDUNILVR.NS
2022-11-24,2412.73974609375,2423.00923312555,2376.7732027895427,2382.310249912894,999929,HINDUNILVR.NS
2022-11-25,2401.66552734375,2418.6549378844725,2383.445636393777,2418.276435178303,783480,HINDUNILVR.NS
2022-11-28,2390.0712890625,2406.4455765656708,2386.853322511518,2391.7750135620254,830905,HINDUNILVR.NS
2022-11-29,2493.238037109375,2498.680341785981,2391.9638457360047,2391.9638457360047,2542932,HINDUNILVR.NS
2022-11-30,2540.704833984375,2553.624301120372,2482.637710095899,2493.049076779488,3698270,HINDUNILVR.NS
2022-12-01,2520.355712890625,2539.427354035937,2505.2119045922373,2536.587889979989,1675569,HINDUNILVR.NS
2022-12-02,2475.160888671875,2517.658107912561,2467.6361241275126,2517.658107912561,2101890,HINDUNILVR.NS
2022-12-05,2479.656494140625,2484.530814546321,2446.8131781312222,2460.8686163125462,1640511,HINDUNILVR.NS
2022-12-06,2512.49951171875,2517.610453969769,2464.512621202319,2467.3047143038234,1484562,HINDUNILVR.NS
2022-12-07,2562.474365234375,2574.2580945547784,2514.108736268077,2517.705436863666,2368561,HINDUNILVR.NS
2022-12-08,2560.67578125,2565.9762062069585,2542.030014827384,2550.832398988402,1314703,HINDUNILVR.NS
2022-12-09,2576.57666015625,2594.891293269608,2566.1652933597697,2578.8955092729643,1883397,HINDUNILVR.NS
2022-12-12,2571.84423828125,2578.233031586393,2544.7745919949284,2557.599549215296,1163204,HINDUNILVR.NS
2022-12-13,2565.2666015625,2574.447489408758,2553.43550096779,2571.608025266028,1265839,HINDUNILVR.NS
2022-12-14,2540.9892578125,2574.4477055336483,2528.4011505839044,2574.4477055336483,886858,HINDUNILVR.NS
2022-12-15,2520.734130859375,2539.663890595482,2506.7260624394216,2525.56131202255,990722,HINDUNILVR.NS
2022-12-16,2528.353271484375,2543.875581215562,2511.3164886240284,2525.2298150780803,1793864,HINDUNILVR.NS
2022-12-19,2572.64892578125,2574.4471604113696,2528.3532446001177,2528.3532446001177,1546941,HINDUNILVR.NS
2022-12-20,2531.429443359375,2561.243814378814,2511.2692034071883,2561.1964437651377,827567,HINDUNILVR.NS
2022-12-21,2523.526123046875,2550.9269029512657,2508.2878057158546,2544.112235934674,779092,HINDUNILVR.NS
2022-12-22,2503.791748046875,2544.6326066965603,2500.6209212915423,2533.274752398491,852567,HINDUNILVR.NS
2022-12-23,2480.839599609375,2507.767134935955,2468.4878859382347,2491.1562255903627,1189702,HINDUNILVR.NS
2022-12-26,2477.384765625,2496.69325788262,2467.25739107319,2480.6974733525367,605144,HINDUNILVR.NS
2022-12-27,2454.4794921875,2493.900616704745,2437.442711753922,2484.530479896727,870960,HINDUNILVR.NS
2022-12-28,2445.34619140625,2463.802705158389,2440.140508040262,2454.2430850922087,822651,HINDUNILVR.NS
2022-12-29,2430.62841796875,2445.0623591572944,2403.511399647527,2442.1755247043534,1345863,HINDUNILVR.NS
2022-12-30,2424.0029296875,2448.043630384934,2418.465882934276,2441.8914589151973,696432,HINDUNILVR.NS
2023-01-02,2421.494873046875,2441.986477453442,2402.2339803653995,2436.1654374484147,681703,HINDUNILVR.NS
2023-01-03,2406.01953125,2424.9019180028267,2399.346745564858,2413.591434194584,821843,HINDUNILVR.NS
2023-01-04,2400.38818359375,2421.494680028095,2391.822421426849,2414.01751764992,1672649,HINDUNILVR.NS
2023-01-05,2445.440673828125,2453.249198788592,2401.71298026474,2401.760350873668,2008493,HINDUNILVR.NS
2023-01-06,2438.57861328125,2472.131561876381,2437.1115108754425,2441.938691416838,991782,HINDUNILVR.NS
2023-01-09,2483.631591796875,2488.7425339679457,2432.4738751719024,2450.7885082578377,1267078,HINDUNILVR.NS
2023-01-10,2502.372314453125,2511.363950177245,2475.1607852880243,2483.631806412884,1413088,HINDUNILVR.NS
2023-01-11,2454.4794921875,2506.157818599801,2449.6051724383424,2502.51374813217,1471687,HINDUNILVR.NS
2023-01-12,2451.451416015625,2463.329887238485,2435.077126562788,2447.7128344396174,1703829,HINDUNILVR.NS
2023-01-13,2483.583984375,2498.017923308582,2429.302816676294,2451.5926505561647,1348015,HINDUNILVR.NS
2023-01-16,2458.123779296875,2487.322791912145,2445.7246955692203,2487.322791912145,930068,HINDUNILVR.NS
2023-01-17,2524.803955078125,2531.8552440285057,2462.5723729118167,2466.026961468533,1892865,HINDUNILVR.NS
2023-01-18,2542.45556640625,2549.3649737904643,2517.657631439627,2525.229534090573,2038075,HINDUNILVR.NS
2023-01-19,2507.956298828125,2535.925062330031,2472.13163958546,2527.217419914552,1649842,HINDUNILVR.NS
2023-01-20,2412.361083984375,2465.601029437684,2400.340733626147,2413.5441938833374,4569549,HINDUNILVR.NS
2023-01-23,2457.461181640625,2464.654582376025,2415.437209763293,2423.009113242175,1388360,HINDUNILVR.NS
2023-01-24,2461.342041015625,2470.333677004722,2442.6962736534674,2464.654749011608,1462462,HINDUNILVR.NS
2023-01-25,2482.02294921875,2500.6213463628555,2455.1899214478603,2461.342093571766,1591810,HINDUNILVR.NS
2023-01-27,2472.36865234375,2504.927979711483,2440.2354294568736,2494.469240607341,1581382,HINDUNILVR.NS
2023-01-30,2430.722900390625,2470.3335129424054,2394.803729434912,2470.3335129424054,2744039,HINDUNILVR.NS
2023-01-31,2438.86279296875,2451.593009512975,2405.215100575178,2430.581023515572,2366794,HINDUNILVR.NS
2023-02-01,2436.496337890625,2463.707863466756,2410.562663337218,2461.0576512823754,2014615,HINDUNILVR.NS
2023-02-02,2493.853759765625,2498.4914580898358,2425.848511065157,2432.0006824744128,1980667,HINDUNILVR.NS
2023-02-03,2507.010009765625,2515.244408886857,2490.351729068288,2498.728240030675,1638238,HINDUNILVR.NS
2023-02-06,2496.45654296875,2503.460460901495,2460.6318840183976,2490.209630484625,1697446,HINDUNILVR.NS
2023-02-07,2462.004150390625,2503.9809789887977,2456.4199645033896,2503.46036445582,1495745,HINDUNILVR.NS
2023-02-08,2444.58935546875,2467.967563837129,2440.377529906776,2453.95949463252,1061956,HINDUNILVR.NS
2023-02-09,2448.280517578125,2460.77411323944,2428.68826175968,2448.5645101996456,1102484,HINDUNILVR.NS
2023-02-10,2439.572509765625,2448.232781433851,2418.607895662112,2446.671168862906,1523011,HINDUNILVR.NS
2023-02-13,2442.88525390625,2452.113510870832,2413.5441291983484,2423.009008136381,1146525,HINDUNILVR.NS
2023-02-14,2441.560302734375,2462.7615394676645,2432.663177743183,2446.671245013033,1944364,HINDUNILVR.NS
2023-02-15,2412.076904296875,2434.177487925688,2401.239664678217,2413.5440066730207,2009134,HINDUNILVR.NS
2023-02-16,2391.86962890625,2424.8072224749017,2387.847055391145,2423.0089879221355,1982857,HINDUNILVR.NS
2023-02-17,2380.890380859375,2409.9948846206253,2372.750492255035,2389.8820161677286,1395341,HINDUNILVR.NS
2023-02-20,2377.05712890625,2406.918870108475,2373.981043051805,2383.2566712281323,632091,HINDUNILVR.NS
2023-02-21,2381.505615234375,2407.8180270371454,2377.8617751925917,2392.7215901185214,862797,HINDUNILVR.NS
2023-02-22,2360.58837890625,2388.5097741526906,2349.8930185796685,2381.50562449602,885515,HINDUNILVR.NS
2023-02-23,2357.3701171875,2381.268937894084,2347.3848541888447,2358.647968348811,757215,HINDUNILVR.NS
2023-02-24,2351.265380859375,2376.8679267937805,2339.670903167698,2358.837284658021,732783,HINDUNILVR.NS
2023-02-27,2336.07421875,2353.915609629002,2324.574482207008,2353.915609629002,853991,HINDUNILVR.NS
2023-02-28,2328.9755859375,2341.942656293586,2305.313386128832,2337.588719098323,1780454,HINDUNILVR.NS
2023-03-01,2334.27587890625,2337.825208676508,2317.0024740243284,2326.467353411683,967339,HINDUNILVR.NS
2023-03-02,2323.95947265625,2337.825429840012,2313.216741104854,2334.276099733979,827174,HINDUNILVR.NS
2023-03-03,2338.771484375,2356.660012363278,2324.242803403406,2334.039045110785,1176008,HINDUNILVR.NS
2023-03-06,2351.880615234375,2365.131446197715,2343.125601919311,2349.1356616034195,1214503,HINDUNILVR.NS
2023-03-08,2352.1171875,2367.5447555060214,2335.1749153378546,2353.9154220908404,1448340,HINDUNILVR.NS
2023-03-09,2329.685302734375,2358.600555264015,2325.4261070415814,2351.8806295944114,1038910,HINDUNILVR.NS
2023-03-10,2333.5185546875,2338.2983648138043,2314.2576645034133,2318.895362798551,772024,HINDUNILVR.NS
2023-03-13,2323.72265625,2355.335261319261,2314.1630355336915,2334.039282464656,1314549,HINDUNILVR.NS
2023-03-14,2311.74951171875,2339.71827763631,2309.19404039773,2330.2533978724096,1250763,HINDUNILVR.NS
2023-03-15,2277.344970703125,2327.887339724695,2264.9458849201847,2320.6939381737066,1738040,HINDUNILVR.NS
2023-03-16,2327.745361328125,2337.1628707375603,2278.9064879697203,2295.186035397131,1628035,HINDUNILVR.NS
2023-03-17,2316.4345703125,2350.31888592636,2309.2414003707813,2339.3869036341957,2127178,HINDUNILVR.NS
2023-03-20,2376.8203125,2381.9786252187464,2295.233103649422,2316.4343396815416,1561128,HINDUNILVR.NS
2023-03-21,2330.821533203125,2388.225940237796,2327.177461828864,2380.4174139296765,1595161,HINDUNILVR.NS
2023-03-22,2343.835693359375,2348.6152729843475,2323.0600965250096,2340.286363295578,1063244,HINDUNILVR.NS
2023-03-23,2352.1171875,2366.2671354786817,2334.039176065948,2342.557567219473,1578627,HINDUNILVR.NS
2023-03-24,2348.047607421875,2364.232414477806,2337.82549023718,2339.907717737944,1449326,HINDUNILVR.NS
2023-03-27,2365.273193359375,2370.9521205943315,2332.146117822129,2352.0223631444765,1387736,HINDUNILVR.NS
2023-03-28,2349.9404296875,2378.9975647887627,2339.623571942456,2375.495605438165,1412387,HINDUNILVR.NS
2023-03-29,2395.4189453125,2403.8899656295807,2347.3373147574616,2352.0223835517227,2613254,HINDUNILVR.NS
2023-03-31,2423.340576171875,2431.0069901140278,2381.884356703816,2421.8734735972384,2146167,HINDUNILVR.NS
2023-04-03,2400.38818359375,2432.4740326839024,2380.464566021321,2432.4740326839024,918048,HINDUNILVR.NS
2023-04-05,2444.5419921875,2450.031669050181,2368.113082742474,2378.051207190434,1489612,HINDUNILVR.NS
2023-04-06,2427.97802734375,2446.6711629211945,2416.383550846348,2437.206284147805,797414,HINDUNILVR.NS
2023-04-10,2396.6494140625,2431.480217475743,2389.8821175265043,2427.978258211828,853322,HINDUNILVR.NS
2023-04-11,2411.414794921875,2418.276832901733,2397.4540969628533,2404.079512943406,913184,HINDUNILVR.NS
2023-04-12,2393.62060546875,2419.2231502023587,2383.871733569996,2419.2231502023587,1109809,HINDUNILVR.NS
2023-04-13,2400.48291015625,2425.233710937876,2389.882290370634,2389.882290370634,1261711,HINDUNILVR.NS
2023-04-17,2415.29541015625,2440.992466020651,2405.404426043704,2435.3135382206806,1566977,HINDUNILVR.NS
2023-04-18,2405.0732421875,2423.009142554852,2394.6145041655373,2423.009142554852,1474786,HINDUNILVR.NS
2023-04-19,2396.129150390625,2411.651461400883,2375.9215388467683,2411.651461400883,1320243,HINDUNILVR.NS
2023-04-20,2359.2158203125,2396.8858536854373,2347.289980400972,2383.0672690594097,1401364,HINDUNILVR.NS
2023-04-21,2364.279296875,2375.2112778418004,2352.63745001524,2358.647740339417,1206288,HINDUNILVR.NS
2023-04-24,2365.983154296875,2370.8574746055406,2342.6523197332685,2368.112752095522,1735797,HINDUNILVR.NS
2023-04-25,2357.180908203125,2365.9832925002665,2345.4445498577115,2357.5596420351417,1701098,HINDUNILVR.NS
2023-04-26,2376.442138671875,2383.2568061198904,2349.372489190163,2356.7551418739185,1245903,HINDUNILVR.NS
2023-04-27,2336.8310546875,2387.042279704601,2325.5205714647914,2379.4230065458296,2743893,HINDUNILVR.NS
2023-04-28,2325.804931640625,2335.7430553117138,2289.554396225135,2305.692062306279,3761927,HINDUNILVR.NS
2023-05-02,2320.504638671875,2345.397319880189,2318.8956552487743,2339.529140355611,1760370,HINDUNILVR.NS
2023-05-03,2352.96923828125,2356.755190394333,2321.403770107947,2325.473714844747,1258140,HINDUNILVR.NS
2023-05-04,2372.60888671875,2375.0698480453902,2347.4322125044064,2353.8683773711587,1150227,HINDUNILVR.NS
2023-05-05,2366.9296875,2385.1495801259625,2361.203389316609,2366.219821553534,1354871,HINDUNILVR.NS
2023-05-08,2381.647705078125,2391.6331992928026,2363.5223219595014,2371.6622108634474,972810,HINDUNILVR.NS
2023-05-09,2381.17431640625,2389.881958912603,2366.2671319100623,2389.881958912603,1651327,HINDUNILVR.NS
2023-05-10,2387.704833984375,2399.3466806619854,2371.756652484432,2386.095850867402,2025658,HINDUNILVR.NS
2023-05-11,2453.67529296875,2459.9222059298563,2388.5571062375384,2401.1925818470027,1749356,HINDUNILVR.NS
2023-05-12,2483.01611328125,2498.7279038952875,2447.9960631130207,2455.1894631455966,2170011,HINDUNILVR.NS
2023-05-15,2519.787353515625,2527.832500479615,2482.685074908687,2496.787651862166,1561055,HINDUNILVR.NS
2023-05-16,2532.707275390625,2535.073495510791,2508.76131263549,2527.123088337506,1477905,HINDUNILVR.NS
2023-05-17,2519.314208984375,2530.9086859488,2505.4008828422952,2529.0157101178734,839404,HINDUNILVR.NS
2023-05-18,2486.944580078125,2526.36571268063,2481.5496447162177,2522.863753310702,1434067,HINDUNILVR.NS
2023-05-19,2500.1005859375,2507.246616279918,2461.483830796552,2487.985493784788,1174757,HINDUNILVR.NS
2023-05-22,2496.929931640625,2513.351358784816,2482.6852419016027,2493.995726590644,768232,HINDUNILVR.NS
2023-05-23,2487.654541015625,2508.0040337060364,2484.531084294419,2491.156500519204,703864,HINDUNILVR.NS
2023-05-24,2475.018798828125,2496.835393879189,2468.44075331195,2479.798609538845,628872,HINDUNILVR.NS
2023-05-25,2458.265625,2485.6190320642017,2442.459323756377,2470.3333453652904,1072231,HINDUNILVR.NS
2023-05-26,2510.417236328125,2514.534319985662,2463.8027079525486,2464.41783264786,947073,HINDUNILVR.NS
2023-05-29,2508.4765625,2536.161329545742,2503.5075017482,2527.1223252010545,698267,HINDUNILVR.NS
2023-05-30,2514.392578125,2522.390354986555,2508.997643093168,2513.398719574783,948051,HINDUNILVR.NS
2023-05-31,2524.803955078125,2536.58768373697,2496.835190185868,2514.392587719504,3388305,HINDUNILVR.NS
2023-06-01,2553.52978515625,2585.095251180072,2512.45229995698,2524.2833995047145,1541080,HINDUNILVR.NS
2023-06-02,2571.32373046875,2591.6732211002904,2547.6141614479334,2564.9823075104314,1509260,HINDUNILVR.NS
2023-06-05,2551.542236328125,2576.3401741550915,2540.515513175117,2571.0871198698524,1000190,HINDUNILVR.NS
2023-06-06,2547.140869140625,2562.994541773632,2527.2646228544672,2555.5173796488234,655372,HINDUNILVR.NS
2023-06-07,2570.850341796875,2581.072457149329,2535.972401951196,2546.0524054755024,1428490,HINDUNILVR.NS
2023-06-08,2536.492919921875,2575.914280987985,2531.7604802555584,2562.1428353437727,923536,HINDUNILVR.NS
2023-06-09,2495.13134765625,2545.058584219,2479.893031161459,2545.058584219,1413808,HINDUNILVR.NS
2023-06-12,2501.993408203125,2514.8183655410803,2492.1026558034114,2503.4605106722456,775484,HINDUNILVR.NS
2023-06-13,2532.707275390625,2552.678265635301,2486.8973462946806,2488.8850636260936,1787924,HINDUNILVR.NS
2023-06-14,2554.33447265625,2557.505299865189,2510.086158956693,2528.069430834588,1536248,HINDUNILVR.NS
2023-06-15,2545.7685546875,2572.0809655177795,2534.8365728138583,2568.720887130483,1830192,HINDUNILVR.NS
2023-06-16,2570.329833984375,2578.23310056672,2539.616347118332,2545.76851861381,1748145,HINDUNILVR.NS
2023-06-19,2560.406005859375,2587.267155221265,2552.533705645701,2578.297597254088,1068263,HINDUNILVR.NS
2023-06-20,2553.58349609375,2557.6864481081543,2526.8653856788046,2547.762671710834,1129279,HINDUNILVR.NS
2023-06-21,2554.060791015625,2582.9258945459865,2546.2837721045807,2562.9825923287567,1201840,HINDUNILVR.NS
2023-06-22,2532.829345703125,2555.396514492259,2527.437872726074,2546.474480526261,830052,HINDUNILVR.NS
2023-06-23,2520.6630859375,2538.745475638213,2507.160757581509,2529.918956603175,991214,HINDUNILVR.NS
2023-06-26,2530.68212890625,2551.7702109107204,2521.187471642475,2521.187471642475,758700,HINDUNILVR.NS
2023-06-27,2529.96630859375,2539.747044335141,2515.3189672493286,2530.681972184584,687747,HINDUNILVR.NS
2023-06-28,2539.4130859375,2564.556827714489,2521.044386302254,2531.493028592996,1397573,HINDUNILVR.NS
2023-06-30,2555.53955078125,2562.93474232793,2529.9666876744527,2543.898134552068,1160181,HINDUNILVR.NS
2023-07-03,2577.390869140625,2581.971162655144,2537.695302632668,2563.984058120481,980665,HINDUNILVR.NS
2023-07-04,2576.38916015625,2582.782375553581,2552.533704969618,2577.391135866774,721907,HINDUNILVR.NS
2023-07-05,2629.68212890625,2633.0694168998043,2572.6675955919104,2576.341195617382,1717547,HINDUNILVR.NS
2023-07-06,2630.875,2638.41323032986,2610.40683395817,2633.5466244954214,1265020,HINDUNILVR.NS
2023-07-07,2574.576171875,2642.850296475034,2567.801129592601,2627.0581719224147,1178930,HINDUNILVR.NS
2023-07-10,2534.928466796875,2587.219672007765,2529.632509066761,2585.835869213727,1518183,HINDUNILVR.NS
2023-07-11,2561.598876953125,2592.372415333359,2524.861474545714,2535.453390243356,2476367,HINDUNILVR.NS
2023-07-12,2551.245361328125,2581.112437160341,2521.521558001949,2581.112437160341,2395826,HINDUNILVR.NS
2023-07-13,2533.163330078125,2564.4139800897906,2529.823565954741,2562.0284342873733,1495067,HINDUNILVR.NS
2023-07-14,2554.346435546875,2563.50702283954,2529.6800365047466,2533.4491515499635,1419016,HINDUNILVR.NS
2023-07-17,2558.927001953125,2579.442694067729,2547.762695162516,2547.762695162516,912701,HINDUNILVR.NS
2023-07-18,2559.976806640625,2577.439047473986,2554.728606185778,2562.6009068680487,1215904,HINDUNILVR.NS
2023-07-19,2549.28955078125,2573.4310859545835,2539.079229212013,2559.928991003643,1166542,HINDUNILVR.NS
2023-07-20,2579.490234375,2591.9428279236045,2536.5026597850565,2546.8560199797525,1430764,HINDUNILVR.NS
2023-07-21,2484.7841796875,2553.8219592785504,2473.333561347926,2528.678216655866,5198952,HINDUNILVR.NS
2023-07-24,2462.12158203125,2486.644943890536,2457.111936335808,2484.7842649392014,1777469,HINDUNILVR.NS
2023-07-25,2450.575439453125,2468.180952061506,2444.9934026192527,2462.0738156481693,1653775,HINDUNILVR.NS
2023-07-26,2465.03173828125,2479.822119275007,2454.5353388663257,2461.405662799776,1300033,HINDUNILVR.NS
2023-07-27,2452.19775390625,2464.745630150409,2436.1190839233427,2443.752829583894,2276136,HINDUNILVR.NS
2023-07-28,2466.2724609375,2475.003464310564,2447.760488019154,2452.3407819867566,966450,HINDUNILVR.NS
2023-07-31,2443.562255859375,2464.650340395892,2437.0735248621963,2457.1598665599568,2003252,HINDUNILVR.NS
2023-08-01,2434.30615234375,2455.9668589723788,2428.4853281165274,2452.3407832060807,1758897,HINDUNILVR.NS
2023-08-02,2451.338623046875,2455.632604639891,2419.897182197364,2421.8056184609263,2082908,HINDUNILVR.NS
2023-08-03,2434.49658203125,2443.8002081122777,2421.0420142056373,2440.8420389421835,1475310,HINDUNILVR.NS
2023-08-04,2429.439453125,2441.7965317946764,2418.9908107892797,2434.496856002665,1359318,HINDUNILVR.NS
2023-08-07,2451.577880859375,2456.158175798548,2422.521977004104,2423.714750010999,803823,HINDUNILVR.NS
2023-08-08,2448.380859375,2466.844841749746,2438.5523653314685,2451.577350563966,1002061,HINDUNILVR.NS
2023-08-09,2435.35595703125,2451.33911393929,2424.6687584078186,2448.381176916474,1212549,HINDUNILVR.NS
2023-08-10,2420.565185546875,2434.5921460549325,2411.881939976849,2432.3498731332065,1313334,HINDUNILVR.NS
2023-08-11,2387.26318359375,2420.517548701968,2384.591325991549,2418.9431818281623,1472199,HINDUNILVR.NS
2023-08-14,2417.130126953125,2423.7141391062746,2374.190309528014,2387.263051795864,1060479,HINDUNILVR.NS
2023-08-16,2435.737548828125,2438.0753369006125,2408.8284083521016,2417.9889965520374,1155882,HINDUNILVR.NS
2023-08-17,2426.815673828125,2443.418978942011,2417.0349363242467,2435.7377080536285,1532873,HINDUNILVR.NS
2023-08-18,2437.7890625,2450.193899690528,2416.176112426495,2416.176112426495,1970819,HINDUNILVR.NS
2023-08-21,2445.4228515625,2457.016510263372,2422.8079253400365,2437.7891054645584,977004,HINDUNILVR.NS
2023-08-22,2448.333251953125,2457.112013330394,2436.119211663105,2455.7762009551248,960025,HINDUNILVR.NS
2023-08-23,2456.205322265625,2465.222637361762,2445.1840558310487,2457.111782932664,1136112,HINDUNILVR.NS
2023-08-24,2463.07568359375,2473.094974510064,2449.4303169912287,2466.654001778148,1143934,HINDUNILVR.NS
2023-08-25,2446.186279296875,2462.551029352658,2434.6879026134584,2449.4782857177142,802955,HINDUNILVR.NS
2023-08-28,2438.6953125,2450.432242497168,2422.7599157711484,2447.5695880082694,619841,HINDUNILVR.NS
2023-08-29,2410.498046875,2441.7486907746006,2406.633649801656,2441.7486907746006,958564,HINDUNILVR.NS
2023-08-30,2416.032958984375,2419.8975896615007,2404.630096982248,2410.498446295456,1227377,HINDUNILVR.NS
2023-08-31,2390.3642578125,2423.523339004448,2377.0529610202148,2416.1281482350205,3235414,HINDUNILVR.NS
2023-09-01,2390.125732421875,2399.3816021309085,2385.5454385871035,2390.3642869657338,813413,HINDUNILVR.NS
2023-09-04,2386.881591796875,2398.90483571016,2377.912032851917,2398.90483571016,1143301,HINDUNILVR.NS
2023-09-05,2392.272705078125,2407.9217898505804,2387.549371738417,2395.087602081513,844088,HINDUNILVR.NS
2023-09-06,2407.969970703125,2410.4510315619104,2392.65471981886,2398.380029834401,1094146,HINDUNILVR.NS
2023-09-07,2392.654541015625,2406.395423804144,2385.545661536933,2395.0878441830814,1894798,HINDUNILVR.NS
2023-09-08,2398.7138671875,2405.631949453119,2387.0246937042134,2389.362481808183,1018234,HINDUNILVR.NS
2023-09-11,2420.135986328125,2422.6645714527635,2394.1812970595506,2398.713833652969,1121083,HINDUNILVR.NS
2023-09-12,2384.448486328125,2432.302440771097,2374.095124612981,2432.302440771097,3946716,HINDUNILVR.NS
2023-09-13,2391.795654296875,2394.1334422731693,2377.9117330190265,2379.820169401867,1231305,HINDUNILVR.NS
2023-09-14,2386.308837890625,2398.904471098458,2378.961404599674,2396.0418165983406,2081195,HINDUNILVR.NS
2023-09-15,2356.6328125,2376.003489954568,2353.102251497174,2361.4994188575743,3750697,HINDUNILVR.NS
2023-09-18,2374.715087890625,2378.8182728429147,2349.2852654286894,2358.207299000642,1499641,HINDUNILVR.NS
2023-09-20,2353.913330078125,2366.4612065970864,2333.0635686007568,2337.500590177752,1795159,HINDUNILVR.NS
2023-09-21,2360.11572265625,2369.323835274501,2331.059591547644,2353.1021255686346,2223720,HINDUNILVR.NS
2023-09-22,2368.79931640625,2376.0037116023964,2345.468724144052,2355.010907724785,1176741,HINDUNILVR.NS
2023-09-25,2362.50146484375,2385.25943145906,2347.37701164432,2368.799165828628,1122778,HINDUNILVR.NS
2023-09-26,2365.458984375,2375.048923164469,2348.5693700837887,2360.735651228966,1263548,HINDUNILVR.NS
2023-09-27,2387.21533203125,2390.125744073198,2355.9646866334188,2362.644213894024,1086791,HINDUNILVR.NS
2023-09-28,2347.711181640625,2386.5000639041423,2340.88838074423,2385.545845565916,1612346,HINDUNILVR.NS
2023-09-29,2352.720703125,2359.591028203127,2338.311913796658,2352.6729456179296,1249567,HINDUNILVR.NS
2023-10-03,2355.869384765625,2384.591447770082,2349.094574852148,2376.0034833723507,1585626,HINDUNILVR.NS
2023-10-04,2393.0361328125,2396.0895843663584,2352.290830548836,2354.103984851398,1587335,HINDUNILVR.NS
2023-10-05,2404.200439453125,2409.2100848511195,2381.108406306482,2402.7213546953185,1909928,HINDUNILVR.NS
2023-10-06,2384.972900390625,2404.6298886978925,2379.820215243073,2404.582131194717,1083342,HINDUNILVR.NS
2023-10-09,2396.327880859375,2401.2897682205,2367.41502680511,2371.2318990772665,1468771,HINDUNILVR.NS
2023-10-10,2401.003662109375,2405.440916284318,2388.742098661599,2397.186789509896,1092373,HINDUNILVR.NS
2023-10-11,2439.363037109375,2446.5674302963776,2401.051273902413,2403.055225080896,1697398,HINDUNILVR.NS
2023-10-12,2439.935791015625,2450.002839014336,2422.950661481965,2438.0273547301217,1625010,HINDUNILVR.NS
2023-10-13,2451.81591796875,2458.7339999485785,2426.290581008693,2436.1668326066474,1531977,HINDUNILVR.NS
2023-10-16,2441.176513671875,2463.7914388455088,2435.737516422029,2442.7986380497687,954899,HINDUNILVR.NS
2023-10-17,2439.124755859375,2452.3407710991128,2429.8688859230097,2441.1764647650048,1253538,HINDUNILVR.NS
2023-10-18,2431.58642578125,2453.5334434572896,2423.284774383432,2452.38842825818,1084689,HINDUNILVR.NS
2023-10-19,2431.44384765625,2437.455236833209,2409.4013107958613,2409.4013107958613,1272343,HINDUNILVR.NS
2023-10-20,2380.917724609375,2427.10203062245,2371.2802594499785,2404.630142814174,3608160,HINDUNILVR.NS
2023-10-23,2369.801025390625,2395.0400515265787,2366.7953310865787,2379.820317022033,922707,HINDUNILVR.NS
2023-10-25,2363.885009765625,2376.003535421874,2352.1480782389235,2361.7380186191594,1435836,HINDUNILVR.NS
2023-10-26,2363.02587890625,2376.0033397303096,2343.225851075164,2348.331011677226,2650560,HINDUNILVR.NS
2023-10-27,2368.417236328125,2380.7743149372195,2351.050512366958,2354.342518434208,1784812,HINDUNILVR.NS
2023-10-30,2365.411376953125,2377.911728421933,2349.6667768251305,2357.8731464408493,875135,HINDUNILVR.NS
2023-10-31,2370.27783203125,2377.9115770619464,2354.819544936772,2357.109575260617,920414,HINDUNILVR.NS
2023-11-01,2359.06591796875,2379.772406079239,2353.8654754309146,2371.232199879601,1267131,HINDUNILVR.NS
2023-11-02,2390.353759765625,2399.196906557308,2367.7651670957143,2379.011355660792,1595123,HINDUNILVR.NS
2023-11-03,2411.93310546875,2415.057059874558,2389.392619844332,2400.158200400705,1125583,HINDUNILVR.NS
2023-11-06,2400.54248046875,2420.1033340828108,2394.4870030272687,2417.459988171291,1338677,HINDUNILVR.NS
2023-11-07,2399.629150390625,2408.0397956975985,2388.863571332104,2399.1966498521,1473411,HINDUNILVR.NS
2023-11-08,2421.641357421875,2427.072137841694,2400.830875317947,2401.119287258832,745022,HINDUNILVR.NS
2023-11-09,2380.645263671875,2424.188425464951,2377.136916718744,2422.314099905442,1823094,HINDUNILVR.NS
2023-11-10,2390.11328125,2392.08382229486,2369.7355354324045,2380.9336154108005,771062,HINDUNILVR.NS
2023-11-13,2382.0390625,2390.738120537505,2375.166456989024,2381.125953572758,760809,HINDUNILVR.NS
2023-11-15,2389.968994140625,2405.973392229623,2379.972434809914,2404.867852274532,1457029,HINDUNILVR.NS
2023-11-16,2394.582763671875,2408.6166199984764,2379.3476212589244,2384.0093809981963,1420578,HINDUNILVR.NS
2023-11-17,2430.724609375,2435.242280505872,2369.3989427459933,2369.3989427459933,1756043,HINDUNILVR.NS
2023-11-20,2409.241455078125,2436.203629376514,2403.0416545438093,2436.1555216090155,944231,HINDUNILVR.NS
2023-11-21,2408.088134765625,2419.38243097698,2401.1193136990446,2407.8478305909152,1088806,HINDUNILVR.NS
2023-11-22,2424.09228515625,2426.3512382545014,2406.8866002136365,2410.491162813797,816610,HINDUNILVR.NS
2023-11-23,2422.169677734375,2429.715322104033,2409.0010569157093,2409.0010569157093,1023670,HINDUNILVR.NS
2023-11-24,2417.652099609375,2422.0737901202465,2410.2026704841705,2417.556118746465,735137,HINDUNILVR.NS
2023-11-28,2413.1826171875,2433.560364158556,2403.041734135041,2433.560364158556,1880641,HINDUNILVR.NS
2023-11-29,2427.1201171875,2430.580356278902,2410.827542118069,2414.576193135095,1265214,HINDUNILVR.NS
2023-11-30,2446.8251953125,2455.428037764661,2418.565283786909,2418.565283786909,3095684,HINDUNILVR.NS
2023-12-01,2464.222900390625,2481.81321151669,2443.412654382418,2448.6993458061406,1345599,HINDUNILVR.NS
2023-12-04,2501.3740234375,2507.237303937237,2475.1327631308727,2477.055196344955,2188039,HINDUNILVR.NS
2023-12-05,2463.8388671875,2534.728603442285,2457.1584576206137,2534.728603442285,3108717,HINDUNILVR.NS
2023-12-06,2468.06787109375,2483.495445470624,2463.5983074792334,2470.3268241208075,1573754,HINDUNILVR.NS
2023-12-07,2420.583740234375,2460.522337513956,2401.6959276222537,2452.159799899551,3925967,HINDUNILVR.NS
2023-12-08,2424.4765625,2435.674641491815,2411.019530736166,2421.3045009355515,1605805,HINDUNILVR.NS
2023-12-11,2406.5498046875,2431.829847760353,2402.080241444376,2424.4766347675964,2012243,HINDUNILVR.NS
2023-12-12,2405.68505859375,2420.34361304128,2400.1580626545174,2403.0417127097694,1677929,HINDUNILVR.NS
2023-12-13,2414.480224609375,2419.094111875286,2401.167513622758,2410.587484567316,1513205,HINDUNILVR.NS
2023-12-14,2418.757568359375,2426.879801973957,2404.19499556596,2423.5636515244564,2166569,HINDUNILVR.NS
2023-12-15,2425.0537109375,2433.80087747022,2409.7704580639183,2422.266276155195,2543337,HINDUNILVR.NS
2023-12-18,2437.1650390625,2445.8159897040155,2417.4600959346035,2422.410268266204,1969036,HINDUNILVR.NS
2023-12-19,2461.387451171875,2467.395055289173,2436.684229975954,2436.7323377432995,1656220,HINDUNILVR.NS
2023-12-20,2458.311767578125,2473.162519005037,2448.21899199276,2473.162519005037,1468642,HINDUNILVR.NS
2023-12-21,2454.178466796875,2479.9391216617246,2437.64558625354,2443.6531907149297,1945695,HINDUNILVR.NS
2023-12-22,2475.709716796875,2479.6986720564782,2448.02663012791,2459.945622811475,1174984,HINDUNILVR.NS
2023-12-26,2484.5048828125,2491.137184220364,2467.491394037157,2475.709843814413,893776,HINDUNILVR.NS
2023-12-27,2507.1416015625,2510.6980564691835,2480.8041228009038,2485.706421910149,1073278,HINDUNILVR.NS
2023-12-28,2531.65234375,2537.6118397726373,2505.747603153392,2512.4761193952136,1635216,HINDUNILVR.NS
2023-12-29,2560.633056640625,2563.66102990176,2519.5891524788576,2531.6524684122573,1305681,HINDUNILVR.NS
2024-01-01,2551.7900390625,2565.8717698748246,2535.689659307609,2560.5372049175576,526353,HINDUNILVR.NS
2024-01-02,2512.42822265625,2551.020978758828,2505.8919022522155,2545.3017864073136,1310629,HINDUNILVR.NS
2024-01-03,2505.459228515625,2526.654101927123,2494.885845692585,2498.2019960981333,1008270,HINDUNILVR.NS
2024-01-04,2492.00244140625,2521.2714434435734,2487.6769661887524,2505.459475416242,1376844,HINDUNILVR.NS
2024-01-05,2518.435791015625,2527.903634441405,2494.357266422686,2494.357266422686,1150738,HINDUNILVR.NS
2024-01-08,2478.2568359375,2524.154931124552,2466.9625402632,2523.145606704356,1189828,HINDUNILVR.NS
2024-01-09,2479.69873046875,2488.589984759606,2471.816800626399,2482.390184107417,1017205,HINDUNILVR.NS
2024-01-10,2477.439697265625,2493.684399436957,2465.520704686829,2479.93895442184,881278,HINDUNILVR.NS
2024-01-11,2437.837890625,2488.5901822968685,2433.656738537934,2479.9392314893475,2399600,HINDUNILVR.NS
2024-01-12,2445.33544921875,2455.9088336296804,2414.43242410472,2435.242673190135,2979841,HINDUNILVR.NS
2024-01-15,2473.40283203125,2478.737631794146,2432.839533134652,2447.2577840224512,1391204,HINDUNILVR.NS
2024-01-16,2469.4619140625,2484.3607728897164,2457.206401156241,2473.402761723246,1599406,HINDUNILVR.NS
2024-01-17,2463.502197265625,2471.624666153556,2441.250124432753,2450.141378946388,3047652,HINDUNILVR.NS
2024-01-18,2449.18017578125,2470.3269433900364,2439.1355081014863,2470.3269433900364,1273095,HINDUNILVR.NS
2024-01-19,2465.905029296875,2474.123478353003,2433.8004879767354,2465.5206365167164,1323064,HINDUNILVR.NS
2024-01-23,2283.418212890625,2384.2978512994478,2273.709831056434,2355.9419607074965,4369332,HINDUNILVR.NS
2024-01-24,2346.954345703125,2351.0395161281167,2275.343711194449,2295.385170559978,1551469,HINDUNILVR.NS
2024-01-25,2334.1220703125,2372.282318369704,2326.336122805616,2359.59430752352,2364765,HINDUNILVR.NS
2024-01-29,2349.597900390625,2354.019590877666,2316.532141288352,2316.532141288352,1587091,HINDUNILVR.NS
2024-01-30,2363.29541015625,2397.803231432302,2352.385741116403,2358.8258462479507,1793711,HINDUNILVR.NS
2024-01-31,2385.307373046875,2389.488524931115,2347.050901063896,2354.980938919441,1445004,HINDUNILVR.NS
2024-02-01,2377.66552734375,2414.143651172756,2372.61914008399,2379.1073522751103,1727534,HINDUNILVR.NS
2024-02-02,2357.47998046875,2390.4495228584947,2347.2909904089747,2380.933572171593,1956115,HINDUNILVR.NS
2024-02-05,2325.663818359375,2369.1588742720683,2319.175605598918,2368.4379617431287,1315445,HINDUNILVR.NS
2024-02-06,2332.248046875,2346.666296218703,2324.2699019704123,2330.902202799705,1557511,HINDUNILVR.NS
2024-02-07,2331.383056640625,2345.272591370095,2318.022238043844,2345.272591370095,1149076,HINDUNILVR.NS
2024-02-08,2323.308837890625,2347.0989508697385,2305.958829773469,2347.0989508697385,1758661,HINDUNILVR.NS
2024-02-09,2330.13330078125,2334.266579403876,2312.78352759508,2323.3088032155542,886474,HINDUNILVR.NS
2024-02-12,2293.126220703125,2335.612180915358,2289.617874084773,2330.08518562737,1292460,HINDUNILVR.NS
2024-02-13,2301.152587890625,2307.8329964640893,2287.7917707436964,2297.307721411276,957865,HINDUNILVR.NS
2024-02-14,2295.337158203125,2301.152565631293,2278.083366978348,2292.5016161364383,1397975,HINDUNILVR.NS
2024-02-15,2259.676025390625,2292.213064876257,2255.7349436581803,2276.4973150525057,2553695,HINDUNILVR.NS
2024-02-16,2283.1298828125,2289.618095299179,2266.1645025494804,2278.0353875552187,2363302,HINDUNILVR.NS
2024-02-19,2294.568115234375,2302.0656516566646,2281.736014414093,2296.8270681155595,576683,HINDUNILVR.NS
2024-02-20,2310.861083984375,2315.042235684377,2276.3532648212054,2278.179717292503,1032995,HINDUNILVR.NS
2024-02-21,2313.744873046875,2328.835928697773,2301.24905561955,2310.8612228713387,1127778,HINDUNILVR.NS
2024-02-22,2295.481689453125,2326.4328201820526,2273.9984023925185,2326.4328201820526,2258516,HINDUNILVR.NS
2024-02-23,2301.248779296875,2312.206554779337,2291.4922899045896,2295.9139801782985,1210775,HINDUNILVR.NS
2024-02-26,2311.005126953125,2313.215972178888,2287.695623229048,2298.365221895274,831596,HINDUNILVR.NS
2024-02-27,2312.014404296875,2315.52275112335,2296.4906149378007,2310.8128835108178,1120424,HINDUNILVR.NS
2024-02-28,2327.634033203125,2330.9501834369107,2307.8809857451643,2317.589366975913,629152,HINDUNILVR.NS
2024-02-29,2318.742919921875,2334.6029942925143,2304.276562728189,2330.950324169719,2848084,HINDUNILVR.NS
2024-03-01,2316.24365234375,2344.2151499760976,2310.764764520349,2323.2124728690296,2326244,HINDUNILVR.NS
2024-03-04,2328.066650390625,2333.737734571899,2311.149144033426,2322.491547068001,1501261,HINDUNILVR.NS
2024-03-05,2306.77587890625,2326.1443005982023,2298.365233191277,2311.726050801106,1587199,HINDUNILVR.NS
2024-03-06,2307.689208984375,2315.427050718229,2283.178181979929,2310.765055634836,1354111,HINDUNILVR.NS
2024-03-07,2325.711669921875,2331.9114700533587,2309.8034882680217,2311.6778137023744,1820704,HINDUNILVR.NS
2024-03-11,2297.16357421875,2319.4156445318367,2291.1078627337656,2315.570778150516,2040761,HINDUNILVR.NS
2024-03-12,2285.91748046875,2292.501908960792,2269.240510948934,2287.695825294208,1012157,HINDUNILVR.NS
2024-03-13,2222.909423828125,2282.8892409640207,2214.4987792561524,2282.8892409640207,2322669,HINDUNILVR.NS
2024-03-14,2244.056396484375,2250.880893627091,2212.576552438003,2215.460202274312,2292515,HINDUNILVR.NS
2024-03-15,2237.424072265625,2246.315326766892,2226.0816682377067,2239.6830253861167,2751403,HINDUNILVR.NS
2024-03-18,2210.750244140625,2234.828768777344,2207.914701884541,2230.791705677831,2487402,HINDUNILVR.NS
2024-03-19,2179.030029296875,2214.546937441648,2159.709715510338,2194.6979075652634,4220638,HINDUNILVR.NS
2024-03-20,2154.999755859375,2177.588348542376,2153.1254302094503,2162.7375973086,2995013,HINDUNILVR.NS
2024-03-21,2155.384521484375,2171.532775508243,2147.3582675733664,2147.3582675733664,3504486,HINDUNILVR.NS
2024-03-22,2169.033447265625,2178.116897542949,2145.4836396796577,2152.212156132791,3507809,HINDUNILVR.NS
2024-03-26,2153.125244140625,2171.5324486759623,2145.435511125837,2145.531726657333,3027027,HINDUNILVR.NS
2024-03-27,2152.837158203125,2175.233555934388,2149.280703079669,2162.737737893227,2168861,HINDUNILVR.NS
2024-03-28,2176.531005859375,2199.1674701311017,2153.22150219794,2157.9313698937053,3186360,HINDUNILVR.NS
2024-04-01,2197.2451171875,2205.992282853251,2174.2721323808514,2181.961865828706,1427873,HINDUNILVR.NS
2024-04-02,2198.013916015625,2208.875710350796,2188.738269847493,2208.875710350796,1221495,HINDUNILVR.NS
2024-04-03,2177.347900390625,2193.352298355668,2173.3589451770617,2193.352298355668,1175309,HINDUNILVR.NS
2024-04-04,2177.107421875,2193.496211317273,2162.0163686701912,2181.9616124847544,1890255,HINDUNILVR.NS
2024-04-05,2179.030029296875,2192.054561788057,2170.523402780724,2177.1075960043618,1153449,HINDUNILVR.NS
2024-04-08,2180.95263671875,2200.1769711787706,2179.2705074534983,2188.6904782733186,1127294,HINDUNILVR.NS
2024-04-09,2176.33837890625,2186.38327968871,2168.264253676801,2182.9228062063685,1189343,HINDUNILVR.NS
2024-04-10,2173.21435546875,2188.5938199251173,2170.138509511877,2188.5938199251173,2308993,HINDUNILVR.NS
2024-04-12,2145.72412109375,2177.011772119853,2142.167666180564,2173.214778355725,3388551,HINDUNILVR.NS
2024-04-15,2108.957275390625,2141.3502270656318,2105.064301323637,2141.302119302431,4909564,HINDUNILVR.NS
2024-04-16,2134.670166015625,2144.714833933699,2087.810850316233,2098.336126600455,2821129,HINDUNILVR.NS
2024-04-18,2128.902587890625,2150.9143543197647,2123.375592400965,2129.142892042349,3392171,HINDUNILVR.NS
2024-04-19,2145.051025390625,2156.7297130319407,2110.831621088865,2133.9008191335524,2337694,HINDUNILVR.NS
2024-04-22,2154.567138671875,2166.149846333918,2142.600038215488,2162.737480263984,1804108,HINDUNILVR.NS
2024-04-23,2174.992919921875,2185.3259986487164,2161.4877793956443,2165.6210578207865,1991778,HINDUNILVR.NS
2024-04-24,2172.590087890625,2180.3760371789404,2158.556229932344,2178.165191792081,1404398,HINDUNILVR.NS
2024-04-25,2144.330322265625,2152.981272376825,2129.1911595710244,2151.251035420177,4951866,HINDUNILVR.NS
2024-04-26,2136.447998046875,2167.543449157478,2132.5552585254745,2157.931283085826,2307512,HINDUNILVR.NS
2024-04-29,2139.76416015625,2147.357676692945,2133.9006455946005,2147.357676692945,1395292,HINDUNILVR.NS
2024-04-30,2143.945556640625,2153.365526422453,2138.706973011922,2145.4835970967697,2119102,HINDUNILVR.NS
2024-05-02,2139.956787109375,2156.2012554778817,2119.530932225164,2119.530932225164,2140383,HINDUNILVR.NS
2024-05-03,2131.0654296875,2148.9439186486998,2118.521505418379,2145.4355717304093,2595307,HINDUNILVR.NS
2024-05-06,2168.69677734375,2173.7912720969075,2126.2110519028784,2138.706867307371,1619256,HINDUNILVR.NS
2024-05-07,2287.118896484375,2296.9234944521527,2171.3885009699343,2178.1170177945423,8277810,HINDUNILVR.NS
2024-05-08,2250.25634765625,2280.246261031328,2234.828773062636,2274.623049604483,1813439,HINDUNILVR.NS
2024-05-09,2235.453369140625,2270.489903158512,2229.49387294917,2249.823745544639,1558987,HINDUNILVR.NS
2024-05-10,2270.92236328125,2279.0445967528176,2230.983765948245,2230.983765948245,2610266,HINDUNILVR.NS
2024-05-13,2269.095947265625,2289.2814965269827,2256.840435214087,2281.928283164871,1170617,HINDUNILVR.NS
2024-05-14,2258.474609375,2280.294179184719,2255.735048205718,2269.0479919382315,689430,HINDUNILVR.NS
2024-05-15,2233.194580078125,2264.4341196671453,2227.763565469436,2258.426515900026,812282,HINDUNILVR.NS
2024-05-16,2252.27490234375,2257.033112927244,2212.0962304942204,2246.3635132828804,1880021,HINDUNILVR.NS
2024-05-17,2230.359130859375,2260.685328200316,2225.3127434849703,2260.685328200316,1264582,HINDUNILVR.NS
2024-05-21,2221.083251953125,2234.636500499877,2212.4804099252933,2217.5267973053774,1663959,HINDUNILVR.NS
2024-05-22,2275.103759765625,2281.928492343645,2221.083427058202,2221.3718390084937,1914851,HINDUNILVR.NS
2024-05-23,2290.098876953125,2294.232155858532,2263.6654166734984,2275.103801980224,1614718,HINDUNILVR.NS
2024-05-24,2277.17041015625,2290.819640002725,2272.989023752445,2286.253860797852,974100,HINDUNILVR.NS
2024-05-27,2292.02099609375,2306.871745716128,2270.874230770176,2277.170246471372,1116934,HINDUNILVR.NS
2024-05-28,2303.027099609375,2315.571024447078,2286.3020229404683,2297.30790719324,1631747,HINDUNILVR.NS
2024-05-29,2281.351806640625,2302.1141829106496,2277.506939529292,2288.8493444421374,1592495,HINDUNILVR.NS
2024-05-30,2260.20458984375,2280.4382459438207,2243.527622854832,2276.160879064105,1837380,HINDUNILVR.NS
2024-05-31,2238.7216796875,2285.2444715554675,2227.7157960085565,2261.74277145962,5529186,HINDUNILVR.NS
2024-06-03,2264.530029296875,2294.8564590938263,2253.3800578590203,2288.6566591355686,1207445,HINDUNILVR.NS
2024-06-04,2399.4853515625,2412.7020814982598,2251.2657798718847,2281.9284994540258,7826048,HINDUNILVR.NS
2024-06-05,2501.806640625,2618.306051895857,2427.072045942993,2435.2904952507906,11061076,HINDUNILVR.NS
2024-06-06,2450.718017578125,2499.1632419376438,2420.343478153456,2499.1632419376438,4102547,HINDUNILVR.NS
2024-06-07,2477.824462890625,2495.799168294792,2427.07217405906,2456.197087082178,3974253,HINDUNILVR.NS
2024-06-10,2465.857421875,2493.05966748274,2447.257784358365,2478.9779363158773,1449122,HINDUNILVR.NS
2024-06-11,2457.206298828125,2476.766917025401,2452.352107768287,2466.4819457138465,1402423,HINDUNILVR.NS
2024-06-12,2430.628662109375,2468.4045259716218,2419.3824734698487,2468.4045259716218,1754677,HINDUNILVR.NS
2024-06-13,2390.93017578125,2408.6167027553947,2351.568401318949,2391.4588918675045,3123098,HINDUNILVR.NS
2024-06-14,2406.799072265625,2436.5472954840825,2397.724041974404,2400.2476482358666,1729552,HINDUNILVR.NS
2024-06-18,2413.10791015625,2424.512241154475,2400.393199536596,2406.944623727065,1820933,HINDUNILVR.NS
2024-06-19,2384.718505859375,2421.600599153089,2379.380308145811,2421.600599153089,986976,HINDUNILVR.NS
2024-06-20,2409.17724609375,2416.7478288529137,2374.67302789255,2384.7186407596823,2163310,HINDUNILVR.NS
2024-06-21,2369.48046875,2405.1007594830376,2355.1643928006965,2402.189015222162,3646215,HINDUNILVR.NS
2024-06-24,2370.35400390625,2395.2495606319985,2355.6497895105103,2363.3658647573675,1945519,HINDUNILVR.NS
2024-06-25,2360.64794921875,2374.721379015169,2356.47440195642,2367.5877481554376,833789,HINDUNILVR.NS
2024-06-26,2373.654296875,2394.424646941484,2360.8424310457776,2365.3072008903105,1738656,HINDUNILVR.NS
2024-06-27,2389.716796875,2410.1475818616186,2364.336189135392,2377.875751693822,3402726,HINDUNILVR.NS
2024-06-28,2400.296630859375,2417.233230677223,2390.3967469308704,2390.542239372817,2129791,HINDUNILVR.NS
2024-07-01,2431.40380859375,2448.777122647256,2378.021826134139,2388.649646159423,3312865,HINDUNILVR.NS
2024-07-02,2412.04052734375,2441.012479991009,2406.411344193174,2441.012479991009,1305210,HINDUNILVR.NS
2024-07-03,2436.499267578125,2445.71979146585,2401.5097584861905,2413.496297365214,1406405,HINDUNILVR.NS
2024-07-04,2422.522705078125,2462.2196282687923,2419.5623842855302,2441.060905421345,1977010,HINDUNILVR.NS
2024-07-05,2472.071044921875,2478.8651153240944,2422.5228126683,2422.5228126683,1754286,HINDUNILVR.NS
2024-07-08,2511.03955078125,2518.6587094834504,2461.637052765858,2484.688360800629,2818809,HINDUNILVR.NS
2024-07-09,2513.951171875,2537.099631698892,2492.452889901589,2511.039427844741,1479529,HINDUNILVR.NS
2024-07-10,2533.654296875,2548.746885802939,2497.3060689912268,2505.070720585448,1764036,HINDUNILVR.NS
2024-07-11,2532.1015625,2540.060283161406,2513.854583474437,2540.0117066962384,1432671,HINDUNILVR.NS
2024-07-12,2545.107177734375,2561.8497075526293,2524.4823221611628,2524.4823221611628,1912642,HINDUNILVR.NS
2024-07-15,2543.214599609375,2551.9012561227323,2536.760090845706,2550.688029320354,920101,HINDUNILVR.NS
2024-07-16,2609.359619140625,2644.834418084959,2547.3395600466733,2548.698279276291,3298003,HINDUNILVR.NS
2024-07-18,2657.840087890625,2670.2635775618123,2576.893691571496,2620.5698558354197,5569762,HINDUNILVR.NS
2024-07-19,2646.775390625,2662.3046925135222,2636.050419116571,2658.422367041392,1668862,HINDUNILVR.NS
2024-07-22,2654.831298828125,2669.050221276368,2626.0534187066078,2626.101995167326,1911629,HINDUNILVR.NS
2024-07-23,2684.96826171875,2728.595853311204,2651.6286919831223,2665.2168331572675,3906259,HINDUNILVR.NS
2024-07-24,2637.1181640625,2676.3295567061523,2596.402322900649,2667.1576101328446,3611927,HINDUNILVR.NS
2024-07-25,2627.557861328125,2644.688764839163,2591.452281427988,2637.118182692761,2166670,HINDUNILVR.NS
2024-07-26,2631.294921875,2646.7756488135715,2608.1950356708,2643.863904425438,2135309,HINDUNILVR.NS
2024-07-29,2631.82861328125,2639.9814022401224,2613.581635609391,2631.440238547088,957011,HINDUNILVR.NS
2024-07-30,2612.22265625,2673.3209442701027,2606.399167914487,2635.7109154365803,1560399,HINDUNILVR.NS
2024-07-31,2626.0537109375,2629.936036893512,2596.3540595490326,2625.4229277529967,1751085,HINDUNILVR.NS
2024-08-01,2635.662353515625,2644.785723841588,2615.910927352041,2634.157904962315,1886392,HINDUNILVR.NS
2024-08-02,2613.3388671875,2678.3192413238758,2602.274097597715,2632.216627095615,1738872,HINDUNILVR.NS
2024-08-05,2636.001953125,2661.334222675603,2587.764104503914,2597.227273238811,3118731,HINDUNILVR.NS
2024-08-06,2669.1474609375,2690.20903019787,2628.96524828348,2640.078595023705,2296031,HINDUNILVR.NS
2024-08-07,2663.323974609375,2700.0119994245,2655.025456133828,2699.8662700374903,1713875,HINDUNILVR.NS
2024-08-08,2652.793212890625,2678.076907446923,2640.369722746276,2672.9813547553963,1464161,HINDUNILVR.NS
2024-08-09,2666.38134765625,2676.8636748479075,2638.622859990569,2674.922511921985,1284031,HINDUNILVR.NS
2024-08-12,2667.837158203125,2682.1046579872973,2642.3108189254185,2657.451984181087,1297178,HINDUNILVR.NS
2024-08-13,2660.751708984375,2676.5236564605643,2649.784328921455,2661.334152597603,1051237,HINDUNILVR.NS
2024-08-14,2641.97119140625,2661.8681104387065,2626.9757559173618,2660.363661851899,946995,HINDUNILVR.NS
2024-08-16,2667.400390625,2672.593096011396,2630.9550108698363,2657.3547781329457,1727926,HINDUNILVR.NS
2024-08-19,2661.867919921875,2678.561871694314,2656.5297225147483,2669.147280022503,1130327,HINDUNILVR.NS
2024-08-20,2670.1181640625,2675.165140246076,2654.588860754042,2661.8682216798816,1097889,HINDUNILVR.NS
2024-08-21,2709.086669921875,2712.872079436205,2662.2561188648465,2668.613474223842,1417729,HINDUNILVR.NS
2024-08-22,2710.639892578125,2727.333845951709,2700.254718563504,2720.4911994091617,1552947,HINDUNILVR.NS
2024-08-23,2732.769287109375,2738.010332274373,2689.821056977102,2716.851608794936,2111401,HINDUNILVR.NS
2024-08-26,2738.15576171875,2751.549833114722,2721.122246845189,2732.769224240232,1152244,HINDUNILVR.NS
2024-08-27,2685.50146484375,2741.018908091678,2678.367834036984,2726.363034801577,1357212,HINDUNILVR.NS
2024-08-28,2683.02685546875,2699.9148774708824,2664.9739461905906,2678.804731489039,1723549,HINDUNILVR.NS
2024-08-29,2703.31201171875,2727.333902856005,2664.246107950083,2688.462067987683,2129934,HINDUNILVR.NS
2024-08-30,2696.275390625,2733.448709240914,2678.902076663861,2713.4546356789924,4029712,HINDUNILVR.NS
2024-09-02,2707.000244140625,2726.266143773917,2697.245853163385,2711.804574932889,957950,HINDUNILVR.NS
2024-09-03,2712.095703125,2744.7556730503247,2693.363434369963,2698.216341458918,2022116,HINDUNILVR.NS
2024-09-04,2757.66455078125,2760.188157340057,2690.111986931693,2698.216436840079,1640986,HINDUNILVR.NS
2024-09-05,2754.946533203125,2771.0097016322748,2740.581882104223,2756.49955811697,1945173,HINDUNILVR.NS
2024-09-06,2755.43212890625,2782.123118479223,2744.9014624679285,2744.9014624679285,1672730,HINDUNILVR.NS
2024-09-09,2835.844970703125,2851.7624119394613,2759.5571728010573,2769.166071475763,3342754,HINDUNILVR.NS
2024-09-10,2813.327392578125,2851.180067874474,2802.553844056592,2847.6858799868537,1536584,HINDUNILVR.NS
2024-09-11,2818.7138671875,2863.2151189897136,2812.8420393067595,2825.944888156373,1913665,HINDUNILVR.NS
2024-09-12,2869.427001953125,2876.221072335061,2809.0568810938826,2825.3626974022027,2454564,HINDUNILVR.NS
2024-09-13,2846.666748046875,2869.426835111309,2832.641893822737,2869.426835111309,1902001,HINDUNILVR.NS
2024-09-16,2782.754150390625,2824.3919995176966,2724.810248668883,2824.3919995176966,1489057,HINDUNILVR.NS
2024-09-17,2788.965576171875,2828.176968869778,2775.9598805530186,2782.753950166105,1098661,HINDUNILVR.NS
2024-09-18,2791.246826171875,2808.42607086622,2777.512956142777,2789.451155662023,464796,HINDUNILVR.NS
2024-09-19,2826.090576171875,2847.9772355641235,2788.8203427591197,2791.634934219749,1713010,HINDUNILVR.NS
2024-09-20,2890.00341796875,2901.4077499970376,2810.2214332765097,2838.756670058476,3641632,HINDUNILVR.NS
2024-09-23,2939.45458984375,2945.714793000628,2882.5784203092207,2892.33281157887,1300470,HINDUNILVR.NS
2024-09-24,2863.7490234375,2931.15585489431,2859.429983559541,2931.15585489431,1929308,HINDUNILVR.NS
2024-09-25,2862.196044921875,2873.260815338254,2819.636191624619,2863.749069984707,1055354,HINDUNILVR.NS
2024-09-26,2898.25341796875,2904.8048428813454,2854.674167856613,2864.2830665701063,1902889,HINDUNILVR.NS
2024-09-27,2878.9873046875,2940.861873814792,2865.884454754662,2898.253441779502,2977081,HINDUNILVR.NS
2024-09-30,2871.271240234375,2909.706124674832,2856.0331583870834,2876.997576184141,1627702,HINDUNILVR.NS
2024-10-01,2837.737548828125,2875.541649372102,2806.339143756762,2875.541649372102,1184642,HINDUNILVR.NS
2024-10-03,2808.23193359375,2837.106731735907,2776.9306818262016,2823.178793142816,1233447,HINDUNILVR.NS
2024-10-04,2764.94384765625,2828.2742859395566,2734.176463728675,2805.950913058085,2456486,HINDUNILVR.NS
2024-10-07,2750.04541015625,2782.1231747563133,2741.9411971515387,2761.3042498599384,1280975,HINDUNILVR.NS
2024-10-08,2735.875244140625,2801.0982750877915,2716.366460746994,2760.333851126015,1761488,HINDUNILVR.NS
2024-10-09,2687.491455078125,2742.717681686061,2679.484158126076,2740.339567569976,1476282,HINDUNILVR.NS
2024-10-10,2673.66064453125,2705.398610217547,2652.793143577846,2688.5105879502285,2065078,HINDUNILVR.NS
2024-10-11,2701.322021484375,2707.92202219178,2656.529786044002,2683.4634190604256,679307,HINDUNILVR.NS
2024-10-14,2707.048828125,2722.189756632328,2683.657720300339,2709.475281759991,874010,HINDUNILVR.NS
2024-10-15,2699.623779296875,2716.9487533001934,2683.900406892272,2710.931195584649,1082666,HINDUNILVR.NS
2024-10-16,2699.4296875,2715.250212700661,2674.5343678170534,2707.09718625598,1170797,HINDUNILVR.NS
2024-10-17,2658.08251953125,2700.157315839255,2643.3297304021567,2697.68228600496,1368242,HINDUNILVR.NS
2024-10-18,2637.1669921875,2659.393212942984,2614.212598375217,2658.0828331824578,1137277,HINDUNILVR.NS
2024-10-21,2614.309814453125,2657.4521142040253,2601.595102176689,2635.128739979521,792345,HINDUNILVR.NS
2024-10-22,2602.80810546875,2630.275606612126,2595.0920306934213,2606.108224419584,1272253,HINDUNILVR.NS
2024-10-23,2581.0673828125,2613.8245078342925,2543.8940646553547,2543.8940646553547,1431962,HINDUNILVR.NS
2024-10-24,2431.40380859375,2569.1292285561976,2380.4482798823037,2569.1292285561976,9216267,HINDUNILVR.NS
2024-10-25,2453.678466796875,2465.276867660535,2426.550762829841,2428.6859946148834,2761166,HINDUNILVR.NS
2024-10-28,2500.023681640625,2513.4177526958706,2445.9623436655493,2469.159144937238,852829,HINDUNILVR.NS
2024-10-29,2472.70166015625,2509.632330583052,2461.394481395327,2509.632330583052,1695654,HINDUNILVR.NS
2024-10-30,2479.787109375,2487.891559530861,2458.871031051871,2481.776848804237,1200637,HINDUNILVR.NS
2024-10-31,2453.87255859375,2488.0855548126483,2449.8447403470686,2479.7870359976687,1901355,HINDUNILVR.NS
2024-11-01,2462.8505859375,2471.0519523196854,2437.4699741899085,2469.1107892962864,118532,HINDUNILVR.NS
2024-11-04,2450.52392578125,2472.070785114965,2429.850494909821,2472.070785114965,1097260,HINDUNILVR.NS
2024-11-05,2447.175537109375,2455.813616889939,2433.247599068502,2445.865157420273,702046,HINDUNILVR.NS
2024-11-06,2455.3740234375,2476.386285924596,2449.77738556988,2469.61120664021,1219166,HINDUNILVR.NS
2024-11-07,2430.630859375,2464.407253718044,2421.401332931118,2455.374054274254,1322446,HINDUNILVR.NS
2024-11-08,2462.247314453125,2469.6605169147483,2422.579669604473,2438.927788649835,1700877,HINDUNILVR.NS
2024-11-11,2445.899169921875,2469.316739128912,2430.189173754933,2463.5237739285594,1175577,HINDUNILVR.NS
2024-11-12,2416.884765625,2451.692178555918,2411.484454346943,2449.7775706822567,1624222,HINDUNILVR.NS
2024-11-13,2420.272216796875,2427.980029788182,2405.985890652603,2417.4740174733843,1262017,HINDUNILVR.NS
2024-11-14,2345.89501953125,2420.026560463074,2340.4947086024417,2415.804451248359,2443393,HINDUNILVR.NS
2024-11-18,2378.984375,2381.0464079817834,2332.6890737165863,2357.62859793872,1374215,HINDUNILVR.NS
2024-11-19,2366.661865234375,2395.970682267616,2361.507022871615,2387.8210740176746,1133370,HINDUNILVR.NS
2024-11-21,2339.611328125,2380.800928160588,2333.0328148891485,2380.800928160588,1291829,HINDUNILVR.NS
2024-11-22,2400.92919921875,2407.6551370493976,2334.7509378705845,2347.613353088314,1696471,HINDUNILVR.NS
2024-11-25,2426.654296875,2460.2835069783887,2413.0554754508216,2425.230626434164,4368045,HINDUNILVR.NS
2024-11-26,2434.263916015625,2449.7284438602323,2415.80462213737,2441.186181184411,982442,HINDUNILVR.NS
2024-11-27,2441.82421875,2447.7646089278323,2413.44813437444,2430.2871904428803,948232,HINDUNILVR.NS
2024-11-28,2417.57177734375,2493.126985657585,2408.734905266916,2440.9404425567004,2540530,HINDUNILVR.NS
2024-11-29,2450.906494140625,2462.050868133835,2410.600728530422,2410.600728530422,1795164,HINDUNILVR.NS
2024-12-02,2434.21484375,2445.359218749969,2415.9521160801214,2439.9589072851527,1006993,HINDUNILVR.NS
2024-12-03,2437.847900390625,2446.291879693493,2421.303214414036,2435.0494613734018,1641588,HINDUNILVR.NS
2024-12-04,2419.830322265625,2447.8137526509245,2412.024465943355,2436.12953900783,1321495,HINDUNILVR.NS
2024-12-05,2449.384765625,2469.414913971408,2405.642199026858,2420.910398823739,2071795,HINDUNILVR.NS
2024-12-06,2438.78076171875,2450.563259731998,2430.1402152325936,2449.777711921342,1308086,HINDUNILVR.NS
2024-12-09,2357.23583984375,2432.054648922866,2340.1021731538126,2420.32129343532,3385021,HINDUNILVR.NS
2024-12-10,2353.897705078125,2369.2639501866997,2345.0116899782884,2365.041840500616,2063838,HINDUNILVR.NS
2024-12-11,2357.824951171875,2365.6799489199275,2341.77120363809,2361.4086980082207,1718225,HINDUNILVR.NS
2024-12-12,2302.447021484375,2356.450129788821,2295.623040287186,2341.820292698,3231056,HINDUNILVR.NS
2024-12-13,2346.779052734375,2351.148347646369,2291.155701547438,2302.447261734775,2260902,HINDUNILVR.NS
2024-12-16,2323.262939453125,2349.626373461965,2320.170129749529,2346.975359470951,1247552,HINDUNILVR.NS
2024-12-17,2320.41552734375,2336.861929579234,2310.695063102716,2310.695063102716,2131569,HINDUNILVR.NS
2024-12-18,2316.43896484375,2339.8076328717684,2307.454906369584,2307.454906369584,988403,HINDUNILVR.NS
2024-12-19,2317.0771484375,2343.685809457716,2293.659340534284,2304.459962428923,1655915,HINDUNILVR.NS
2024-12-20,2291.597412109375,2330.479748587135,2282.515070557055,2309.467724557705,2069691,HINDUNILVR.NS
2024-12-23,2296.5068359375,2309.124022795506,2273.285593186901,2294.641369734494,1066199,HINDUNILVR.NS
2024-12-24,2293.217529296875,2314.229552226785,2288.848234775878,2288.848234775878,683646,HINDUNILVR.NS
2024-12-26,2290.46826171875,2299.403417590653,2282.564122249837,2289.9773243568984,1033769,HINDUNILVR.NS
2024-12-27,2298.814208984375,2303.134361905232,2286.049837508968,2300.5324897599107,556816,HINDUNILVR.NS
2024-12-30,2301.0234375,2316.389681190017,2282.8587549338595,2299.05968803339,924180,HINDUNILVR.NS
2024-12-31,2284.675537109375,2310.00771587375,2281.1406918459334,2297.5870951983143,1878762,HINDUNILVR.NS
2025-01-01,2280.011474609375,2294.7884979654154,2278.1949104183414,2282.8588155253287,559893,HINDUNILVR.NS
2025-01-02,2327.04296875,2336.517963432763,2273.530799215453,2287.767981935654,1650744,HINDUNILVR.NS
2025-01-03,2362.635986328125,2370.834735922727,2321.9373281379058,2338.678339641274,1274239,HINDUNILVR.NS
2025-01-06,2333.130615234375,2375.10575867804,2318.8442903999216,2374.1730256557257,900419,HINDUNILVR.NS
2025-01-07,2347.46630859375,2358.708727057057,2332.198107583421,2334.063573808319,922768,HINDUNILVR.NS
2025-01-08,2357.481201171875,2365.3361989267164,2325.0793354331527,2347.662453978323,953351,HINDUNILVR.NS
2025-01-09,2391.2578125,2428.814523921439,2343.1459468882217,2361.458055894267,2425267,HINDUNILVR.NS
2025-01-10,2397.787109375,2411.484213212976,2370.049149674973,2391.257498926049,1651911,HINDUNILVR.NS
2025-01-13,2406.5751953125,2415.903006147045,2365.385594359908,2373.2405929574184,2595013,HINDUNILVR.NS
2025-01-14,2325.0302734375,2423.2668904188554,2321.2501994677364,2420.3212661598373,2052741,HINDUNILVR.NS
2025-01-15,2329.989013671875,2341.673228473689,2307.50417554499,2330.87260514862,1215150,HINDUNILVR.NS
2025-01-16,2302.496337890625,2336.861954874067,2283.8898589241226,2333.867188879549,2762596,HINDUNILVR.NS
2025-01-17,2311.3330078125,2336.1744852788183,2300.532386280666,2307.405509073651,1333005,HINDUNILVR.NS
2025-01-20,2302.692626953125,2325.079419305078,2293.315675101929,2313.738717944333,1382273,HINDUNILVR.NS
2025-01-21,2298.077880859375,2334.2109200503423,2290.173741080801,2310.8422527675875,1842885,HINDUNILVR.NS
2025-01-22,2300.4833984375,2319.1881603751613,2289.928244871017,2300.0907444235577,2658047,HINDUNILVR.NS
2025-01-23,2279.618408203125,2298.86324791517,2212.9983546557087,2273.0398957567777,3408925,HINDUNILVR.NS
2025-01-24,2325.177490234375,2337.6472505376432,2280.894846953598,2290.5664082907183,1688664,HINDUNILVR.NS
2025-01-27,2349.47900390625,2366.023448998165,2318.353383718259,2322.133697251149,2477358,HINDUNILVR.NS
2025-01-28,2345.551513671875,2363.3724438998315,2336.321747502455,2357.48119559763,1892156,HINDUNILVR.NS
2025-01-29,2340.740234375,2352.5718729143537,2321.151881289454,2341.918436117832,699576,HINDUNILVR.NS
2025-01-30,2365.0908203125,2381.0462851096263,2340.7894200830306,2340.7894200830306,1419960,HINDUNILVR.NS
2025-01-31,2424.052490234375,2434.0675649870627,2357.9722699945264,2357.9722699945264,2116148,HINDUNILVR.NS
2025-02-01,2460.627197265625,2554.838028984739,2391.0121355827387,2430.139939176491,2970999,HINDUNILVR.NS
2025-02-03,2397.68896484375,2474.3243359703797,2372.7003007430244,2459.5962149229367,2528480,HINDUNILVR.NS
2025-02-04,2393.85986328125,2405.5932189981568,2359.2979188534423,2405.5932189981568,1992474,HINDUNILVR.NS
2025-02-05,2347.711669921875,2408.538762766955,2343.735029239593,2408.538762766955,1357416,HINDUNILVR.NS
2025-02-06,2329.694091796875,2365.2870502684787,2317.518941198998,2356.499319499281,1132113,HINDUNILVR.NS
2025-02-07,2321.0048828125,2338.776673176707,2293.7578566318184,2336.862065226036,855602,HINDUNILVR.NS
2025-02-10,2318.648193359375,2354.535765162653,2309.418666146116,2327.9268622556306,1326354,HINDUNILVR.NS
2025-02-11,2273.285400390625,2334.848896170445,2254.924391433907,2328.024914944897,1389260,HINDUNILVR.NS
2025-02-12,2290.222900390625,2297.4886778004043,2263.319627586285,2283.5461040133705,1341909,HINDUNILVR.NS
2025-02-13,2279.42236328125,2303.085642004024,2271.420179494517,2287.8665825033304,1334967,HINDUNILVR.NS
2025-02-14,2276.329345703125,2323.1155800749834,2271.4688740822958,2279.9130925334366,1135380,HINDUNILVR.NS
2025-02-17,2287.178955078125,2293.659424337889,2258.311933209394,2276.329430823597,1409168,HINDUNILVR.NS
2025-02-18,2254.384521484375,2296.1633418095184,2246.5295231516766,2287.17904363718,1035705,HINDUNILVR.NS
2025-02-19,2209.611083984375,2263.9088115608124,2207.2546802120023,2257.084829242589,1521343,HINDUNILVR.NS
2025-02-20,2207.3037109375,2213.587613824965,2186.1442608736543,2209.610972907892,2206196,HINDUNILVR.NS
2025-02-21,2201.019287109375,2212.7037396655705,2186.045698194655,2207.303428909442,1781509,HINDUNILVR.NS
2025-02-24,2200.822998046875,2210.1999493735907,2178.5836319813607,2189.580580676636,1627949,HINDUNILVR.NS
2025-02-25,2218.349609375,2228.4629669638985,2197.386488155033,2202.345003448744,1988040,HINDUNILVR.NS
2025-02-27,2204.259765625,2228.512025036238,2192.6246931729806,2228.512025036238,1699658,HINDUNILVR.NS
2025-02-28,2150.551025390625,2208.8253837386137,2146.230872669716,2204.3578059858905,3683249,HINDUNILVR.NS
2025-03-03,2137.394287109375,2159.1427183773503,2119.376788366308,2159.1427183773503,1306470,HINDUNILVR.NS
2025-03-04,2118.24755859375,2140.4869254884225,2097.284437084069,2140.437783808497,1800330,HINDUNILVR.NS
2025-03-05,2131.10986328125,2152.1710273429244,2111.0305739051128,2112.9943232761875,1145673,HINDUNILVR.NS
2025-03-06,2178.73095703125,2189.3843940941274,2124.5315180663188,2135.57760914812,1856868,HINDUNILVR.NS
2025-03-07,2164.592041015625,2186.340470972133,2149.5201676266797,2186.340470972133,1738356,HINDUNILVR.NS
2025-03-10,2207.0087890625,2226.0570617705903,2154.87114820946,2167.9792709376043,1242387,HINDUNILVR.NS
2025-03-11,2176.76708984375,2221.44238913751,2171.170451941259,2199.399349846657,1325891,HINDUNILVR.NS
2025-03-12,2153.153076171875,2189.531584156364,2145.39636141498,2177.160105947309,1526212,HINDUNILVR.NS
2025-03-13,2135.38134765625,2169.894150742321,2125.2188476629813,2145.3964226012604,1845629,HINDUNILVR.NS
2025-03-17,2131.8955078125,2155.656828338742,2117.412855542962,2121.831291828584,1111886,HINDUNILVR.NS
2025-03-18,2131.8955078125,2131.8955078125,2131.8955078125,2131.8955078125,0,HINDUNILVR.NS
2025-03-19,2160.173583984375,2172.7416286827006,2153.6931147712576,2166.99756552946,1341405,HINDUNILVR.NS
2025-03-20,2201.755859375,2208.138045295977,2148.783764173998,2163.9536812276774,1426689,HINDUNILVR.NS
2025-03-21,2205.487060546875,2214.32393347734,2185.45691112403,2204.308858765917,2152415,HINDUNILVR.NS
2025-03-24,2215.3056640625,2224.928084125828,2200.3812164721885,2209.4635575040347,1454404,HINDUNILVR.NS
2025-03-25,2230.13232421875,2250.4570850278583,2202.688970972272,2209.9547487462705,2229340,HINDUNILVR.NS
2025-03-26,2205.241455078125,2238.576053510754,2197.239272084734,2230.81933919465,1416907,HINDUNILVR.NS
2025-03-27,2203.965087890625,2219.920552767721,2160.124475668381,2203.5232921909783,3752627,HINDUNILVR.NS
2025-03-28,2217.90771484375,2254.3842632873084,2199.6938916027498,2206.272404009836,2280152,HINDUNILVR.NS
2025-04-01,2193.361083984375,2243.240131281449,2179.7620223282347,2218.055138936704,2495962,HINDUNILVR.NS
2025-04-02,2197.33740234375,2203.032323824425,2150.3548394880845,2203.032323824425,1351493,HINDUNILVR.NS
2025-04-03,2203.866943359375,2212.0654534146915,2180.3510918370066,2185.1130403838,1310088,HINDUNILVR.NS
2025-04-04,2203.866943359375,2225.959124485599,2181.725620554213,2189.580618287982,1120226,HINDUNILVR.NS
2025-04-07,2208.62890625,2220.6079696442,2111.030654660281,2111.030654660281,3435185,HINDUNILVR.NS
2025-04-08,2247.756591796875,2264.399319536186,2211.525512303668,2227.18636537145,2774874,HINDUNILVR.NS
2025-04-09,2307.40576171875,2311.480446220256,2248.002336789395,2252.3716316716723,2989089,HINDUNILVR.NS
2025-04-11,2323.262939453125,2351.442937710442,2301.858260794508,2351.1974690128386,3836083,HINDUNILVR.NS
2025-04-15,2318.697265625,2356.4994442091893,2302.692658956642,2356.4994442091893,3042779,HINDUNILVR.NS
2025-04-16,2323.704833984375,2332.934360568433,2308.3874922964587,2308.3874922964587,1131979,HINDUNILVR.NS
2025-04-17,2331.952392578125,2336.763482680823,2300.630685801908,2314.376931484473,1962402,HINDUNILVR.NS
2025-04-21,2308.387451171875,2329.3994741521456,2306.2273747455256,2325.177604656988,1478430,HINDUNILVR.NS
2025-04-22,2355.222900390625,2362.3906339646264,2312.413305383334,2327.043143182113,2352346,HINDUNILVR.NS
2025-04-23,2379.867919921875,2393.810492567148,2350.0187855371846,2366.3180012661305,2226066,HINDUNILVR.NS
2025-04-24,2283.153564453125,2442.31532877599,2275.102238880822,2379.8682341199365,7065430,HINDUNILVR.NS
2025-04-25,2289.92822265625,2299.4523596993467,2252.813309509196,2289.633612290894,2859858,HINDUNILVR.NS
2025-04-28,2276.57470703125,2306.423601129874,2273.03986233106,2302.4961024476606,1555660,HINDUNILVR.NS
2025-04-29,2279.618408203125,2290.22270274414,2270.6834923989963,2285.8042666616752,1896387,HINDUNILVR.NS
2025-04-30,2299.64892578125,2309.860327197,2274.0218991661004,2277.949398128391,2083807,HINDUNILVR.NS
2025-05-02,2276.57470703125,2302.4961024476606,2268.1304889782928,2291.7937644248277,1424284,HINDUNILVR.NS
2025-05-05,2306.03125,2312.21686946445,2277.065943414648,2281.9753174121656,2074103,HINDUNILVR.NS
2025-05-06,2338.629150390625,2346.778758141565,2297.78306799766,2297.78306799766,1888125,HINDUNILVR.NS
2025-05-07,2327.82861328125,2343.6366523024376,2312.609555257485,2326.06119085797,1610400,HINDUNILVR.NS
2025-05-08,2312.216796875,2328.9086679425363,2298.5688334765755,2318.8935932451186,2323073,HINDUNILVR.NS
2025-05-09,2290.615478515625,2300.2378988832365,2260.57025538677,2287.768137663965,1805685,HINDUNILVR.NS
2025-05-12,2339.316650390625,2343.735086876148,2303.576504482828,2317.224467963012,1274873,HINDUNILVR.NS
2025-05-13,2317.224609375,2354.5358530852754,2310.155158509844,2332.5419526791165,1929665,HINDUNILVR.NS
2025-05-14,2307.896728515625,2327.0432872078413,2296.1142308588765,2327.0432872078413,1568111,HINDUNILVR.NS
2025-05-15,2312.51123046875,2326.944740521852,2297.586783068839,2308.976625401022,3236681,HINDUNILVR.NS
2025-05-16,2338.236572265625,2343.735167077532,2306.423924367458,2317.2245472572163,1473000,HINDUNILVR.NS
2025-05-19,2339.512939453125,2361.408794513757,2331.95255175475,2331.95255175475,936655,HINDUNILVR.NS
2025-05-20,2298.6669921875,2351.1972894631904,2296.1140220411703,2351.1972894631904,1617408,HINDUNILVR.NS
2025-05-21,2321.053466796875,2332.6396359970754,2302.496131178057,2303.478005860862,1570754,HINDUNILVR.NS
2025-05-22,2288.45556640625,2320.268454005645,2271.174713619723,2312.3151721769136,2423653,HINDUNILVR.NS
2025-05-23,2316.43896484375,2321.642949192319,2287.3756147859463,2294.5431090059574,844118,HINDUNILVR.NS
2025-05-26,2350.706298828125,2353.8482499032,2321.250058032729,2325.07927344993,892618,HINDUNILVR.NS
2025-05-27,2337.058349609375,2365.8273291751543,2317.5191369873537,2350.706553150472,1865258,HINDUNILVR.NS
2025-05-28,2319.18798828125,2344.716729896539,2309.3692415061387,2344.716729896539,897517,HINDUNILVR.NS
2025-05-29,2323.802978515625,2332.9344618523432,2312.8060289954524,2326.0613384377957,1111275,HINDUNILVR.NS
2025-05-30,2305.736328125,2331.8540504341177,2301.023281780984,2317.224213784136,3288892,HINDUNILVR.NS
2025-06-02,2328.6142578125,2340.789408851528,2301.121764755519,2305.343634416857,1178205,HINDUNILVR.NS
2025-06-03,2309.6640625,2336.3710082209477,2300.139925202615,2322.2321074614806,1643913,HINDUNILVR.NS
2025-06-04,2321.642822265625,2324.686729845221,2299.648923980229,2316.733448566607,3287896,HINDUNILVR.NS
2025-06-05,2333.3271484375,2336.861993557662,2306.3255917892498,2321.642934355921,1787978,HINDUNILVR.NS
2025-06-06,2346.484130859375,2353.0626431956043,2327.141247831911,2330.283198828193,997488,HINDUNILVR.NS
2025-06-09,2349.82275390625,2355.517675763248,2335.1929150826363,2350.608301699548,1293622,HINDUNILVR.NS
2025-06-10,2351.786376953125,2356.695750752591,2335.2908330438154,2350.0189544422137,1778782,HINDUNILVR.NS
2025-06-11,2333.3271484375,2359.346830298541,2328.319730852048,2351.786442380136,1977707,HINDUNILVR.NS
2025-06-12,2290.419189453125,2344.7169112625684,2281.9752104026784,2343.636753147556,3339584,HINDUNILVR.NS
2025-06-13,2276.967529296875,2282.760494395082,2260.2756586638234,2263.221282893185,1740682,HINDUNILVR.NS
2025-06-16,2285.215087890625,2294.248526930686,2271.1744714100378,2277.94931097458,1105297,HINDUNILVR.NS
2025-06-17,2286.3935546875,2290.8119909000766,2271.1744966219585,2277.949336261707,1119284,HINDUNILVR.NS
2025-06-18,2255.660888671875,2289.1426734843863,2244.0747187940665,2285.5097848886408,2056563,HINDUNILVR.NS
2025-06-19,2252.616943359375,2265.9705354890243,2248.7877278228257,2258.410148058999,1214549,HINDUNILVR.NS
2025-06-20,2264.3994140625,2271.0762100507136,2250.849495086671,2253.402465225416,2685864,HINDUNILVR.NS
2025-06-23,2257.35498046875,2268.169866753373,2241.082750343553,2265.590049100476,842856,HINDUNILVR.NS
2025-06-24,2245.44873046875,2283.053027199062,2242.67052101488,2277.099825042089,2440747,HINDUNILVR.NS
2025-06-25,2260.9267578125,2272.6347697099336,2253.683647230803,2261.224466347496,1047270,HINDUNILVR.NS
2025-06-26,2263.010498046875,2273.130892683563,2253.8823037125367,2271.047175154068,1874722,HINDUNILVR.NS
2025-06-27,2288.90673828125,2292.4787561982344,2261.5221557844948,2263.0104562105053,1050745,HINDUNILVR.NS
2025-06-30,2276.702880859375,2298.928070446473,2270.1542620550413,2291.8833514974594,1403754,HINDUNILVR.NS
2025-07-01,2277.595703125,2284.6404218850275,2268.7652176811503,2282.060604307341,759914,HINDUNILVR.NS
2025-07-02,2289.10546875,2290.990552474624,2269.7575623951902,2277.099747912196,1128034,HINDUNILVR.NS
2025-07-03,2295.356201171875,2308.750905945756,2286.029614742405,2291.9828168641297,1060039,HINDUNILVR.NS
2025-07-04,2321.05419921875,2323.1376744970185,2292.2803906553454,2299.920284481797,1242346,HINDUNILVR.NS
2025-07-07,2391.599609375,2396.858319639088,2322.7410024796927,2322.7410024796927,2701583,HINDUNILVR.NS
2025-07-08,2374.03759765625,2399.6364137173014,2367.3899041263103,2386.6384929568344,1471046,HINDUNILVR.NS
2025-07-09,2404.498046875,2420.670959786851,2378.4033734605428,2380.2884570863957,1741690,HINDUNILVR.NS
2025-07-10,2389.615234375,2415.0156603181044,2378.8996643467794,2404.4982396768783,1053695,HINDUNILVR.NS
2025-07-11,2499.947998046875,2510.2667843766285,2441.804962984538,2480.50077507572,7242235,HINDUNILVR.NS
2025-07-14,2496.971435546875,2512.7473238245966,2470.5788099993074,2480.5008132523167,2427712,HINDUNILVR.NS
2025-07-15,2507.19091796875,2510.167518959921,2490.422829279717,2501.039324367612,1700294,HINDUNILVR.NS
2025-07-16,2497.963623046875,2513.144094156912,2487.9423029182253,2506.595717385392,1284379,HINDUNILVR.NS
2025-07-17,2490.224365234375,2505.702544596446,2486.652347254296,2493.399357752,807474,HINDUNILVR.NS
2025-07-18,2470.181884765625,2495.2843577635995,2462.144965698126,2495.2843577635995,771112,HINDUNILVR.NS
2025-07-21,2445.674560546875,2474.150904552474,2436.248657165117,2471.471769802211,1169960,HINDUNILVR.NS
2025-07-22,2460.359130859375,2465.617841100553,2433.470647028656,2450.734836023488,861632,HINDUNILVR.NS
2025-07-23,2431.28759765625,2467.6022267172198,2422.953211758524,2461.6490247227266,1320795,HINDUNILVR.NS
2025-07-24,2418.785888671875,2446.7658880933027,2402.116875536856,2436.744568380519,693984,HINDUNILVR.NS
2025-07-25,2396.560546875,2409.657784838074,2386.638543712917,2407.1772840475533,769388,HINDUNILVR.NS
2025-07-28,2422.556396484375,2429.204090176368,2393.4848786817606,2396.5605543297306,987995,HINDUNILVR.NS
2025-07-29,2434.462890625,2438.3323751192297,2410.7491567723278,2425.7314790440246,732282,HINDUNILVR.NS
2025-07-30,2418.388916015625,2433.768020676373,2379.7924212132107,2422.953134293376,1224146,HINDUNILVR.NS
2025-07-31,2501.535400390625,2529.1186177565537,2401.224093298107,2401.224093298107,5505507,HINDUNILVR.NS
2025-08-01,2533.781982421875,2706.22645150003,2517.112968113841,2530.110889578397,4259653,HINDUNILVR.NS
2025-08-04,2523.85986328125,2563.0517752650835,2515.327086013953,2527.1341727297117,1293028,HINDUNILVR.NS
2025-08-05,2514.93017578125,2533.0874906124764,2497.665986605836,2517.7083852053106,756361,HINDUNILVR.NS
2025-08-06,2515.8232421875,2543.1087511382634,2506.893439258159,2518.898917854651,885487,HINDUNILVR.NS
2025-08-07,2497.8642578125,2524.1575657894737,2475.539751039598,2515.922254843745,847151,HINDUNILVR.NS
2025-08-08,2479.11181640625,2510.16749263262,2467.205412566444,2496.3760050794067,839794,HINDUNILVR.NS
2025-08-11,2498.757080078125,2504.8095986608714,2459.168385930271,2470.678006035155,992436,HINDUNILVR.NS
2025-08-12,2464.42724609375,2516.815472347512,2460.756153293229,2498.3604491802103,1406211,HINDUNILVR.NS
2025-08-13,2475.63916015625,2481.989145424676,2454.108219033236,2465.6178398482184,969803,HINDUNILVR.NS
2025-08-14,2461.252197265625,2489.430589305409,2453.909769595819,2479.409269233492,1104362,HINDUNILVR.NS
2025-08-18,2548.06982421875,2576.744317534717,2501.634799236764,2519.1966970429903,3089136,HINDUNILVR.NS
2025-08-19,2584.4833984375,2594.603793083701,2538.445159023351,2552.13757165593,1400717,HINDUNILVR.NS
2025-08-20,2648.9765625,2659.096957697686,2568.3106250001715,2578.728728752345,3156954,HINDUNILVR.NS
2025-08-21,2627.346435546875,2646.297558468229,2606.807937462502,2646.297558468229,2235686,HINDUNILVR.NS
2025-08-22,2609.387451171875,2637.76447641911,2598.5725648830726,2626.3541730605166,1223445,HINDUNILVR.NS
2025-08-25,2611.074462890625,2622.385449660888,2594.8022322765755,2622.385449660888,667598,HINDUNILVR.NS
2025-08-26,2671.5986328125,2683.901819675416,2604.1290122069813,2604.1290122069813,4348648,HINDUNILVR.NS
2025-08-28,2633.696533203125,2726.566583600232,2626.1559558246827,2726.566583600232,3198743,HINDUNILVR.NS
2025-08-29,2639.054443359375,2701.7614547505946,2620.797812241766,2644.0154449288766,1972773,HINDUNILVR.NS
2025-09-01,2628.834716796875,2652.4491325813005,2618.714322099665,2639.054428419475,1096729,HINDUNILVR.NS
2025-09-02,2656.120361328125,2671.400149963799,2624.469266767194,2628.338751273143,1525106,HINDUNILVR.NS
2025-09-03,2643.916015625,2665.942813210072,2637.566030780501,2660.0889285014373,1010692,HINDUNILVR.NS
2025-09-04,2645.801513671875,2728.550924824722,2634.787993044382,2728.550924824722,2494678,HINDUNILVR.NS
2025-09-05,2612.860107421875,2652.0520182863465,2603.335130123233,2646.793550617698,944879,HINDUNILVR.NS
2025-09-08,2603.434326171875,2623.9730666119685,2598.3742498750744,2609.486845026385,903410,HINDUNILVR.NS
2025-09-09,2621.393310546875,2625.560503547093,2590.9328084136164,2616.43230882366,1610956,HINDUNILVR.NS
2025-09-10,2622.881591796875,2632.2081780734443,2598.572683531688,2621.393291290843,1031486,HINDUNILVR.NS
2025-09-11,2601.54931640625,2636.9708204363524,2593.611713610197,2623.1793324727764,1212707,HINDUNILVR.NS
2025-09-12,2560.372802734375,2608.395199020342,2548.9624996026387,2604.5257148528326,1368380,HINDUNILVR.NS
2025-09-15,2560.868896484375,2573.1720829359647,2548.3670761897,2560.37279634945,752745,HINDUNILVR.NS
2025-09-16,2560.769775390625,2569.7988954313,2552.534706310226,2568.01288636171,1040928,HINDUNILVR.NS
2025-09-17,2549.656982421875,2570.8902135171456,2546.481990008828,2566.8220955202946,970247,HINDUNILVR.NS
2025-09-18,2566.623779296875,2589.5434608386845,2550.847649216938,2550.847649216938,1550153,HINDUNILVR.NS
2025-09-19,2539.635986328125,2584.384074543658,2534.8733764379317,2579.7207815780857,2214708,HINDUNILVR.NS
2025-09-22,2552.1376953125,2567.0207005828506,2540.231291096219,2548.962702635441,1174161,HINDUNILVR.NS
2025-09-23,2502.527587890625,2555.213521550528,2498.558786627699,2548.8632941880032,1430474,HINDUNILVR.NS
2025-09-24,2529.61474609375,2555.908054888213,2490.4228329850216,2502.527628586512,1882881,HINDUNILVR.NS
2025-09-25,2518.502197265625,2547.474399043097,2512.0528949895665,2526.142091514596,1624258,HINDUNILVR.NS
2025-09-26,2492.208740234375,2525.54652468155,2479.905311279923,2515.2277385461766,885612,HINDUNILVR.NS
2025-09-29,2478.4169921875,2497.7648977229896,2423.945293497526,2475.5397082588324,2403556,HINDUNILVR.NS
2025-09-30,2494.788330078125,2506.5956589551924,2472.166357093869,2478.4170251763394,1678088,HINDUNILVR.NS
2025-10-01,2516.41845703125,2530.110870187784,2478.4171355140884,2495.780641485965,1483899,HINDUNILVR.NS
2025-10-03,2525.050537109375,2528.721872140129,2488.7361501691885,2516.4184426371576,1242611,HINDUNILVR.NS
2025-10-06,2521.974853515625,2529.714064556161,2500.5432294397424,2515.426234426769,818923,HINDUNILVR.NS
2025-10-07,2497.566650390625,2539.437456341468,2488.736164248618,2520.188866616989,1291750,HINDUNILVR.NS
2025-10-08,2480.60009765625,2505.305788537764,2466.70929328416,2491.414984165673,1225128,HINDUNILVR.NS
2025-10-09,2497.963623046875,2503.3214078814285,2478.814108419605,2481.493000836882,1259173,HINDUNILVR.NS
2025-10-10,2509.17529296875,2515.12849489021,2486.9501026898624,2490.422803810714,1018875,HINDUNILVR.NS
2025-10-13,2473.35693359375,2511.854353327809,2466.014506099277,2499.5509243788547,1114750,HINDUNILVR.NS
2025-10-14,2482.782958984375,2489.6290444351357,2462.9389521863327,2473.555447376003,1461017,HINDUNILVR.NS
2025-10-15,2499.3525390625,2512.0527512652384,2483.080551145378,2483.080551145378,881070,HINDUNILVR.NS
2025-10-16,2541.52099609375,2548.466397996017,2487.545398204978,2498.1618926654496,1446646,HINDUNILVR.NS
2025-10-17,2583.391845703125,2594.603757423401,2540.0327414928897,2545.4898430859407,2050690,HINDUNILVR.NS
2025-10-20,2574.164306640625,2604.228023538072,2565.433137975568,2588.650527606881,1011485,HINDUNILVR.NS
2025-10-21,2571.485595703125,2586.3686009360827,2564.9372187424715,2573.7677049527942,82020,HINDUNILVR.NS
2025-10-23,2581.308349609375,2646.396542743126,2575.8512480603545,2580.712932545832,3386744,HINDUNILVR.NS
2025-10-24,2496.772705078125,2563.845541367595,2455.1996099512826,2563.845541367595,3110800,HINDUNILVR.NS
2025-10-27,2492.208740234375,2505.3057356327795,2486.453930097325,2496.7727162326983,2127832,HINDUNILVR.NS
2025-10-28,2477.62353515625,2506.298027731777,2462.541896386315,2499.3526254379835,2294976,HINDUNILVR.NS
2025-10-29,2468.693603515625,2493.994710552656,2464.6254854896224,2493.002510276694,1870143,HINDUNILVR.NS
2025-10-30,2450.337890625,2477.5240812054235,2435.752352825584,2471.5708795685664,1195631,HINDUNILVR.NS
2025-10-31,2446.269775390625,2460.160579225737,2433.7679550444664,2449.742476349403,1401937,HINDUNILVR.NS
2025-11-03,2440.812744140625,2455.596431753257,2421.2664466287306,2436.943259855451,1049185,HINDUNILVR.NS
2025-11-04,2426.624267578125,2444.0870900572017,2422.2586830765586,2440.812780562824,1251588,HINDUNILVR.NS
2025-11-06,2417.0,2444.682292267998,2413.6266157779787,2444.682292267998,1329256,HINDUNILVR.NS
2025-11-07,2414.0,2425.0,2400.60009765625,2417.0,817896,HINDUNILVR.NS
2025-11-10,2408.800048828125,2429.300048828125,2404.0,2405.0,780558,HINDUNILVR.NS
2025-11-11,2427.5,2433.699951171875,2403.10009765625,2422.199951171875,1422399,HINDUNILVR.NS
2025-11-12,2424.5,2434.800048828125,2416.199951171875,2430.60009765625,1680827,HINDUNILVR.NS
2025-11-13,2407.60009765625,2431.0,2405.0,2429.0,1256059,HINDUNILVR.NS
2025-11-14,2427.699951171875,2430.199951171875,2392.0,2405.10009765625,975973,HINDUNILVR.NS
2025-11-17,2425.0,2438.39990234375,2416.0,2431.39990234375,920038,HINDUNILVR.NS
2025-11-18,2404.0,2422.89990234375,2401.89990234375,2415.800048828125,1229034,HINDUNILVR.NS
2025-11-19,2441.60009765625,2450.699951171875,2411.0,2412.0,1465143,HINDUNILVR.NS
2025-11-20,2428.39990234375,2459.0,2425.0,2445.10009765625,1396929,HINDUNILVR.NS
2025-11-21,2433.699951171875,2443.199951171875,2413.0,2436.199951171875,1840712,HINDUNILVR.NS
2025-11-24,2424.199951171875,2444.89990234375,2413.0,2441.89990234375,4092327,HINDUNILVR.NS
2025-11-25,2414.10009765625,2424.199951171875,2406.0,2422.0,1240672,HINDUNILVR.NS
2025-11-26,2425.199951171875,2427.699951171875,2409.0,2412.0,1242683,HINDUNILVR.NS
2025-11-27,2451.699951171875,2459.699951171875,2425.0,2426.10009765625,1872248,HINDUNILVR.NS
2025-11-28,2466.60009765625,2470.0,2447.199951171875,2450.0,973225,HINDUNILVR.NS
2025-12-01,2464.5,2488.0,2458.800048828125,2466.60009765625,1924828,HINDUNILVR.NS
2025-12-02,2477.800048828125,2484.39990234375,2460.0,2471.0,2179406,HINDUNILVR.NS
2025-12-03,2448.0,2484.89990234375,2403.10009765625,2478.199951171875,3535932,HINDUNILVR.NS
2025-12-04,2462.199951171875,2483.0,2423.199951171875,2440.0,2587753,HINDUNILVR.NS
2025-12-05,2338.60009765625,2422.0,2286.699951171875,2422.0,4008271,HINDUNILVR.NS
2025-12-08,2314.0,2355.10009765625,2302.0,2350.10009765625,1898154,HINDUNILVR.NS
2025-12-09,2306.5,2330.39990234375,2298.10009765625,2318.0,1471488,HINDUNILVR.NS
2025-12-10,2301.699951171875,2316.89990234375,2295.0,2306.5,2857290,HINDUNILVR.NS
2025-12-11,2305.60009765625,2313.0,2292.0,2296.300048828125,1108032,HINDUNILVR.NS
2025-12-12,2260.60009765625,2309.0,2244.699951171875,2306.89990234375,3203114,HINDUNILVR.NS
2025-12-15,2293.5,2299.0,2252.0,2260.60009765625,1274115,HINDUNILVR.NS
2025-12-16,2281.10009765625,2302.699951171875,2276.0,2293.39990234375,1256042,HINDUNILVR.NS
2025-12-17,2275.60009765625,2286.199951171875,2268.300048828125,2281.199951171875,808100,HINDUNILVR.NS
2025-12-18,2265.5,2278.300048828125,2255.300048828125,2270.0,1057295,HINDUNILVR.NS
2025-12-19,2280.0,2284.800048828125,2263.699951171875,2263.699951171875,1237214,HINDUNILVR.NS
2025-12-22,2289.5,2295.0,2280.0,2280.0,790773,HINDUNILVR.NS
2025-12-23,2302.60009765625,2310.0,2280.699951171875,2289.300048828125,1128801,HINDUNILVR.NS
2025-12-24,2282.199951171875,2305.0,2278.10009765625,2302.60009765625,519380,HINDUNILVR.NS
2025-12-26,2285.39990234375,2290.0,2275.0,2282.300048828125,533626,HINDUNILVR.NS
2025-12-29,2293.300048828125,2298.699951171875,2280.0,2288.89990234375,1086695,HINDUNILVR.NS
2025-12-30,2290.199951171875,2298.0,2283.0,2293.300048828125,1556717,HINDUNILVR.NS
