Date,Close,High,Low,Open,Volume,Ticker
2021-01-01,1109.599853515625,1114.0455147136158,1105.5064494461576,1107.355100874464,4253550,INFY.NS
2021-01-04,1134.0726318359375,1135.6131923682199,1110.2159730853582,1117.1264659808303,7208454,INFY.NS
2021-01-05,1138.9583740234375,1143.5359963052456,1122.4523694578306,1128.5705521657621,8145280,INFY.NS
2021-01-06,1128.65869140625,1146.1770877418114,1116.2902550512151,1144.416447054036,7161715,INFY.NS
2021-01-07,1111.09619140625,1142.3475593355365,1105.2420404287118,1140.8950094747993,10954918,INFY.NS
2021-01-08,1155.068359375,1159.2059296743757,1125.2695357392688,1125.2695357392688,13186251,INFY.NS
2021-01-11,1211.496826171875,1217.7911381846839,1179.6292723945633,1181.477923642687,20528626,INFY.NS
2021-01-12,1207.5794677734375,1213.081470086967,1197.2357034240022,1213.081470086967,8309868,INFY.NS
2021-01-13,1221.13623046875,1226.1100612683126,1197.2355146942416,1209.427928406839,14442997,INFY.NS
2021-01-14,1206.47900390625,1218.3633282789128,1160.6582880628148,1197.2356405052901,27521697,INFY.NS
2021-01-15,1183.98681640625,1201.153063298787,1179.6292736409982,1197.235680710267,15018441,INFY.NS
2021-01-18,1155.0244140625,1179.6293260505788,1149.6984327030268,1177.8686852654287,8861765,INFY.NS
2021-01-19,1159.07373046875,1171.70630512877,1154.980219631064,1162.0227819458878,5585744,INFY.NS
2021-01-20,1179.1451416015625,1187.0240738239052,1162.5071716603345,1162.5071716603345,8225838,INFY.NS
2021-01-21,1179.364990234375,1198.1599134497121,1175.227528063781,1188.4323317498906,6142421,INFY.NS
2021-01-22,1180.3773193359375,1193.714191865566,1167.7888049454957,1168.1849060513318,9646591,INFY.NS
2021-01-25,1166.512451171875,1186.5837977384417,1155.8605966401967,1184.0308472818467,6542611,INFY.NS
2021-01-27,1145.2967529296875,1168.669300749039,1131.2996381464989,1161.6706896269554,8133665,INFY.NS
2021-01-28,1123.464599609375,1141.2910837125905,1120.2515168385528,1137.1976807391404,4660690,INFY.NS
2021-01-29,1090.760986328125,1136.6256556459916,1083.6743644373792,1132.3120643847108,12183519,INFY.NS
2021-02-01,1109.99609375,1125.0054931737886,1092.477695036824,1100.884798446364,8880279,INFY.NS
2021-02-02,1119.1070556640625,1139.4864898120056,1112.3725846333607,1126.8098574237954,6892490,INFY.NS
2021-02-03,1130.903564453125,1147.9377418137635,1120.647810835062,1124.7413219740633,8182968,INFY.NS
2021-02-04,1126.2376708984375,1138.6062131817557,1119.8113976609816,1131.2115017172475,5032240,INFY.NS
2021-02-05,1119.85546875,1134.5128237163976,1110.9642549215084,1132.444092435958,5477481,INFY.NS
2021-02-08,1147.5416259765625,1153.2196492039,1122.8485973737208,1131.6518008027583,6921922,INFY.NS
2021-02-09,1149.302490234375,1172.5869248492716,1142.5239577988114,1150.4909014362788,7965949,INFY.NS
2021-02-10,1141.335205078125,1148.2456975542023,1129.9790523514478,1140.7190238869975,5951207,INFY.NS
2021-02-11,1137.946044921875,1140.8950964026346,1129.494991625902,1134.7328543695958,4673317,INFY.NS
2021-02-12,1153.0435791015625,1165.324004378613,1145.780936581356,1148.8179986508705,5797875,INFY.NS
2021-02-15,1152.911376953125,1169.4173807823101,1150.6665174479708,1162.0226695746428,4363513,INFY.NS
2021-02-16,1135.96533203125,1161.8027112398622,1132.0919012346753,1156.7408695352747,6896421,INFY.NS
2021-02-17,1127.9544677734375,1139.574653000407,1122.4084067790798,1135.9653611845283,4575741,INFY.NS
2021-02-18,1137.7698974609375,1149.6982801822862,1122.4083516327833,1123.2886719085736,6437551,INFY.NS
2021-02-19,1136.757568359375,1143.976151339578,1123.992924885405,1140.9830410327988,5389696,INFY.NS
2021-02-22,1113.78125,1151.9432226672286,1109.2036272212563,1140.0148390885133,7371303,INFY.NS
2021-02-23,1114.7935791015625,1136.4934957685794,1107.0468250167494,1119.0191594830774,6612942,INFY.NS
2021-02-24,1121.792236328125,1123.8169086048074,1102.1610500403006,1109.2476716611327,4537258,INFY.NS
2021-02-25,1122.0123291015625,1144.196358621312,1119.767469256633,1134.2486958235556,8788221,INFY.NS
2021-02-26,1103.3055419921875,1121.7922694151218,1095.7787599856006,1117.1265285573224,15132388,INFY.NS
2021-03-01,1115.3660888671875,1130.7716978294416,1108.323524770157,1112.108945956711,5756286,INFY.NS
2021-03-02,1148.3778076171875,1153.2195691671259,1126.1056615030825,1128.7906813469826,10461434,INFY.NS
2021-03-03,1182.75439453125,1185.7914566139111,1151.458964551593,1161.3185090312531,9056399,INFY.NS
2021-03-04,1171.134033203125,1200.6247618326536,1167.216651041202,1175.227543893149,12041941,INFY.NS
2021-03-05,1159.11767578125,1179.6291813973996,1148.8620304341473,1169.5054981242129,6486176,INFY.NS
2021-03-08,1175.8878173828125,1184.9991108147522,1159.5578331575844,1166.2483532735523,5119392,INFY.NS
2021-03-09,1184.5152587890625,1188.8287431502001,1160.9226270613512,1170.3860721729413,6518173,INFY.NS
2021-03-10,1204.41015625,1209.560008154973,1192.8339236171678,1194.5065535631416,7925984,INFY.NS
2021-03-12,1210.308349609375,1225.1417252536396,1206.0828766227546,1208.6797785376261,9462061,INFY.NS
2021-03-15,1209.207763671875,1214.7538237256626,1195.9149506008914,1206.0386325529785,6658635,INFY.NS
2021-03-16,1218.3631591796875,1237.730203617515,1215.2820384736694,1220.1678585775971,9352771,INFY.NS
2021-03-17,1221.00439453125,1232.448559728731,1216.6027925322187,1225.6260766302328,7626744,INFY.NS
2021-03-18,1177.0762939453125,1226.9464622249845,1156.3007556107748,1226.9464622249845,10961755,INFY.NS
2021-03-19,1183.546630859375,1193.0100744562515,1160.2622009937772,1170.826045008895,12767112,INFY.NS
2021-03-22,1206.7431640625,1211.3207868423383,1176.1959838130717,1188.5204685629212,4862758,INFY.NS
2021-03-23,1207.4034423828125,1217.7031476926572,1196.8835495202284,1208.1956447443526,7165335,INFY.NS
2021-03-24,1191.733642578125,1206.4349490534235,1185.1312401261687,1195.3429344263322,6134303,INFY.NS
2021-03-25,1174.17138671875,1190.6333351332403,1168.7133357890523,1185.5714928581822,8749994,INFY.NS
2021-03-26,1176.2840576171875,1194.3306255428965,1172.5867549777777,1183.7667809034572,4922071,INFY.NS
2021-03-30,1219.5078125,1232.4484785402813,1176.240046207622,1185.7034898821278,10546381,INFY.NS
2021-03-31,1204.322265625,1221.8846131538799,1200.1407440742212,1216.6026911950014,8220987,INFY.NS
2021-04-01,1219.419677734375,1225.0537493367353,1206.9191720368383,1214.8420550042574,5675155,INFY.NS
2021-04-05,1241.16357421875,1254.4563888469693,1221.004218477717,1224.5254995692171,9479572,INFY.NS
2021-04-06,1242.176025390625,1255.336771135885,1238.1264659665671,1252.6958101867913,5793571,INFY.NS
2021-04-07,1259.0341796875,1263.2157015429689,1238.2586399609468,1241.471830878925,5879234,INFY.NS
2021-04-08,1267.5289306640625,1277.9607028191624,1250.9349175358793,1258.8577987869862,5654434,INFY.NS
2021-04-09,1268.5855712890625,1280.8659961023566,1258.9020482944743,1280.8659961023566,6052712,INFY.NS
2021-04-12,1255.1168212890625,1300.7174613927093,1245.6533769062062,1297.5922809609524,20384532,INFY.NS
2021-04-13,1229.9395751953125,1263.4797584027474,1210.4404583199982,1261.4990376527692,14855206,INFY.NS
2021-04-15,1197.895751953125,1202.8695827405857,1162.022702611152,1172.850684415324,25342491,INFY.NS
2021-04-16,1191.733642578125,1206.78709867639,1185.4393307483979,1201.6372462560596,10879878,INFY.NS
2021-04-19,1199.48046875,1214.577875938815,1172.8947311912377,1179.6292029840504,12508028,INFY.NS
2021-04-20,1189.6207275390625,1213.9616035180388,1181.7419044237488,1213.9616035180388,8560766,INFY.NS
2021-04-22,1189.4007568359375,1201.4612096354417,1184.1628939428558,1193.3182467166828,6622446,INFY.NS
2021-04-23,1174.17138671875,1187.0240430032222,1171.7064466265012,1182.2702913744486,7316262,INFY.NS
2021-04-26,1182.75439453125,1189.576876928249,1162.9031285723656,1172.8067320518805,7088606,INFY.NS
2021-04-27,1187.112060546875,1191.0735023507023,1179.7614066919707,1184.9112595447489,3636115,INFY.NS
2021-04-28,1193.71435546875,1196.7954765927475,1183.6786823155342,1195.4749961110342,4879234,INFY.NS
2021-04-29,1194.0224609375,1205.1585346306288,1189.6649182780477,1204.278214298539,5412357,INFY.NS
2021-04-30,1192.261962890625,1209.472270426049,1184.823298179053,1185.1754478462083,8354677,INFY.NS
2021-05-03,1190.2373046875,1198.1161297126018,1177.8687594088622,1180.3336996476273,4560337,INFY.NS
2021-05-04,1170.2977294921875,1192.7898467813673,1165.6319893117732,1191.953585551371,4887060,INFY.NS
2021-05-05,1180.9495849609375,1183.0623749987185,1168.8892408309257,1180.597435377813,3939788,INFY.NS
2021-05-06,1198.6441650390625,1201.3731366272477,1177.3404555895117,1184.0308687459922,4810090,INFY.NS
2021-05-07,1190.6773681640625,1208.7239358814727,1187.11202765501,1201.901452963915,4991435,INFY.NS
2021-05-10,1179.233154296875,1190.9854093423387,1175.271712767327,1188.3003893212533,7195348,INFY.NS
2021-05-11,1171.3980712890625,1180.5093636776037,1166.5122512961696,1176.900072424771,6420988,INFY.NS
2021-05-12,1168.18505859375,1170.826019540081,1157.1810546507043,1170.826019540081,5241898,INFY.NS
2021-05-14,1158.8536376953125,1168.0529416338368,1154.3640257610134,1168.0529416338368,4824609,INFY.NS
2021-05-17,1170.2977294921875,1175.183442268053,1162.2868369308226,1162.2868369308226,5017129,INFY.NS
2021-05-18,1179.6292724609375,1183.6787245906223,1170.3859087588182,1177.868631755772,5620150,INFY.NS
2021-05-19,1176.988037109375,1194.9905411398668,1173.6868365565251,1181.3896378465079,4435878,INFY.NS
2021-05-20,1179.012939453125,1187.6400133214966,1175.227519439831,1187.0238321383868,4490092,INFY.NS
2021-05-21,1192.3936767578125,1195.034637282193,1185.2190458410535,1186.2314355342578,4969733,INFY.NS
2021-05-24,1186.7156982421875,1199.8764423547975,1184.1186891544971,1194.286430531544,4225371,INFY.NS
2021-05-25,1198.6441650390625,1204.2782367617228,1192.3498530550198,1195.4750332766225,4099340,INFY.NS
2021-05-26,1230.0274658203125,1232.4483465009394,1199.040236092676,1204.1900880483613,6850024,INFY.NS
2021-05-27,1234.4290771484375,1246.7535607141913,1225.141655477,1236.1456586607087,15365391,INFY.NS
2021-05-28,1236.89404296875,1244.772866430296,1229.0151120462333,1241.0315052688188,4261312,INFY.NS
2021-05-31,1240.1864013671875,1247.0825051236686,1230.6208380920684,1247.0825051236686,4429904,INFY.NS
2021-06-01,1234.358154296875,1246.6377126880795,1226.7502591241341,1245.7478927646762,4791325,INFY.NS
2021-06-02,1226.7501220703125,1238.584660557052,1214.6040597487086,1228.6187219765782,9272276,INFY.NS
2021-06-03,1236.5380859375,1244.8578792030544,1225.3263783707234,1235.1588218225315,5115645,INFY.NS
2021-06-04,1232.978759765625,1242.98923196493,1225.8602017572302,1240.3641985269894,4194328,INFY.NS
2021-06-07,1236.5380859375,1238.6291407081142,1225.5488333169712,1237.7393209231227,5154576,INFY.NS
2021-06-08,1257.27099609375,1265.1014547357097,1241.788216584457,1242.1885920949892,7360630,INFY.NS
2021-06-09,1259.362060546875,1267.9932695298262,1249.8409231050714,1257.6713811300513,5394317,INFY.NS
2021-06-10,1267.370361328125,1271.552470863138,1262.6542730264473,1267.1033719447926,3496575,INFY.NS
2021-06-11,1287.480224609375,1291.6623340076171,1271.9528047198082,1272.5312092843928,6140828,INFY.NS
2021-06-14,1300.7388916015625,1314.2641118637675,1293.308807864144,1308.9251919780652,7132294,INFY.NS
2021-06-15,1311.5054931640625,1313.3740931171444,1301.806435115435,1302.6962549617203,5403104,INFY.NS
2021-06-16,1317.46728515625,1325.3421693256153,1305.810666518263,1310.43768641987,7661710,INFY.NS
2021-06-17,1330.547607421875,1337.0877613114858,1312.5731820594183,1312.5731820594183,7677951,INFY.NS
2021-06-18,1337.6661376953125,1348.7888851030746,1323.5179812685233,1342.73806706502,13533974,INFY.NS
2021-06-21,1334.996826171875,1339.8908355733147,1320.6706390275504,1328.5010975180908,5454052,INFY.NS
2021-06-22,1345.2740478515625,1353.8162962388503,1336.5983047696675,1343.360913550413,6427862,INFY.NS
2021-06-23,1337.5328369140625,1356.9753804774398,1333.5286472667522,1356.9753804774398,5529809,INFY.NS
2021-06-24,1387.4071044921875,1395.9049277395711,1344.6957505278851,1349.8567492468076,10785137,INFY.NS
2021-06-25,1400.75439453125,1404.1357534821677,1372.9920580627281,1398.7968342674067,9780240,INFY.NS
2021-06-28,1398.6190185546875,1406.0489932945832,1388.6529701012548,1399.5977987599592,5019178,INFY.NS
2021-06-29,1390.8328857421875,1400.2649539245465,1387.4069926061065,1389.0087116988348,5913567,INFY.NS
2021-06-30,1406.6270751953125,1415.7031930096216,1398.8411525436254,1398.8411525436254,6058722,INFY.NS
2021-07-01,1388.474853515625,1403.1123459447122,1387.27361849601,1403.1123459447122,4814317,INFY.NS
2021-07-02,1395.0596923828125,1396.5278083315611,1372.636165574309,1387.1846993165,5166064,INFY.NS
2021-07-05,1404.981201171875,1410.3646554500672,1389.0535105714757,1396.2610306196868,4058338,INFY.NS
2021-07-06,1390.07666015625,1411.921783026772,1385.5386002081234,1400.309589417197,4089574,INFY.NS
2021-07-07,1392.2122802734375,1397.506774179586,1374.460415614269,1393.5025843809224,4797120,INFY.NS
2021-07-08,1388.786376953125,1402.3561301157295,1378.330993368823,1395.237571079609,3326813,INFY.NS
2021-07-09,1390.6995849609375,1396.9283244469302,1380.1107061106309,1384.5598057434827,3436594,INFY.NS
2021-07-12,1377.3076171875,1404.1357070791948,1364.7611791715558,1397.5065927215103,4588982,INFY.NS
2021-07-13,1374.7271728515625,1384.9156755957686,1367.0303178269412,1384.9156755957686,4456160,INFY.NS
2021-07-14,1403.1568603515625,1408.4068188807405,1368.631808761568,1382.7799652654269,5657716,INFY.NS
2021-07-15,1406.6270751953125,1420.9086167154921,1384.559502402873,1386.2501816170682,10021355,INFY.NS
2021-07-16,1384.070068359375,1401.1546725054604,1378.8646446149278,1400.3538130169516,6265593,INFY.NS
2021-07-19,1371.835205078125,1381.8012524671824,1368.142539635368,1374.5046646004569,5669162,INFY.NS
2021-07-20,1379.265380859375,1386.0724162048894,1368.5430076051287,1368.80999702364,5069939,INFY.NS
2021-07-22,1414.9913330078125,1417.349377086102,1389.364589198939,1389.364589198939,7854575,INFY.NS
2021-07-23,1415.214111328125,1422.3772054512997,1410.4091704426617,1413.523540301329,4179719,INFY.NS
2021-07-26,1427.1820068359375,1434.0781103240706,1418.4617292994851,1418.4617292994851,4586710,INFY.NS
2021-07-27,1425.980712890625,1431.9869963256106,1421.8430292446305,1428.1607278743518,5892859,INFY.NS
2021-07-28,1428.6947021484375,1430.4743418144471,1410.8093452291575,1428.249792231935,4686788,INFY.NS
2021-07-29,1438.8387451171875,1441.5082047556239,1423.800767429878,1423.800767429878,4660873,INFY.NS
2021-07-30,1433.054931640625,1444.5336299360965,1429.1842368464966,1432.610021695999,6234257,INFY.NS
2021-08-02,1451.7855224609375,1454.6329023419573,1440.7961611531427,1448.13717442387,5553389,INFY.NS
2021-08-03,1472.8297119140625,1475.8996554431062,1455.389265292903,1465.5332328913128,5513668,INFY.NS
2021-08-04,1467.535400390625,1494.8084007547138,1458.4592812898322,1485.198302842802,6740391,INFY.NS
2021-08-05,1471.3616943359375,1482.4399083057124,1465.5778651618755,1467.7578804023244,5420536,INFY.NS
2021-08-06,1468.3807373046875,1477.6794203166185,1462.8638974414057,1474.4315559978156,3754855,INFY.NS
2021-08-09,1480.0372314453125,1483.7298965059185,1464.9992559683262,1477.990602575094,5018477,INFY.NS
2021-08-10,1492.450439453125,1494.897444198092,1478.035400403738,1484.2196053109628,6846517,INFY.NS
2021-08-11,1492.71728515625,1498.456579557271,1484.2194624118335,1490.2702806468778,4899639,INFY.NS
2021-08-12,1503.4398193359375,1509.5795989337055,1489.5586493457251,1494.141243975539,5659579,INFY.NS
2021-08-13,1523.5494384765625,1532.714625987303,1504.9522913044452,1510.0242207840076,5612790,INFY.NS
2021-08-16,1516.6092529296875,1530.445888969038,1503.8847832867486,1519.545593802253,4564109,INFY.NS
2021-08-17,1549.754638671875,1556.205832064848,1500.7255906093967,1516.1639420394988,9510390,INFY.NS
2021-08-18,1542.4580078125,1562.0785768197593,1536.7187138523066,1538.4983533587945,6686090,INFY.NS
2021-08-20,1542.0130615234375,1552.7354327450637,1527.0196207594406,1527.0196207594406,6206972,INFY.NS
2021-08-23,1547.1741943359375,1559.9876213215564,1541.1679106196082,1544.5047349064578,6189051,INFY.NS
2021-08-24,1531.2464599609375,1563.4134691115678,1523.9944064933602,1557.1847301908044,7602939,INFY.NS
2021-08-25,1544.326904296875,1554.4263380022362,1528.7105222770665,1528.7105222770665,6153253,INFY.NS
2021-08-26,1537.3416748046875,1553.6254211203336,1530.4901055710045,1542.9475831744894,5302248,INFY.NS
2021-08-27,1520.5242919921875,1537.341801243583,1517.3208534484993,1534.9393309564102,6698514,INFY.NS
2021-08-30,1510.9586181640625,1529.2888850881866,1504.151474684652,1515.4077173505289,6559667,INFY.NS
2021-08-31,1518.4329833984375,1526.0409862826573,1500.1027168908208,1512.8271837232185,12255438,INFY.NS
2021-09-01,1492.8953857421875,1521.1471684853343,1488.8022357932841,1521.1471684853343,7801974,INFY.NS
2021-09-02,1502.9947509765625,1507.6218795661478,1479.4590583890802,1492.539367293398,6830050,INFY.NS
2021-09-03,1513.27197265625,1517.987952137385,1498.812401784732,1509.1788235490428,5339139,INFY.NS
2021-09-06,1539.744384765625,1541.1680748889787,1512.1154332773742,1517.2764321726995,4876026,INFY.NS
2021-09-07,1518.6109619140625,1543.7483709085054,1516.2529177532997,1539.3882322260613,3520341,INFY.NS
2021-09-08,1506.6873779296875,1513.4499866926615,1497.5221905318458,1513.4499866926615,4584896,INFY.NS
2021-09-09,1505.21923828125,1508.1556872378899,1496.8104841372344,1500.1473085786038,3331674,INFY.NS
2021-09-13,1505.486083984375,1514.028332014795,1490.6260287182015,1497.5666663419925,4662374,INFY.NS
2021-09-14,1500.3697509765625,1509.089920271295,1493.651567709299,1509.089920271295,4945167,INFY.NS
2021-09-15,1522.8822021484375,1526.1300664600856,1503.973529549805,1506.687523653375,4062344,INFY.NS
2021-09-16,1514.69580078125,1529.8227378429513,1505.0857031997,1526.2189240947241,3246568,INFY.NS
2021-09-17,1504.952392578125,1528.7105397062314,1498.8570395600073,1510.0243223989958,7454864,INFY.NS
2021-09-20,1501.88232421875,1519.5452254836232,1493.0730864950874,1499.3463595187543,5660743,INFY.NS
2021-09-21,1529.11083984375,1536.4963878637336,1499.0349948323485,1512.693707466829,4672222,INFY.NS
2021-09-22,1527.731689453125,1547.3077257336527,1524.3059048281496,1527.8206497121014,4553892,INFY.NS
2021-09-23,1550.5556640625,1552.7356793044048,1531.4689626029945,1541.1680209485553,3826090,INFY.NS
2021-09-24,1569.5086669921875,1590.9978373584784,1559.3646993251812,1564.3032427719265,8280446,INFY.NS
2021-09-27,1531.513427734375,1574.0912850316047,1528.7994337947073,1573.8688300732904,5045337,INFY.NS
2021-09-28,1501.215087890625,1521.591984731913,1490.448289137985,1521.591984731913,6557197,INFY.NS
2021-09-29,1505.797607421875,1513.9394805910563,1472.6518187520774,1476.4335530298395,7792548,INFY.NS
2021-09-30,1490.6260986328125,1515.3631327387895,1486.088039336983,1515.3631327387895,6914031,INFY.NS
2021-10-01,1481.6834716796875,1493.9629198300943,1478.2131527121837,1481.638937241155,5733906,INFY.NS
2021-10-04,1493.78515625,1502.0159903201786,1481.906082316077,1488.2237818782576,2947154,INFY.NS
2021-10-05,1506.2869873046875,1515.3185712967768,1479.7703140555798,1486.8888723913853,4373310,INFY.NS
2021-10-06,1489.158203125,1520.7022765304796,1485.9992988916915,1514.5624972241128,4271698,INFY.NS
2021-10-07,1504.6851806640625,1516.4307577863626,1491.9162891164272,1501.125901703296,5476108,INFY.NS
2021-10-08,1533.916015625,1540.7231595962521,1511.2701425778723,1517.3653871796182,4738376,INFY.NS
2021-10-11,1504.6407470703125,1539.3882537018142,1480.3931575250094,1496.6769033100875,8840633,INFY.NS
2021-10-12,1499.47998046875,1502.9057652551307,1478.8806286879972,1492.2279267808492,7439300,INFY.NS
2021-10-13,1520.8798828125,1524.8396458972372,1494.9417238334045,1509.0897710508837,7104171,INFY.NS
2021-10-14,1526.70849609375,1587.082754690168,1511.0921133732145,1560.7441073282457,19655776,INFY.NS
2021-10-18,1594.6905517578125,1600.7857955699135,1548.2864281776817,1548.2864281776817,13438109,INFY.NS
2021-10-19,1621.3851318359375,1632.3743843811635,1585.9258353711248,1614.133078913835,10324260,INFY.NS
2021-10-20,1603.7667236328125,1644.3870199570588,1596.3812843324115,1627.8363931036856,5876115,INFY.NS
2021-10-21,1560.4326171875,1614.1332239446729,1554.3817986991194,1614.1332239446729,8779629,INFY.NS
2021-10-22,1530.3121337890625,1568.9302261697185,1518.9223969134766,1557.0956880152075,7369809,INFY.NS
2021-10-25,1519.411865234375,1539.1658216360158,1501.303945142191,1532.3142525237072,5905209,INFY.NS
2021-10-26,1529.42138671875,1549.9788722496721,1522.4193469581496,1535.121906435582,5871709,INFY.NS
2021-10-27,1552.08837890625,1556.7565147555208,1527.1322237405088,1534.2689409244713,5090259,INFY.NS
2021-10-28,1529.600830078125,1548.3179728132604,1518.9630389912397,1543.4703399076664,5329972,INFY.NS
2021-10-29,1497.1488037109375,1537.4108857345927,1491.1342188619528,1525.202109131994,5875091,INFY.NS
2021-11-01,1526.1446533203125,1532.5631615525838,1504.5547869181817,1505.901345498359,3636806,INFY.NS
2021-11-02,1524.2147216796875,1531.890040630247,1513.8461757071277,1521.611352905563,3471772,INFY.NS
2021-11-03,1528.343994140625,1541.7646508726255,1525.2020241086177,1534.179081342924,3530713,INFY.NS
2021-11-04,1533.90966796875,1541.3606690256308,1530.5882007505536,1539.5652576464513,483407,INFY.NS
2021-11-08,1559.763671875,1562.9056418615107,1528.792824865108,1553.0308790467627,5245903,INFY.NS
2021-11-09,1564.2523193359375,1570.9851126759775,1549.4401739878497,1557.2950995512297,4016134,INFY.NS
2021-11-10,1562.142578125,1571.83773382555,1545.8042688196354,1549.4400206968505,4780368,INFY.NS
2021-11-11,1555.993408203125,1561.7835664122908,1534.179114814545,1555.679123526493,4731349,INFY.NS
2021-11-12,1598.0958251953125,1600.474767487717,1560.2576133002974,1564.7012131877632,5069009,INFY.NS
2021-11-15,1604.3349609375,1615.8704586842389,1593.8766663299257,1599.801502761789,4354074,INFY.NS
2021-11-16,1608.9580078125,1623.9047204027208,1595.2230664459416,1606.8932408206165,6034233,INFY.NS
2021-11-17,1604.6041259765625,1617.665788691909,1598.544612062206,1609.1825130450993,4732492,INFY.NS
2021-11-18,1597.377685546875,1606.3995628785876,1579.0644657331543,1599.3525944279756,4326924,INFY.NS
2021-11-22,1579.4234619140625,1602.7638105783417,1572.017389741743,1601.5070006566984,6621839,INFY.NS
2021-11-23,1559.22509765625,1568.5163300051972,1535.0767917063313,1557.6091835159034,8436160,INFY.NS
2021-11-24,1522.509033203125,1562.4569412087494,1515.3273868200913,1562.0080883098099,7333061,INFY.NS
2021-11-25,1546.20849609375,1549.6197123932054,1523.3618176709108,1526.0998642017403,4476260,INFY.NS
2021-11-26,1518.6038818359375,1542.5725803901694,1511.736411257702,1528.3888959632156,4494181,INFY.NS
2021-11-29,1522.8228759765625,1536.8719905639543,1498.4053274363978,1518.0201729226908,3942776,INFY.NS
2021-11-30,1537.4556884765625,1552.9411117960724,1526.1446185772156,1530.1842942257836,14808963,INFY.NS
2021-12-01,1539.4757080078125,1563.713764760079,1537.7700450604518,1539.5654566717308,5193264,INFY.NS
2021-12-02,1569.4139404296875,1571.4337781908582,1536.2885792298446,1539.5652268479416,5559574,INFY.NS
2021-12-03,1558.0133056640625,1603.8860489685592,1555.3201883320971,1589.926680297916,6754012,INFY.NS
2021-12-06,1521.880615234375,1556.5768551113895,1518.4692895209917,1553.030961200896,3991449,INFY.NS
2021-12-07,1536.55810546875,1548.452706939299,1520.7135766875624,1527.0872657475893,4202122,INFY.NS
2021-12-08,1573.9923095703125,1579.7825772411895,1555.3649157936254,1555.72401999994,3029169,INFY.NS
2021-12-09,1583.05908203125,1588.4004967272194,1563.8033384876364,1579.0643354763217,2082171,INFY.NS
2021-12-10,1579.2886962890625,1583.3283717947045,1567.3940961891165,1579.9619755400029,1823469,INFY.NS
2021-12-13,1566.182373046875,1590.1510729588513,1560.930816277759,1586.2910039483113,4040584,INFY.NS
2021-12-14,1572.9151611328125,1582.6552466615897,1535.3910167263787,1553.8389138318717,4768144,INFY.NS
2021-12-15,1556.8011474609375,1569.1446005691694,1545.1309736131548,1566.4964126446885,3053149,INFY.NS
2021-12-16,1590.3756103515625,1595.761845276833,1578.166833104262,1582.3411870879927,4481031,INFY.NS
2021-12-17,1634.5875244140625,1653.5740233084343,1621.9298950122225,1633.824496428529,18887243,INFY.NS
2021-12-20,1614.8829345703125,1642.4873870491053,1604.469569535608,1617.3964449810487,5773891,INFY.NS
2021-12-21,1626.28369140625,1649.983144782225,1616.7680325096776,1616.7680325096776,5353584,INFY.NS
2021-12-22,1638.0438232421875,1642.038680030921,1626.957177893869,1638.3131788309054,4156428,INFY.NS
2021-12-23,1667.578369140625,1671.1691925494476,1640.1085919797779,1643.923841851652,4112933,INFY.NS
2021-12-24,1672.8746337890625,1683.871529020571,1664.346429323811,1681.357909134367,3780347,INFY.NS
2021-12-27,1675.253662109375,1682.7494834505653,1656.3120920810711,1669.732749649534,2647733,INFY.NS
2021-12-28,1694.8685302734375,1701.9604279258667,1686.2505766124211,1688.3152341779669,3340933,INFY.NS
2021-12-29,1692.669189453125,1700.0752621912457,1684.4551595905639,1690.828848757635,3236635,INFY.NS
2021-12-30,1699.2222900390625,1714.4384680998746,1682.6147338295473,1691.7264690178984,4584738,INFY.NS
2021-12-31,1694.64404296875,1704.1597020773836,1680.191002196057,1696.6638809222288,4619420,INFY.NS
2022-01-03,1704.24951171875,1718.2538096972232,1694.6441036073452,1694.6441036073452,3329616,INFY.NS
2022-01-04,1704.8778076171875,1711.6106003890875,1685.891310083786,1704.249347875214,3921999,INFY.NS
2022-01-05,1655.9530029296875,1708.2443650547573,1651.7786491009124,1705.640996354203,6995719,INFY.NS
2022-01-06,1631.849609375,1641.0061644901782,1615.8704026708538,1641.0061644901782,6449205,INFY.NS
2022-01-07,1628.70751953125,1648.1876896772642,1621.9747266812612,1629.739793435008,4834389,INFY.NS
2022-01-10,1661.428955078125,1678.6200425032102,1627.5405622351159,1629.3359737764672,7857560,INFY.NS
2022-01-11,1665.78271484375,1678.7096991495666,1660.8902624950238,1665.2441133275113,5142287,INFY.NS
2022-01-12,1685.397705078125,1695.7662508688193,1669.7327827506638,1677.7223862621913,5362535,INFY.NS
2022-01-13,1702.768310546875,1716.8622469895265,1675.4331047076187,1710.1294538640775,14277630,INFY.NS
2022-01-14,1731.9886474609375,1735.2652955175927,1688.5845943448485,1689.482300136632,7688506,INFY.NS
2022-01-17,1741.100341796875,1754.0273268080673,1733.0209898627827,1740.2475651482325,5262464,INFY.NS
2022-01-18,1724.268310546875,1746.0376748737065,1715.9196032810285,1725.48019138657,3690315,INFY.NS
2022-01-19,1676.0618896484375,1720.0045508057144,1672.2914590167675,1720.0045508057144,5747770,INFY.NS
2022-01-20,1637.1458740234375,1658.9601668033267,1629.7847309693936,1655.369343931458,5533463,INFY.NS
2022-01-21,1603.033203125,1623.0520862970209,1594.3255006988436,1611.3819108977614,8252758,INFY.NS
2022-01-24,1559.1353759765625,1587.7272819323061,1551.2355216165236,1584.450634058544,7116712,INFY.NS
2022-01-25,1545.98388671875,1562.0079114802231,1526.5485364782296,1549.9786332337899,9137653,INFY.NS
2022-01-27,1506.8885498046875,1534.8071711506077,1494.6797759537772,1527.8948820860833,11231734,INFY.NS
2022-01-28,1513.7115478515625,1550.8317721070282,1507.6969625398617,1509.0435213036662,10998502,INFY.NS
2022-01-31,1558.5966796875,1570.536209998629,1539.8795367121913,1542.2584788669017,8788872,INFY.NS
2022-02-01,1590.779541015625,1597.9162579975496,1557.2501431039855,1585.4381259763172,5119935,INFY.NS
2022-02-02,1604.2899169921875,1609.4069054950608,1590.7345821422696,1605.9955798264787,4253717,INFY.NS
2022-02-03,1560.706298828125,1597.0184507985493,1556.6216940329873,1597.0184507985493,3832922,INFY.NS
2022-02-04,1562.9954833984375,1574.530980546349,1535.2115338427761,1554.826382864696,4700077,INFY.NS
2022-02-07,1539.5655517578125,1554.826551396228,1521.9705387972274,1546.028990124318,4310209,INFY.NS
2022-02-08,1541.630126953125,1548.5424173887602,1522.5089506616448,1535.0768311505972,6053401,INFY.NS
2022-02-09,1559.5843505859375,1564.701229879619,1548.5425252681255,1557.519583385622,3867244,INFY.NS
2022-02-10,1588.580078125,1592.4402566950537,1569.8629350970984,1576.0571267076214,4334630,INFY.NS
2022-02-11,1545.265625,1567.3491624490587,1537.7698046116177,1562.0078575739724,7551371,INFY.NS
2022-02-14,1510.1204833984375,1542.7521732317396,1506.5745897197955,1517.1226316856573,7459637,INFY.NS
2022-02-15,1560.4368896484375,1568.0673878863272,1517.5265145479614,1525.2019419028882,4669915,INFY.NS
2022-02-16,1555.993408203125,1575.8775027443555,1550.2031404107388,1560.4370077977667,5350642,INFY.NS
2022-02-17,1548.3629150390625,1570.0873502660593,1544.323239180745,1565.5988215345953,3937950,INFY.NS
2022-02-18,1532.3389892578125,1546.2983593540712,1529.2419478430538,1535.0770359915596,5602215,INFY.NS
2022-02-21,1553.6591796875,1559.584124854063,1518.4691607935565,1526.9973647708184,5120890,INFY.NS
2022-02-22,1556.9359130859375,1571.8827354279815,1518.0653206725158,1526.009994477481,8878515,INFY.NS
2022-02-23,1564.5665283203125,1578.3912195278601,1556.0832523614588,1570.9851466934483,5478811,INFY.NS
2022-02-24,1506.48486328125,1539.5203677498448,1499.6173926642882,1517.212402711859,13592379,INFY.NS
2022-02-25,1521.251953125,1551.370021130741,1505.4523558036308,1539.5651700675176,9737281,INFY.NS
2022-02-28,1540.1038818359375,1551.2803835859368,1494.6799951900482,1510.1204894452117,15076542,INFY.NS
2022-03-02,1528.613525390625,1539.0268910626946,1518.0205528032943,1535.0769635089493,6771489,INFY.NS
2022-03-03,1544.8170166015625,1556.532121220316,1531.0821834995784,1544.233485910162,7344147,INFY.NS
2022-03-04,1547.0162353515625,1558.4170536039749,1509.0432414218212,1521.8355473053791,9074499,INFY.NS
2022-03-07,1561.8734130859375,1571.8828546653579,1522.5090357009976,1523.4067415003497,9742588,INFY.NS
2022-03-08,1596.3001708984375,1615.8701982437856,1542.6622573734007,1542.6622573734007,10984500,INFY.NS
2022-03-09,1627.8546142578125,1644.2377433339334,1607.79091371685,1607.79091371685,10193515,INFY.NS
2022-03-10,1639.1209716796875,1656.042703365668,1625.0269254755779,1656.042703365668,6547182,INFY.NS
2022-03-11,1635.619873046875,1644.058328995704,1625.7451098177226,1628.438227062037,4758657,INFY.NS
2022-03-14,1697.292236328125,1701.1524149287986,1644.1930282991682,1644.1930282991682,10289724,INFY.NS
2022-03-15,1651.1502685546875,1695.1826708755325,1642.8015610504856,1695.1826708755325,7140443,INFY.NS
2022-03-16,1696.125244140625,1700.2097395006322,1659.8579103906748,1674.2212022058457,5233979,INFY.NS
2022-03-17,1664.885009765625,1726.5574586044008,1645.5395172103943,1726.5574586044008,17731459,INFY.NS
2022-03-21,1663.4937744140625,1693.8810937888873,1652.766124367728,1670.6304916817223,8362085,INFY.NS
2022-03-22,1694.329833984375,1696.6638469895154,1650.880854292973,1660.7556174235997,5709382,INFY.NS
2022-03-23,1680.8643798828125,1705.6410383121752,1667.0396884977417,1702.9479208832613,6192824,INFY.NS
2022-03-24,1693.701416015625,1700.7933134465572,1666.2765707577757,1666.2765707577757,3784303,INFY.NS
2022-03-25,1684.58984375,1700.2547659493473,1667.937357515252,1698.4593543696753,3438588,INFY.NS
2022-03-28,1682.2108154296875,1688.4947556370578,1663.1345683715988,1675.118918136154,4008555,INFY.NS
2022-03-29,1693.072998046875,1696.125219429775,1670.2264311695085,1682.2107806865477,3917785,INFY.NS
2022-03-30,1709.1866455078125,1722.6971595081618,1701.152223693573,1714.617808577691,7795839,INFY.NS
2022-03-31,1711.7900390625,1717.3109508629936,1700.4340403928952,1705.6407771247714,5399145,INFY.NS
2022-04-01,1708.8277587890625,1714.8872723694526,1686.1606894698257,1693.8360075883895,6171518,INFY.NS
2022-04-04,1690.3349609375,1699.3569473597815,1681.4028327548183,1696.439403736475,7364074,INFY.NS
2022-04-05,1670.7200927734375,1696.3047057811573,1667.1741990144267,1691.0980783575872,5472024,INFY.NS
2022-04-06,1641.7689208984375,1667.4882091363475,1635.7543370056296,1665.243945059448,5407453,INFY.NS
2022-04-07,1625.7452392578125,1641.1409159802406,1622.6481980135563,1634.7672265778747,5797544,INFY.NS
2022-04-08,1628.9769287109375,1649.9832664242795,1623.0520923259508,1636.5176793751152,5131446,INFY.NS
2022-04-11,1585.842041015625,1628.4381324552166,1582.2512182318208,1628.4381324552166,8248407,INFY.NS
2022-04-12,1564.2073974609375,1577.7179133258371,1551.011166286609,1577.7179133258371,6456184,INFY.NS
2022-04-13,1569.68359375,1577.7180172020317,1554.8265182326707,1575.4288234718024,6257693,INFY.NS
2022-04-18,1455.5400390625,1481.2144000805872,1427.352058259475,1441.266496563262,30523965,INFY.NS
2022-04-19,1402.21630859375,1469.2300612636093,1391.4438401538494,1469.2300612636093,17044923,INFY.NS
2022-04-20,1425.287353515625,1433.007710513435,1403.114065665019,1413.8865344992996,10678747,INFY.NS
2022-04-21,1453.2061767578125,1460.7468177276078,1426.678926828698,1431.8407351214557,7766514,INFY.NS
2022-04-22,1423.267578125,1445.9346489594298,1420.5296412592907,1440.2342392008813,8134245,INFY.NS
2022-04-25,1401.408447265625,1411.9116704618677,1395.1245069131328,1411.9116704618677,7000570,INFY.NS
2022-04-26,1419.2728271484375,1429.1475906516841,1406.3010225615533,1415.8615013776625,5345435,INFY.NS
2022-04-27,1393.9576416015625,1411.8668288833383,1391.7581965918794,1411.8668288833383,8819356,INFY.NS
2022-04-28,1420.7091064453125,1437.9451226972992,1398.131784782489,1409.3980358449844,9245177,INFY.NS
2022-04-29,1407.19873046875,1433.9054772566708,1401.1392164916588,1427.3521812703787,9831395,INFY.NS
2022-05-02,1383.364501953125,1393.9125440673035,1374.387444834675,1392.2518104170338,7072627,INFY.NS
2022-05-04,1378.47216796875,1409.3980885628416,1373.6245347920797,1388.9752818655138,6220959,INFY.NS
2022-05-05,1422.9984130859375,1426.8136628493476,1398.131895936832,1400.466018752797,6144870,INFY.NS
2022-05-06,1385.0252685546875,1402.0816774855332,1378.0232295856404,1391.4438864637286,6171472,INFY.NS
2022-05-09,1409.7122802734375,1424.4796064245756,1366.4429045725087,1382.466931176316,6832202,INFY.NS
2022-05-10,1394.1370849609375,1408.6350553142338,1387.8980735846474,1398.6256138886934,6212545,INFY.NS
2022-05-11,1370.5721435546875,1391.3988714459604,1356.9718806196374,1391.3988714459604,7846080,INFY.NS
2022-05-12,1354.4586181640625,1371.2456735751925,1350.4189418752976,1359.1266447088979,7034979,INFY.NS
2022-05-13,1350.508544921875,1372.8165107722343,1344.852954894135,1363.8843824412697,6723761,INFY.NS
2022-05-16,1336.7735595703125,1357.196364606125,1327.3925786728635,1355.5356309484275,6145331,INFY.NS
2022-05-17,1363.1214599609375,1369.0014773526984,1329.4126696619664,1341.9805520770076,6516378,INFY.NS
2022-05-18,1354.8173828125,1391.1744632386558,1351.3164182898859,1366.30805947183,6594126,INFY.NS
2022-05-19,1281.1607666015625,1332.8236661016863,1272.6325620859147,1329.502198702564,16561140,INFY.NS
2022-05-20,1306.2967529296875,1316.7101193783294,1298.7110723791668,1304.366663341887,10488908,INFY.NS
2022-05-23,1318.1912841796875,1335.7862968179004,1301.7184038472692,1306.2517526127397,5887569,INFY.NS
2022-05-24,1293.593994140625,1319.2235373026542,1288.4321860446441,1318.3706510846894,5693167,INFY.NS
2022-05-25,1266.1689453125,1294.940456480411,1256.1146854282254,1288.207663812402,9630092,INFY.NS
2022-05-26,1278.2882080078125,1283.7193722622155,1263.1170667294828,1272.9469020054696,13040065,INFY.NS
2022-05-27,1311.8624267578125,1316.9344867454283,1290.3624154053166,1296.2423229942874,8284860,INFY.NS
2022-05-30,1370.6173095703125,1373.4899244024366,1333.093161920012,1334.8885735858976,10904213,INFY.NS
2022-05-31,1364.0853271484375,1377.1492153718643,1350.0689318033246,1370.5265167448363,16033857,INFY.NS
2022-06-01,1341.3594970703125,1374.2005553330084,1335.5079082065708,1372.612932971673,8738508,INFY.NS
2022-06-02,1368.0770263671875,1373.3841995793427,1338.6833068349495,1346.3039171942348,7205840,INFY.NS
2022-06-03,1380.505859375,1410.7160939809075,1377.1492158604615,1383.4090071722164,9395707,INFY.NS
2022-06-06,1388.0809326171875,1394.0231097698384,1354.4686554434797,1375.3345489968622,6624883,INFY.NS
2022-06-07,1366.897705078125,1378.827577498525,1363.1781541383805,1378.827577498525,4904592,INFY.NS
2022-06-08,1360.8193359375,1379.1449920306206,1353.5616328125,1379.1449920306206,4697608,INFY.NS
2022-06-09,1374.4276123046875,1376.196633250741,1344.0359786332638,1347.2112239422186,4361061,INFY.NS
2022-06-10,1339.77197265625,1355.3305843397889,1336.868825108461,1348.208985661335,6516436,INFY.NS
2022-06-13,1292.32470703125,1309.6524503470807,1280.712338233923,1309.6524503470807,6987685,INFY.NS
2022-06-14,1306.885498046875,1314.4607030952413,1272.9557157577426,1279.1701015491417,6090247,INFY.NS
2022-06-15,1290.238037109375,1312.1926539494157,1287.1988962903904,1306.5678679807882,4651958,INFY.NS
2022-06-16,1267.5577392578125,1309.7885413741665,1262.8402767742612,1304.5720675297325,6641772,INFY.NS
2022-06-17,1258.576416015625,1267.3309313181774,1240.2960551585052,1261.9784641623437,9692047,INFY.NS
2022-06-20,1282.93505859375,1290.374159577052,1253.7681436672126,1261.0712513196502,4595194,INFY.NS
2022-06-21,1315.3680419921875,1320.9020186854545,1290.7371889318204,1291.871205087972,6270787,INFY.NS
2022-06-22,1303.891845703125,1324.1680335049464,1301.8506165134697,1302.8032344328174,6253366,INFY.NS
2022-06-23,1317.68115234375,1322.716227548584,1300.0359081461734,1306.2049993211278,6254281,INFY.NS
2022-06-24,1307.3843994140625,1331.334840499222,1296.3164470818606,1322.716318533469,6114340,INFY.NS
2022-06-27,1337.7760009765625,1346.3038236253658,1329.202884133053,1331.8338234573516,4511097,INFY.NS
2022-06-28,1342.8111572265625,1350.1595593551679,1318.1803055555579,1332.6957115355226,4412178,INFY.NS
2022-06-29,1327.479248046875,1339.9534251599073,1321.8091675409512,1328.7946624267454,5060038,INFY.NS
2022-06-30,1326.254638671875,1344.4895968857418,1319.9948471449084,1329.112381623726,9165177,INFY.NS
2022-07-01,1342.1307373046875,1347.2111072100613,1308.5184562919433,1319.0875083390094,4651635,INFY.NS
2022-07-04,1349.9327392578125,1353.7883939230314,1326.345204835297,1342.901839574178,4800224,INFY.NS
2022-07-05,1339.0006103515625,1369.8458437660197,1335.4171642964982,1359.7305102265677,7379669,INFY.NS
2022-07-06,1353.2440185546875,1360.8192234162877,1333.602838947962,1344.6707910009138,5209162,INFY.NS
2022-07-07,1359.6397705078125,1373.4747656207644,1356.9181321249366,1363.5862347579819,3323472,INFY.NS
2022-07-08,1373.928466796875,1376.1964989390626,1360.7738803721873,1374.427478165659,3652582,INFY.NS
2022-07-11,1336.460693359375,1360.7286382087686,1330.3370063413038,1356.2832728913424,4702638,INFY.NS
2022-07-12,1305.116455078125,1332.3328420632538,1302.7577236881664,1326.163860792882,4710356,INFY.NS
2022-07-13,1310.42333984375,1324.5305416222216,1305.1161676990114,1315.4584146248092,5264025,INFY.NS
2022-07-14,1296.27099609375,1318.1348025761679,1282.798908069353,1316.3657819014365,6157606,INFY.NS
2022-07-15,1297.6319580078125,1311.8298621361157,1279.7599080562986,1311.8298621361157,5620018,INFY.NS
2022-07-18,1351.6563720703125,1355.0130151308297,1313.6895385614898,1315.4585592229448,5835171,INFY.NS
2022-07-19,1346.4400634765625,1348.8894940377877,1333.6936777845513,1335.0092029512389,3418540,INFY.NS
2022-07-20,1374.6995849609375,1384.2253192557744,1360.819184976676,1361.9532009641566,5079392,INFY.NS
2022-07-21,1390.6666259765625,1392.9799523411634,1363.6316382423909,1376.2419192424743,5008061,INFY.NS
2022-07-22,1366.53466796875,1397.1076946516139,1353.6975848594027,1391.6644179192049,7020642,INFY.NS
2022-07-25,1364.0853271484375,1376.3781065370429,1342.7658234849073,1342.7658234849073,7859626,INFY.NS
2022-07-26,1316.501953125,1357.780137915972,1310.9225719330734,1357.780137915972,7268273,INFY.NS
2022-07-27,1334.555419921875,1336.3244405660616,1310.9224824290286,1316.3657591726785,4517285,INFY.NS
2022-07-28,1376.6048583984375,1383.000642812574,1351.6110990365607,1357.5533877504583,6636841,INFY.NS
2022-07-29,1405.90771484375,1411.35099196503,1386.2212402192902,1390.5759062138168,7009465,INFY.NS
2022-08-01,1407.1324462890625,1418.8808076559778,1395.2025759173741,1418.8808076559778,2983249,INFY.NS
2022-08-02,1400.373779296875,1403.4583252373575,1386.538782878084,1403.050123738897,4374635,INFY.NS
2022-08-03,1420.7861328125,1424.3242853516167,1397.0171985901254,1405.272814018888,6011955,INFY.NS
2022-08-04,1451.449951171875,1455.033397854832,1428.814922709787,1440.2004889831908,7402209,INFY.NS
2022-08-05,1466.6456298828125,1474.8558394703302,1453.6271480443154,1459.1611241061719,5361971,INFY.NS
2022-08-08,1469.140380859375,1471.4991119109761,1447.9115799074712,1466.9630480641483,3763409,INFY.NS
2022-08-10,1453.7630615234375,1470.7733009905926,1440.7445803999908,1470.7733009905926,4423829,INFY.NS
2022-08-11,1469.639404296875,1479.981652880995,1466.0559578558064,1478.7569376887157,3462090,INFY.NS
2022-08-12,1446.18798828125,1464.241546222961,1442.6045418057784,1463.6065415227213,3562286,INFY.NS
2022-08-16,1448.3199462890625,1459.7055121386732,1443.4663795689878,1459.7055121386732,3004430,INFY.NS
2022-08-17,1457.210693359375,1462.4271674367703,1437.9324195950876,1448.319962808223,4067324,INFY.NS
2022-08-18,1436.072509765625,1449.9075054695088,1427.9529992074047,1446.187955002789,4635706,INFY.NS
2022-08-19,1448.9097900390625,1455.9860953941527,1438.0232345658587,1438.2047436033401,4739884,INFY.NS
2022-08-22,1429.449951171875,1450.633349099086,1427.9530278186126,1438.8395820332398,3950555,INFY.NS
2022-08-23,1399.28515625,1410.262409855025,1390.7573331024466,1404.3655261856406,5551574,INFY.NS
2022-08-24,1394.839599609375,1402.5509079649391,1388.942716749238,1392.5715677400915,2888426,INFY.NS
2022-08-25,1377.2852783203125,1405.0005658088057,1373.2935194346403,1404.3655610799822,4331088,INFY.NS
2022-08-26,1380.3697509765625,1401.5984429909956,1376.6500897106735,1392.7078235409888,3079136,INFY.NS
2022-08-29,1326.118408203125,1332.2874999956043,1315.458657016953,1332.2874999956043,8079050,INFY.NS
2022-08-30,1354.4232177734375,1357.2809600571695,1329.9738786938544,1336.4150670080844,6725875,INFY.NS
2022-09-01,1328.3408203125,1331.878972069211,1316.411061639618,1324.575976119532,8140604,INFY.NS
2022-09-02,1318.18017578125,1340.8604953920767,1313.6441118590847,1340.8604953920767,5175653,INFY.NS
2022-09-05,1325.7100830078125,1330.8811515691712,1312.1471854668405,1316.3657470530793,3669352,INFY.NS
2022-09-06,1320.0853271484375,1333.602820058323,1311.330701453046,1325.7101129718044,3428442,INFY.NS
2022-09-07,1322.3988037109375,1329.7472054847017,1304.6174543928623,1306.386475113744,3600574,INFY.NS
2022-09-08,1338.95556640625,1343.6730292773457,1327.7968032291676,1338.1390526321622,4061475,INFY.NS
2022-09-09,1371.3880615234375,1378.963265206582,1342.6747582274613,1349.9324596232855,4816910,INFY.NS
2022-09-12,1393.660400390625,1402.4604318892673,1380.0069128123039,1384.2254749088493,5494819,INFY.NS
2022-09-13,1401.598388671875,1408.9014961011296,1398.2871505052733,1407.903584157342,4947158,INFY.NS
2022-09-14,1338.501953125,1359.8667507661016,1335.4174070740382,1358.0977298843989,14332197,INFY.NS
2022-09-15,1299.8546142578125,1338.3203504578364,1296.45256607429,1338.138952185551,12784100,INFY.NS
2022-09-16,1249.2774658203125,1292.7782765113873,1241.3846477911488,1292.7782765113873,20464045,INFY.NS
2022-09-19,1261.2979736328125,1275.5411699960084,1252.4979432114847,1262.8401910629045,6595241,INFY.NS
2022-09-20,1259.71044921875,1282.3907705057266,1256.5804984348933,1277.3102899424387,7219797,INFY.NS
2022-09-21,1249.458984375,1259.9373378172006,1241.4301722440514,1251.8631207430983,7917054,INFY.NS
2022-09-22,1241.02197265625,1255.5373805814374,1233.809673640932,1239.570454012486,9168498,INFY.NS
2022-09-23,1238.753662109375,1265.3804461403417,1235.6238222755599,1240.6134926298298,10426200,INFY.NS
2022-09-26,1252.1805419921875,1269.5989844950832,1229.2734174239552,1233.8094816948922,9414587,INFY.NS
2022-09-27,1264.2464599609375,1275.9948215927839,1250.1392564200899,1264.1556500846286,8561254,INFY.NS
2022-09-28,1265.2899169921875,1275.4053640125132,1249.2322913141986,1251.0467173001305,7022098,INFY.NS
2022-09-29,1268.873291015625,1279.0340307679621,1263.7475161988737,1274.5433714005803,6119965,INFY.NS
2022-09-30,1282.300048828125,1287.607332969342,1248.324969500773,1260.0733324380312,8120130,INFY.NS
2022-10-03,1264.427978515625,1280.9846139293722,1257.3970785454037,1280.9846139293722,4943169,INFY.NS
2022-10-04,1296.7701416015625,1299.3556762181945,1282.7990407907328,1287.9701100239968,6631341,INFY.NS
2022-10-06,1320.130859375,1324.3494214633474,1310.106112640393,1310.922626390357,6180672,INFY.NS
2022-10-07,1316.547119140625,1322.5801061714467,1306.5224845422258,1312.1471593829003,3994466,INFY.NS
2022-10-10,1326.9346923828125,1329.0666201024885,1294.0028267134942,1294.0028267134942,5274677,INFY.NS
2022-10-11,1291.6898193359375,1342.3576395357559,1288.3330650348933,1326.9350196624216,12824774,INFY.NS
2022-10-12,1296.135009765625,1307.3844717340612,1282.3908230970678,1303.6649210392081,5481467,INFY.NS
2022-10-13,1288.1514892578125,1304.5266140090537,1283.7061243463083,1298.2215292859132,4821514,INFY.NS
2022-10-14,1337.45849609375,1355.37594923796,1331.1080063717516,1347.2110338811046,14990688,INFY.NS
2022-10-17,1351.70166015625,1356.2831290703418,1338.5924795607286,1339.8625996229894,4286396,INFY.NS
2022-10-18,1364.176025390625,1370.7533190697093,1358.3245463460491,1369.8915110920248,4692004,INFY.NS
2022-10-19,1347.619384765625,1365.310036666888,1343.8545397508806,1364.448228692281,3553171,INFY.NS
2022-10-20,1361.6358642578125,1364.4482021000908,1337.4132133726773,1338.139027990448,4583939,INFY.NS
2022-10-21,1361.2728271484375,1366.26249762449,1352.9718077531638,1361.0914288831727,3594485,INFY.NS
2022-10-24,1377.012939453125,1380.5964964935235,1370.7985538626567,1377.6026499274944,982837,INFY.NS
2022-10-25,1384.678955078125,1390.6665374705215,1379.9160878294856,1386.3118716885508,3914341,INFY.NS
2022-10-27,1397.65625,1407.6988621560834,1387.1551861000603,1403.9386622242373,6760137,INFY.NS
2022-10-28,1387.8431396484375,1401.3248686337695,1382.1110929788172,1399.5365148544627,3053981,INFY.NS
2022-10-31,1410.220947265625,1418.245811891941,1403.4341822194212,1403.4341822194212,4542336,INFY.NS
2022-11-01,1442.6414794921875,1444.475734393004,1418.8878561358067,1424.3448316381566,4542692,INFY.NS
2022-11-02,1424.5740966796875,1442.412180597886,1416.9618941495685,1441.7243350182016,2938906,INFY.NS
2022-11-03,1403.892822265625,1415.9530704364693,1395.546984991158,1411.2298417515794,3174027,INFY.NS
2022-11-04,1388.53076171875,1394.4461881478994,1376.7456980540148,1394.4461881478994,4509682,INFY.NS
2022-11-07,1382.523681640625,1401.2790045132888,1367.528670745416,1395.3176762956068,4898592,INFY.NS
2022-11-09,1385.962890625,1402.2878032270442,1376.6999262188187,1402.2878032270442,3334755,INFY.NS
2022-11-10,1377.4793701171875,1386.6965447098637,1361.9341064114733,1361.9341064114733,3435763,INFY.NS
2022-11-11,1439.981689453125,1443.0999449630117,1418.4750969869554,1418.4750969869554,7214098,INFY.NS
2022-11-14,1453.922119140625,1459.516573917289,1438.468432811522,1444.613253594111,4908813,INFY.NS
2022-11-15,1461.90087890625,1465.4317965303715,1442.411924278422,1447.089250998298,3497614,INFY.NS
2022-11-16,1469.9718017578125,1475.6579467024642,1461.4424723868096,1464.7900096971075,4497697,INFY.NS
2022-11-17,1455.8480224609375,1469.9718064752024,1451.7667384557692,1464.8358035943602,3469515,INFY.NS
2022-11-18,1461.350830078125,1465.5695937519367,1444.9342271315247,1459.7916463166098,3126064,INFY.NS
2022-11-21,1438.2391357421875,1456.2607114407933,1434.4331466169938,1450.9872289206992,3071764,INFY.NS
2022-11-22,1453.6927490234375,1456.3982299208378,1432.552918851605,1438.9728102933216,3399329,INFY.NS
2022-11-23,1451.9503173828125,1460.0668727709146,1448.4193991579355,1457.2238001205214,3245067,INFY.NS
2022-11-24,1494.7342529296875,1500.4203979201461,1453.4176195623174,1457.3154109383324,5282215,INFY.NS
2022-11-25,1500.099365234375,1507.7573561793968,1480.0601551236466,1496.2015740155414,4563255,INFY.NS
2022-11-28,1488.864501953125,1516.4700116769118,1485.7462466988793,1493.083265201096,3825766,INFY.NS
2022-11-29,1494.04638671875,1502.9424774251793,1481.2066035401367,1486.8468473018079,3131710,INFY.NS
2022-11-30,1499.4573974609375,1509.3624181599896,1479.4640873185208,1485.7004864644923,11868134,INFY.NS
2022-12-01,1519.7718505859375,1533.9873258325365,1515.3697060690874,1518.946413503393,5407928,INFY.NS
2022-12-02,1502.1629638671875,1524.0823307242517,1498.540243529846,1518.7629471181933,4283343,INFY.NS
2022-12-05,1503.859619140625,1508.5369463809327,1488.77291854345,1502.2546462279884,3824966,INFY.NS
2022-12-06,1479.23486328125,1491.2492102968945,1474.3282538915594,1490.3320828612875,4822398,INFY.NS
2022-12-07,1472.447998046875,1489.2314737623112,1464.3772323790536,1474.7408164804579,4898087,INFY.NS
2022-12-08,1485.884033203125,1489.3232610774244,1466.0282018846967,1472.4480939167222,4206837,INFY.NS
2022-12-09,1439.2481689453125,1493.0835061100495,1431.7276565946954,1493.0835061100495,8880658,INFY.NS
2022-12-12,1418.9793701171875,1436.1755076749384,1403.2507258609144,1421.5473714407533,8037679,INFY.NS
2022-12-13,1441.86181640625,1446.7684254424607,1413.4308679506453,1418.9794213639211,6135067,INFY.NS
2022-12-14,1448.510986328125,1456.8568229798866,1442.641348786504,1450.8954950923392,4976020,INFY.NS
2022-12-15,1412.8345947265625,1439.8898498673827,1408.0196764387892,1439.2479055439524,6443866,INFY.NS
2022-12-16,1396.05126953125,1421.0888920823663,1386.7425160776045,1398.6192710071691,9630453,INFY.NS
2022-12-19,1382.431884765625,1391.1904957152399,1371.1512855645854,1382.9821387832817,6222740,INFY.NS
2022-12-20,1382.3863525390625,1390.36531716333,1359.5956441555718,1376.6084043945634,7396259,INFY.NS
2022-12-21,1384.4495849609375,1394.9506479498932,1377.8462011118406,1389.447884052655,6236361,INFY.NS
2022-12-22,1395.913818359375,1403.159035330933,1386.467361260263,1395.4093535025568,6302640,INFY.NS
2022-12-23,1373.031494140625,1384.7707703774543,1369.2712939559335,1383.6701502561066,6283822,INFY.NS
2022-12-26,1377.8922119140625,1384.7706673330085,1372.3435464278352,1376.1496474837907,4115459,INFY.NS
2022-12-27,1389.310302734375,1395.3633206748425,1373.398166072519,1384.816356461264,4860076,INFY.NS
2022-12-28,1385.0,1398.5734186856855,1374.3154431330508,1380.368461733021,5029860,INFY.NS
2022-12-29,1391.78662109375,1395.2258485730229,1376.6081190369514,1379.3595010203696,4624745,INFY.NS
2022-12-30,1383.211669921875,1403.5719678769667,1379.4056803072679,1401.3708394555997,5060544,INFY.NS
2023-01-02,1397.7022705078125,1399.9950891930287,1379.405622181402,1388.5309957669474,3801140,INFY.NS
2023-01-03,1396.372314453125,1405.6352784494222,1389.5396484110163,1393.8960033950495,4551130,INFY.NS
2023-01-04,1370.9219970703125,1394.9506886748184,1367.5285587288681,1394.9506886748184,7059590,INFY.NS
2023-01-05,1352.9462890625,1381.1021672768188,1347.489425840876,1381.1021672768188,9868404,INFY.NS
2023-01-06,1328.458984375,1352.7628594774767,1326.6247296502847,1348.1772226656885,6443714,INFY.NS
2023-01-09,1361.4298095703125,1365.9237565030876,1328.1839392343245,1328.1839392343245,11498717,INFY.NS
2023-01-10,1347.94775390625,1360.925126674853,1333.5489010955225,1359.1825625372087,7158624,INFY.NS
2023-01-11,1349.3236083984375,1370.1882555291525,1342.674435137001,1348.177199215431,6173092,INFY.NS
2023-01-12,1357.89892578125,1361.9343090878735,1334.4204846618559,1359.1370254896133,6591385,INFY.NS
2023-01-13,1379.03857421875,1393.4833301069489,1346.342961515927,1360.5584355646306,11610426,INFY.NS
2023-01-16,1399.0780029296875,1401.3708216824402,1377.800689685759,1384.862526662621,6073063,INFY.NS
2023-01-17,1411.9176025390625,1414.393801685257,1397.7021281387017,1400.453510280707,5922644,INFY.NS
2023-01-18,1417.3287353515625,1423.24416242099,1412.0093515411083,1416.7325801385587,5843098,INFY.NS
2023-01-19,1411.3673095703125,1421.1347382958118,1399.6739357893398,1412.284436925683,6165284,INFY.NS
2023-01-20,1399.1236572265625,1416.9617391940312,1397.7020650690638,1410.541847819042,6496429,INFY.NS
2023-01-23,1419.7132568359375,1424.574076980102,1401.4623986498889,1407.7906002862817,4855020,INFY.NS
2023-01-24,1423.2900390625,1438.7895145635266,1421.3181927553053,1430.7187486357645,5200802,INFY.NS
2023-01-25,1415.1275634765625,1427.0502195525155,1411.2297720671163,1418.7960730383943,4158617,INFY.NS
2023-01-27,1393.2540283203125,1422.4186107141427,1382.47778201832,1417.8788751387417,6209955,INFY.NS
2023-01-30,1411.275634765625,1416.0446522844554,1394.0335955131943,1402.104361110933,6964719,INFY.NS
2023-01-31,1406.6441650390625,1420.53866769089,1387.6137712822178,1420.53866769089,9448126,INFY.NS
2023-02-01,1422.55615234375,1426.1788724013397,1401.4164349583425,1414.3936968698845,6194199,INFY.NS
2023-02-02,1452.50048828125,1455.4352511160564,1423.3816939621152,1423.3816939621152,6916834,INFY.NS
2023-02-03,1466.853515625,1471.668434244157,1442.6413310350065,1465.1109512577386,7040194,INFY.NS
2023-02-06,1439.7523193359375,1465.5694761151274,1432.1860188491103,1465.5694761151274,4570612,INFY.NS
2023-02-07,1432.9197998046875,1445.4386105734359,1426.224725341101,1438.9728179482734,4336238,INFY.NS
2023-02-08,1458.6912841796875,1470.1553778937687,1435.7630967515252,1435.7630967515252,7983338,INFY.NS
2023-02-09,1482.9951171875,1485.5172177269346,1454.6100668071153,1463.9188210530715,6904911,INFY.NS
2023-02-10,1475.245361328125,1482.3530988577234,1464.1480299444947,1479.2806324268656,4786762,INFY.NS
2023-02-13,1437.5511474609375,1464.6523040679722,1436.2213576521256,1464.6523040679722,4001199,INFY.NS
2023-02-14,1461.2132568359375,1463.7353572321708,1447.3646552328803,1453.3717726405816,5043736,INFY.NS
2023-02-15,1464.6983642578125,1466.48671791268,1445.3927876362625,1452.7298068628425,3465747,INFY.NS
2023-02-16,1469.0546875,1480.6562593366962,1465.4319671631831,1467.4038134282825,4290289,INFY.NS
2023-02-17,1452.54638671875,1462.8181685754123,1444.934184696277,1461.901041196995,2857734,INFY.NS
2023-02-20,1460.4794921875,1470.1552310976708,1451.3541192838827,1453.6010366458702,2417716,INFY.NS
2023-02-21,1448.6026611328125,1468.917054491703,1445.3927153816476,1466.211461614736,2723288,INFY.NS
2023-02-22,1432.36962890625,1444.4756658959568,1426.4083007612826,1433.47013701294,3656244,INFY.NS
2023-02-23,1422.189453125,1439.7524657040512,1419.850845363736,1439.7524657040512,4766854,INFY.NS
2023-02-24,1422.1435546875,1438.972819252259,1416.96176274362,1430.7186730615194,2790986,INFY.NS
2023-02-27,1384.220458984375,1412.3762259804244,1377.5253840406476,1412.3762259804244,4920268,INFY.NS
2023-02-28,1364.27294921875,1397.7021991611691,1358.5409027983055,1389.9983063812856,9679811,INFY.NS
2023-03-01,1372.0684814453125,1376.4706257604705,1358.7242330919914,1368.7209440691638,5125043,INFY.NS
2023-03-02,1350.1490478515625,1365.2357479456998,1345.701002604229,1361.9341118834534,4644499,INFY.NS
2023-03-03,1356.7066650390625,1366.3365031467508,1350.9287173928365,1363.5392196767139,4615015,INFY.NS
2023-03-06,1382.523681640625,1394.400548877502,1369.4088267341433,1370.6928275102962,6561742,INFY.NS
2023-03-08,1368.9959716796875,1372.02253676298,1358.3573166463943,1367.0242374099919,4137080,INFY.NS
2023-03-09,1357.7154541015625,1374.177846498556,1352.3960702873087,1371.105492034302,5104656,INFY.NS
2023-03-10,1349.598876953125,1352.1209773156488,1336.850783639018,1339.0060106489143,3699580,INFY.NS
2023-03-13,1316.16943359375,1355.78940216574,1309.6578518193462,1342.8578170068272,8798403,INFY.NS
2023-03-14,1302.3209228515625,1328.321462547265,1294.066776157433,1321.5805984711983,7402784,INFY.NS
2023-03-15,1302.0,1323.2773119475332,1299.4319983717653,1318.8292662290141,7556182,INFY.NS
2023-03-16,1287.7386474609375,1300.3033608672233,1282.7861367735707,1300.3033608672233,7323117,INFY.NS
2023-03-17,1302.962890625,1323.3231866747517,1294.4336727271848,1311.4922204768466,9090018,INFY.NS
2023-03-20,1287.325927734375,1302.0457556788049,1270.0838874264853,1302.0457556788049,8221829,INFY.NS
2023-03-21,1275.448974609375,1288.5639406373286,1274.8070302390654,1283.0611764780233,8536755,INFY.NS
2023-03-22,1274.119140625,1290.6274325316042,1267.6075589859765,1286.7296413869892,8356487,INFY.NS
2023-03-23,1260.637451171875,1269.258358749589,1256.4644769231124,1269.258358749589,7607718,INFY.NS
2023-03-24,1266.23193359375,1283.015297395886,1263.3429599696206,1272.972797414035,7559127,INFY.NS
2023-03-27,1273.8441162109375,1280.0806276002397,1260.2247960834827,1271.3679168983215,4170193,INFY.NS
2023-03-28,1263.4346923828125,1282.1441138599873,1261.8297194219722,1276.7330397726337,6633366,INFY.NS
2023-03-29,1268.8917236328125,1274.7154605284104,1251.4663021459326,1264.7187489688145,8813966,INFY.NS
2023-03-31,1309.6121826171875,1311.4464376364792,1278.384058086171,1287.6470235427857,8711975,INFY.NS
2023-04-03,1293.9290771484375,1316.0777246615953,1288.7014961247696,1316.0777246615953,5242764,INFY.NS
2023-04-05,1305.5767822265625,1309.199390750354,1283.978386725391,1283.978386725391,7506334,INFY.NS
2023-04-06,1304.0633544921875,1310.0246820529576,1293.4704891987503,1298.6522809308385,6948465,INFY.NS
2023-04-10,1309.2911376953125,1315.160775822006,1297.7353541060936,1305.943600080133,4993788,INFY.NS
2023-04-11,1289.6187744140625,1314.564596044306,1273.8900163996034,1310.4834237107443,6942255,INFY.NS
2023-04-12,1309.9329833984375,1312.8677460127374,1283.9782357092786,1295.9467919023184,5831169,INFY.NS
2023-04-13,1274.0732421875,1294.1125639133095,1268.3870975225138,1292.920253602577,11267238,INFY.NS
2023-04-17,1154.021484375,1156.6352751470652,1087.071182308468,1146.6844649704485,53171705,INFY.NS
2023-04-18,1154.984375,1164.7059031013866,1149.2523287192262,1164.7059031013866,12430884,INFY.NS
2023-04-19,1130.084228515625,1150.3986208573567,1127.5163392156835,1150.3986208573567,11307230,INFY.NS
2023-04-20,1122.013671875,1135.2661178854821,1120.1794170940875,1128.7086346529145,8621249,INFY.NS
2023-04-21,1125.6363525390625,1131.047426880891,1118.8954881773257,1126.324198126057,8691352,INFY.NS
2023-04-24,1124.67333984375,1128.0666663348547,1117.0611378828073,1126.2324115928468,8313774,INFY.NS
2023-04-25,1123.3892822265625,1133.1108094759409,1114.3096993227584,1124.3521987449237,6808576,INFY.NS
2023-04-26,1125.81982421875,1130.8181239428047,1119.3999321931217,1126.2324867816417,5680192,INFY.NS
2023-04-27,1142.9698486328125,1144.391440668484,1123.8477676382633,1128.0665306466274,8020704,INFY.NS
2023-04-28,1148.931396484375,1154.6634429645405,1141.7777576955154,1151.6368776414001,10118277,INFY.NS
2023-05-02,1171.5841064453125,1173.6935438041753,1150.581982956658,1150.581982956658,8886401,INFY.NS
2023-05-03,1163.9722900390625,1167.044644512001,1157.506496932256,1161.0833162689144,5549783,INFY.NS
2023-05-04,1168.007568359375,1170.0711048738817,1157.8732664731895,1163.788693033167,4505401,INFY.NS
2023-05-05,1154.7550048828125,1173.0058612365624,1150.3069596997327,1173.0058612365624,5373791,INFY.NS
2023-05-08,1160.7164306640625,1165.0269966744686,1151.1782831849423,1157.8274569243922,5260842,INFY.NS
2023-05-09,1165.393798828125,1166.5861092874693,1156.2225243840412,1161.083344621019,4969897,INFY.NS
2023-05-10,1158.5611572265625,1170.621404606506,1154.800957377408,1170.621404606506,6515734,INFY.NS
2023-05-11,1152.003662109375,1170.1628287388498,1149.2064908153254,1164.9810367298412,6888461,INFY.NS
2023-05-12,1142.0068359375,1151.9118552707967,1136.3665927698858,1149.4814456057363,8292212,INFY.NS
2023-05-15,1154.0672607421875,1163.7429997559711,1142.419787348579,1146.3175788639087,5534710,INFY.NS
2023-05-16,1159.5240478515625,1168.3742364103375,1158.1024558068411,1160.1659921565265,5236469,INFY.NS
2023-05-17,1143.566162109375,1156.4517347340925,1139.48487806171,1156.1307625392042,10465667,INFY.NS
2023-05-18,1142.7406005859375,1155.2594104550697,1139.4847539326784,1154.2963820212844,6948732,INFY.NS
2023-05-19,1163.7430419921875,1167.778425157087,1148.9773124596102,1151.9579766677468,11094136,INFY.NS
2023-05-22,1185.6622314453125,1188.2301207415426,1164.9809658180477,1167.4571647740581,7625947,INFY.NS
2023-05-23,1192.3115234375,1205.2429974114864,1189.560141232225,1191.5318755827825,7436031,INFY.NS
2023-05-24,1191.027587890625,1196.8513248198226,1184.2867235094584,1188.8723607693044,4824077,INFY.NS
2023-05-25,1196.255126953125,1198.6855370050355,1182.4065253127328,1187.2214442639772,4334121,INFY.NS
2023-05-26,1208.2694091796875,1213.7721734013032,1197.7683455717138,1197.7683455717138,5521606,INFY.NS
2023-05-29,1205.47216796875,1222.2555306990143,1201.299193894401,1222.2555306990143,4419365,INFY.NS
2023-05-30,1214.13916015625,1216.4778799505127,1200.657431335536,1206.022604561982,6274719,INFY.NS
2023-05-31,1209.049072265625,1220.7882355808035,1205.24297124017,1210.4705525350664,17800782,INFY.NS
2023-06-01,1210.1495361328125,1219.3208096161989,1208.8655354543341,1212.9468193268542,4277841,INFY.NS
2023-06-02,1207.3612060546875,1220.2806442692772,1204.619361093427,1216.655749596294,10909311,INFY.NS
2023-06-05,1212.47314453125,1217.0738979713722,1205.7811188985672,1212.0084173773478,5002553,INFY.NS
2023-06-06,1188.772216796875,1197.6949566393228,1183.195490212996,1197.6949566393228,10008100,INFY.NS
2023-06-07,1198.02001953125,1202.713808913998,1192.025084955334,1199.460719013535,5397578,INFY.NS
2023-06-08,1192.30419921875,1200.8551346703464,1190.7240585978548,1195.4642535429527,5034942,INFY.NS
2023-06-09,1176.6427001953125,1192.0252152176977,1174.83030957908,1192.0252152176977,5339073,INFY.NS
2023-06-12,1200.8084716796875,1204.2939254038927,1183.1953575768823,1183.6600847401096,4785588,INFY.NS
2023-06-13,1212.7984619140625,1214.3320842529808,1205.548786202746,1208.1977083560882,4846587,INFY.NS
2023-06-14,1208.6624755859375,1214.5179699939283,1201.970336101225,1214.1926836588375,3457981,INFY.NS
2023-06-15,1196.02197265625,1202.6674808789603,1192.1647141872293,1202.6674808789603,6161155,INFY.NS
2023-06-16,1200.52978515625,1209.6848882031022,1190.677591317118,1196.2077995523568,8536287,INFY.NS
2023-06-19,1202.7139892578125,1207.8259884393565,1196.2543265846496,1202.7139892578125,4451787,INFY.NS
2023-06-20,1211.4510498046875,1212.938154351979,1200.0187137709518,1202.7141545834947,4009180,INFY.NS
2023-06-21,1207.6866455078125,1211.822785983513,1203.6435412463507,1208.244295499256,4041529,INFY.NS
2023-06-22,1191.1422119140625,1198.4384055285493,1183.6600593630037,1198.4384055285493,6676607,INFY.NS
2023-06-23,1175.7596435546875,1189.097289546735,1174.2260213278616,1186.4018494903098,7239467,INFY.NS
2023-06-26,1180.7322998046875,1184.1248308422635,1173.2037423317481,1180.6393770623117,3403244,INFY.NS
2023-06-27,1188.91162109375,1191.5605434478787,1184.3107537282526,1189.7016346437479,3240024,INFY.NS
2023-06-28,1202.1097412109375,1205.2233905407331,1191.0028072936905,1198.9960918811419,5662358,INFY.NS
2023-06-30,1241.2864990234375,1244.4466670515362,1212.426891083063,1215.912345498142,12821692,INFY.NS
2023-07-03,1239.61328125,1251.0456156922185,1234.7336456761632,1236.1743453719541,7732412,INFY.NS
2023-07-04,1250.2554931640625,1251.0455066392037,1237.4754963466114,1249.4654796889213,5797775,INFY.NS
2023-07-05,1252.2540283203125,1262.152627465157,1246.3984198903297,1262.059704711734,5414936,INFY.NS
2023-07-06,1249.0938720703125,1252.3933673295787,1242.8200544623764,1247.8391312404847,5963897,INFY.NS
2023-07-07,1236.360107421875,1250.8596857725443,1231.8522766020494,1239.89207926807,6295647,INFY.NS
2023-07-10,1235.3841552734375,1247.2346971162817,1226.229053482681,1242.2621395053525,3940315,INFY.NS
2023-07-11,1253.462158203125,1255.5999486675075,1233.3859662223854,1239.38090160913,6126128,INFY.NS
2023-07-12,1239.2415771484375,1256.52940602109,1233.3859691382677,1255.6928743826675,8102770,INFY.NS
2023-07-13,1268.798095703125,1279.6727795466309,1236.9642845867052,1240.7286200438384,9977644,INFY.NS
2023-07-14,1325.3553466796875,1329.1196820718644,1283.251133917294,1283.251133917294,12833381,INFY.NS
2023-07-17,1322.5670166015625,1356.027373066275,1314.5273272735951,1325.3553796402884,11569884,INFY.NS
2023-07-18,1371.131103515625,1373.6871031492155,1328.1903550548216,1332.8376271158952,16743977,INFY.NS
2023-07-19,1370.898681640625,1393.0662591967148,1357.6539568295507,1381.1691978425513,13687062,INFY.NS
2023-07-20,1347.244140625,1367.2274100444117,1339.0648965954,1367.2274100444117,8347221,INFY.NS
2023-07-21,1237.6614990234375,1254.7634832648805,1212.9380338227177,1227.065695806331,45548305,INFY.NS
2023-07-24,1242.30859375,1254.6703813141746,1240.124398838405,1246.3982153586667,8859789,INFY.NS
2023-07-25,1240.449951171875,1248.1179507855234,1230.8301198028764,1242.680664660333,6801982,INFY.NS
2023-07-26,1253.6944580078125,1254.7633531856156,1244.9111599190257,1248.2571728357643,5528885,INFY.NS
2023-07-27,1257.6912841796875,1267.5899965472738,1252.0216348505492,1262.7567654377913,9191861,INFY.NS
2023-07-28,1245.9337158203125,1267.6364549818945,1241.7511707093902,1258.3419102909559,6122735,INFY.NS
2023-07-31,1260.0614013671875,1261.7344648256142,1239.1951935386742,1253.6017380725946,7902180,INFY.NS
2023-08-01,1268.89111328125,1272.4230854175687,1261.2696325139816,1265.9169045571427,6064652,INFY.NS
2023-08-02,1261.1302490234375,1275.1649885403967,1253.322808944047,1272.7020250125254,7419145,INFY.NS
2023-08-03,1268.0548095703125,1270.1460821785513,1253.834110450768,1254.7635649433187,6503741,INFY.NS
2023-08-04,1281.1134033203125,1288.13082917061,1265.9168471204257,1272.3301049407662,5712345,INFY.NS
2023-08-07,1294.7301025390625,1296.5890115161467,1279.85883072239,1289.989907339258,3729093,INFY.NS
2023-08-08,1292.1275634765625,1295.241326729345,1286.7367956063742,1294.5906405227167,4161877,INFY.NS
2023-08-09,1296.0311279296875,1297.5182321515724,1284.9705988177284,1286.3647802992666,4090828,INFY.NS
2023-08-10,1291.1051025390625,1297.3325151820761,1287.8520120932285,1293.428738571801,3873025,INFY.NS
2023-08-11,1275.072021484375,1298.3083819497344,1270.610708350301,1293.800550711213,5783517,INFY.NS
2023-08-14,1295.2412109375,1296.5888744198694,1269.2628926543166,1275.0719825934739,4304135,INFY.NS
2023-08-16,1318.4310302734375,1319.7786937329943,1306.2552006588273,1311.2742769730567,7735313,INFY.NS
2023-08-17,1311.9715576171875,1319.825402835044,1306.8130397085015,1319.825402835044,5618346,INFY.NS
2023-08-18,1290.8262939453125,1309.3223454207798,1288.3632171358356,1304.6750735005544,5134103,INFY.NS
2023-08-21,1306.2552490234375,1307.742353385992,1289.2927060601864,1291.709264831686,3032722,INFY.NS
2023-08-22,1304.7215576171875,1306.8593480283198,1298.1224543541218,1305.6044938755163,2890714,INFY.NS
2023-08-23,1308.6253662109375,1316.665170010188,1306.48768902064,1316.107520023971,2559125,INFY.NS
2023-08-24,1323.1712646484375,1324.5190416072762,1314.6667341741827,1321.2194330950322,5171963,INFY.NS
2023-08-25,1319.918212890625,1322.1489262136051,1311.832004735964,1313.3191091316864,4307172,INFY.NS
2023-08-28,1315.7822265625,1324.2867575475643,1311.83204511479,1319.9182535183484,3133464,INFY.NS
2023-08-29,1317.64111328125,1323.914930768979,1315.4569180328365,1323.5431263001694,3074444,INFY.NS
2023-08-30,1333.906494140625,1335.30067572943,1323.5430549720845,1326.3314181496944,3070887,INFY.NS
2023-08-31,1334.185302734375,1342.968715084765,1327.8650807492497,1333.906534483456,9792735,INFY.NS
2023-09-01,1341.9927978515625,1343.991147630047,1327.4468128773617,1330.002812639452,3582133,INFY.NS
2023-09-04,1361.74365234375,1366.2980017078678,1333.4882151949037,1341.2027322887438,4609014,INFY.NS
2023-09-05,1374.5701904296875,1375.639085724664,1353.7503883361237,1361.6507510555587,5496840,INFY.NS
2023-09-06,1373.22216796875,1378.2877618234108,1360.070480794766,1377.3583075519618,5075786,INFY.NS
2023-09-07,1362.7659912109375,1369.4581309432015,1358.9088462312307,1366.855613248634,4411743,INFY.NS
2023-09-08,1365.926025390625,1370.7127377582274,1357.189132222567,1360.2563768158439,3125838,INFY.NS
2023-09-11,1372.29296875,1373.7801866277496,1361.1860335253727,1365.9262284990148,4182226,INFY.NS
2023-09-12,1395.2041015625,1397.8995422546177,1372.8971939733306,1377.9162708726535,6793161,INFY.NS
2023-09-13,1392.64794921875,1398.8288435447748,1383.6322871056639,1398.8288435447748,4804686,INFY.NS
2023-09-14,1400.6412353515625,1405.846270656975,1393.3915592483722,1398.8288446904617,6444213,INFY.NS
2023-09-15,1404.9632568359375,1411.2835921776357,1402.5466980730964,1410.9117877236317,8657816,INFY.NS
2023-09-18,1386.56005859375,1398.7358880088802,1383.0280866448797,1398.7358880088802,3991916,INFY.NS
2023-09-20,1385.1195068359375,1389.6273382680865,1372.060626309963,1372.060626309963,4169337,INFY.NS
2023-09-21,1395.8082275390625,1398.4107453961012,1371.8747753272223,1381.680565209184,6779195,INFY.NS
2023-09-22,1390.603271484375,1400.6413112772677,1380.425677376095,1386.6530901473643,5455613,INFY.NS
2023-09-25,1370.1552734375,1384.7476626343905,1367.7387146063886,1384.7476626343905,4217863,INFY.NS
2023-09-26,1357.6075439453125,1375.4995405113145,1356.0739215478982,1374.8024497360157,3996528,INFY.NS
2023-09-27,1363.509521484375,1365.926080084956,1347.7553157505324,1353.2855237091,3863586,INFY.NS
2023-09-28,1337.903076171875,1368.7145118891362,1333.7670495202924,1364.346121640076,5814602,INFY.NS
2023-09-29,1334.185302734375,1344.7347011757531,1316.1074596363055,1331.0716531169655,6068968,INFY.NS
2023-10-03,1332.837646484375,1335.626009761539,1320.1041662355099,1334.7430734406207,4181867,INFY.NS
2023-10-04,1342.45751953125,1347.6624417880482,1318.152262838638,1324.4725985168332,4510406,INFY.NS
2023-10-05,1360.2099609375,1371.5493723980028,1347.8946904576385,1349.5677537176623,7384621,INFY.NS
2023-10-06,1374.3841552734375,1379.7750360960613,1360.0706484952473,1365.8332203052626,3598672,INFY.NS
2023-10-09,1371.363525390625,1385.8165874982192,1359.04825390548,1361.5578490003716,3567552,INFY.NS
2023-10-10,1389.673828125,1391.393296146582,1365.4614945887647,1379.2174656790087,5688951,INFY.NS
2023-10-11,1388.9765625,1411.1440254040863,1376.9400609460672,1391.3931210472037,7220129,INFY.NS
2023-10-12,1362.115234375,1398.2710282146138,1349.567601714432,1386.652849825199,11081662,INFY.NS
2023-10-13,1330.188720703125,1336.555460811477,1301.2361927232737,1305.8834648401426,17973439,INFY.NS
2023-10-16,1332.9769287109375,1341.7602266052431,1329.119670611463,1331.0715019814445,4850745,INFY.NS
2023-10-17,1340.6915283203125,1350.8226045344618,1336.6020195003289,1338.6467739103207,3923764,INFY.NS
2023-10-18,1338.925537109375,1351.426652993233,1336.8806694215968,1340.2732005613768,4264837,INFY.NS
2023-10-19,1332.51220703125,1338.088932944853,1325.494781539788,1325.494781539788,6795691,INFY.NS
2023-10-20,1326.5638427734375,1337.0202051704955,1324.7049339028495,1329.1198424704962,3928622,INFY.NS
2023-10-23,1309.27587890625,1331.3039013836562,1306.1157114580749,1325.0300845878248,2636516,INFY.NS
2023-10-25,1289.88134765625,1320.4796048766234,1281.643355327688,1317.1372877323818,6940777,INFY.NS
2023-10-26,1279.901611328125,1293.600262701033,1273.923205151914,1275.7591696776637,6357656,INFY.NS
2023-10-27,1299.57861328125,1303.9565408986182,1283.8558619720413,1283.8558619720413,4634358,INFY.NS
2023-10-30,1296.4716796875,1299.5785105468342,1283.3378978736482,1299.5785105468342,2667696,INFY.NS
2023-10-31,1288.327880859375,1300.3318125956307,1283.2438397267852,1299.2019618287502,3451595,INFY.NS
2023-11-01,1274.91162109375,1296.8481472235057,1272.5579091746342,1292.7057061877338,3090672,INFY.NS
2023-11-02,1289.9755859375,1295.765741180137,1281.9729641186536,1289.8343402140486,3758060,INFY.NS
2023-11-03,1307.76953125,1310.54686548969,1297.1307068451297,1299.2961678955407,3349045,INFY.NS
2023-11-06,1321.185791015625,1324.9046103571086,1309.4172299003549,1312.3358100714709,2736381,INFY.NS
2023-11-07,1322.127197265625,1323.6335500133118,1313.2300966352614,1318.078766511828,2272209,INFY.NS
2023-11-08,1309.60546875,1322.7862570767434,1305.3216665728671,1322.7862570767434,3550635,INFY.NS
2023-11-09,1294.3533935546875,1315.725053279232,1289.8813406007866,1314.2187005328615,5498051,INFY.NS
2023-11-10,1288.75146484375,1292.7998955154703,1281.3608320382564,1289.7870751538298,2943649,INFY.NS
2023-11-13,1293.176513671875,1301.5556365838725,1290.6344357148544,1299.1077990502322,3462092,INFY.NS
2023-11-15,1327.96435546875,1331.2595523805833,1311.4883709095843,1317.1372799012984,8551860,INFY.NS
2023-11-16,1360.3515625,1368.3541841941474,1328.0585842809098,1333.2367512594758,6673907,INFY.NS
2023-11-17,1353.431640625,1366.094566340676,1351.0779284155915,1356.726837718172,4901251,INFY.NS
2023-11-20,1352.5372314453125,1367.036122395586,1349.7598968645575,1357.6212730677928,3584210,INFY.NS
2023-11-21,1354.796630859375,1365.152963687348,1352.6782900536532,1357.621085267004,3793135,INFY.NS
2023-11-22,1372.49658203125,1373.5791976051314,1352.1604184890853,1352.1604184890853,3108786,INFY.NS
2023-11-23,1364.447021484375,1382.0057382429595,1362.9876738861756,1382.0057382429595,3186928,INFY.NS
2023-11-24,1353.2904052734375,1367.6480498608116,1349.948087939533,1360.9635301203575,2973195,INFY.NS
2023-11-28,1358.2801513671875,1360.4456124998921,1343.5460053605395,1359.504127646951,3755373,INFY.NS
2023-11-29,1374.191162109375,1375.2267723820626,1364.964680220391,1366.1885414781705,3875778,INFY.NS
2023-11-30,1370.001708984375,1375.179875684024,1364.729416784748,1368.21286477539,10120867,INFY.NS
2023-12-01,1367.3184814453125,1374.4737432561005,1361.5283266839235,1374.4737432561005,3489187,INFY.NS
2023-12-04,1378.663330078125,1385.7715867334168,1364.4940519087752,1374.9915161431222,5511948,INFY.NS
2023-12-05,1368.871826171875,1381.0641237085301,1357.621128395019,1380.0285133783032,5123039,INFY.NS
2023-12-06,1388.03125,1390.5732132882843,1366.1417258233225,1371.5081438440814,5269178,INFY.NS
2023-12-07,1380.1226806640625,1386.6659544767813,1376.2626157196041,1386.6659544767813,4424453,INFY.NS
2023-12-08,1403.89501953125,1407.2372214649233,1380.4520260773586,1384.3592108075636,6323433,INFY.NS
2023-12-11,1401.400146484375,1410.3442522227704,1395.2804951896835,1402.812373706227,3862018,INFY.NS
2023-12-12,1389.6787109375,1402.812378171591,1381.7702154844862,1391.0438179520306,6103494,INFY.NS
2023-12-13,1364.2115478515625,1389.6787590187653,1349.2890359623277,1389.6316388053183,8549258,INFY.NS
2023-12-14,1413.592529296875,1422.5837565218126,1375.8390058650577,1377.7690959795298,12489858,INFY.NS
2023-12-15,1486.0396728515625,1495.5957668241965,1431.9984208352303,1433.9285107001285,18395389,INFY.NS
2023-12-18,1472.811767578125,1499.7853308836295,1468.9988229814394,1476.2010899731836,6467243,INFY.NS
2023-12-19,1467.1158447265625,1481.8499902553428,1452.9464521784103,1478.225296674548,4221721,INFY.NS
2023-12-20,1446.497314453125,1490.8412269194432,1440.4717885612556,1473.470877793026,6592367,INFY.NS
2023-12-21,1446.1207275390625,1456.1475641627426,1432.2338260213533,1432.2338260213533,5319038,INFY.NS
2023-12-22,1471.44677734375,1474.3653575565068,1433.8815067423754,1445.1322053581507,6741060,INFY.NS
2023-12-26,1453.6055908203125,1457.4186507029785,1433.8815277911087,1445.1793467888062,6878067,INFY.NS
2023-12-27,1475.4010009765625,1478.131330240823,1453.6527222240961,1453.6527222240961,4225849,INFY.NS
2023-12-28,1471.211181640625,1477.1424666659373,1464.0088002487887,1477.1424666659373,5702253,INFY.NS
2023-12-29,1452.6170654296875,1468.1985714635211,1449.8867362525718,1450.875341361868,4388990,INFY.NS
2024-01-01,1460.572509765625,1465.8919221925776,1445.4146265550125,1448.9451947683858,2808451,INFY.NS
2024-01-02,1444.6142578125,1458.5011582059428,1433.8813084212525,1455.535458187299,5396313,INFY.NS
2024-01-03,1402.8123779296875,1431.0098022399532,1400.9294082948825,1431.0098022399532,7550363,INFY.NS
2024-01-04,1424.18408203125,1430.821596173285,1405.5427510177758,1416.8875744672803,7056038,INFY.NS
2024-01-05,1442.8726806640625,1449.6042055294993,1418.1115826606078,1418.5823250946862,8895403,INFY.NS
2024-01-08,1433.6932373046875,1446.120791889042,1424.7020106289667,1439.4832774397032,4440136,INFY.NS
2024-01-09,1439.812744140625,1462.1258878294154,1436.5645526388157,1451.675429581847,4412074,INFY.NS
2024-01-10,1430.9627685546875,1445.602788218323,1416.9346220683428,1435.7171978317997,4096845,INFY.NS
2024-01-11,1406.7667236328125,1435.7645051838629,1399.6114612154008,1435.6703796771912,11296088,INFY.NS
2024-01-12,1518.3797607421875,1523.3225564289937,1464.3856251298819,1470.5994024363956,26754401,INFY.NS
2024-01-15,1555.4271240234375,1567.5251815652139,1540.2692406673768,1548.6954842465418,13228305,INFY.NS
2024-01-16,1536.0797119140625,1552.0378347627927,1529.9129399390588,1548.554386655104,6500917,INFY.NS
2024-01-17,1544.223388671875,1551.0962739751476,1525.4408120839046,1525.4408120839046,9209876,INFY.NS
2024-01-18,1546.4830322265625,1552.5085584102292,1532.9727472598277,1546.5301524412396,6375464,INFY.NS
2024-01-19,1562.1116943359375,1568.043095154959,1547.9424155997167,1554.9564321078524,4522736,INFY.NS
2024-01-23,1546.0594482421875,1576.7047127157934,1541.8697714896578,1553.5442072103745,9401255,INFY.NS
2024-01-24,1577.36376953125,1581.6945769350064,1548.7426065821937,1562.7707540892902,8999681,INFY.NS
2024-01-25,1571.4322509765625,1582.2123208537434,1560.9817927200572,1575.0569444579046,8865304,INFY.NS
2024-01-29,1559.6636962890625,1581.0824754834941,1551.1903330912653,1567.7134372979071,4253785,INFY.NS
2024-01-30,1554.8150634765625,1591.1093493392334,1551.8023580167996,1565.171396519599,4995943,INFY.NS
2024-01-31,1563.712158203125,1569.6905638157846,1542.2462583680392,1551.8023522623284,6763779,INFY.NS
2024-02-01,1560.087646484375,1578.8702248339061,1553.7796285080506,1562.4413588052366,5760011,INFY.NS
2024-02-02,1594.263427734375,1617.9417958851127,1567.5723538834523,1568.5609589964831,7858483,INFY.NS
2024-02-05,1588.4732666015625,1601.2304328815121,1583.4363454059862,1595.5815235195898,3634135,INFY.NS
2024-02-06,1628.2509765625,1631.5932938509086,1575.998565824632,1588.0496182360184,7694265,INFY.NS
2024-02-07,1594.639892578125,1627.8272320398985,1588.1436244214153,1627.8272320398985,4613877,INFY.NS
2024-02-08,1593.0865478515625,1606.5027074369461,1584.330807394356,1598.6413316478238,5919715,INFY.NS
2024-02-09,1571.6676025390625,1593.8396151923025,1562.676491800521,1586.1193710004457,4600004,INFY.NS
2024-02-12,1581.7886962890625,1593.8867538003944,1572.6092188693096,1572.6092188693096,3555808,INFY.NS
2024-02-13,1585.9783935546875,1590.2620807833139,1566.1600909474707,1584.5190460262058,2696481,INFY.NS
2024-02-14,1568.7020263671875,1571.7618521594686,1539.7984871618103,1563.0531172122069,3768579,INFY.NS
2024-02-15,1578.2581787109375,1588.9911294855572,1564.3712765276096,1578.8701668773688,4834391,INFY.NS
2024-02-16,1602.07763671875,1608.997527029752,1589.1792259716428,1590.1678309849335,4880654,INFY.NS
2024-02-19,1600.2889404296875,1611.3513878778704,1588.9440015438006,1605.2317360980246,3690993,INFY.NS
2024-02-20,1586.6373291015625,1595.1106926748687,1571.1028292171682,1586.401957891193,3706389,INFY.NS
2024-02-21,1558.6751708984375,1576.045519089509,1549.0249519195443,1576.045519089509,4300508,INFY.NS
2024-02-22,1582.9656982421875,1586.0255243307413,1548.1778752986518,1567.5724422898586,5841277,INFY.NS
2024-02-23,1578.7288818359375,1599.064932049705,1574.0685776987198,1597.6998249586602,5373072,INFY.NS
2024-02-26,1563.0059814453125,1576.939887241313,1548.7424640342401,1576.939887241313,2782438,INFY.NS
2024-02-27,1566.254150390625,1573.315286661556,1556.0861831168934,1563.8063128021718,5159088,INFY.NS
2024-02-28,1573.4566650390625,1589.0382863616267,1564.7950497873524,1572.2798088946804,3188916,INFY.NS
2024-02-29,1575.951416015625,1583.8127910418666,1556.5568522895687,1567.5721783829442,7814722,INFY.NS
2024-03-01,1557.875,1574.115614336737,1554.391551881323,1571.3382798848747,6387291,INFY.NS
2024-03-04,1541.39892578125,1567.0543875331723,1538.0567235736469,1560.8406106080845,4445156,INFY.NS
2024-03-05,1512.4954833984375,1541.5402694156692,1508.2588013721113,1538.386318003764,4596579,INFY.NS
2024-03-06,1522.8988037109375,1525.3466412368123,1483.7800637991031,1509.0119027331223,6420684,INFY.NS
2024-03-07,1521.8631591796875,1533.1609775234701,1510.3299696204092,1522.004404894455,6348359,INFY.NS
2024-03-11,1506.940673828125,1519.3683431830998,1495.0779873422402,1514.0489306330928,6752895,INFY.NS
2024-03-12,1518.56787109375,1529.9128089712128,1504.1632225256892,1506.375688833194,4614222,INFY.NS
2024-03-13,1517.108642578125,1529.4420705773052,1505.0105857809417,1518.5208697901078,5688997,INFY.NS
2024-03-14,1556.556884765625,1560.746446205705,1513.9075768353332,1519.9331026141767,8803799,INFY.NS
2024-03-15,1538.3863525390625,1549.4959205173257,1523.6520906201538,1545.0708724563005,11809997,INFY.NS
2024-03-18,1508.8707275390625,1537.1152732206572,1505.2930391151203,1534.6203153666463,4958904,INFY.NS
2024-03-19,1470.0814208984375,1505.4342217324486,1466.8333442521293,1499.173324716635,6870411,INFY.NS
2024-03-20,1463.9619140625,1482.7916122525826,1461.5140762832607,1471.540913554951,4759059,INFY.NS
2024-03-21,1463.7264404296875,1484.6744782005846,1453.087730653012,1472.4822954464403,11062497,INFY.NS
2024-03-22,1420.559326171875,1439.4361424981196,1410.5324900051585,1431.9983895472183,14673890,INFY.NS
2024-03-26,1405.307373046875,1419.2412797585116,1400.8353200453062,1404.6953849138222,8351081,INFY.NS
2024-03-27,1397.022216796875,1411.2857346994197,1394.8568706833632,1408.4612802603947,6857402,INFY.NS
2024-03-28,1410.391357421875,1423.3367734843898,1400.129150066849,1400.129150066849,12499530,INFY.NS
2024-04-01,1407.9434814453125,1440.4247089660325,1405.4486385196594,1435.7644049013911,6580002,INFY.NS
2024-04-02,1396.080810546875,1405.7781506375063,1394.1978408148962,1397.9637802788536,7279400,INFY.NS
2024-04-03,1394.009521484375,1407.613931160152,1388.690109266799,1392.4560485461666,8736248,INFY.NS
2024-04-04,1399.7054443359375,1408.1318024819914,1382.0997240670574,1403.3302528566012,11186915,INFY.NS
2024-04-05,1392.55029296875,1399.7055552251502,1389.6788329794124,1393.4447725803975,5072482,INFY.NS
2024-04-08,1390.29052734375,1403.706685446096,1387.8426899035271,1396.221927423092,6610887,INFY.NS
2024-04-09,1407.378662109375,1425.2198696967855,1400.2705201600338,1402.8124833871761,9423230,INFY.NS
2024-04-10,1418.62939453125,1421.5008543199363,1397.6813569645744,1412.5567483925915,6744595,INFY.NS
2024-04-12,1397.86962890625,1418.6294157880386,1392.926833451286,1415.993212241118,12275616,INFY.NS
2024-04-15,1382.2410888671875,1404.6483606920185,1375.5565690145563,1393.397662027,8531224,INFY.NS
2024-04-16,1331.6832275390625,1370.0017306796847,1330.3652406637968,1366.094545486242,16173541,INFY.NS
2024-04-18,1336.202392578125,1360.1631363842591,1325.1399454315383,1337.9441165902024,22107945,INFY.NS
2024-04-19,1328.67041015625,1343.3575498977523,1298.0721544750609,1303.9564344137511,20603621,INFY.NS
2024-04-22,1348.9124755859375,1352.7725406478596,1330.3652692316007,1336.814417739945,5859087,INFY.NS
2024-04-23,1357.997802734375,1362.1873644449943,1349.1478219496535,1358.562670672261,4856174,INFY.NS
2024-04-24,1347.029541015625,1359.7867075742051,1343.546092803966,1359.7867075742051,4268213,INFY.NS
2024-04-25,1354.2786865234375,1360.3513320897941,1336.908338935666,1336.908338935666,9089398,INFY.NS
2024-04-26,1346.55859375,1360.8221110164066,1343.498768244188,1355.455578865194,8062444,INFY.NS
2024-04-29,1350.79541015625,1355.549954695784,1344.6757585333085,1346.2762368329832,5055957,INFY.NS
2024-04-30,1337.4263916015625,1352.4901496742034,1334.6019369629423,1350.7483107051714,6936588,INFY.NS
2024-05-02,1331.6832275390625,1340.6744540126867,1329.2353898641165,1330.3181204493865,10076354,INFY.NS
2024-05-03,1333.425048828125,1341.4276701119534,1321.0915052605797,1338.8855920418562,8842345,INFY.NS
2024-05-06,1342.4632568359375,1361.1045877183944,1334.1781442699464,1336.9084732924218,6445422,INFY.NS
2024-05-07,1356.632568359375,1358.892155017695,1332.7659500503705,1341.568810540377,6080661,INFY.NS
2024-05-08,1343.7813720703125,1355.5028124792066,1342.1807788692665,1351.2661306551702,6234983,INFY.NS
2024-05-09,1355.3145751953125,1365.1059257902893,1341.4746788069972,1344.0167568835536,6088406,INFY.NS
2024-05-10,1341.521728515625,1351.9250667078657,1330.3180362931507,1351.0778223208927,8777481,INFY.NS
2024-05-13,1340.156494140625,1341.615841553252,1328.6233053272724,1341.615841553252,3735954,INFY.NS
2024-05-14,1341.3333740234375,1349.8538575959403,1335.0725919265954,1342.9339671701941,3463230,INFY.NS
2024-05-15,1336.861328125,1348.0180152167325,1335.5433413149956,1342.5573572737128,4327544,INFY.NS
2024-05-16,1368.3070068359375,1370.566593499511,1343.4989036055658,1350.0421774524657,9249145,INFY.NS
2024-05-17,1359.78662109375,1371.7434327729238,1355.0320766083944,1371.7434327729238,7542860,INFY.NS
2024-05-21,1350.23046875,1360.1630645795747,1344.8169310704366,1346.323283787107,6752663,INFY.NS
2024-05-22,1369.6722412109375,1374.5207963720839,1344.4404006067602,1345.1465142625411,7173285,INFY.NS
2024-05-23,1386.2423095703125,1391.6558474322132,1365.153026044568,1369.5779588477037,8641428,INFY.NS
2024-05-24,1379.369384765625,1389.1608498646779,1374.5678351761637,1382.3350849297278,5277938,INFY.NS
2024-05-27,1385.253662109375,1393.0209118473929,1374.8032036291474,1385.7244045177397,5821844,INFY.NS
2024-05-28,1381.20556640625,1389.6318108875016,1374.8505428808498,1389.1610684041386,6186922,INFY.NS
2024-05-29,1366.0474853515625,1379.7461367746178,1365.1531206572472,1379.6520112690093,7401634,INFY.NS
2024-05-30,1343.9224853515625,1365.011768697552,1338.3678167520543,1358.3743695494225,9663150,INFY.NS
2024-05-31,1351.076904296875,1379.7424895610318,1344.4506597427837,1353.8618612517012,37113815,INFY.NS
2024-06-03,1350.11669921875,1382.8636553906256,1348.2920640058599,1382.8636553906256,10589244,INFY.NS
2024-06-04,1338.3526611328125,1358.8555105856897,1304.4532506211224,1353.09357909204,13736134,INFY.NS
2024-06-05,1373.3563232421875,1380.9428896837226,1344.594729280313,1344.594729280313,9233424,INFY.NS
2024-06-06,1413.833984375,1415.8026912541518,1380.4627967662166,1387.6171483700416,12660930,INFY.NS
2024-06-07,1472.749755859375,1478.607696455328,1418.6356360706318,1422.2368434730788,24075302,INFY.NS
2024-06-10,1440.242919921875,1469.1006429210506,1437.8901779119085,1464.7791939197848,6810606,INFY.NS
2024-06-11,1436.4014892578125,1446.6768867495505,1434.67286293827,1440.530920339611,4853054,INFY.NS
2024-06-12,1426.2701416015625,1448.8857708643502,1423.9173996680136,1447.205207418443,9564320,INFY.NS
2024-06-13,1434.6729736328125,1445.2845783914581,1430.2555159747842,1435.6813586014816,7307565,INFY.NS
2024-06-14,1429.8233642578125,1444.0360586769375,1427.0864701658527,1444.0360586769375,4237727,INFY.NS
2024-06-18,1438.7542724609375,1447.2051523581276,1436.0654413858667,1437.6019330325926,5420939,INFY.NS
2024-06-19,1451.382568359375,1455.5119996711499,1437.3138282236787,1445.2845473689924,5493456,INFY.NS
2024-06-20,1455.2718505859375,1457.2885031581282,1439.618556511379,1456.1361637531038,7927010,INFY.NS
2024-06-21,1471.885498046875,1495.94161129154,1463.2425999556383,1483.6975056622882,17301941,INFY.NS
2024-06-24,1466.5556640625,1468.428244941943,1455.271881344855,1464.0588504809766,5564989,INFY.NS
2024-06-25,1480.768310546875,1482.6410085926723,1460.0253808999469,1465.451223093983,4551525,INFY.NS
2024-06-26,1479.5679931640625,1487.3946405637594,1474.0942048965353,1479.8561366420593,4851004,INFY.NS
2024-06-27,1510.9224853515625,1515.7721579895247,1471.2612599725667,1477.4072265440695,14757754,INFY.NS
2024-06-28,1504.58447265625,1525.4714758668922,1502.1836676895095,1510.15438706981,8197544,INFY.NS
2024-07-01,1527.68017578125,1536.4190819140294,1497.6220524294586,1497.6220524294586,6801771,INFY.NS
2024-07-02,1556.72998046875,1568.9740856185726,1523.550809426941,1532.86588566981,10493173,INFY.NS
2024-07-03,1562.8280029296875,1571.086748455425,1542.2770892539197,1560.5232067482063,7269965,INFY.NS
2024-07-04,1585.1553955078125,1594.13438198508,1563.4040806456085,1563.5960981382616,8008311,INFY.NS
2024-07-05,1582.0823974609375,1599.7523453204356,1568.5418810019864,1585.9236853770542,7065022,INFY.NS
2024-07-08,1595.718994140625,1599.8963711842514,1574.9280004454815,1577.904975049744,5880533,INFY.NS
2024-07-09,1591.3974609375,1600.6165277373964,1585.4914578037747,1594.0383461640054,5191182,INFY.NS
2024-07-10,1582.8507080078125,1607.5789990626897,1572.575309683498,1591.2535253565572,9852770,INFY.NS
2024-07-11,1587.1241455078125,1598.9361531696993,1576.8968098410567,1590.2932550444577,8857679,INFY.NS
2024-07-12,1643.8310546875,1651.5136300854847,1600.520559326722,1613.340833576749,17078316,INFY.NS
2024-07-15,1639.3175048828125,1659.436201288973,1635.092065184172,1657.707575021914,6942230,INFY.NS
2024-07-16,1657.563720703125,1668.943512173137,1632.547287437264,1650.4092519603355,6886281,INFY.NS
2024-07-18,1688.2940673828125,1695.3524103380762,1650.7934479826547,1650.7934479826547,11248896,INFY.NS
2024-07-19,1721.8092041015625,1770.8336868455729,1715.5671113876276,1770.8336868455729,29819116,INFY.NS
2024-07-22,1738.9990234375,1750.6669588687384,1721.8092366549201,1728.7236252048558,8462126,INFY.NS
2024-07-23,1764.015380859375,1766.9442924167647,1712.494085746934,1738.1826974355533,7113056,INFY.NS
2024-07-24,1761.182373046875,1769.249100779416,1747.4017766683005,1764.5915628208677,6002845,INFY.NS
2024-07-25,1752.443603515625,1758.253598590097,1740.103489083107,1747.7860651938493,5815599,INFY.NS
2024-07-26,1804.348876953125,1808.2861733754446,1752.9235913028444,1752.9235913028444,11369047,INFY.NS
2024-07-29,1796.8583984375,1827.4926924499405,1790.040135957272,1818.4656425678857,4635931,INFY.NS
2024-07-30,1802.6683349609375,1805.3571660297775,1786.1987904104494,1796.8583403917328,2721265,INFY.NS
2024-07-31,1794.1214599609375,1810.350924152097,1791.048476651269,1802.5242769151237,5004209,INFY.NS
2024-08-01,1779.092529296875,1793.7855029159562,1771.8901142339544,1782.453656326238,7475014,INFY.NS
2024-08-02,1748.938232421875,1785.7186088193323,1744.0886770658112,1769.8732971519382,7400938,INFY.NS
2024-08-05,1682.3880615234375,1726.1787193591779,1650.3613476722035,1714.1266318965754,10736703,INFY.NS
2024-08-06,1681.619873046875,1725.6506144088735,1675.617860395926,1690.3587800212945,7690163,INFY.NS
2024-08-07,1720.5609130859375,1726.5629255103806,1692.183351452448,1724.7382902879888,5094329,INFY.NS
2024-08-08,1673.9852294921875,1709.3250068929763,1658.5720153140558,1709.3250068929763,6227910,INFY.NS
2024-08-09,1700.489990234375,1710.0932091542359,1686.32524232758,1700.970151180368,4258524,INFY.NS
2024-08-12,1726.0826416015625,1731.9405818653124,1697.9451624687292,1702.6988263064616,4315329,INFY.NS
2024-08-13,1726.130615234375,1738.1827024097588,1718.0640047615366,1738.1827024097588,4176918,INFY.NS
2024-08-14,1750.9071044921875,1752.5876680094568,1726.130749746865,1730.5002617824882,7450718,INFY.NS
2024-08-16,1785.1904296875,1787.9753867685558,1756.9089953467567,1776.5955951852964,7335657,INFY.NS
2024-08-19,1790.8084716796875,1793.449357119504,1775.8273550396493,1786.1988792940135,2585989,INFY.NS
2024-08-20,1797.9146728515625,1810.8790189238414,1794.0733851264426,1805.405230806265,3870333,INFY.NS
2024-08-21,1798.394775390625,1804.444850251852,1793.0169961955314,1800.6995713961778,1966902,INFY.NS
2024-08-22,1805.6453857421875,1818.513723597305,1795.51394205871,1809.2465931329778,4300287,INFY.NS
2024-08-23,1788.2154541015625,1807.9020537953018,1783.3178356718943,1803.67661383031,5015935,INFY.NS
2024-08-26,1801.7080078125,1813.8080406542315,1790.0400729474454,1795.8020045127269,3728589,INFY.NS
2024-08-27,1824.707763671875,1827.2526403543604,1799.5473747842314,1801.7080992308468,3830679,INFY.NS
2024-08-28,1862.1602783203125,1873.588133022963,1822.1148997127973,1831.2379582795415,6514531,INFY.NS
2024-08-29,1856.638427734375,1873.1079727033768,1844.6824662886909,1856.3023384955793,7228284,INFY.NS
2024-08-30,1866.5777587890625,1872.6278340667684,1851.5007508106305,1861.1039704725115,13466759,INFY.NS
2024-09-02,1886.552490234375,1897.3561122833119,1865.713550595146,1866.241657337013,5573739,INFY.NS
2024-09-03,1864.22509765625,1888.9533893572925,1859.6155051280512,1888.9533893572925,4694322,INFY.NS
2024-09-04,1846.1708984375,1850.7324277310104,1824.6597803927025,1844.8744872415468,4778310,INFY.NS
2024-09-05,1856.4464111328125,1863.0245930805459,1833.8307821972226,1849.8201661965988,4081810,INFY.NS
2024-09-06,1826.3883056640625,1859.6634851962026,1821.5866958391305,1845.7388167038994,5848106,INFY.NS
2024-09-09,1819.4739990234375,1844.634387126065,1814.0481565814205,1815.0084785277315,4772612,INFY.NS
2024-09-10,1836.4237060546875,1858.2229673598686,1820.7704114285846,1829.317300201853,6909600,INFY.NS
2024-09-11,1834.3590087890625,1849.5800883553493,1829.4133272673625,1838.7284033553788,5312946,INFY.NS
2024-09-12,1873.0599365234375,1878.773922571952,1834.9832642548035,1848.6197893164426,8555092,INFY.NS
2024-09-13,1866.9619140625,1880.886582594913,1858.8472403257115,1873.0599351123685,3843127,INFY.NS
2024-09-16,1872.867919921875,1874.548483367517,1856.3504289468578,1868.5464710616527,1570181,INFY.NS
2024-09-17,1875.07666015625,1880.7424658489679,1865.0892884852562,1870.467067930622,2793127,INFY.NS
2024-09-18,1817.0731201171875,1861.824097546446,1806.6536508696367,1861.824097546446,6385468,INFY.NS
2024-09-19,1819.0418701171875,1848.5238256038056,1804.253005223771,1834.7911742292838,7976570,INFY.NS
2024-09-20,1830.1336669921875,1839.0166455673825,1793.305341425795,1829.4134254860905,15242974,INFY.NS
2024-09-23,1821.2025146484375,1842.761812755645,1803.9167195535472,1833.2546020080952,3636672,INFY.NS
2024-09-24,1823.2672119140625,1835.0792186672709,1797.1465020357018,1813.0878227950013,7277616,INFY.NS
2024-09-25,1820.0982666015625,1826.1482246431408,1802.3323102544668,1811.5033146813457,4268341,INFY.NS
2024-09-26,1824.8519287109375,1841.8495816692773,1817.8895940269988,1822.4991866395028,8952803,INFY.NS
2024-09-27,1831.0938720703125,1896.2516927156676,1827.7808082445556,1855.4380099764576,14908931,INFY.NS
2024-09-30,1801.179931640625,1825.8122145485347,1796.282312853667,1805.40537191387,6986955,INFY.NS
2024-10-01,1828.7890625,1833.2065199774477,1800.6036370139677,1800.6036370139677,4029072,INFY.NS
2024-10-03,1818.2735595703125,1835.9914522282918,1806.3655442331449,1814.528280610594,7503887,INFY.NS
2024-10-04,1842.04150390625,1876.565029844856,1811.1671309069884,1814.5763205944831,10001483,INFY.NS
2024-10-07,1857.55078125,1864.9452133204372,1840.0249057901142,1846.8911139011777,6112575,INFY.NS
2024-10-08,1871.2353515625,1880.2622839615105,1830.7096956078074,1861.007899519078,5637391,INFY.NS
2024-10-09,1875.2686767578125,1898.5564839074102,1867.9221904384558,1875.07665925967,4857163,INFY.NS
2024-10-10,1842.85791015625,1886.0723999723164,1838.1523089309171,1880.214459242611,4782119,INFY.NS
2024-10-11,1858.319091796875,1869.7469471224404,1834.3110416283794,1841.8976089269854,4709431,INFY.NS
2024-10-14,1881.1746826171875,1891.354071794841,1854.477685639696,1855.4860705732615,3751378,INFY.NS
2024-10-15,1881.558837890625,1912.433094709219,1874.3083602991192,1882.2310163628915,5353705,INFY.NS
2024-10-16,1843.914306640625,1881.7990810660253,1840.3130990275722,1877.4295689381306,3111512,INFY.NS
2024-10-17,1890.0096435546875,1899.516854492198,1853.5654717255002,1858.415027332384,8162822,INFY.NS
2024-10-18,1805.0211181640625,1859.9995499352583,1795.0818094027522,1818.6577602233042,10526196,INFY.NS
2024-10-21,1779.2364501953125,1823.4593218230411,1765.071701772492,1816.0647726492866,4654601,INFY.NS
2024-10-22,1778.1319580078125,1803.2924614363872,1773.6664378494722,1784.4700589292672,4125240,INFY.NS
2024-10-23,1799.0672607421875,1811.167294513619,1770.8337704576425,1772.0341729593083,4311910,INFY.NS
2024-10-24,1789.4158935546875,1809.2465653946333,1786.198838446931,1787.5433126309072,2906475,INFY.NS
2024-10-25,1788.1676025390625,1801.9001366151979,1773.1385399992107,1789.5119595392343,4689120,INFY.NS
2024-10-28,1791.336669921875,1807.2300463621355,1783.3180044404317,1785.9108270230458,7018940,INFY.NS
2024-10-29,1786.4317626953125,1798.378144066303,1776.4277753656768,1792.9391324904534,4621252,INFY.NS
2024-10-30,1750.301025390625,1786.1404080241402,1744.7163014394891,1779.3416136488445,5919715,INFY.NS
2024-10-31,1706.740234375,1736.5092654474463,1696.2992285309076,1736.5092654474463,7395236,INFY.NS
2024-11-01,1710.236572265625,1715.2385657478123,1701.6895882617994,1713.7816813488193,371966,INFY.NS
2024-11-04,1712.9561767578125,1716.2098616116575,1668.6183034798119,1674.9314693544445,7336722,INFY.NS
2024-11-05,1703.7777099609375,1717.6181118779048,1694.842199656711,1709.4110437798347,3160880,INFY.NS
2024-11-06,1771.2801513671875,1774.679548579323,1711.985022561022,1713.296194916247,10421494,INFY.NS
2024-11-07,1751.2237548828125,1773.22261567757,1735.6350435250165,1760.8390975998175,4550965,INFY.NS
2024-11-08,1777.3504638671875,1787.694367437014,1761.0334287500186,1765.7439982122546,4210960,INFY.NS
2024-11-11,1806.6337890625,1814.306737413767,1770.163186757311,1776.427742360696,3804234,INFY.NS
2024-11-12,1815.083740234375,1826.9330191433785,1807.5078940062876,1817.3175584882076,5012450,INFY.NS
2024-11-13,1814.6953125,1819.3572716489662,1802.943134866599,1807.605094015565,4257495,INFY.NS
2024-11-14,1810.9559326171875,1822.0767695268303,1802.6516440521305,1811.975680567675,4311431,INFY.NS
2024-11-18,1759.3822021484375,1796.047127993138,1743.4050832115965,1796.047127993138,4839244,INFY.NS
2024-11-19,1772.2999267578125,1806.24528689049,1768.2206977377823,1773.0283689800722,4669769,INFY.NS
2024-11-21,1781.3326416015625,1813.3354888516371,1768.26917339711,1789.0540816629436,5436504,INFY.NS
2024-11-22,1847.572265625,1859.0331371970146,1781.2840242640295,1800.80625185363,6301486,INFY.NS
2024-11-25,1835.383056640625,1864.1323391283017,1827.904430253904,1860.927145784527,12764638,INFY.NS
2024-11-26,1868.8427734375,1882.8773790978912,1842.7645663309452,1850.194581938472,6850495,INFY.NS
2024-11-27,1869.1827392578125,1885.5969943515,1856.7992214996743,1874.621750796134,4447143,INFY.NS
2024-11-28,1803.282958984375,1859.8586361338635,1798.4266776839897,1859.8586361338635,8468790,INFY.NS
2024-11-29,1804.448486328125,1823.0480681141644,1791.9678666332622,1797.8925063282472,5244346,INFY.NS
2024-12-02,1825.7677001953125,1828.6814691911163,1782.4495729417774,1805.5655210664468,2868263,INFY.NS
2024-12-03,1837.7139892578125,1845.1441235346933,1817.3662175546285,1832.760605927078,4715792,INFY.NS
2024-12-04,1834.9459228515625,1858.935905488834,1821.1055208927776,1829.8468273930628,4705573,INFY.NS
2024-12-05,1879.2352294921875,1893.8526842407528,1834.654541582606,1845.386971128795,9050038,INFY.NS
2024-12-06,1867.1431884765625,1882.2461532385446,1857.4306251975142,1877.2442779990854,3573331,INFY.NS
2024-12-09,1868.357177734375,1874.7188352688952,1842.6673778401903,1868.8912975545852,4274645,INFY.NS
2024-12-10,1892.54150390625,1909.101352624084,1876.4671647750902,1883.2659588503623,6174921,INFY.NS
2024-12-11,1917.4056396484375,1921.1449526741415,1895.8922889888395,1898.806057875605,5025612,INFY.NS
2024-12-12,1929.88623046875,1941.3471020098962,1913.9091120699152,1918.4253589276038,6462130,INFY.NS
2024-12-13,1942.22119140625,1948.7771714843159,1897.6406217246506,1913.132112410419,5362693,INFY.NS
2024-12-16,1923.1361083984375,1942.1240981650324,1920.7564592966078,1938.0933607570853,3119221,INFY.NS
2024-12-17,1919.7852783203125,1925.0300863243267,1901.7199339167669,1911.4324974199167,5811050,INFY.NS
2024-12-18,1922.261962890625,1927.8951783904936,1905.216367108079,1910.2669710918078,3064095,INFY.NS
2024-12-19,1890.259033203125,1903.4196039771014,1864.8121646312206,1878.4097533316565,5323592,INFY.NS
2024-12-20,1866.9002685546875,1923.038809987995,1856.3135514684034,1918.3768510152895,11056720,INFY.NS
2024-12-23,1868.988525390625,1884.2372017118134,1854.1282567360063,1874.5732490554924,2781793,INFY.NS
2024-12-24,1854.1768798828125,1886.1797274213886,1787.111585198432,1871.6594932162752,2360544,INFY.NS
2024-12-26,1852.5743408203125,1864.5693327398988,1847.6209572676305,1854.1769374712999,3623321,INFY.NS
2024-12-27,1861.655517578125,1868.8428379280153,1849.1748978049127,1854.5168074679777,3937500,INFY.NS
2024-12-30,1851.2144775390625,1860.9270403802957,1832.2749799986577,1860.6356160704356,7789055,INFY.NS
2024-12-31,1825.9617919921875,1842.473148621904,1792.0164326986576,1837.9082915665463,3613063,INFY.NS
2025-01-01,1828.3900146484375,1838.5395957247827,1820.134335963438,1820.134335963438,1838368,INFY.NS
2025-01-02,1901.57421875,1906.2362966487788,1831.109641782825,1832.7607301511275,7083645,INFY.NS
2025-01-03,1883.023193359375,1896.8149857004253,1866.7546499738073,1896.8149857004253,6218003,INFY.NS
2025-01-06,1882.1490478515625,1916.288731426852,1872.5821967516326,1895.8923485784164,7164403,INFY.NS
2025-01-07,1875.3502197265625,1902.2540906114118,1868.357221729347,1889.0935202054077,4294832,INFY.NS
2025-01-08,1877.5841064453125,1882.8774057609294,1834.460303784991,1874.5246254427705,5482050,INFY.NS
2025-01-09,1862.1898193359375,1895.74665458795,1855.6338390718154,1878.4583629543145,6833503,INFY.NS
2025-01-10,1910.4124755859375,1920.9507009797642,1876.709930393327,1881.3233976824297,8036913,INFY.NS
2025-01-13,1905.799072265625,1925.8070469770787,1892.9785364775742,1899.7773306055078,5804152,INFY.NS
2025-01-14,1884.285888671875,1915.1232771204202,1875.5930733895989,1912.2579998126723,5792162,INFY.NS
2025-01-15,1893.60986328125,1901.7684398888914,1881.420549328485,1891.036010381721,2985439,INFY.NS
2025-01-16,1873.0191650390625,1910.41253260361,1861.7526156669912,1909.4412763032324,7533579,INFY.NS
2025-01-17,1763.2672119140625,1804.5942151264314,1759.9164250856263,1797.7954209897873,16409953,INFY.NS
2025-01-20,1761.17919921875,1775.4080099966866,1741.60835991682,1770.5517282126625,4333011,INFY.NS
2025-01-21,1748.941162109375,1779.0016155615642,1741.5111463055791,1766.7638099629812,7169109,INFY.NS
2025-01-22,1803.0887451171875,1812.1700865447272,1753.2633671133483,1755.448693830049,8373913,INFY.NS
2025-01-23,1811.8299560546875,1825.5247642701754,1799.446438649042,1804.5941442893445,5907471,INFY.NS
2025-01-24,1821.5426025390625,1840.4336089404926,1810.6645792715367,1811.8786496612856,4887027,INFY.NS
2025-01-27,1769.6290283203125,1809.4505377391558,1759.9164650474238,1795.6101350752897,7652371,INFY.NS
2025-01-28,1777.15625,1809.9361507719634,1772.4456805643415,1777.3990640797924,6999495,INFY.NS
2025-01-29,1827.1759033203125,1834.36322360914,1787.5972093347696,1791.9678626583263,5145155,INFY.NS
2025-01-30,1806.488037109375,1832.9547702492719,1790.9965471548646,1819.3086909049005,7336056,INFY.NS
2025-01-31,1825.7677001953125,1842.910279604707,1817.2205970496623,1817.2205970496623,5820470,INFY.NS
2025-02-01,1798.1353759765625,1836.2571867836969,1792.9391783431893,1826.2533177597818,1701402,INFY.NS
2025-02-03,1809.741943359375,1822.6110895629577,1779.7300994439906,1783.2265984737837,4823228,INFY.NS
2025-02-04,1844.2215576171875,1856.2650411997822,1821.1056096540206,1834.703198206104,7334787,INFY.NS
2025-02-05,1842.521728515625,1864.5205878724964,1839.8507738106882,1851.2144245852517,4996744,INFY.NS
2025-02-06,1860.587158203125,1868.6971246106148,1845.3869733680706,1861.898330498206,4765255,INFY.NS
2025-02-07,1848.9320068359375,1868.40562375176,1835.140096778848,1864.13219104828,4126260,INFY.NS
2025-02-10,1826.2532958984375,1850.2432794461592,1824.6020890265615,1850.2432794461592,3828734,INFY.NS
2025-02-11,1821.7369384765625,1848.3007750893653,1816.249316561804,1828.9727506286142,4411601,INFY.NS
2025-02-12,1809.5963134765625,1840.142278618334,1793.9104995274497,1830.8182412610952,5633947,INFY.NS
2025-02-13,1790.268310546875,1819.6488158467762,1782.8867858202054,1814.792533979024,5237744,INFY.NS
2025-02-14,1803.040283203125,1805.856950285683,1775.7964955938853,1800.7092442878504,5292961,INFY.NS
2025-02-17,1789.345458984375,1799.4950394980904,1769.77462159192,1785.703248001718,4428956,INFY.NS
2025-02-18,1798.7181396484375,1808.1393973263787,1784.780634818134,1789.3456107739096,4365260,INFY.NS
2025-02-19,1758.7509765625,1796.0471240806544,1753.9917969230971,1794.2989338566194,4611411,INFY.NS
2025-02-20,1772.6884765625,1778.3703022593725,1753.6518766132701,1753.6518766132701,2218020,INFY.NS
2025-02-21,1762.8302001953125,1777.2533326664163,1754.2830972545896,1769.4347905187403,3379879,INFY.NS
2025-02-24,1713.3931884765625,1756.0313630959042,1699.9413126430345,1748.309923055587,7594720,INFY.NS
2025-02-25,1716.8897705078125,1727.330776075937,1694.9880113599872,1694.9880113599872,5092963,INFY.NS
2025-02-27,1713.5875244140625,1724.8054634563641,1700.7668702151418,1704.748997302386,5757079,INFY.NS
2025-02-28,1639.189208984375,1704.6519072727174,1634.0901134127998,1704.6034155946859,12182167,INFY.NS
2025-03-03,1659.488525390625,1678.9136517994152,1643.6571185043986,1643.6571185043986,7504969,INFY.NS
2025-03-04,1639.7720947265625,1650.1644899401717,1621.9980566215932,1646.2794646548505,6759673,INFY.NS
2025-03-05,1662.30517578125,1683.1385762213686,1643.8026956375877,1643.8026956375877,8180782,INFY.NS
2025-03-06,1666.5301513671875,1672.794825837321,1642.4915571816716,1665.7046071983816,10610547,INFY.NS
2025-03-07,1637.5380859375,1655.9919552333556,1627.339895010843,1654.1465445914585,8019331,INFY.NS
2025-03-10,1652.5439453125,1669.5895404009018,1628.0197243147556,1637.5380832553346,7558981,INFY.NS
2025-03-11,1613.83935546875,1631.7104941166237,1589.9950857541564,1631.7104941166237,12671234,INFY.NS
2025-03-12,1545.123046875,1589.84944650162,1518.850635339536,1589.84944650162,14870008,INFY.NS
2025-03-13,1534.439208984375,1559.886194636392,1525.163782654934,1553.2816045131979,7822888,INFY.NS
2025-03-17,1544.34619140625,1548.1826065260266,1500.736758011993,1500.736758011993,7526032,INFY.NS
2025-03-18,1544.34619140625,1544.34619140625,1544.34619140625,1544.34619140625,0,INFY.NS
2025-03-19,1540.94677734375,1556.9238965430377,1527.5920028100838,1556.9238965430377,7387068,INFY.NS
2025-03-20,1569.11328125,1584.9932992405397,1546.240146235024,1546.240146235024,7186750,INFY.NS
2025-03-21,1546.7742919921875,1557.7980274559397,1518.7049607743006,1532.59385494289,10074677,INFY.NS
2025-03-24,1546.968505859375,1560.9060103586978,1527.4947691913153,1552.0189913058653,8857726,INFY.NS
2025-03-25,1581.6422119140625,1589.1209562659596,1558.8663000022038,1558.8663000022038,9890140,INFY.NS
2025-03-26,1553.4759521484375,1590.6751185099797,1549.153908730525,1579.2628561729366,6651302,INFY.NS
2025-03-27,1557.4581298828125,1573.3866387891755,1540.4125339270274,1549.688079270318,9426573,INFY.NS
2025-03-28,1525.5037841796875,1552.504639118573,1515.1598805138667,1544.2975705237486,6799047,INFY.NS
2025-04-01,1482.6226806640625,1502.92196020728,1474.2212903040318,1495.0061979771754,12680733,INFY.NS
2025-04-02,1505.593017578125,1510.9349273715397,1491.0726643663595,1491.0726643663595,6193478,INFY.NS
2025-04-03,1453.4849853515625,1490.538435185599,1442.3641486583924,1490.538435185599,10459504,INFY.NS
2025-04-04,1409.9241943359375,1429.6892358061361,1406.3790852223406,1418.5197886514006,9590254,INFY.NS
2025-04-07,1356.602294921875,1365.489314158466,1269.4320382766355,1313.1385736419368,21715252,INFY.NS
2025-04-08,1387.7310791015625,1414.6348317731379,1374.3276944448953,1389.8677955834949,12805001,INFY.NS
2025-04-09,1363.3524169921875,1368.9371407012397,1342.1791008495861,1364.663707842691,8546854,INFY.NS
2025-04-11,1368.937255859375,1397.4437254302495,1356.893771609889,1370.6855647660782,12567440,INFY.NS
2025-04-15,1385.011474609375,1406.087688754894,1368.5001176189407,1404.0480742507405,10178530,INFY.NS
2025-04-16,1372.4822998046875,1386.4684147056246,1356.6508927211694,1384.0402738742662,12022740,INFY.NS
2025-04-17,1378.6982421875,1388.7022289531085,1338.6825322481727,1357.8162328834976,14264227,INFY.NS
2025-04-21,1409.29296875,1429.4951483248678,1369.4714582615436,1369.4714582615436,15648970,INFY.NS
2025-04-22,1381.903564453125,1398.6091260339042,1378.5041672717928,1398.6091260339042,9399738,INFY.NS
2025-04-23,1432.505859375,1445.0350886470426,1398.2204665039803,1404.4365301839098,11136642,INFY.NS
2025-04-24,1429.1065673828125,1440.2760150192205,1419.4911061400271,1427.6496829084983,7114292,INFY.NS
2025-04-25,1437.653564453125,1458.535575435,1421.4336312546193,1433.0887071514799,8329979,INFY.NS
2025-04-28,1439.4989013671875,1446.7833234291916,1423.1818670852326,1437.6534907325017,5886253,INFY.NS
2025-04-29,1454.4564208984375,1466.4029217301106,1431.7289980215003,1439.4019470928108,8056743,INFY.NS
2025-04-30,1456.9815673828125,1465.431568419441,1439.984581952398,1453.7764926957282,7704183,INFY.NS
2025-05-02,1463.586181640625,1479.4175886205041,1453.1936678135066,1456.5930649551544,7402310,INFY.NS
2025-05-05,1465.2373046875,1479.2234198282615,1459.6040889990923,1471.453369034679,4282493,INFY.NS
2025-05-06,1468.0538330078125,1472.0359599506996,1456.0102317041706,1462.7119235923028,4270530,INFY.NS
2025-05-07,1464.9459228515625,1475.1441139885928,1453.5821530190785,1456.8844481471906,5691799,INFY.NS
2025-05-08,1467.9569091796875,1472.9102929808603,1458.0500230157727,1464.654613791716,8424409,INFY.NS
2025-05-09,1464.2659912109375,1467.9568126185206,1451.1540310083215,1457.5642989506216,4478653,INFY.NS
2025-05-12,1580.136962890625,1585.0903465111594,1487.96471253376,1492.8209942326298,11372857,INFY.NS
2025-05-13,1523.5125732421875,1565.859323230766,1519.627548132014,1562.7513505672503,12846210,INFY.NS
2025-05-14,1546.6285400390625,1549.1537826809642,1524.3867472838704,1528.75740058924,4870057,INFY.NS
2025-05-15,1566.6363525390625,1572.0753639006625,1525.8435894847285,1544.103254657481,11151167,INFY.NS
2025-05-16,1544.200439453125,1566.2479103864578,1536.0418626920532,1566.2479103864578,4576751,INFY.NS
2025-05-19,1514.965576171875,1539.4411867318856,1510.9833306187809,1531.185508443418,8855798,INFY.NS
2025-05-20,1515.7425537109375,1537.9843466293191,1513.2173110505078,1524.8723866170074,7143998,INFY.NS
2025-05-21,1523.41552734375,1525.8436681268927,1507.4869000940212,1522.832797268108,4157309,INFY.NS
2025-05-22,1503.01904296875,1515.936798484799,1495.7346211126817,1510.7890929485561,6158990,INFY.NS
2025-05-23,1519.8218994140625,1541.5779455953386,1505.447258808557,1505.447258808557,5038421,INFY.NS
2025-05-26,1535.070556640625,1538.275749801986,1517.782147363295,1521.5700705826603,3170102,INFY.NS
2025-05-27,1524.9696044921875,1537.401733466409,1511.6634396332652,1534.487964353223,7775714,INFY.NS
2025-05-28,1526.6207275390625,1542.063608140773,1524.8724187426308,1535.556238237006,3623370,INFY.NS
2025-05-29,1540.0240478515625,1562.6543682753302,1531.2827406845122,1543.3263431603168,8609500,INFY.NS
2025-05-30,1539.1375732421875,1548.297396005105,1531.652190030095,1547.3124739974683,13148092,INFY.NS
2025-06-02,1530.371826171875,1536.4782943781508,1515.7949327230604,1536.4782943781508,4374509,INFY.NS
2025-06-03,1519.734619140625,1543.6682714095227,1512.4461724234918,1535.4933708621093,6853403,INFY.NS
2025-06-04,1527.8109130859375,1533.8190332918903,1518.158749909477,1519.7346010168856,4548307,INFY.NS
2025-06-05,1530.8642578125,1544.0621159555858,1518.3556767230737,1524.5607331925255,6948539,INFY.NS
2025-06-06,1540.2210693359375,1545.2441474823067,1519.8331118292815,1531.2581829658582,3960020,INFY.NS
2025-06-09,1549.183837890625,1564.0561360451065,1547.3124620446238,1554.2069160448225,2903202,INFY.NS
2025-06-10,1571.935546875,1583.2621501262925,1553.7144894707471,1560.116482612782,8591925,INFY.NS
2025-06-11,1606.5062255859375,1609.9534525332194,1566.1244242034918,1566.1244242034918,10597410,INFY.NS
2025-06-12,1584.345458984375,1603.452969273507,1574.0037782857437,1592.6188275892266,10483574,INFY.NS
2025-06-13,1577.844970703125,1584.7394243828517,1546.5244044661895,1552.2369998927122,6968315,INFY.NS
2025-06-16,1599.31640625,1610.1505483486199,1573.01891647278,1575.875214344727,5591842,INFY.NS
2025-06-17,1615.173583984375,1622.5604988569514,1591.2399317053334,1596.2630097727385,7622083,INFY.NS
2025-06-18,1608.2791748046875,1619.9011823893957,1596.5585788351507,1596.5585788351507,5629707,INFY.NS
2025-06-19,1593.997802734375,1605.4228739879738,1587.2018168292147,1599.4148737815738,5147760,INFY.NS
2025-06-20,1598.429931640625,1606.1122510729595,1584.6410236941556,1594.58871180959,9202821,INFY.NS
2025-06-23,1560.116455078125,1576.8601291540897,1551.6461498856431,1576.8601291540897,7943676,INFY.NS
2025-06-24,1557.7525634765625,1584.739449496533,1552.827953627288,1576.860073737694,8083992,INFY.NS
2025-06-25,1590.550537109375,1595.4751470327865,1561.199813873949,1566.025955644839,7813533,INFY.NS
2025-06-26,1591.6339111328125,1599.5132869304996,1582.3756205245834,1584.5425210067874,6519233,INFY.NS
2025-06-27,1583.7545166015625,1605.0288069577266,1578.238977654369,1594.5886581952298,8912268,INFY.NS
2025-06-30,1577.6480712890625,1590.648993297183,1570.064099926214,1590.648993297183,6294505,INFY.NS
2025-07-01,1582.57275390625,1593.308307768125,1576.3676970723639,1584.7395342639384,4178937,INFY.NS
2025-07-02,1586.2169189453125,1624.1364168524187,1579.2239966239758,1593.6038341220215,8653641,INFY.NS
2025-07-03,1594.293212890625,1607.786716594206,1590.6490495377586,1594.0962765801005,5259695,INFY.NS
2025-07-04,1615.96142578125,1618.6207872342948,1587.9897380569496,1600.4981989662078,4411273,INFY.NS
2025-07-07,1602.4681396484375,1619.2118141254034,1598.5284515362102,1615.2721260131761,3294523,INFY.NS
2025-07-08,1613.9915771484375,1621.378491891406,1597.0509674297891,1603.4529602070286,4590681,INFY.NS
2025-07-09,1609.0670166015625,1613.3022292758048,1599.1193284889714,1613.1052929685202,4580828,INFY.NS
2025-07-10,1591.43701171875,1614.1886858160015,1582.868118202301,1614.1886858160015,5330179,INFY.NS
2025-07-11,1570.85205078125,1582.8680505457567,1539.433016356687,1555.2902357933656,11391755,INFY.NS
2025-07-14,1546.623046875,1567.7988696310574,1536.2813659941348,1567.7988696310574,9173426,INFY.NS
2025-07-15,1561.6922607421875,1579.4208563061295,1540.4179701114037,1541.5013602388092,7614807,INFY.NS
2025-07-16,1583.6561279296875,1587.6942841349517,1554.6993967165145,1555.1918577227598,6223491,INFY.NS
2025-07-17,1559.6240234375,1585.7244570472844,1556.2752645133157,1573.9053927711557,7374814,INFY.NS
2025-07-18,1562.1846923828125,1575.1857343566385,1556.176692489401,1568.0942241264431,5161833,INFY.NS
2025-07-21,1560.4119873046875,1565.041072656143,1543.1758521432762,1556.1767745731315,3682661,INFY.NS
2025-07-22,1547.2139892578125,1561.889351060241,1541.4029254290974,1541.4029254290974,8473741,INFY.NS
2025-07-23,1550.7596435546875,1567.897309898412,1526.629055261839,1552.5325511946266,8035026,INFY.NS
2025-07-24,1529.0914306640625,1558.1466301517212,1524.8562179010848,1556.1767861186595,14169664,INFY.NS
2025-07-25,1492.84619140625,1526.1366022975346,1488.512630894258,1520.12860228797,10851259,INFY.NS
2025-07-28,1493.1417236328125,1496.392014262957,1460.14683725966,1491.0734115180542,6439855,INFY.NS
2025-07-29,1490.8763427734375,1494.3235696797126,1473.5417400906863,1490.0884773327002,7070448,INFY.NS
2025-07-30,1496.0965576171875,1498.7557989957106,1483.2925712781332,1496.9830114866083,5719051,INFY.NS
2025-07-31,1486.247314453125,1504.0743788045277,1474.428250322285,1486.936711768862,6851407,INFY.NS
2025-08-01,1447.4412841796875,1476.1024890867666,1443.4031282013243,1471.3749358302919,8702978,INFY.NS
2025-08-04,1458.177001953125,1460.4423706154291,1429.1218033326475,1439.4634841975633,8610216,INFY.NS
2025-08-05,1438.2816162109375,1456.4040844682859,1433.0614816224124,1456.4040844682859,10213323,INFY.NS
2025-08-06,1415.037353515625,1434.14486387826,1408.7339490588547,1430.1067078263497,10566934,INFY.NS
2025-08-07,1415.234375,1420.2574529025999,1392.876574581379,1408.4383894942564,9892020,INFY.NS
2025-08-08,1401.6424560546875,1411.590144080286,1395.7329241309972,1403.5138318764698,10048009,INFY.NS
2025-08-11,1406.66552734375,1411.7871937906966,1392.6796832838538,1398.4907470266712,6625368,INFY.NS
2025-08-12,1402.62744140625,1419.2726477892124,1399.5742071536924,1406.6655976905836,9899184,INFY.NS
2025-08-13,1405.0897216796875,1412.3781686321047,1400.953097311154,1403.5138705026145,10318063,INFY.NS
2025-08-14,1425.8714599609375,1447.835267553816,1404.6956380205245,1404.6956380205245,12902347,INFY.NS
2025-08-18,1414.1510009765625,1442.6151494914589,1408.0444126749926,1442.6151494914589,7254561,INFY.NS
2025-08-19,1418.2877197265625,1427.5460108318366,1411.0977408332749,1411.0977408332749,3986094,INFY.NS
2025-08-20,1473.6402587890625,1476.3980885005715,1418.9770874002822,1418.9770874002822,10413061,INFY.NS
2025-08-21,1473.8372802734375,1485.262351237006,1461.9197483180794,1485.262351237006,6565539,INFY.NS
2025-08-22,1465.0714111328125,1481.6181481033814,1463.6924963469764,1475.5115598317454,5543397,INFY.NS
2025-08-25,1508.9989013671875,1515.7948868943363,1483.981859694785,1483.981859694785,10694531,INFY.NS
2025-08-26,1506.53662109375,1515.2039825206518,1495.7024794249892,1500.03616013844,15994798,INFY.NS
2025-08-28,1477.4814453125,1506.5366438633127,1475.413133190423,1506.5366438633127,5443364,INFY.NS
2025-08-29,1447.4412841796875,1479.254311487481,1445.5699084151588,1479.254311487481,8169075,INFY.NS
2025-09-01,1476.7921142578125,1480.7318023736236,1453.941851048263,1454.4343120627393,4546057,INFY.NS
2025-09-02,1476.1025390625,1489.9900353122632,1463.8896025641538,1476.7920565936874,5218763,INFY.NS
2025-09-03,1456.798095703125,1479.2543652339205,1450.7900955921732,1477.3829894013984,4623483,INFY.NS
2025-09-04,1440.94091796875,1461.6242804276317,1438.0846200594328,1461.6242804276317,5787724,INFY.NS
2025-09-05,1422.8182373046875,1450.4945202945664,1411.3931666312185,1447.835279098319,5466487,INFY.NS
2025-09-08,1411.2947998046875,1436.0163186937275,1406.7641825159365,1429.1218644887508,3811567,INFY.NS
2025-09-09,1481.6181640625,1484.474341584966,1450.297597398603,1458.6694341238242,13072640,INFY.NS
2025-09-10,1509.491455078125,1511.756823802922,1486.5428442826578,1487.330709756259,7281071,INFY.NS
2025-09-11,1486.9366455078125,1504.4683046125388,1483.7849433052634,1500.922609577238,8003662,INFY.NS
2025-09-12,1502.596923828125,1519.6361218926327,1498.1647749913177,1513.8250582606502,12856963,INFY.NS
2025-09-15,1485.6563720703125,1504.4683582651935,1478.5648615170796,1502.5969824151846,6167414,INFY.NS
2025-09-16,1488.5126953125,1491.1719366717366,1480.8302554728903,1485.656397411633,8923112,INFY.NS
2025-09-17,1499.4453125,1503.680405062861,1491.1719434573272,1494.028241371192,4795698,INFY.NS
2025-09-18,1517.370849609375,1531.5537508334592,1515.302537400178,1526.6291407021617,9331945,INFY.NS
2025-09-19,1516.976806640625,1527.9095369547413,1497.179898612735,1521.3104874589542,12988129,INFY.NS
2025-09-22,1476.8905029296875,1491.8612688721596,1459.6543683506482,1460.3437656419162,15655204,INFY.NS
2025-09-23,1474.920654296875,1490.186944875574,1470.4885054191882,1470.4885054191882,9832164,INFY.NS
2025-09-24,1472.0643310546875,1474.1326431158677,1460.3437357350242,1464.7758845360097,4937004,INFY.NS
2025-09-25,1462.4122314453125,1480.04223903444,1454.2373307659764,1466.5488557470633,9491867,INFY.NS
2025-09-26,1427.053466796875,1456.404069373631,1419.4694954878144,1452.7599061754568,8597058,INFY.NS
2025-09-29,1420.060546875,1442.9106885263222,1414.8404123331482,1437.9860786678707,10513117,INFY.NS
2025-09-30,1420.060546875,1430.303639196793,1416.416263441906,1421.2424051491353,7556305,INFY.NS
2025-10-01,1424.000244140625,1427.6444073679875,1405.877655696216,1424.197180444367,6250692,INFY.NS
2025-10-03,1424.7880859375,1426.4625254104503,1411.5901076030302,1417.3027030735375,6877533,INFY.NS
2025-10-06,1453.744873046875,1456.5027027407555,1420.5530497148675,1424.7881421800753,4630590,INFY.NS
2025-10-07,1436.5086669921875,1460.5407866669368,1432.0765182081868,1455.4191203786977,5570320,INFY.NS
2025-10-08,1472.4583740234375,1475.4131399913774,1433.061494450904,1435.0313384295307,4657192,INFY.NS
2025-10-09,1486.5428466796875,1491.171932062491,1464.5790376333712,1479.352867871771,7028753,INFY.NS
2025-10-10,1492.058349609375,1498.755747016607,1476.2011295853695,1487.2322078030077,3738353,INFY.NS
2025-10-13,1470.6854248046875,1482.0120273618204,1461.0332617199265,1474.4281763502415,5859355,INFY.NS
2025-10-14,1467.435302734375,1491.5658915845438,1464.0865439092208,1476.3980688327763,5600789,INFY.NS
2025-10-15,1452.1690673828125,1466.1549121391147,1445.373081319078,1461.5258266826634,6986098,INFY.NS
2025-10-16,1449.312744140625,1452.267510183725,1438.478601982591,1451.6765810210527,8005748,INFY.NS
2025-10-17,1419.37109375,1436.410292725158,1412.3781714796953,1432.9630656678505,16959378,INFY.NS
2025-10-20,1438.87255859375,1444.8805586841174,1428.136884861602,1431.781048131079,6994246,INFY.NS
2025-10-21,1450.19921875,1463.5941342911037,1447.8353818357486,1455.7147580634262,1698704,INFY.NS
2025-10-23,1505.4532470703125,1522.6893817276436,1483.292502510887,1487.2321904325627,20358624,INFY.NS
2025-10-24,1502.4000244140625,1519.7346273554492,1495.111577657532,1516.2874003977408,8652257,INFY.NS
2025-10-27,1504.5,1515.300048828125,1498.0999755859375,1510.0,7273211,INFY.NS
2025-10-28,1500.199951171875,1506.5,1490.5,1499.699951171875,8211019,INFY.NS
2025-10-29,1510.4000244140625,1520.199951171875,1496.9000244140625,1500.199951171875,4884976,INFY.NS
2025-10-30,1493.800048828125,1508.199951171875,1489.0999755859375,1507.0,5608867,INFY.NS
2025-10-31,1482.300048828125,1497.0999755859375,1480.699951171875,1490.0,4819814,INFY.NS
2025-11-03,1485.5,1491.4000244140625,1474.199951171875,1482.300048828125,5470600,INFY.NS
2025-11-04,1467.9000244140625,1481.9000244140625,1462.9000244140625,1479.699951171875,8691330,INFY.NS
2025-11-06,1466.699951171875,1483.0,1461.9000244140625,1478.5999755859375,7944752,INFY.NS
2025-11-07,1476.800048828125,1480.9000244140625,1449.0999755859375,1470.0,8765759,INFY.NS
2025-11-10,1513.5,1520.0,1490.0,1490.0999755859375,9787975,INFY.NS
2025-11-11,1530.300048828125,1533.4000244140625,1511.0999755859375,1525.0,13692989,INFY.NS
2025-11-12,1551.699951171875,1559.199951171875,1538.0999755859375,1540.0,14635417,INFY.NS
2025-11-13,1541.800048828125,1557.5,1530.300048828125,1557.0999755859375,19655689,INFY.NS
2025-11-14,1502.800048828125,1530.0,1488.800048828125,1520.0,9739549,INFY.NS
2025-11-17,1507.5999755859375,1510.199951171875,1492.5,1496.0,7910354,INFY.NS
2025-11-18,1486.4000244140625,1506.0,1483.199951171875,1506.0,7525119,INFY.NS
2025-11-19,1541.0999755859375,1543.0,1490.5,1490.5,10981126,INFY.NS
2025-11-20,1536.5,1555.0,1534.0,1555.0,7387584,INFY.NS
2025-11-21,1545.0,1551.5,1526.300048828125,1531.0,9186302,INFY.NS
2025-11-24,1548.0,1585.0,1541.0,1563.5999755859375,19270381,INFY.NS
2025-11-25,1530.5999755859375,1550.5999755859375,1525.9000244140625,1549.0,8107952,INFY.NS
2025-11-26,1557.9000244140625,1560.300048828125,1532.0999755859375,1532.0999755859375,7575038,INFY.NS
2025-11-27,1566.4000244140625,1574.300048828125,1552.199951171875,1564.0,7552252,INFY.NS
2025-11-28,1560.0999755859375,1568.4000244140625,1557.0,1565.0,4453221,INFY.NS
2025-12-01,1564.0,1574.0,1556.0,1562.5,5341800,INFY.NS
2025-12-02,1561.0,1579.9000244140625,1556.0999755859375,1567.0,6335969,INFY.NS
2025-12-03,1578.699951171875,1586.0,1554.0999755859375,1555.0999755859375,12895312,INFY.NS
2025-12-04,1597.5999755859375,1599.0,1568.0,1568.0,12609619,INFY.NS
2025-12-05,1616.199951171875,1631.800048828125,1600.0,1610.0,10344725,INFY.NS
2025-12-08,1610.800048828125,1630.0,1600.199951171875,1617.0999755859375,7550413,INFY.NS
2025-12-09,1599.0,1606.9000244140625,1582.4000244140625,1601.199951171875,6957599,INFY.NS
2025-12-10,1584.800048828125,1608.0,1582.800048828125,1608.0,5116140,INFY.NS
2025-12-11,1598.0,1607.4000244140625,1580.5,1598.0,5159319,INFY.NS
2025-12-12,1598.199951171875,1601.800048828125,1582.5999755859375,1601.4000244140625,4633912,INFY.NS
2025-12-15,1606.800048828125,1610.800048828125,1585.0,1585.0,4190558,INFY.NS
2025-12-16,1592.9000244140625,1603.0,1585.5999755859375,1600.0,5499258,INFY.NS
2025-12-17,1602.0,1606.9000244140625,1586.0,1587.199951171875,4817628,INFY.NS
2025-12-18,1626.800048828125,1630.0,1606.699951171875,1610.5,6577293,INFY.NS
2025-12-19,1638.699951171875,1654.9000244140625,1629.800048828125,1650.0,13149023,INFY.NS
2025-12-22,1689.5999755859375,1693.199951171875,1664.0,1664.0,23098923,INFY.NS
2025-12-23,1668.300048828125,1679.0,1656.4000244140625,1679.0,6593060,INFY.NS
2025-12-24,1663.4000244140625,1667.5999755859375,1652.5,1661.0,4271167,INFY.NS
2025-12-26,1656.0999755859375,1668.800048828125,1651.699951171875,1663.4000244140625,2006491,INFY.NS
2025-12-29,1644.699951171875,1673.0999755859375,1637.0999755859375,1658.0,4062817,INFY.NS
2025-12-30,1621.5999755859375,1647.9000244140625,1616.800048828125,1647.0,9395937,INFY.NS
