Date,Close,High,Low,Open,Volume,Ticker
2021-01-01,164.0678253173828,164.33634920082562,160.57702699017972,161.0373484371302,20279389,ITC.NS
2021-01-04,163.72259521484375,165.71733373929416,162.72522595261853,164.18291668412752,27927482,ITC.NS
2021-01-05,162.2265167236328,163.60749313139175,161.57438559842646,162.99373124241117,18718244,ITC.NS
2021-01-06,157.5848846435547,162.26486123603453,156.89439649314866,162.2265041603319,50957586,ITC.NS
2021-01-07,155.5901641845703,159.2727724122116,155.0531163915255,158.1219626600036,36298522,ITC.NS
2021-01-08,154.59278869628906,158.04522997142809,153.633776555553,156.77933686346938,58600546,ITC.NS
2021-01-11,155.3599853515625,158.12193805309028,154.4009733214458,156.51079492468168,44625924,ITC.NS
2021-01-12,158.39047241210938,158.73571044392008,154.66950743369455,155.74359076631347,36989137,ITC.NS
2021-01-13,162.07310485839844,163.41572442446576,157.46984124832608,159.1576988984937,66387977,ITC.NS
2021-01-14,164.29800415039062,166.1009451465759,162.3416226606528,162.64850364775788,50164605,ITC.NS
2021-01-15,167.13665771484375,167.63534835959717,162.03471650584143,164.87338343198488,60567280,ITC.NS
2021-01-18,168.59434509277344,170.3205593384177,164.64321384449784,167.55860681934578,70211602,ITC.NS
2021-01-19,167.90390014648438,170.09044863769333,166.86817368923323,169.55341294424613,33009228,ITC.NS
2021-01-20,166.9832305908203,168.01895688359423,165.48717069454383,167.63536175741334,46392916,ITC.NS
2021-01-21,163.95274353027344,168.40255370396167,162.80192175057454,168.01894644406204,30116008,ITC.NS
2021-01-22,161.651123046875,164.75831409956072,160.4619441081309,164.1829092496229,25663922,ITC.NS
2021-01-25,159.4261932373047,163.03208685405244,158.69734796131056,162.64847959811513,25929487,ITC.NS
2021-01-27,161.61276245117188,163.14719167647314,158.88917853863666,159.57966682700058,50338134,ITC.NS
2021-01-28,158.5055694580078,161.88128453775306,157.85343826031013,160.53867721697478,22984352,ITC.NS
2021-01-29,155.93539428710938,160.1934068415167,155.24490609335555,160.00160929341104,24679902,ITC.NS
2021-02-01,165.678955078125,167.21337193344834,154.82294154158814,156.51079886668856,59968324,ITC.NS
2021-02-02,167.40521240234375,171.47142815010542,166.48455725694296,168.7861890416676,50324035,ITC.NS
2021-02-03,166.292724609375,170.3205702651654,165.48715304670648,169.93696302233963,55709225,ITC.NS
2021-02-04,176.419921875,177.53237455350347,165.7173351647185,165.79406148903612,109894300,ITC.NS
2021-02-05,179.7956085205078,183.24806157452298,174.34842939833393,178.10775122835975,130323308,ITC.NS
2021-02-08,178.8366241455078,182.63431579777975,177.60910022139598,182.21235140947778,43093963,ITC.NS
2021-02-09,175.69105529785156,183.5166050428732,175.07729336513415,179.98743745708754,73377134,ITC.NS
2021-02-10,174.57859802246094,177.3021938807802,171.16451392946587,175.69105061401896,49104142,ITC.NS
2021-02-11,173.7346649169922,175.9212129644523,172.23860508675352,175.69104617286087,45311749,ITC.NS
2021-02-12,166.8297882080078,173.19762284674061,165.56388297035267,173.19762284674061,114826417,ITC.NS
2021-02-15,167.71206665039062,169.55337664752713,166.86813796735007,167.5969832558755,33000365,ITC.NS
2021-02-16,167.4435577392578,170.16715374170735,166.6763553032146,168.05733184564622,30271502,ITC.NS
2021-02-17,167.0599365234375,167.5586271834813,166.13929367689136,166.94485312823102,20615018,ITC.NS
2021-02-18,167.90390014648438,169.24651977399083,167.17505470193316,167.40522154023583,24997592,ITC.NS
2021-02-19,165.678955078125,167.9422293618301,164.18289530085778,167.90386012622147,29208388,ITC.NS
2021-02-22,162.76449584960938,166.65575313651098,161.93907688226142,166.65575313651098,53531490,ITC.NS
2021-02-23,163.90435791015625,165.51589375199904,162.72519506555793,163.51131193334746,27703323,ITC.NS
2021-02-24,164.1795196533203,164.92633451530642,162.3321584683056,164.37605512524829,13667471,ITC.NS
2021-02-25,164.41534423828125,166.0268801694986,164.14020456500447,164.69048391155803,26953713,ITC.NS
2021-02-26,160.24893188476562,163.51130554730062,159.58073381895005,162.92171169094246,45101885,ITC.NS
2021-03-01,162.64659118652344,163.31478933098327,160.4061716399305,161.50673035854976,16850430,ITC.NS
2021-03-02,165.0049285888672,165.7124288386964,162.33214848316942,162.7252069457605,26590262,ITC.NS
2021-03-03,165.0442352294922,166.6557586545157,164.1401995632367,166.6557586545157,21648963,ITC.NS
2021-03-04,164.8477020263672,166.10548158915327,163.19686401450676,164.1402018008679,25858155,ITC.NS
2021-03-05,163.94366455078125,165.0835252340311,162.8824080762601,163.511304031517,17990773,ITC.NS
2021-03-08,163.51132202148438,165.71242696434163,163.27548445517988,164.84770583067413,23874105,ITC.NS
2021-03-09,163.3540802001953,164.8869993874962,160.9564399240757,164.06158040532756,23463213,ITC.NS
2021-03-10,162.33216857910156,164.4546695913445,161.78188915476952,164.37606536334758,20358192,ITC.NS
2021-03-12,161.31021118164062,163.51132867109882,159.97381486101608,163.51132867109882,31973696,ITC.NS
2021-03-15,161.50672912597656,161.93908969683633,158.48020512995814,161.82118336967292,42699297,ITC.NS
2021-03-16,163.3933868408203,164.21880578296356,161.1136529951976,162.2535261465517,50641203,ITC.NS
2021-03-17,165.55520629882812,168.14938216046383,163.9436828124423,166.8129858923604,81604999,ITC.NS
2021-03-18,171.09730529785156,172.23716613060742,166.5771516192604,167.44188522829413,95536034,ITC.NS
2021-03-19,175.263671875,177.77923084932226,169.44644953255835,172.15853149105845,139352860,ITC.NS
2021-03-22,177.6613311767578,177.97577294603528,174.12381767258447,175.53881809141933,47823778,ITC.NS
2021-03-23,174.67410278320312,179.31216263347702,173.96660255035073,176.87522015522686,43165463,ITC.NS
2021-03-24,169.7609100341797,175.14578489741663,169.2106306692199,173.7307843752592,28672557,ITC.NS
2021-03-25,166.34133911132812,169.7609218687507,164.33675697470719,169.1320382404335,42248040,ITC.NS
2021-03-26,165.79104614257812,168.5817450433417,165.35868556921488,168.4245241491266,27083832,ITC.NS
2021-03-30,168.6603240966797,169.0140803986961,165.3979630000365,167.63838220821853,28862387,ITC.NS
2021-03-31,171.7655029296875,172.39438650845725,167.20604715525886,168.26730376579155,37890481,ITC.NS
2021-04-01,172.98397827148438,173.41633887188857,170.82217526946346,172.9446761597443,30182056,ITC.NS
2021-04-05,167.088134765625,172.94467248825302,165.47661119052773,171.05799676555324,32586507,ITC.NS
2021-04-06,167.16671752929688,168.974776206274,165.20143798350676,168.07074063924298,26663018,ITC.NS
2021-04-07,168.0707550048828,169.17131363772776,167.00951093541516,167.20603392395776,15790468,ITC.NS
2021-04-08,167.63841247558594,169.8788320882791,167.32397067729957,168.89619212581871,14660557,ITC.NS
2021-04-09,167.52049255371094,169.76091215124808,167.0881319697202,168.0314698152851,16994483,ITC.NS
2021-04-12,161.38882446289062,165.86966391394353,161.15299933084276,165.08355937863737,35840817,ITC.NS
2021-04-13,164.06158447265625,164.84770136766377,161.93908380463958,162.72520069964713,21027436,ITC.NS
2021-04-15,162.48934936523438,165.43726878598298,161.93907007679448,164.29740810481042,18205903,ITC.NS
2021-04-16,163.47201538085938,164.4939699129989,162.33215451693823,163.5113299485406,13824608,ITC.NS
2021-04-19,161.6246337890625,162.01769221652623,160.170331310241,161.15297115035747,16400507,ITC.NS
2021-04-20,160.01312255859375,162.72520473660538,159.1877035354844,162.09630871358013,22187707,ITC.NS
2021-04-22,161.8604736328125,162.1749153964093,157.6547745591763,158.79463529502908,24030915,ITC.NS
2021-04-23,161.42813110351562,162.72521286587724,160.56340992860788,160.56340992860788,20381213,ITC.NS
2021-04-26,161.38882446289062,162.52869783898848,160.91716174170693,161.78188295908768,20652091,ITC.NS
2021-04-27,161.4674072265625,162.6858845716894,161.19226758273015,161.3887905610024,11885588,ITC.NS
2021-04-28,161.5460205078125,162.33212486151837,161.38878717998625,161.9390664561229,13197445,ITC.NS
2021-04-29,160.60267639160156,163.1575372386818,160.40614096823563,162.8037934079585,13601150,ITC.NS
2021-04-30,159.2662811279297,161.70323568126935,158.79461853232425,160.2882354373684,17130954,ITC.NS
2021-05-03,157.96922302246094,158.67672324910268,157.22242068797422,158.16574601877224,21405441,ITC.NS
2021-05-04,156.907958984375,159.06977412631883,156.5149130104633,158.16573848931577,18962501,ITC.NS
2021-05-05,158.3229522705078,158.79461485519118,156.82933540005064,158.362254371627,14396547,ITC.NS
2021-05-06,159.38421630859375,161.89977532510906,158.87323910124078,159.03047243972318,14872429,ITC.NS
2021-05-07,161.42813110351562,162.29285227842337,159.54145539727386,159.54145539727386,20213092,ITC.NS
2021-05-10,161.58535766601562,163.07896249062617,161.1529970634086,162.84313736189637,16922951,ITC.NS
2021-05-11,160.36688232421875,162.33216234794168,160.17035930468163,160.28827809923908,14277000,ITC.NS
2021-05-12,159.77728271484375,161.34950406436127,159.46284093635757,160.28825994769872,17174525,ITC.NS
2021-05-14,166.852294921875,167.59910976147466,160.36687368441076,161.15299063438286,64021335,ITC.NS
2021-05-17,167.12741088867188,170.58630753771413,166.38060861215132,170.42908666145115,39465392,ITC.NS
2021-05-18,165.12286376953125,168.69967994006376,164.80842195107004,168.3066214384432,31653409,ITC.NS
2021-05-19,163.31478881835938,166.1841043910513,163.15756792434826,165.1228477851176,25345241,ITC.NS
2021-05-20,162.7252197265625,164.53327883082102,162.56799882059497,163.86508063764308,21688686,ITC.NS
2021-05-21,164.33676147460938,164.96564512014677,163.03966715578397,163.19688806716835,23509878,ITC.NS
2021-05-24,166.2626953125,166.69505585072386,163.31477575710858,164.69047404104177,29977506,ITC.NS
2021-05-25,165.79104614257812,167.75632600589725,165.28006889356385,167.44188421746705,26310600,ITC.NS
2021-05-26,165.55520629882812,167.00952135024505,165.31938118928798,166.498544108249,18253046,ITC.NS
2021-05-27,165.987548828125,168.3458868668495,165.3193632237728,165.86963005762595,49385674,ITC.NS
2021-05-28,167.36328125,167.83494397127765,166.30203701285328,167.0488394358149,26583388,ITC.NS
2021-05-31,170.27188110351562,171.2938231197057,168.54242639486318,169.0141015231714,75852502,ITC.NS
2021-06-01,169.21063232421875,172.47300643612786,168.42452783593546,171.37244769544404,40247686,ITC.NS
2021-06-02,164.2974090576172,167.00950341125213,163.98296730728094,165.4765843070062,100377464,ITC.NS
2021-06-03,164.33676147460938,165.6731454499205,164.0616093083264,165.6731454499205,48454441,ITC.NS
2021-06-04,164.10092163085938,164.84772406397616,163.51134010697308,164.6905031547457,31286264,ITC.NS
2021-06-07,166.22340393066406,166.9702062799439,165.24076401546984,165.3979849070505,32643869,ITC.NS
2021-06-08,167.95286560058594,168.4245407869125,166.02690011337967,166.81300466211033,22080199,ITC.NS
2021-06-09,167.04879760742188,168.81754171214214,166.26268081171185,168.22796034390205,25846432,ITC.NS
2021-06-10,169.2904815673828,170.98905097269972,167.83456859632935,168.80516869885594,31902690,ITC.NS
2021-06-11,168.1581268310547,170.22066837551174,168.03679859598097,170.09935295770347,22249404,ITC.NS
2021-06-14,167.6728057861328,168.60296744352516,165.97423634157573,168.19854431616434,18358717,ITC.NS
2021-06-15,167.4705810546875,168.5625221727644,167.4301425887627,167.87500416572573,15426377,ITC.NS
2021-06-16,168.11766052246094,169.33091703778302,167.47058098162938,167.47058098162938,20878518,ITC.NS
2021-06-17,166.33822631835938,168.23901394245323,165.81248773101163,167.3897291275854,22304032,ITC.NS
2021-06-18,165.44850158691406,166.98530449810372,163.79038326088707,166.62131980179623,24475206,ITC.NS
2021-06-21,165.3675994873047,166.6212944546946,163.70946859625408,164.27565838175786,19809308,ITC.NS
2021-06-22,165.8933563232422,166.82353085247783,165.28672800523807,166.7022026254241,18737552,ITC.NS
2021-06-23,164.96319580078125,166.49999865910252,164.68010087470273,166.3382191436879,13059519,ITC.NS
2021-06-24,164.39698791503906,165.5293674951364,163.8307981249904,165.36760081473153,23299321,ITC.NS
2021-06-25,165.8529052734375,166.2977668607156,164.80141541416782,165.0036205657438,14411660,ITC.NS
2021-06-28,164.68008422851562,166.54042029509029,164.47786626332027,166.54042029509029,15190488,ITC.NS
2021-06-29,164.4374237060547,166.05510330105315,164.31609549340877,164.68008013134656,13839294,ITC.NS
2021-06-30,163.95211791992188,165.32714104138114,163.83078971153316,165.24626411396378,16556397,ITC.NS
2021-07-01,164.19479370117188,164.84187333365003,163.5072884143244,164.11391675790284,10583793,ITC.NS
2021-07-02,163.70950317382812,164.76099321873932,163.58817493455646,164.43745979219216,13187847,ITC.NS
2021-07-05,164.72052001953125,165.0845046606136,163.95212508915284,164.19476869927786,10642939,ITC.NS
2021-07-06,163.7903594970703,164.84184932729272,163.58814153381692,164.3969877523039,11515716,ITC.NS
2021-07-07,164.8014373779297,165.9742556113567,163.62861914450266,163.7903858507755,18568033,ITC.NS
2021-07-08,163.38595581054688,165.40805877988112,163.22418911107192,164.5992124652415,21730892,ITC.NS
2021-07-09,162.8601837158203,163.66902992761112,162.4962118925987,163.38593503521065,12289809,ITC.NS
2021-07-12,162.65797424316406,163.8307922469677,162.53664603289766,163.38593068749952,13589278,ITC.NS
2021-07-13,163.26461791992188,163.5477128315662,162.8601947865351,163.3859461416643,11247522,ITC.NS
2021-07-14,165.0845184326172,165.93380318206343,163.14329248609312,163.2646207099089,21269167,ITC.NS
2021-07-15,166.82351684570312,168.64340164691495,164.11389605988904,165.32715259403025,29963443,ITC.NS
2021-07-16,168.1581268310547,169.5736015448058,167.59193694555427,167.99636012337822,30137464,ITC.NS
2021-07-19,168.0367889404297,169.45226357284628,166.9044092344964,167.2683939188027,17099088,ITC.NS
2021-07-20,167.2683868408203,169.29048971091714,166.94485345774822,168.40076649883682,24567907,ITC.NS
2021-07-22,167.43014526367188,168.44119664878863,166.49998362896045,167.43014526367188,19016769,ITC.NS
2021-07-23,171.79788208007812,172.76849498680951,167.02572011310522,167.43014322568192,46241640,ITC.NS
2021-07-26,170.786865234375,174.1840046860855,170.5037702800658,173.09206334310255,49084040,ITC.NS
2021-07-27,168.7647247314453,172.28319164452847,168.19853494812764,171.47434543485662,25378089,ITC.NS
2021-07-28,169.1287078857422,169.85666434114893,167.7941103697773,168.4816283602345,15304399,ITC.NS
2021-07-29,166.6617431640625,170.01843054253203,166.33819699358233,169.1287074125534,16204679,ITC.NS
2021-07-30,165.7720184326172,167.51103916265964,165.4889363423467,166.70219290762893,15515733,ITC.NS
2021-08-02,167.6728057861328,167.83457247362435,166.1764414966242,166.98528775134582,10046707,ITC.NS
2021-08-03,169.77578735351562,170.58463361687345,166.98528953427999,167.8345742656265,19179805,ITC.NS
2021-08-04,168.7243194580078,170.74642256271744,168.31989627361273,170.58465585241257,11421835,ITC.NS
2021-08-05,174.1031036376953,175.31637314208095,167.34927646347072,168.7243126716547,48995450,ITC.NS
2021-08-06,173.29425048828125,174.70971219049275,171.95965290291105,174.2244121340714,24489836,ITC.NS
2021-08-09,172.93026733398438,175.63988817803198,172.04054414752426,173.9008802725153,21142199,ITC.NS
2021-08-10,169.7353515625,173.45602392500396,168.68386165736254,173.09203925557318,18855165,ITC.NS
2021-08-11,168.7647247314453,170.34196586822125,167.79411184329172,169.73533761959894,16012451,ITC.NS
2021-08-12,168.9669647216797,173.2538143035047,168.52210309353998,170.05889314810815,28758718,ITC.NS
2021-08-13,171.02947998046875,171.71699796134934,169.2095824586703,169.735333764743,19576945,ITC.NS
2021-08-16,170.5846405029297,172.48541519955947,170.26110711143198,170.9890636509341,11621038,ITC.NS
2021-08-17,169.20957946777344,171.06991542107542,168.8860461238764,170.50372566062427,8161139,ITC.NS
2021-08-18,169.0073699951172,171.0699110311106,168.5220699917253,169.53312127840513,11149120,ITC.NS
2021-08-20,168.9669647216797,170.4228778350942,167.18750539185598,167.43016184984666,20168965,ITC.NS
2021-08-23,166.8639678955078,170.01845050287187,166.62131144347535,169.4522606596391,10319044,ITC.NS
2021-08-24,166.41912841796875,167.43018001292396,165.56984354013446,167.43018001292396,12971124,ITC.NS
2021-08-25,166.94485473632812,168.1581113407725,166.62130853351388,166.94485473632812,10994627,ITC.NS
2021-08-26,165.4889373779297,167.30882223724134,165.28671940427463,166.9448503922846,15407558,ITC.NS
2021-08-27,166.5404510498047,167.30884613456016,165.731604674182,165.8124944386506,10879860,ITC.NS
2021-08-30,168.23899841308594,168.4007651032814,166.6213058766031,166.6213058766031,12550267,ITC.NS
2021-08-31,170.9081573486328,171.15081377739654,167.6323468293755,168.27942636699106,26802390,ITC.NS
2021-09-01,169.45223999023438,171.71699908691517,169.29047331436618,170.66549646787738,16867486,ITC.NS
2021-09-02,169.6544647216797,171.06993932055775,169.0478364128075,169.0478364128075,14872714,ITC.NS
2021-09-03,170.34201049804688,170.86776195380745,169.65449232142146,169.65449232142146,10622796,ITC.NS
2021-09-06,169.2904815673828,170.8272842889453,169.08827641700566,170.66550478792726,11041632,ITC.NS
2021-09-07,171.2721405029297,173.37512014305682,169.97799425621176,170.58462250558446,38933378,ITC.NS
2021-09-08,170.86770629882812,172.28318066693063,169.61399859889983,171.67653963969929,17897021,ITC.NS
2021-09-09,172.00010681152344,173.0111582241085,170.3015373622372,170.705960490724,19784972,ITC.NS
2021-09-13,173.21336364746094,174.0222099056848,171.31258903962518,172.566296894693,16661794,ITC.NS
2021-09-14,174.7906036376953,175.72077810977382,173.25380088488862,173.81999069817195,20377545,ITC.NS
2021-09-15,174.70970153808594,175.68031440901208,174.14352458208054,175.5994374798383,21028598,ITC.NS
2021-09-16,186.64010620117188,188.9857549624744,174.952352126948,175.4781034181001,154986538,ITC.NS
2021-09-17,186.9636688232422,191.93803602656968,185.3055378772906,188.46002026746768,82563658,ITC.NS
2021-09-20,189.06666564941406,193.5961844933477,186.23571637195556,186.84235751517153,73101936,ITC.NS
2021-09-21,195.33518981933594,196.10358483372562,187.4085447697263,190.03727602387522,58854434,ITC.NS
2021-09-22,196.952880859375,198.81321720543676,194.68812133942757,196.952880859375,54648494,ITC.NS
2021-09-23,196.14404296875,198.65145906459423,195.49697611644564,198.16614610810004,22630330,ITC.NS
2021-09-24,192.86822509765625,197.3572925877382,192.26158396337655,197.3572925877382,25779310,ITC.NS
2021-09-27,193.0704345703125,195.6182889393184,190.4821417305409,193.9601578307468,23772123,ITC.NS
2021-09-28,192.30203247070312,195.41606376775604,191.12920150622588,194.00058917033908,16319138,ITC.NS
2021-09-29,192.58511352539062,195.2542830164171,190.64388769804088,190.8865441307755,16045073,ITC.NS
2021-09-30,191.0078887939453,194.44545352827274,190.27993225032407,194.04104319524453,16987893,ITC.NS
2021-10-01,190.36082458496094,191.6954095533202,188.37915996034937,190.2394963483345,16570661,ITC.NS
2021-10-04,191.37185668945312,192.78733127749896,190.4012437123268,190.88655660952213,11098123,ITC.NS
2021-10-05,189.8350372314453,192.05935790826786,189.67327055231948,191.2100732299098,9578825,ITC.NS
2021-10-06,187.0445556640625,191.21008966571424,186.5188042987642,189.91594330420364,18179336,ITC.NS
2021-10-07,188.4196014404297,190.03728127093544,187.89385004817768,188.46003991144445,10770973,ITC.NS
2021-10-08,187.4085235595703,189.91592630298197,187.00410045456505,189.8754878376604,10114327,ITC.NS
2021-10-11,192.54466247558594,193.71748053978823,187.40852863639878,187.65117225216454,22000303,ITC.NS
2021-10-12,195.1734161376953,196.54845232797277,192.5042463338838,192.98954643895908,30347455,ITC.NS
2021-10-13,201.563232421875,202.93825552933131,194.24321688475266,196.1844425646778,52091422,ITC.NS
2021-10-14,207.5082550048828,211.79511751994607,202.4934359134187,204.83908516383485,88696178,ITC.NS
2021-10-18,212.3612823486328,214.58559028719347,208.15531009018667,211.10757451930024,62614961,ITC.NS
2021-10-19,198.93453979492188,212.36130419301446,198.20658322948827,211.4311296377429,61336411,ITC.NS
2021-10-20,199.46026611328125,200.997068909097,196.02268866993225,198.9345275699933,49663940,ITC.NS
2021-10-21,197.92347717285156,200.87574173970978,196.62933081623572,200.59264682366054,23385990,ITC.NS
2021-10-22,191.37185668945312,198.8132014853145,189.0262204105568,197.9234782634755,36905793,ITC.NS
2021-10-25,188.7835693359375,191.41230060727338,186.43793299026947,189.3497591872732,23194065,ITC.NS
2021-10-26,191.45274353027344,193.31307970091905,188.13649432473372,189.3497509147241,19663381,ITC.NS
2021-10-27,192.86822509765625,195.17341013886056,191.04832732934642,194.32413818539825,26909428,ITC.NS
2021-10-28,182.07020568847656,190.8461361450217,181.3017978011801,190.15861802064373,48064941,ITC.NS
2021-10-29,180.53338623046875,184.61803049604393,179.80542969979925,181.9892992918077,27668175,ITC.NS
2021-11-01,183.48565673828125,184.05184659341992,179.96720219614633,181.30178707585975,24090945,ITC.NS
2021-11-02,182.47459411621094,185.4268714402308,181.58487091738763,184.41582002024722,14896284,ITC.NS
2021-11-03,179.9267578125,183.48565070810776,179.32011668959925,182.79814546426087,18530527,ITC.NS
2021-11-04,183.2429962158203,183.84962448550323,181.18044215472932,181.867960175093,7295341,ITC.NS
2021-11-08,185.87171936035156,186.59967581647496,182.55547043417533,185.79082961310982,21051238,ITC.NS
2021-11-09,185.02247619628906,186.76148438808215,184.29451957687021,185.91219952921585,11964518,ITC.NS
2021-11-10,186.7210235595703,188.3387033182455,183.76874614401848,183.97096412464316,13948380,ITC.NS
2021-11-11,186.0335235595703,187.24679310932822,184.8607053002236,186.35705697926616,8448263,ITC.NS
2021-11-12,188.37913513183594,189.22841985901883,185.34598088501025,187.00411187158556,12312123,ITC.NS
2021-11-15,192.58511352539062,193.3130700063309,188.54089518795593,189.2284132025283,40247848,ITC.NS
2021-11-16,190.44168090820312,193.83880685090224,190.0776962622371,193.35350680687762,15241184,ITC.NS
2021-11-17,193.71746826171875,198.36831457459763,190.60343738244424,190.8865322639476,48496295,ITC.NS
2021-11-18,192.09979248046875,196.54842092669077,191.12917960812177,194.12189515445485,21005037,ITC.NS
2021-11-22,186.76145935058594,194.72854262205456,185.66953097647607,192.42334483338854,23443628,ITC.NS
2021-11-23,187.32763671875,188.21735987321105,185.34597244555545,185.34597244555545,13950744,ITC.NS
2021-11-24,184.17315673828125,188.21736226802568,183.5665284722723,188.01515711844388,14684422,ITC.NS
2021-11-25,187.08499145507812,187.81294797192888,182.5959241316211,183.60697556153963,24825493,ITC.NS
2021-11-26,181.18045043945312,186.07394092191376,180.45249391909408,185.14377924150222,28067913,ITC.NS
2021-11-29,179.1583251953125,180.89733293328305,178.1068354232812,179.56274828217457,22985358,ITC.NS
2021-11-30,178.875244140625,182.15105473493767,177.94508250449095,179.56276215969913,24408641,ITC.NS
2021-12-01,179.4818878173828,180.61425462029055,178.43038513164424,179.56276475181576,13496307,ITC.NS
2021-12-02,182.353271484375,182.91944846524135,178.9965711619585,179.48188402736324,16517389,ITC.NS
2021-12-03,179.27967834472656,182.95991228472909,179.0370347126625,181.98929930467966,14325920,ITC.NS
2021-12-06,176.24652099609375,179.72453689667825,175.92298761400778,179.279675291994,13644352,ITC.NS
2021-12-07,178.47085571289062,179.52234569505546,176.40830140288463,177.05538103463118,9246755,ITC.NS
2021-12-08,181.9488525390625,182.5150423501689,178.75393164339854,178.75393164339854,10241656,ITC.NS
2021-12-09,190.40126037597656,191.25054520313228,180.37163479210685,180.37163479210685,39714672,ITC.NS
2021-12-10,190.96743774414062,193.27263560468322,189.0666630343934,191.04832750120553,36517117,ITC.NS
2021-12-13,189.75418090820312,193.11086870344965,189.39019622769308,192.50424038653088,22903720,ITC.NS
2021-12-14,184.901123046875,191.7762779397023,184.05183830242476,190.0777084508018,38953007,ITC.NS
2021-12-15,181.2209014892578,187.81294863246143,180.69515012963606,186.03350221107112,35987634,ITC.NS
2021-12-16,180.29071044921875,182.9194413715854,178.59214112070012,182.79812597720237,25131188,ITC.NS
2021-12-17,176.28697204589844,180.25030111973342,175.31637183037014,180.20986264840266,30827201,ITC.NS
2021-12-20,171.79788208007812,174.91192594792898,169.69490240230073,174.91192594792898,38778895,ITC.NS
2021-12-21,171.87879943847656,174.26487439660772,170.70598119569812,173.09205615382928,20142586,ITC.NS
2021-12-22,171.47434997558594,173.25379630326893,170.74639349450987,173.0920296205035,17903428,ITC.NS
2021-12-23,175.76123046875,176.69139219708129,172.44498107909934,173.01117093713225,23065082,ITC.NS
2021-12-24,176.32740783691406,178.30905938239727,175.07369998046488,176.32740783691406,17220191,ITC.NS
2021-12-27,175.96340942382812,176.6913658732373,174.42661959577708,176.65092740862093,8467106,ITC.NS
2021-12-28,177.9855499267578,178.43041158388095,176.3274315351654,176.3274315351654,12014352,ITC.NS
2021-12-29,175.31634521484375,178.18773258871042,174.95236057632988,177.9450761630345,11923119,ITC.NS
2021-12-30,174.70970153808594,176.24650418228043,174.30529125769107,175.1950143821805,10116360,ITC.NS
2021-12-31,176.36785888671875,176.97448721569975,174.83105601167065,175.43769715791652,7875890,ITC.NS
2022-01-03,177.2171173095703,177.8237455483031,175.5589864519535,176.36783264843922,8064567,ITC.NS
2022-01-04,178.14730834960938,179.3201265563087,177.1767081340917,177.54068001059457,9398805,ITC.NS
2022-01-05,178.38995361328125,179.15834860664458,176.85315080929033,177.6619970887096,11663111,ITC.NS
2022-01-06,176.89361572265625,178.26863912287925,176.48919255179115,177.13625937136308,9295303,ITC.NS
2022-01-07,176.65093994140625,178.4708376026762,175.92298344035106,177.78331956910634,9196075,ITC.NS
2022-01-10,180.61427307128906,181.74665280714103,177.05537997834304,177.86421349161938,16451394,ITC.NS
2022-01-11,179.5223388671875,181.38267511396404,178.91571054736713,180.65471856672667,8329596,ITC.NS
2022-01-12,180.16940307617188,180.89735961298143,179.2392413747403,179.96719791154985,13665682,ITC.NS
2022-01-13,181.1400146484375,182.6363789970961,180.16940166785685,181.09957617928208,11944029,ITC.NS
2022-01-14,180.04806518554688,181.82751142727145,179.80540876448885,181.13999344578227,10976796,ITC.NS
2022-01-17,181.665771484375,182.47460497814987,179.0370401993933,180.04809167956049,12792728,ITC.NS
2022-01-18,178.5517120361328,183.84962544124974,178.1877401993364,181.66575596868017,14948456,ITC.NS
2022-01-19,178.2281951904297,179.88631347773043,176.89361030300253,178.55172859030327,11915686,ITC.NS
2022-01-20,176.9340362548828,179.68409559376028,176.327407968725,178.3899492685671,17997322,ITC.NS
2022-01-21,175.5590057373047,178.34951644963698,174.70972098287874,176.73183669622463,17225050,ITC.NS
2022-01-24,171.31259155273438,176.1251922531533,170.58463503655955,175.55900242754353,18023332,ITC.NS
2022-01-25,173.33468627929688,173.65821964524955,169.49268590250244,171.47435019917373,19028606,ITC.NS
2022-01-27,173.57736206054688,174.3053186237153,170.74641274974468,170.8677409798169,24041247,ITC.NS
2022-01-28,176.00384521484375,177.33844269953968,173.98174257306155,173.98174257306155,15865353,ITC.NS
2022-01-31,178.1068572998047,178.5517189048157,175.59945436090052,176.7318340162973,15618203,ITC.NS
2022-02-01,184.21360778808594,185.06289254541718,177.25757585253209,178.75394020380048,44871108,ITC.NS
2022-02-02,187.7725067138672,188.70268119324072,185.22465253411045,186.033498792934,42714702,ITC.NS
2022-02-03,189.63284301757812,190.2394713035828,187.4894119653995,187.77250687450356,28918394,ITC.NS
2022-02-04,189.51150512695312,192.90864386286003,187.28719725267834,191.89759249868726,58889867,ITC.NS
2022-02-07,186.1952667236328,189.87550056339333,184.82024345517462,189.2688722738599,25101983,ITC.NS
2022-02-08,187.0445556640625,187.89384041542235,185.26510922345955,186.27616066785018,16825239,ITC.NS
2022-02-09,186.1548309326172,188.4600287198056,185.02245127332966,187.89383889016185,12351873,ITC.NS
2022-02-10,187.8533935546875,188.78355520237838,184.21359826366677,184.98200604281706,20317032,ITC.NS
2022-02-11,188.0151824951172,188.7027006041123,185.87175122428854,187.65119779602617,18793513,ITC.NS
2022-02-14,181.7635498046875,187.18871229333118,180.97669898576711,187.18871229333118,23621214,ITC.NS
2022-02-15,184.7039031982422,185.11804004119819,181.01810760863412,183.04736895153604,13371177,ITC.NS
2022-02-16,184.49684143066406,186.11196604630967,183.7514003099906,185.3665249256362,11664158,ITC.NS
2022-02-17,184.41400146484375,185.8220509253525,182.92311938895574,184.74530567612612,14564261,ITC.NS
2022-02-18,183.79281616210938,185.0766233555312,183.46149880159953,184.4140148847481,9004891,ITC.NS
2022-02-21,180.56256103515625,183.29584057369956,179.85852971457953,182.46758001283092,16750193,ITC.NS
2022-02-22,177.95352172851562,179.65147895212988,176.42122975242555,178.07776410159943,26741024,ITC.NS
2022-02-23,178.8646240234375,180.14844444350152,178.11918287229824,179.56865542315774,11438476,ITC.NS
2022-02-24,172.6940155029297,176.6697059182926,171.45161799036833,173.93642614061002,42933709,ITC.NS
2022-02-25,177.20806884765625,179.32014967447256,174.39195670352854,175.17880751398374,24543858,ITC.NS
2022-02-28,178.78179931640625,179.27875569432666,174.59903391638014,176.58688567829964,20806226,ITC.NS
2022-03-02,178.3262481689453,179.40299352304177,175.96568246469477,177.58079393328015,20039140,ITC.NS
2022-03-03,181.7221221923828,182.38473057999133,178.9059971696967,178.94742003775968,29631546,ITC.NS
2022-03-04,186.77456665039062,188.34826821410726,179.73427998338082,180.31406891478716,69409780,ITC.NS
2022-03-07,186.3190155029297,188.0169593852595,182.30191595193776,183.87561747700107,47001716,ITC.NS
2022-03-08,187.9341583251953,189.21796551756063,185.32510794211785,185.449350311567,37424203,ITC.NS
2022-03-09,189.8805694580078,191.6613459625949,187.2715193175173,188.5967492598926,43923809,ITC.NS
2022-03-10,192.1583251953125,192.57246206267456,188.72101413393293,191.33006458570702,37523806,ITC.NS
2022-03-11,195.7613067626953,196.38250551786706,190.62603834471227,192.07551085685895,43305144,ITC.NS
2022-03-14,197.95620727539062,198.3289212537235,194.89161032800456,195.6784611573547,36465969,ITC.NS
2022-03-15,197.00367736816406,199.94403174120512,195.38855295022438,197.95619337111165,34269168,ITC.NS
2022-03-16,200.93795776367188,201.2692619716211,198.0390131313231,198.78445416176746,22462538,ITC.NS
2022-03-17,202.84300231933594,203.25713919424518,201.02080269475897,203.13289681926054,35541798,ITC.NS
2022-03-21,202.5116729736328,205.2035559388632,201.9318971331737,203.67125090478717,29052540,ITC.NS
2022-03-22,206.86007690429688,207.68835055185687,201.7248091646828,202.5530828122428,38368305,ITC.NS
2022-03-23,208.72369384765625,210.13174335097898,205.82474909799515,208.2681341368943,42051087,ITC.NS
2022-03-24,211.0842742919922,212.45091414538155,208.2681488363506,208.6822857048343,39712133,ITC.NS
2022-03-25,209.8418731689453,211.8297249774472,206.44597169411384,211.45699784143338,30412482,ITC.NS
2022-03-28,212.9064483642578,213.69329918097034,209.17924301520128,210.3802306762796,25876007,ITC.NS
2022-03-29,210.87718200683594,213.27915727195392,210.1731507006442,212.90644330845788,18820674,ITC.NS
2022-03-30,206.40451049804688,212.3680381869465,205.94896397320682,211.29129304869872,18281803,ITC.NS
2022-03-31,207.6055450439453,210.67014218991864,206.65304203748926,206.7358615379886,26644916,ITC.NS
2022-04-01,209.8004608154297,211.49840496922477,206.07325512711932,207.06716789392271,14856664,ITC.NS
2022-04-04,211.58123779296875,213.61049932937618,207.97827447842909,209.63480888309837,16520039,ITC.NS
2022-04-05,214.89427185058594,216.8821233148181,211.29130911870095,212.07815988052118,28230046,ITC.NS
2022-04-06,215.01852416992188,218.12453074221398,213.11350523056862,213.2791573394101,20352716,ITC.NS
2022-04-07,212.57516479492188,217.1720540262949,211.87113340360045,213.693319945732,16679649,ITC.NS
2022-04-08,221.8103485107422,222.6800188366679,212.03676868596685,213.69330296766637,39283623,ITC.NS
2022-04-11,221.56185913085938,226.24156739419217,220.31946172690434,222.5971946758612,47924937,ITC.NS
2022-04-12,219.32553100585938,222.5143835038909,217.91748143706013,221.06489793653932,24460888,ITC.NS
2022-04-13,223.2598114013672,224.1294817413057,218.3730279727989,219.73966779283754,22239115,ITC.NS
2022-04-18,223.71533203125,225.7031834705936,221.3547797753443,221.97596530310358,25339139,ITC.NS
2022-04-19,216.63365173339844,225.7031999791827,214.35591879788058,225.28905001348414,24280577,ITC.NS
2022-04-20,214.9771270751953,219.86391051151287,213.32059276417755,217.75182959309313,25454589,ITC.NS
2022-04-21,215.68115234375,219.03563061960256,215.01853076294887,215.10136338246824,24313956,ITC.NS
2022-04-22,216.2609405517578,217.83464219108288,214.14884657510902,215.34983424069003,16274820,ITC.NS
2022-04-25,211.41558837890625,214.52159534945193,209.13784205876786,214.3559432193705,25140992,ITC.NS
2022-04-26,214.4801788330078,215.92963820678108,212.24384233464923,212.53373683442763,21327644,ITC.NS
2022-04-27,213.27915954589844,214.1074332237923,211.82970029726076,212.20241426473058,17219401,ITC.NS
2022-04-28,216.2609405517578,218.41443115034514,213.81754234842143,214.93571051988948,28999835,ITC.NS
2022-04-29,214.9771270751953,217.83464908982896,214.10744360875935,217.83464908982896,21206335,ITC.NS
2022-05-02,217.9588623046875,219.0770303619953,212.9064274256212,213.6932781649496,19696250,ITC.NS
2022-05-04,215.14276123046875,220.36084846828265,214.19025834682608,218.66290455066658,26951488,ITC.NS
2022-05-05,217.04779052734375,219.6568408338776,215.68115075373368,217.00638078044832,18623544,ITC.NS
2022-05-06,220.85784912109375,221.43763813224882,214.4387602476255,214.5215928742701,35818441,ITC.NS
2022-05-09,217.79322814941406,220.4437012860046,215.80538970336823,220.4437012860046,22228031,ITC.NS
2022-05-10,215.14276123046875,220.98206026752487,214.60438204616457,217.0063703779609,18727774,ITC.NS
2022-05-11,211.7468719482422,217.17203446004757,208.5166229144991,214.52157438749515,18012072,ITC.NS
2022-05-12,209.46913146972656,212.36806304668252,206.36312491398388,211.20848516585315,20816708,ITC.NS
2022-05-13,214.19027709960938,216.05387328514584,210.7943758419421,211.16708982900204,12380764,ITC.NS
2022-05-16,210.4630584716797,215.30843217913517,209.55196525320807,215.30843217913517,8502159,ITC.NS
2022-05-17,219.24269104003906,219.90529945170059,211.04282663246642,211.2084787353818,18483427,ITC.NS
2022-05-18,220.98208618164062,221.81035992768204,217.95889882119633,220.3194776849025,20978307,ITC.NS
2022-05-19,228.31222534179688,231.29398943974314,217.50332392418312,217.50332392418312,81302807,ITC.NS
2022-05-20,231.91517639160156,233.8616047956694,229.43035574262913,229.43035574262913,33617466,ITC.NS
2022-05-23,227.35971069335938,232.28792968330498,226.1587362232997,231.91520260629295,22535903,ITC.NS
2022-05-24,224.33657836914062,227.77388948635354,223.6325469957012,227.77388948635354,16146766,ITC.NS
2022-05-25,225.8688507080078,226.86278967717007,224.04666426485957,226.0759388267412,15877459,ITC.NS
2022-05-26,226.28521728515625,227.60031278292823,223.86708295127815,227.60031278292823,19129574,ITC.NS
2022-05-27,228.40635681152344,229.67904625095144,224.88522426485687,228.23665233747516,13986762,ITC.NS
2022-05-30,228.27908325195312,229.93358757632615,227.04879977372025,229.50933983991942,12274291,ITC.NS
2022-05-31,229.63662719726562,232.90320322898515,226.0306690873399,228.27909888444083,24102167,ITC.NS
2022-06-01,230.65480041503906,232.56382124443414,229.2548123677556,229.636627289742,15265925,ITC.NS
2022-06-02,232.05474853515625,232.8607842872208,227.2609130834946,229.67904722995524,14789457,ITC.NS
2022-06-03,231.3759765625,233.92138255189266,230.44266910013675,233.32745717672793,12968807,ITC.NS
2022-06-06,233.15774536132812,234.00621399779703,228.8305902726855,231.12145290212473,11345943,ITC.NS
2022-06-07,232.39413452148438,233.32744192283218,230.99417341946267,231.80020918514782,11245578,ITC.NS
2022-06-08,227.3033447265625,232.81835021869801,225.86095081454138,232.43653532017476,14915091,ITC.NS
2022-06-09,229.80633544921875,230.52753246108173,225.47916682317526,227.21852353148398,10239939,ITC.NS
2022-06-10,229.21241760253906,229.9336146380709,228.02456682522424,228.2791101189731,8693455,ITC.NS
2022-06-13,224.5458526611328,228.32150175925312,223.14587807842375,226.03066603968242,11519902,ITC.NS
2022-06-14,225.224609375,226.92153313227908,223.18830355529187,223.31556174485257,7708043,ITC.NS
2022-06-15,223.4852752685547,226.7942706788968,223.1883125906239,225.6912856539169,5254329,ITC.NS
2022-06-16,221.1944122314453,227.3033568168182,220.17626600482828,226.53972697915424,14843837,ITC.NS
2022-06-17,223.4004364013672,224.12163344025166,219.37023030890438,219.75204525130263,17296080,ITC.NS
2022-06-20,224.07919311523438,225.81854972629355,221.7459111682168,223.40041554051032,17738981,ITC.NS
2022-06-21,229.0002899169922,229.80632569301108,224.07919613070356,224.84281250933563,14417711,ITC.NS
2022-06-22,225.0973358154297,229.3396653400503,224.75795375590275,226.5397162909859,11756920,ITC.NS
2022-06-23,225.26702880859375,226.751855583516,222.636797656635,225.26702880859375,9416459,ITC.NS
2022-06-24,225.56399536132812,227.68516690124375,225.0125028615705,225.7761192378866,7283228,ITC.NS
2022-06-27,229.04270935058594,229.63663472949503,226.11551530105876,226.53973619016412,8487729,ITC.NS
2022-06-28,230.65480041503906,230.9941824933819,227.85485121074058,228.1518273357084,11673046,ITC.NS
2022-06-29,232.52142333984375,233.32745916509273,228.36394567826173,228.44878447821705,16635367,ITC.NS
2022-06-30,232.05474853515625,233.07289471298512,230.78203220003644,232.4365365454252,20003893,ITC.NS
2022-07-01,241.26058959960938,241.81208211197062,230.10327948068883,232.0547600310366,36520000,ITC.NS
2022-07-04,247.66648864746094,248.85433944842745,241.64239583977948,242.3635928896713,41417701,ITC.NS
2022-07-05,243.4241485595703,248.59977216869018,242.44843519525284,248.59977216869018,19283789,ITC.NS
2022-07-06,245.46046447753906,246.05438981253735,242.06661694480627,242.74538107329937,18997440,ITC.NS
2022-07-07,247.70889282226562,248.72703900941576,244.7816990052252,246.9028570628217,14326277,ITC.NS
2022-07-08,248.64218139648438,249.83003197005056,246.39375187439592,248.5149097714405,11538313,ITC.NS
2022-07-11,250.29672241210938,251.95122689053898,247.79374927212905,248.599785089008,12828405,ITC.NS
2022-07-12,248.34523010253906,250.59363271538896,246.81797061490033,248.5997464602139,14616684,ITC.NS
2022-07-13,249.49070739746094,250.12703877897863,248.345289398512,248.59980581695626,9634877,ITC.NS
2022-07-14,246.7755889892578,251.44212602720404,245.33319503561347,249.70278284853933,13930984,ITC.NS
2022-07-15,249.0664520263672,249.44826697785155,245.63019813381953,247.7513564550386,11450042,ITC.NS
2022-07-18,250.55125427246094,251.39972289531465,249.23613194057785,250.296710996578,11751684,ITC.NS
2022-07-19,249.9573211669922,250.80578976351006,248.3452496567952,250.29670322754595,9542292,ITC.NS
2022-07-20,253.0117950439453,254.11480694524707,249.10886088195596,250.21187278325772,16397373,ITC.NS
2022-07-21,254.15721130371094,256.4056410447792,252.84208897701805,253.69055759652326,16660697,ITC.NS
2022-07-22,255.00572204589844,256.6602267156364,252.9269964414676,254.53906826162734,10351425,ITC.NS
2022-07-25,255.47238159179688,257.0420474880511,253.52092760181753,253.69060522341252,11050533,ITC.NS
2022-07-26,256.61773681640625,257.72074864777426,254.92082656460886,255.38748024513643,10114261,ITC.NS
2022-07-27,258.06011962890625,258.781316538835,255.04808725474751,256.95710784485084,9706094,ITC.NS
2022-07-28,257.4662170410156,258.95104383009493,256.575342479782,258.6965005582375,11256515,ITC.NS
2022-07-29,257.1268615722656,259.5449960147736,255.68446747605176,258.781366120212,17584873,ITC.NS
2022-08-01,260.90252685546875,262.00553886116097,257.1692968212344,257.93289983265936,16501510,ITC.NS
2022-08-02,262.981201171875,268.66591081115354,261.496401394425,263.0236340104721,40483892,ITC.NS
2022-08-03,261.4540100097656,263.7873055875137,257.63594130941976,263.7873055875137,18376724,ITC.NS
2022-08-04,262.5993957519531,263.320592618633,260.6055096047703,261.3266795811867,16514348,ITC.NS
2022-08-05,263.7448425292969,264.5508782662489,262.26004268651855,262.5994247394317,10477269,ITC.NS
2022-08-08,265.6962890625,266.3750800407258,263.06607149908865,263.82967437547717,8627072,ITC.NS
2022-08-10,264.0418395996094,266.50240698717647,263.6600515272991,265.69634421385825,9267241,ITC.NS
2022-08-11,259.8419189453125,265.9508499218457,259.03588317622376,265.56903501324547,11305242,ITC.NS
2022-08-12,261.7933654785156,262.5145624340796,258.35711206473457,259.8419119266054,6669853,ITC.NS
2022-08-16,263.4903564453125,264.29639235717696,261.7934189222393,261.7934189222393,8941455,ITC.NS
2022-08-17,265.187255859375,265.78118121807273,263.8721335015251,264.46605886022286,8283028,ITC.NS
2022-08-18,267.81744384765625,268.1144199390537,265.22963226383513,265.569014303814,10264507,ITC.NS
2022-08-19,264.7205810546875,268.2417000828232,264.04179006291065,268.2417000828232,10823811,ITC.NS
2022-08-22,266.75689697265625,268.96292083324323,263.8721358407428,264.04181343600726,11793184,ITC.NS
2022-08-23,268.02960205078125,268.11444084482474,264.80543208418464,265.52662905922335,9698555,ITC.NS
2022-08-24,266.50238037109375,271.0416459497589,265.6114788807127,267.90234153713817,11783894,ITC.NS
2022-08-25,265.01751708984375,268.4537971570217,264.38118586016276,267.6477614652669,8057930,ITC.NS
2022-08-26,265.4841613769531,267.6053191815493,264.72055855023575,267.05382675723877,7224507,ITC.NS
2022-08-29,266.0357360839844,267.2235599628373,262.04793599320465,263.0236763157559,11798961,ITC.NS
2022-08-30,271.9325256347656,272.69612853216427,266.62960374215766,266.62960374215766,18516092,ITC.NS
2022-09-01,269.4720153808594,273.12040683439596,268.1144868819956,271.0841140861003,13765474,ITC.NS
2022-09-02,274.18096923828125,275.1143036368346,269.85381380076325,270.4053063583112,26750910,ITC.NS
2022-09-05,279.0171813964844,279.6535395795609,274.69002642236677,275.7506054673159,18144801,ITC.NS
2022-09-06,277.5747985839844,279.9929057619507,276.9384404370111,279.9929057619507,12431779,ITC.NS
2022-09-07,276.68389892578125,278.5505136483378,275.9627019847451,276.59906013573766,8397233,ITC.NS
2022-09-08,279.9080505371094,280.5019758093223,277.87173147662725,279.1444208055794,11331350,ITC.NS
2022-09-09,280.4172058105469,282.7928805918821,279.9929580033194,280.5020446158839,9770432,ITC.NS
2022-09-12,280.7565612792969,282.0292507996631,279.99293143291607,281.68986872025,9048240,ITC.NS
2022-09-13,283.7261657714844,284.2352254054314,280.5019959352434,281.4353033027904,10925371,ITC.NS
2022-09-14,284.53216552734375,287.62903645064887,280.7989096389797,280.84134247405376,12739464,ITC.NS
2022-09-15,283.4716796875,285.9746530827272,282.4535064337008,285.4231336068287,8742900,ITC.NS
2022-09-16,281.095947265625,283.8958696274001,279.7383920388356,281.9868218751829,12973988,ITC.NS
2022-09-19,284.74432373046875,285.8473356152218,279.22931808723854,279.22931808723854,14918717,ITC.NS
2022-09-20,285.0837097167969,288.1381752501277,284.23524109303435,287.4169782644429,9892945,ITC.NS
2022-09-21,289.28363037109375,292.8896157640782,284.6595255228582,285.08374644425805,21800547,ITC.NS
2022-09-22,292.7622985839844,295.9016028288756,289.24117943504405,289.326018228077,25111230,ITC.NS
2022-09-23,293.9077453613281,296.58042306271375,291.2775273960429,294.8410528474406,23718397,ITC.NS
2022-09-26,282.198974609375,293.52593631754155,281.4777775573842,292.5926288126759,16829922,ITC.NS
2022-09-27,284.10797119140625,288.0957710584365,283.3867742013136,284.2352428302619,10375837,ITC.NS
2022-09-28,275.7082214355469,282.79286635563835,275.1567020029426,281.64744842530143,16151900,ITC.NS
2022-09-29,282.5807189941406,284.1503845053013,278.0838597710169,279.1444387617436,18985406,ITC.NS
2022-09-30,281.8595275878906,284.8715870392449,280.120184462611,282.58072454257734,12906555,ITC.NS
2022-10-03,275.24151611328125,282.5383246071473,274.26580276287336,282.4534589234243,9462192,ITC.NS
2022-10-04,282.4111022949219,283.3868158157381,278.2960570750231,278.8899825134761,9142294,ITC.NS
2022-10-06,285.63519287109375,287.8836225498395,282.15650658489363,284.2352317883351,23091432,ITC.NS
2022-10-07,283.4716796875,285.80494857700336,281.0959779489977,285.7625157280045,10910698,ITC.NS
2022-10-10,278.168701171875,281.2231662473438,276.6414686341406,279.9928828937665,9750594,ITC.NS
2022-10-11,276.8536071777344,280.37472625070114,275.83543412223884,279.14444277206616,11018577,ITC.NS
2022-10-12,280.0777282714844,281.2231728694555,275.538463387814,278.2535465066379,10735673,ITC.NS
2022-10-13,278.8475036621094,281.09593338744793,278.29601116390967,279.95051554877637,7546587,ITC.NS
2022-10-14,281.7746887207031,283.30192142131654,280.71410970943646,281.94439319422315,6672357,ITC.NS
2022-10-17,281.9019470214844,284.02310494370334,279.65351747271103,280.9262068479893,7195922,ITC.NS
2022-10-18,288.73211669921875,289.32604207994666,283.00500022741113,283.34438231778864,21691854,ITC.NS
2022-10-19,293.8653259277344,294.79863337104103,288.30788722151016,291.10780955143014,16923690,ITC.NS
2022-10-20,296.7076416015625,297.76822054506124,292.5501646137732,294.4167792518886,19186222,ITC.NS
2022-10-21,293.2289733886719,299.6772868189587,292.2956659273252,299.6772868189587,28426343,ITC.NS
2022-10-24,295.0107421875,296.7076794697808,294.4168168277286,296.0713212663584,3292671,ITC.NS
2022-10-25,293.8228759765625,296.53795935090176,291.5744462967065,296.495526509488,17906260,ITC.NS
2022-10-27,293.398681640625,295.56224583319454,291.7441771396938,294.1198517779685,19273344,ITC.NS
2022-10-28,293.398681640625,295.7743562788997,292.80475625848896,294.88348165083033,13572499,ITC.NS
2022-10-31,295.85919189453125,297.3864245947382,292.507750388103,295.2652665727693,14358449,ITC.NS
2022-11-01,296.5379638671875,297.3864324765158,294.5865102669731,296.32585343742227,20422565,ITC.NS
2022-11-02,300.90753173828125,302.2650599111192,295.68947568212093,295.68947568212093,17427813,ITC.NS
2022-11-03,300.10150146484375,304.1741129474546,299.5075761558936,300.35604472443185,11149636,ITC.NS
2022-11-04,300.0166320800781,302.0529512413714,299.0833247332908,300.3560410155152,8709851,ITC.NS
2022-11-07,299.93182373046875,302.34995802183795,296.9621969210103,301.2045132515885,10437370,ITC.NS
2022-11-09,306.0407409667969,306.67709914342777,299.6772667615574,299.93181003220974,21404869,ITC.NS
2022-11-10,302.0530090332031,305.362018219568,300.4409372876355,304.5984151943989,20071989,ITC.NS
2022-11-11,302.3499755859375,306.25291006363074,300.90758149608496,305.4468473261695,11372654,ITC.NS
2022-11-14,294.58648681640625,302.85898115058944,294.0774003132816,302.34992153773015,18319254,ITC.NS
2022-11-15,292.9320068359375,296.07131112129144,287.75635636940854,296.07131112129144,16046491,ITC.NS
2022-11-16,291.9562683105469,294.28953683980063,289.8775161651745,293.31379658565174,7897812,ITC.NS
2022-11-17,291.61688232421875,294.79861942780377,290.6835749250552,291.9562643884357,10379179,ITC.NS
2022-11-18,289.36846923828125,292.50777368027974,288.3078901428437,291.61689907183046,8140173,ITC.NS
2022-11-21,286.10186767578125,288.47756916373294,283.72619307809856,287.71396619418795,9553090,ITC.NS
2022-11-22,288.689697265625,289.3260555210642,284.82919555668224,285.9322075693533,6746019,ITC.NS
2022-11-23,288.3078918457031,290.17450676225525,286.3564112400212,290.17450676225525,8067471,ITC.NS
2022-11-24,289.1139221191406,290.5987220769565,286.39883859521296,288.3078863197395,8454385,ITC.NS
2022-11-25,288.73211669921875,290.089671950998,286.6109584666575,289.32604207994666,7200274,ITC.NS
2022-11-28,288.5199890136719,289.96238297928875,287.4169771181529,288.4775561710592,10284123,ITC.NS
2022-11-29,290.4290466308594,292.71988240502225,288.47756604814566,288.47756604814566,10582296,ITC.NS
2022-11-30,288.47760009765625,291.9987198626354,287.62913134808093,289.5381793120574,23425220,ITC.NS
2022-12-01,288.0957946777344,289.91997683377264,285.7624990342661,289.91997683377264,17270904,ITC.NS
2022-12-02,286.0594482421875,289.15634659950126,285.7200661727962,287.9260630689735,8711914,ITC.NS
2022-12-05,285.7200622558594,287.5018382634382,283.5140384996567,286.48366517895465,10090597,ITC.NS
2022-12-06,286.18670654296875,286.95030944094776,283.4716232240956,283.4716232240956,6571118,ITC.NS
2022-12-07,288.5624084472656,289.75023219227813,285.6351878094423,287.2048533396896,10191144,ITC.NS
2022-12-08,287.12005615234375,290.30179362424616,286.35642625175734,288.6472890632461,6439244,ITC.NS
2022-12-09,289.6653747558594,290.5986820677504,286.780614034632,288.2654137880228,8445424,ITC.NS
2022-12-12,291.1926574707031,291.87144854277307,288.5624395436589,289.3260425256171,11646572,ITC.NS
2022-12-13,293.2289733886719,293.56835547550077,290.5138898037718,292.2956659273252,11105261,ITC.NS
2022-12-14,293.0592956542969,294.71380028505,291.65933433447066,293.56838227615066,7664099,ITC.NS
2022-12-15,287.5018615722656,293.6531989684838,286.7806645423755,292.50778104584407,8469001,ITC.NS
2022-12-16,284.32012939453125,287.5442727749147,281.09595912387766,286.35642198521447,12907968,ITC.NS
2022-12-19,288.9018249511719,290.4714637783214,284.5322367839802,285.76249351633334,8113695,ITC.NS
2022-12-20,288.60479736328125,289.2835614318732,285.720036626633,288.5199585772735,5693354,ITC.NS
2022-12-21,284.362548828125,289.5381731327225,283.8110562532934,289.3260626724235,7316532,ITC.NS
2022-12-22,282.0716857910156,286.27156930728074,279.9080947667324,284.7867693372603,6838031,ITC.NS
2022-12-23,277.1929931640625,281.60501372316077,276.04757535065187,280.75654512830334,10461859,ITC.NS
2022-12-26,283.8958435058594,284.3200912396883,276.1748412992115,277.0232829863363,9934633,ITC.NS
2022-12-27,282.6656188964844,285.423108472061,280.1202128764104,284.7443442894824,6986433,ITC.NS
2022-12-28,283.7261657714844,284.2352254054314,281.26559883129704,282.4110435107773,8035558,ITC.NS
2022-12-29,284.53216552734375,284.8715475371472,281.30799609881643,283.6836970577036,8417520,ITC.NS
2022-12-30,281.30804443359375,285.7200650996448,280.4171698660711,284.57462036820016,7228324,ITC.NS
2023-01-02,282.4111022949219,283.3868158157381,279.6960184177469,280.7565976371079,6181118,ITC.NS
2023-01-03,280.9262390136719,282.8352867403055,280.20504201070946,281.26562109325386,6228015,ITC.NS
2023-01-04,277.4475402832031,282.11407728430135,276.5990716765669,281.56258479060807,6947412,ITC.NS
2023-01-05,282.92010498046875,283.30191987610624,278.46567853549766,278.8474934311352,8486143,ITC.NS
2023-01-06,284.2776794433594,286.3988375987267,282.6231750065621,283.98070331866836,8603181,ITC.NS
2023-01-09,286.82305908203125,289.58057544596466,285.21098748541885,285.8897516429116,11027747,ITC.NS
2023-01-10,282.8777160644531,287.12003234184647,282.15651907046407,286.6957845799462,7217255,ITC.NS
2023-01-11,281.5201416015625,284.3200905895782,281.09592075897007,284.3200905895782,4760847,ITC.NS
2023-01-12,279.8656311035156,283.04736802341336,278.380831297003,282.87769044623434,6894087,ITC.NS
2023-01-13,278.932373046875,281.9020000749129,276.93848637596466,279.8656805570768,14967746,ITC.NS
2023-01-16,280.1626281738281,281.8595385239895,277.91419843087994,280.2898998113737,8571826,ITC.NS
2023-01-17,281.9019470214844,282.96252598259383,279.22929664437345,280.16260397892853,14240647,ITC.NS
2023-01-18,283.9383239746094,285.5503957188779,282.0292760778187,283.38680451714566,13039078,ITC.NS
2023-01-19,281.817138671875,284.7867654617728,281.3928909074505,283.38677741846726,8667564,ITC.NS
2023-01-20,283.8958435058594,284.40493003034743,279.35657829672897,281.6898467168552,13608325,ITC.NS
2023-01-23,286.5685119628906,286.90792092736035,282.58073897818645,285.08371202697504,7399204,ITC.NS
2023-01-24,287.586669921875,289.1139026204414,286.4412521205169,286.61092970354275,12776694,ITC.NS
2023-01-25,287.8412170410156,289.3260169185744,284.44734265185195,287.5442409313436,12978859,ITC.NS
2023-01-27,293.5683288574219,295.9864629809435,289.7502336688159,290.0047769334252,21850457,ITC.NS
2023-01-30,292.5501708984375,298.44699102657864,290.0471980843471,294.3319467886239,14634225,ITC.NS
2023-01-31,298.9560852050781,301.2045150247423,289.3684674513022,293.5683509628021,17794183,ITC.NS
2023-02-01,306.6346740722656,310.2830649667827,279.22932296558173,299.5075967647228,67003785,ITC.NS
2023-02-02,321.228271484375,326.4038952631198,305.78623894558626,306.8043851857387,57892084,ITC.NS
2023-02-03,322.9676208496094,324.3251491955415,315.6284059198903,324.02819995371976,23153980,ITC.NS
2023-02-06,325.3008728027344,329.3735114120182,322.0767028112403,324.537269869911,26783409,ITC.NS
2023-02-07,316.6889953613281,325.7251210184186,312.61638330032497,325.7251210184186,21438758,ITC.NS
2023-02-08,318.64044189453125,320.12524177355647,315.2465675020157,317.96165088186785,10821785,ITC.NS
2023-02-09,317.5374450683594,322.4161195709826,315.7556689949735,317.3253346313471,12318006,ITC.NS
2023-02-10,315.076904296875,319.82828026077203,314.18600281658485,315.7981012936871,10674456,ITC.NS
2023-02-13,317.49505615234375,318.30109205867154,313.93150351253155,316.47690977965686,10282470,ITC.NS
2023-02-14,327.888671875,328.9068449329148,317.1131773170906,318.1737832158408,30246745,ITC.NS
2023-02-15,329.59710693359375,330.1576373531898,326.4494562746619,329.2090347980511,12679568,ITC.NS
2023-02-16,329.89898681640625,332.2273927519761,328.5623118655193,329.4246854465064,10151755,ITC.NS
2023-02-17,330.6319274902344,331.62365824844454,327.0531039108078,328.60536506972716,7967611,ITC.NS
2023-02-20,331.1925048828125,334.1676975795838,328.8209982383873,331.7530626940049,8105569,ITC.NS
2023-02-21,329.64019775390625,332.7878483165369,329.165896490848,332.011731400145,8577674,ITC.NS
2023-02-22,331.0199890136719,331.9254632728207,327.69988028886405,329.4245996708015,9306194,ITC.NS
2023-02-23,334.25390625,339.7730635557299,330.3732393743947,331.5374558356461,19555814,ITC.NS
2023-02-24,332.0979919433594,335.46122933796937,328.5622689227143,335.46122933796937,13407431,ITC.NS
2023-02-27,329.59710693359375,333.56400276915014,326.06138413911924,332.0979706999546,8455904,ITC.NS
2023-02-28,324.85406494140625,331.3649527420199,323.3880602116682,329.85581977604465,16997837,ITC.NS
2023-03-01,326.5788269042969,328.04485903297746,322.18075784920455,322.74128829154444,8065784,ITC.NS
2023-03-02,323.8623962402344,327.4843212134342,323.12938013123113,327.26873467101,5212922,ITC.NS
2023-03-03,331.9686584472656,332.35673063556044,324.33670873222746,325.1128257778651,8495772,ITC.NS
2023-03-06,334.72821044921875,338.4795199727342,332.22734654385846,332.78787699460906,11126980,ITC.NS
2023-03-08,338.3932189941406,339.0400058376039,332.09794548519795,334.59880906167905,9261146,ITC.NS
2023-03-09,334.1676940917969,339.42813689578156,332.5723044881299,338.1345903151372,10005328,ITC.NS
2023-03-10,334.598876953125,336.4960823043063,330.71820976683466,333.69340251949825,8684320,ITC.NS
2023-03-13,330.8475036621094,337.0996763373949,329.8558002658446,335.633644363421,9130473,ITC.NS
2023-03-14,327.4411926269531,333.26216543515204,325.2852727230352,332.61540586254597,10623744,ITC.NS
2023-03-15,327.1824645996094,331.4080750926228,325.9751473158912,328.56224016331714,8748113,ITC.NS
2023-03-16,328.9503173828125,329.72646164762585,324.9834215793122,328.21730135413816,16315136,ITC.NS
2023-03-17,323.8623962402344,332.01177525909844,318.774411718077,332.01177525909844,50787703,ITC.NS
2023-03-20,326.6650695800781,327.13937089653774,320.80096815341795,321.9220564154819,10512002,ITC.NS
2023-03-21,325.0696716308594,326.6650611683009,322.5688077238388,326.6650611683009,12057999,ITC.NS
2023-03-22,325.75958251953125,326.7081851155626,322.698160870653,325.0696673607315,4958761,ITC.NS
2023-03-23,328.2604064941406,330.07138232033816,322.87060724865256,325.11275608211065,10127917,ITC.NS
2023-03-24,326.5788269042969,330.28700813328635,325.97516822371955,328.9934616266062,10317108,ITC.NS
2023-03-27,327.87237548828125,331.4943275946929,324.5522663895454,325.9320420504929,11232922,ITC.NS
2023-03-28,327.4842834472656,329.7264597565682,326.1045078701083,327.87235557744657,9523719,ITC.NS
2023-03-29,330.0714416503906,331.14940169325064,325.24217191247357,327.87239332381387,10551626,ITC.NS
2023-03-31,330.71820068359375,331.5805741825232,327.6999344337672,329.4246541006751,9877493,ITC.NS
2023-04-03,326.7512512207031,331.14934714944366,326.40630734351794,331.14934714944366,7331070,ITC.NS
2023-04-05,333.2190856933594,333.77961615807664,326.75129823985384,326.75129823985384,12055499,ITC.NS
2023-04-06,334.038330078125,336.5822949482747,331.3218522485814,333.43467137499874,13394394,ITC.NS
2023-04-10,335.0731201171875,336.3235656075255,331.7961122325701,334.03828846828327,7044256,ITC.NS
2023-04-11,341.497802734375,343.3087788915467,334.5988693716791,335.07317069872755,18939829,ITC.NS
2023-04-12,339.3849792480469,343.0500594617437,338.1345610164522,343.00693122477713,10122932,ITC.NS
2023-04-13,341.15283203125,342.01520546665984,339.5143416356356,341.06660288699373,6292395,ITC.NS
2023-04-17,345.0766296386719,346.67199180859274,338.82445634896516,338.82445634896516,11466474,ITC.NS
2023-04-18,343.6536865234375,346.6719797998749,342.36014007094957,344.9472603068738,9860308,ITC.NS
2023-04-19,343.86932373046875,346.1114728891326,341.497789853725,341.54091809308494,10119480,ITC.NS
2023-04-20,345.20599365234375,347.2325562475899,342.9638171942822,344.94727888172514,6924577,ITC.NS
2023-04-21,352.061767578125,352.70855444801253,344.1280035162061,345.2059634120538,14801099,ITC.NS
2023-04-24,352.4498596191406,353.5709478133228,348.56919284238995,353.5709478133228,6212135,ITC.NS
2023-04-25,354.9076232910156,356.6323428269631,351.32877217565795,352.44986037223555,9180650,ITC.NS
2023-04-26,355.51129150390625,356.1580510981409,352.7517128413691,355.295677641545,7914219,ITC.NS
2023-04-27,358.74517822265625,359.9524956184329,354.4333381894397,355.46816995826964,13100076,ITC.NS
2023-04-28,366.98077392578125,369.3091521609752,356.7617046409041,360.4698858529476,13208557,ITC.NS
2023-05-02,366.0321960449219,368.2312170453855,363.22948899493935,367.3688708739612,10648421,ITC.NS
2023-05-03,368.3605651855469,369.52478168344135,363.9624959641303,365.6441146856941,7607609,ITC.NS
2023-05-04,366.16156005859375,368.2312237045819,365.6441304816209,366.76521878807824,8292456,ITC.NS
2023-05-05,369.7403564453125,372.4568068586512,365.94594604814733,367.32572170858936,12890455,ITC.NS
2023-05-08,372.0687255859375,373.7934724501675,370.2577769087297,371.68068077279236,7522610,ITC.NS
2023-05-09,365.47161865234375,373.53476810451167,363.48818430101966,373.23295242687635,10377820,ITC.NS
2023-05-10,366.80828857421875,367.670662019015,364.09183818751245,365.6009712176939,10130159,ITC.NS
2023-05-11,362.5395812988281,368.5761681543761,361.2460347814821,368.4468107695465,16597954,ITC.NS
2023-05-12,362.5827331542969,364.5230393912233,358.78829517039424,362.5396049128946,11564770,ITC.NS
2023-05-15,368.9211120605469,369.6972290385542,361.3753921567857,362.194637373385,9503538,ITC.NS
2023-05-16,365.6009826660156,370.8183244052902,365.2129378350131,370.8183244052902,8302077,ITC.NS
2023-05-17,368.7486572265625,369.91284645625467,364.43681692153007,365.7734917890424,9844782,ITC.NS
2023-05-18,361.9359130859375,372.9310991903745,360.55613745867515,370.8183075120231,24919291,ITC.NS
2023-05-19,362.06524658203125,364.86795322006907,354.73511388565686,363.01384909593236,26759905,ITC.NS
2023-05-22,366.2908935546875,367.15323968544413,361.4184957949731,363.8762587942892,16015615,ITC.NS
2023-05-23,370.0853271484375,371.8531750904477,365.81661514264306,367.368876538473,9068926,ITC.NS
2023-05-24,373.8366394042969,374.9145994733432,368.2312251804948,369.35231349144556,11921823,ITC.NS
2023-05-25,380.4337463378906,381.5548072858419,374.95768966539407,376.81179405000734,18905572,ITC.NS
2023-05-26,382.5465087890625,383.538239600723,379.0108132541104,382.3740231705763,13496209,ITC.NS
2023-05-29,387.2895202636719,389.6179257846181,382.9776804575075,383.75382474147256,20589822,ITC.NS
2023-05-30,396.694091796875,398.0607904227817,388.8466198986373,388.8466198986373,19627897,ITC.NS
2023-05-31,392.81439208984375,398.5457120356545,390.1250920308218,396.16500689487293,14821960,ITC.NS
2023-06-01,387.7003479003906,394.1370521106153,387.0831300712574,394.1370521106153,9142172,ITC.NS
2023-06-02,390.9627380371094,392.28536752672613,387.7884831517181,387.9648430652818,9558309,ITC.NS
2023-06-05,388.5379943847656,394.00478885145765,388.05303951544744,392.3735643160935,7427630,ITC.NS
2023-06-06,390.4337463378906,391.13913016054414,388.31756692508327,388.67025883641,6703067,ITC.NS
2023-06-07,391.4477233886719,392.94665691202545,390.3896197900168,391.4917924087194,7833952,ITC.NS
2023-06-08,390.5218811035156,393.03484919494707,389.6401374232792,392.99075223023965,7294955,ITC.NS
2023-06-09,386.59814453125,392.1090075881535,383.68841554396766,383.68841554396766,7329661,ITC.NS
2023-06-12,385.2755126953125,388.8024591854651,382.5421158916441,387.9648125378486,9054977,ITC.NS
2023-06-13,392.7261962890625,393.6079399018476,386.4658529665835,388.846557926619,16732376,ITC.NS
2023-06-14,391.9327087402344,394.7983410050815,391.2713939395829,393.4757393486254,9039402,ITC.NS
2023-06-15,395.10693359375,395.68005441379864,392.15310761877413,392.3735365538048,7787525,ITC.NS
2023-06-16,399.515625,401.71997024510654,394.9305745944466,395.9004842667059,12181426,ITC.NS
2023-06-19,399.95648193359375,401.9844952034513,398.76614332858287,400.9704885685225,4350517,ITC.NS
2023-06-20,399.295166015625,401.0145283503671,396.9144610343374,401.0145283503671,4644353,ITC.NS
2023-06-21,394.18109130859375,400.48553208235376,392.4176318908195,398.5457127503798,6292873,ITC.NS
2023-06-22,394.71014404296875,396.4736314097722,393.1230165907835,395.0187389624948,6892713,ITC.NS
2023-06-23,392.15313720703125,394.71017452497557,390.3455806806158,394.5779115650089,6325479,ITC.NS
2023-06-26,392.9907531738281,398.01666142391394,391.49179170831167,394.04882882574555,5688287,ITC.NS
2023-06-27,392.4617004394531,394.31335378452604,390.7423100436601,393.34344411970375,5052984,ITC.NS
2023-06-28,396.2091369628906,397.3113096684264,391.9327091009996,392.37356700527516,12548096,ITC.NS
2023-06-30,398.1930236816406,398.50161860261585,393.7843052439284,396.7822281926037,9456776,ITC.NS
2023-07-03,408.46527099609375,410.84594822373344,396.8263269252858,398.19302545533765,11111199,ITC.NS
2023-07-04,411.1986389160156,412.6535313723766,405.42327783509205,410.008300305656,8022597,ITC.NS
2023-07-05,418.91387939453125,423.8075530512712,409.3911138921741,411.19867042880867,16878943,ITC.NS
2023-07-06,417.8558044433594,420.94189362445013,414.8579091994762,420.8977966558463,9835812,ITC.NS
2023-07-07,413.0062255859375,419.26656948415007,412.30081386393067,417.0622242218856,7605499,ITC.NS
2023-07-10,410.7577819824219,415.21056945742544,408.86203164969874,414.4169917521428,6772454,ITC.NS
2023-07-11,417.1944885253906,418.4288961670022,410.89004764135507,410.89004764135507,8783282,ITC.NS
2023-07-12,416.4449768066406,421.2504278984569,414.81375248625244,421.2504278984569,12816220,ITC.NS
2023-07-13,416.18048095703125,420.3687425486203,415.2987372622475,417.8557744157289,8214385,ITC.NS
2023-07-14,416.9740295410156,418.8256829113683,415.607331009695,417.06222347163595,5277090,ITC.NS
2023-07-17,416.48907470703125,419.53106669234575,414.9460442041412,418.38482504271707,6325310,ITC.NS
2023-07-18,416.621337890625,418.12029937388587,415.29873632386034,416.66543485596026,5558415,ITC.NS
2023-07-19,422.2203674316406,423.6311348922162,412.7416722558421,416.84173963987763,14401395,ITC.NS
2023-07-20,433.9475402832031,435.3142389262866,419.9719868493442,423.1462420452844,21030102,ITC.NS
2023-07-21,432.44854736328125,438.84115426116944,429.4065553495226,433.6388859893509,14510084,ITC.NS
2023-07-24,415.6073303222656,440.60463680825757,412.7857672785159,435.09374572678,40477929,ITC.NS
2023-07-25,407.62762451171875,413.0943906903244,401.54361259835747,412.5653388861595,45211370,ITC.NS
2023-07-26,416.4009094238281,417.06222418037964,407.4071684589522,409.92013658900305,18842179,ITC.NS
2023-07-27,410.0523986816406,418.9579456970976,406.56952087917085,418.29665888677584,14528232,ITC.NS
2023-07-28,413.0503234863281,413.9320672418531,408.5975636299245,412.3890366283196,10362522,ITC.NS
2023-07-31,410.6255187988281,414.15246561566977,408.68569944680746,413.5352478268591,8510403,ITC.NS
2023-08-01,409.8319396972656,413.4029552788153,408.9501960699717,410.89001528311263,6686176,ITC.NS
2023-08-02,405.6877746582031,409.831967190005,403.8361213001244,409.65560727477833,10715605,ITC.NS
2023-08-03,402.11676025390625,408.9061279792718,400.57370181098145,405.6877760875922,11026824,ITC.NS
2023-08-04,401.1468200683594,406.83404307646845,400.52960228410603,402.33718661681957,7097614,ITC.NS
2023-08-07,401.1027526855469,402.55761719475873,397.6198749005769,400.39736891347656,9513953,ITC.NS
2023-08-08,398.8543395996094,402.95443547075286,397.7080699276576,402.95443547075286,6638681,ITC.NS
2023-08-09,404.4092712402344,405.5114438652784,394.0488317979139,398.8543111498685,10134166,ITC.NS
2023-08-10,398.32525634765625,404.98238901293035,395.9004821797897,404.6296971289538,13702317,ITC.NS
2023-08-11,395.6800537109375,400.2210071328504,392.15310692217804,400.2210071328504,12028396,ITC.NS
2023-08-14,396.07684326171875,397.8843996517433,392.41763351672574,395.68005441175876,7854074,ITC.NS
2023-08-16,397.0026550292969,403.3070958142908,395.19509864354063,397.6639697776685,15494896,ITC.NS
2023-08-17,388.84661865234375,396.78225651702405,387.96487490185774,396.78225651702405,16896158,ITC.NS
2023-08-18,389.41973876953125,390.9187003480033,386.64227250842157,388.8466179079935,20068497,ITC.NS
2023-08-21,394.8424377441406,395.459655576108,389.1552142963807,389.7283631048948,9940689,ITC.NS
2023-08-22,400.52960205078125,401.32317974929236,394.1370232220497,395.9004826440001,10234488,ITC.NS
2023-08-23,397.17901611328125,401.76403856600933,395.54779169239134,401.7199695458845,8770272,ITC.NS
2023-08-24,397.5758361816406,399.8683475880156,396.16504058513124,397.3113102607422,6322751,ITC.NS
2023-08-25,390.9186706542969,397.66396930020994,389.7724010734439,397.57580331548115,9628041,ITC.NS
2023-08-28,389.1992492675781,394.00472819777974,388.8465574118994,392.37350391352874,7176903,ITC.NS
2023-08-29,388.0530090332031,391.4917898163721,387.25945928431116,390.5659771185241,9845106,ITC.NS
2023-08-30,390.4337463378906,391.4918220718709,388.40573291670324,388.8466187644968,7648569,ITC.NS
2023-08-31,387.7003479003906,392.2853986232156,384.5260927633759,390.610077118513,20666732,ITC.NS
2023-09-01,388.8906555175781,392.37353326329537,386.46588136288614,387.9648428202756,11879159,ITC.NS
2023-09-04,385.7605285644531,390.9187001502233,385.0110477755963,390.9187001502233,14128562,ITC.NS
2023-09-05,390.6982421875,391.9326777545587,386.64224360214206,386.99493548632387,8701612,ITC.NS
2023-09-06,394.5337829589844,395.4596236045077,389.7283315966505,391.4477219934921,13358433,ITC.NS
2023-09-07,393.1671142578125,395.9004833529414,392.02084467285863,395.72415138285294,8401953,ITC.NS
2023-09-08,390.3014831542969,394.93060291197133,389.59609933204774,394.93060291197133,10322317,ITC.NS
2023-09-11,394.3133850097656,395.1069627682871,390.3014830834986,393.25530927658383,9679540,ITC.NS
2023-09-12,397.7962341308594,400.5737001941304,392.90258881017746,395.81231782358947,14961276,ITC.NS
2023-09-13,399.8683166503906,402.9544055806916,397.75213739177775,398.722047063466,12268130,ITC.NS
2023-09-14,396.7381286621094,401.98449378836676,394.2692854757375,401.98449378836676,14986708,ITC.NS
2023-09-15,395.327392578125,398.63391068945157,394.13705388260456,395.0628666580434,15657801,ITC.NS
2023-09-18,398.58978271484375,400.309173116776,393.431611509047,395.3273618255969,8513132,ITC.NS
2023-09-20,399.38336181640625,401.27908419477126,396.3854388712871,398.2811891944968,10343224,ITC.NS
2023-09-21,394.5778503417969,399.9123531016393,391.93264744259017,399.2510663492589,11132308,ITC.NS
2023-09-22,390.6982421875,395.3714585563873,389.94876145429686,394.5778808583447,7795399,ITC.NS
2023-09-25,390.2573547363281,392.19717406361207,386.50997903087915,390.6982405483392,6005673,ITC.NS
2023-09-26,390.1250915527344,391.93267587465755,387.7003173950868,391.13909818042134,5533023,ITC.NS
2023-09-27,396.03277587890625,396.60589674176185,386.90679931722025,390.12512348770593,10894817,ITC.NS
2023-09-28,388.6261901855469,396.7381600435319,387.6121834739812,396.7381600435319,10610213,ITC.NS
2023-09-29,391.844482421875,392.9025860154766,387.25945999908333,389.728331124361,8474326,ITC.NS
2023-10-03,387.74444580078125,390.5219120661356,387.30355995328506,388.8466185022516,7770032,ITC.NS
2023-10-04,384.5260925292969,389.46383515935685,382.05722121426686,387.74444463245004,13912656,ITC.NS
2023-10-05,384.4819641113281,388.4056997135795,383.60024838080864,387.9648418483198,10416552,ITC.NS
2023-10-06,389.8605651855469,391.13909770977415,385.01101687608707,386.06909252228434,8742804,ITC.NS
2023-10-09,388.36163330078125,390.7864074656745,385.54007028758423,388.8024911690002,5827256,ITC.NS
2023-10-10,391.844482421875,392.2412712694756,388.36163261252193,388.36163261252193,5207891,ITC.NS
2023-10-11,395.23919677734375,396.29727243302307,392.19717687068186,394.3133561268852,7946195,ITC.NS
2023-10-12,397.3994445800781,398.986572034128,393.3875429524582,396.4736318755676,12227957,ITC.NS
2023-10-13,395.327392578125,398.3693847693699,394.13705388260456,396.64999423368624,7926432,ITC.NS
2023-10-16,395.8564147949219,397.66397118708454,393.431612672195,395.0187401290674,4377288,ITC.NS
2023-10-17,399.8242492675781,400.75008998759193,395.90051332549547,396.60589714894144,7203352,ITC.NS
2023-10-18,398.23712158203125,404.0125110176941,397.6640007187461,400.52963298001873,7160492,ITC.NS
2023-10-19,397.1349792480469,401.1028124607355,394.0048208274784,396.5618583409348,9830006,ITC.NS
2023-10-20,386.46588134765625,395.90048001314057,385.6282346346906,392.37353324783265,13521824,ITC.NS
2023-10-23,384.3497009277344,387.9207446466252,381.8808577610075,386.20135426141275,7555671,ITC.NS
2023-10-25,381.52813720703125,386.2013535243227,376.5463259738046,385.2314438673201,11308597,ITC.NS
2023-10-26,382.9830627441406,384.9669512491503,378.75070392513396,378.75070392513396,19525305,ITC.NS
2023-10-27,382.4539489746094,385.14324881053847,381.0872505761329,382.9830007275273,13638258,ITC.NS
2023-10-30,379.54425048828125,385.45187443929177,377.692597150259,383.1593632352452,7911426,ITC.NS
2023-10-31,377.73663330078125,382.1012543409143,377.2957754731187,379.1474286500172,8952141,ITC.NS
2023-11-01,377.4721984863281,380.11740178427897,375.17965915360094,379.1474920453739,8297973,ITC.NS
2023-11-02,380.1614990234375,381.52816969661706,377.957153625291,379.19158928384076,8465990,ITC.NS
2023-11-03,382.0130920410156,383.0270986623854,380.11736969133574,381.61633114121383,14334179,ITC.NS
2023-11-06,383.8647766113281,385.14330923317976,381.3959332483555,382.233580025327,7589690,ITC.NS
2023-11-07,381.52813720703125,383.4679844658809,381.04318237852993,383.4679844658809,5321353,ITC.NS
2023-11-08,385.2755126953125,385.7604674883979,381.1754174898099,381.9248981600042,7248663,ITC.NS
2023-11-09,383.0271301269531,386.2013852551894,382.5862722265829,386.02505327297996,8085620,ITC.NS
2023-11-10,384.9228515625,386.20135614411055,381.35180782620057,383.0271012551432,4236307,ITC.NS
2023-11-13,384.4378967285156,386.5540480245854,383.5561530493976,386.5540480245854,3888975,ITC.NS
2023-11-15,389.6842346191406,390.16918945183164,385.7604989928791,386.2895507903037,7722827,ITC.NS
2023-11-16,386.7745361328125,391.9327077300588,385.8486954142867,389.68426535848573,11276031,ITC.NS
2023-11-17,387.3035583496094,389.28747479301074,386.46591157113573,387.3035583496094,6911592,ITC.NS
2023-11-20,385.14324951171875,388.2293381679547,383.115264363245,387.8325493525439,4502356,ITC.NS
2023-11-21,384.6583557128906,387.34765598014883,383.99704091567685,385.45190552470046,6228803,ITC.NS
2023-11-22,387.7003479003906,388.31756572952384,383.379823096458,385.31967052005297,5074887,ITC.NS
2023-11-23,388.2734069824219,389.94872822056055,386.4217817344849,388.80245873602803,6611803,ITC.NS
2023-11-24,386.0250549316406,389.948790863243,385.18740815043003,388.846618162735,7084608,ITC.NS
2023-11-28,383.776611328125,387.08312941901437,383.46801638650174,386.20138567247454,9082513,ITC.NS
2023-11-29,385.4959716796875,386.64224125495326,382.8066716273879,384.43789603356527,14316126,ITC.NS
2023-11-30,384.2615051269531,386.59811310874943,383.1152635889836,385.055082756171,15710110,ITC.NS
2023-12-01,396.6058654785156,397.61987210927634,385.67233325364487,386.11319112188283,20081576,ITC.NS
2023-12-04,400.353271484375,402.4253537779579,397.66397140473475,401.1909182058432,13293194,ITC.NS
2023-12-05,398.32525634765625,403.65978746180724,396.87039184693634,401.1909163291269,12603697,ITC.NS
2023-12-06,408.46527099609375,409.56744362422006,398.6338833286502,400.2210107953583,21203900,ITC.NS
2023-12-07,403.92431640625,409.831968383296,403.3070986184266,409.78787141814973,11746535,ITC.NS
2023-12-08,396.03277587890625,407.01043387871886,395.45965501605065,405.55554132019086,19386851,ITC.NS
2023-12-11,398.9425048828125,399.95651159293635,396.1650386168719,398.1048581006937,6854157,ITC.NS
2023-12-12,399.515625,405.5996089341438,398.8543102485301,400.4855346722593,10549319,ITC.NS
2023-12-13,401.7640380859375,404.58560110918506,399.5156238272296,402.33718685047717,11718443,ITC.NS
2023-12-14,405.6877746582031,406.4813523594561,396.2972728624452,405.5996086730122,14924265,ITC.NS
2023-12-15,404.012451171875,408.20071241239935,401.1908883519805,407.27487182978564,16397959,ITC.NS
2023-12-18,398.23712158203125,402.0726915313319,397.0908519106141,401.1909477798453,12490839,ITC.NS
2023-12-19,402.1607971191406,403.8360904339459,398.58975362613546,399.73602312538486,10664235,ITC.NS
2023-12-20,397.6639709472656,404.9382934765252,396.16500947644437,404.7178645413679,10766954,ITC.NS
2023-12-21,398.060791015625,400.0887765009009,391.888612678095,395.900514625066,11584223,ITC.NS
2023-12-22,401.3672790527344,401.9844968402244,397.2671834762267,399.4274317600194,11450973,ITC.NS
2023-12-26,402.4694519042969,404.62970018930855,400.92639346227867,402.1167600176528,6097422,ITC.NS
2023-12-27,403.0425720214844,404.27700759500016,400.08874603806044,402.9544060361889,7833901,ITC.NS
2023-12-28,409.21478271484375,409.74380661389785,402.16086059393456,403.1307703445219,21493169,ITC.NS
2023-12-29,407.4512634277344,412.56533770385613,406.78994867442344,409.214750806667,13384631,ITC.NS
2024-01-01,412.6976013183594,414.3729227144936,407.93621892139623,408.6856996614059,9706230,ITC.NS
2024-01-02,414.7256164550781,415.6073322050578,408.7738674736452,414.4169935867092,10924918,ITC.NS
2024-01-03,420.80963134765625,423.85162356508897,413.84390315321025,414.6374529754397,24961710,ITC.NS
2024-01-04,420.06011962890625,424.5129071228705,418.1203002675262,423.23437457386365,12240910,ITC.NS
2024-01-05,417.8998718261719,422.7053512147422,416.1804814002084,422.7053512147422,9564086,ITC.NS
2024-01-08,410.44921875,419.2666004502911,409.61154401480087,418.82571459836834,8311403,ITC.NS
2024-01-09,409.61151123046875,414.37292155899934,408.8179614722768,412.2126453306293,5916180,ITC.NS
2024-01-10,408.50933837890625,411.55135829400996,405.64370632417234,409.61151100261424,6123200,ITC.NS
2024-01-11,407.93621826171875,411.3749990892165,406.5695197347844,409.21475080316065,6786448,ITC.NS
2024-01-12,411.50726318359375,412.3890068755031,405.9082340544786,408.46527119962445,9714589,ITC.NS
2024-01-15,412.3008728027344,414.85793826395974,410.9782710452775,414.41705238157476,7167978,ITC.NS
2024-01-16,416.4449768066406,418.82565387142245,409.3469866848617,412.4771444388802,12531058,ITC.NS
2024-01-17,411.41912841796875,420.5892020310293,410.1846927445907,415.65145933751705,11536527,ITC.NS
2024-01-18,410.44921875,412.5213012139807,400.7941623145097,410.2287618516151,9495938,ITC.NS
2024-01-19,415.7395935058594,417.06222301526753,411.2427370084064,413.1384873419948,12673308,ITC.NS
2024-01-23,404.9823913574219,417.72350799852904,402.42535422515556,417.72350799852904,8728196,ITC.NS
2024-01-24,408.7738952636719,412.12451035385544,403.9243465297125,405.6878060944037,22459072,ITC.NS
2024-01-25,401.7640380859375,409.9642012558687,398.6338801428064,408.7297936314898,20435547,ITC.NS
2024-01-29,396.6058654785156,403.17483215123497,394.5778801618387,401.98449355111694,18557346,ITC.NS
2024-01-30,386.2454528808594,400.0446450412793,385.6723320649476,394.13702107881414,45190319,ITC.NS
2024-01-31,389.33154296875,390.16918968527705,386.8185748743243,387.96484445448186,20648695,ITC.NS
2024-02-01,390.5218811035156,394.7983086105753,387.3476262105403,389.72833135269406,19903526,ITC.NS
2024-02-02,388.0530090332031,394.3133528193609,387.5239851822233,392.3735334944645,17816750,ITC.NS
2024-02-05,386.2454528808594,391.18319512515933,384.92285133537746,389.7283306306448,12505666,ITC.NS
2024-02-06,380.38189697265625,388.7583920360094,378.70657560411007,387.96484228867234,19487043,ITC.NS
2024-02-07,380.73455810546875,383.55612087505483,379.85281450031516,383.55612087505483,13376903,ITC.NS
2024-02-08,371.1029357910156,384.12800816758073,365.7765333782061,384.03849666697397,50039587,ITC.NS
2024-02-09,371.953369140625,379.74157904258544,365.77653649119355,367.11932249698526,33527317,ITC.NS
2024-02-12,364.2099304199219,374.1913565530827,363.4937816638938,373.7885122385735,11326971,ITC.NS
2024-02-13,364.12042236328125,367.74596448553467,361.0320059987887,364.25470380272145,16207766,ITC.NS
2024-02-14,368.4173583984375,369.04399563612463,362.01670458696765,363.4490304322448,12618012,ITC.NS
2024-02-15,361.5691223144531,371.1029340378432,360.89771513478536,369.7153781140734,21169031,ITC.NS
2024-02-16,362.1957702636719,366.6269726665046,357.54074654679084,362.55384464630635,38963810,ITC.NS
2024-02-19,366.3583984375,369.4915846526361,362.1957590434242,362.5538334149661,17602580,ITC.NS
2024-02-20,363.5385437011719,367.4326485808488,361.9271948494633,367.4326485808488,14626643,ITC.NS
2024-02-21,361.0767517089844,367.1193025930997,359.24158161687234,364.34419085928846,20162369,ITC.NS
2024-02-22,371.013427734375,371.64006498707033,361.166283065441,364.2546993925409,19321180,ITC.NS
2024-02-23,368.2831115722656,372.3114698748243,367.4774228889632,372.3114698748243,11576964,ITC.NS
2024-02-26,366.31365966796875,369.7601503452562,364.6127709260232,368.0145200385987,8289561,ITC.NS
2024-02-27,368.05926513671875,369.49159101888046,365.73176749593637,367.0298119400418,8083518,ITC.NS
2024-02-28,365.5079650878906,369.1335070788597,364.1651791134282,368.05925560223767,8949664,ITC.NS
2024-02-29,363.71759033203125,367.9697698582137,362.1062413756304,366.13462795229105,15468800,ITC.NS
2024-03-01,366.5821838378906,369.8496514216038,364.7918120169836,366.04508647727596,12873024,ITC.NS
2024-03-04,366.2240905761719,369.67060934978923,365.6422233108164,369.0439721519782,7103794,ITC.NS
2024-03-05,363.58331298828125,368.2831068378252,361.61388961617246,366.7164994308714,10108373,ITC.NS
2024-03-06,365.1051330566406,366.98504483260456,358.7045074023188,363.89662847613386,11534613,ITC.NS
2024-03-07,370.2077331542969,371.46100763953405,361.34530025763866,365.10512371335005,23907135,ITC.NS
2024-03-11,366.4927062988281,374.4599396612226,365.2394317224076,373.11715357829127,18298683,ITC.NS
2024-03-12,362.06146240234375,363.89660411866976,357.4959505214604,363.89660411866976,36226074,ITC.NS
2024-03-13,378.17498779296875,392.0952609994141,377.0112531117893,389.4096888737355,105525827,ITC.NS
2024-03-14,375.6684265136719,380.9053175233625,374.1913590552437,377.72738966516533,31949569,ITC.NS
2024-03-15,375.1760559082031,383.6356443794862,371.7295653076996,373.47519557546644,76074975,ITC.NS
2024-03-18,373.6990051269531,376.60839849305466,373.2066493049854,375.08656109013026,16547358,ITC.NS
2024-03-19,366.6269836425781,375.57892859039265,365.86606491745584,374.1913725840706,21803126,ITC.NS
2024-03-20,372.1324157714844,372.9828459519357,366.62696200946334,367.02980631746095,20364534,ITC.NS
2024-03-21,377.1007385253906,377.77211732469914,372.57999644292715,375.086545384835,19968509,ITC.NS
2024-03-22,383.680419921875,384.62036160072563,377.10074305597453,377.10074305597453,40358503,ITC.NS
2024-03-26,382.8299865722656,384.2175424825222,380.9500748588195,380.9500748588195,10669833,ITC.NS
2024-03-27,383.143310546875,383.9489991957222,381.75575456584926,382.24811039415033,12698464,ITC.NS
2024-03-28,383.4566345214844,387.84306693740666,382.24810157609323,383.1433017081666,29009002,ITC.NS
2024-04-01,381.9795837402344,386.1422233976248,381.12912513629533,384.12803010538937,9743648,ITC.NS
2024-04-02,381.2186584472656,383.76994910118805,380.0996653454435,383.76994910118805,9194659,ITC.NS
2024-04-03,380.6367492675781,383.8594753883552,376.87695414075034,381.3529263895928,13152268,ITC.NS
2024-04-04,378.44354248046875,382.561440456257,375.89225185348187,380.9500915414978,19065447,ITC.NS
2024-04-05,382.740478515625,386.4555320406198,375.9369803377719,378.21973637562843,16768902,ITC.NS
2024-04-08,384.1280212402344,386.18698442346965,382.9195166413107,383.4118724683771,8844633,ITC.NS
2024-04-09,381.666259765625,386.2765138011743,380.9501109606296,385.3365720410326,6967273,ITC.NS
2024-04-10,391.1552734375,391.91619207059733,381.12907815086623,383.41183405015806,14547618,ITC.NS
2024-04-12,385.0232238769531,390.08109199273235,383.411874944211,389.4096847827078,18785009,ITC.NS
2024-04-15,381.26336669921875,384.17275985826257,378.5777948380354,383.14327835057276,9083087,ITC.NS
2024-04-16,381.26336669921875,382.2480782730736,378.84635769841657,378.89109926093727,10357752,ITC.NS
2024-04-18,374.9522705078125,382.1585846561629,373.87804738734405,381.35292440864043,22133191,ITC.NS
2024-04-19,380.2339172363281,381.5767031798926,372.40096613233504,374.19133793331616,17221280,ITC.NS
2024-04-22,380.72625732421875,382.78519190325096,378.9806271581925,382.2480661994542,7386048,ITC.NS
2024-04-23,384.2175598144531,385.3812944719523,380.5472477213064,380.7262990993228,12484384,ITC.NS
2024-04-24,383.948974609375,385.64983493071486,383.41184887787193,384.26227903854186,6070285,ITC.NS
2024-04-25,391.6924133300781,392.3637921214862,384.03848516029745,385.82888534668166,30337038,ITC.NS
2024-04-26,393.8856506347656,396.83978556705586,390.662952822937,393.2142434359195,15342965,ITC.NS
2024-04-29,392.2742919921875,396.07885703437194,389.05159426034965,395.67604109637887,12075706,ITC.NS
2024-04-30,389.9915466308594,394.3332375377621,389.49919080754,393.84088171444273,12528665,ITC.NS
2024-05-02,392.9904479980469,396.2131457894124,389.27539438775926,390.3048759623476,24123523,ITC.NS
2024-05-03,390.7076721191406,393.93039811859694,386.14218854115893,393.93039811859694,23786388,ITC.NS
2024-05-06,389.1858825683594,394.2884921290817,387.93260805370363,392.0952475427761,10753860,ITC.NS
2024-05-07,394.19891357421875,399.2567810732374,389.5886602844062,391.1104975273433,26969062,ITC.NS
2024-05-08,394.7808532714844,398.09306260698986,392.27430420837044,395.00464621540885,10916481,ITC.NS
2024-05-09,380.5472412109375,395.22843258972705,378.9806622581897,393.930416513751,24314298,ITC.NS
2024-05-10,387.9325866699219,390.6181585553969,381.800495873466,381.800495873466,14524604,ITC.NS
2024-05-13,386.5898132324219,389.8125109477641,384.48608019612794,387.8430593472191,7584217,ITC.NS
2024-05-14,384.6651306152344,387.88782832259807,383.6356490674802,385.38127935657843,11423749,ITC.NS
2024-05-15,382.9642639160156,387.84305196048183,382.02429388367585,385.6050659023784,7856433,ITC.NS
2024-05-16,386.231689453125,387.2611709473564,378.57778988889186,384.93367347333725,23911954,ITC.NS
2024-05-17,390.57342529296875,391.64764839572535,383.9489785643487,387.08216474486596,11894830,ITC.NS
2024-05-21,389.2305908203125,391.28955379158856,387.79829342404537,390.3048422388265,11175153,ITC.NS
2024-05-22,393.796142578125,395.63128444260855,389.7677560924288,391.51338645338825,11036895,ITC.NS
2024-05-23,395.0941162109375,398.2720721432719,390.7971956765367,395.13888614354556,27244733,ITC.NS
2024-05-24,390.48388671875,396.0788519270615,389.67822648183704,394.78083588666976,13252938,ITC.NS
2024-05-27,386.2764892578125,392.90093621140824,385.56034049832,392.81142470930064,12282545,ITC.NS
2024-05-28,384.03851318359375,387.17169955273744,383.3671059718784,386.81362516359485,9668761,ITC.NS
2024-05-29,385.7841491699219,387.0821936743324,380.90533235072377,380.90533235072377,10832067,ITC.NS
2024-05-30,379.4282531738281,385.78413731361627,378.0854671434653,383.59092107640083,21314885,ITC.NS
2024-05-31,381.7557373046875,384.53084914126174,379.7863140805311,382.02430017549347,29300711,ITC.NS
2024-06-03,385.24700927734375,389.3201656528504,383.725200249957,388.514477016602,16116836,ITC.NS
2024-06-04,378.5358581542969,388.655699869346,367.2764265123082,388.3821867291733,47791986,ITC.NS
2024-06-05,392.302490234375,397.4991534256846,381.13421955458244,384.7353989949108,28197030,ITC.NS
2024-06-06,396.9521179199219,399.04900387392235,393.0318302625804,397.4991442097778,32318523,ITC.NS
2024-06-07,400.3710021972656,402.6502400373076,393.03185750810144,393.3053706719897,29543660,ITC.NS
2024-06-10,398.3196716308594,402.05763661284067,397.36240447731143,401.14593572253284,11872688,ITC.NS
2024-06-11,394.7640686035156,399.1402214325666,394.0803145887873,398.4108722591482,13158571,ITC.NS
2024-06-12,394.1258544921875,396.04041761505835,392.2112913693166,392.5303996702627,10751658,ITC.NS
2024-06-13,392.302490234375,398.31966398522343,391.801059088471,398.31966398522343,9641349,ITC.NS
2024-06-14,393.07745361328125,393.7612076303779,391.16289035572373,392.94069703100786,9572809,ITC.NS
2024-06-18,390.8893737792969,395.8581191738071,390.38794261342787,394.7640665251691,14641141,ITC.NS
2024-06-19,386.2397155761719,392.7127252199132,385.6926892817779,392.0289712461894,11329972,ITC.NS
2024-06-20,385.9206237792969,388.8380493170652,384.2795737201941,386.6044066765355,15147549,ITC.NS
2024-06-21,382.54736328125,387.74402663160475,381.5900672225091,387.47051347196447,26176371,ITC.NS
2024-06-24,385.9206237792969,386.5132163607238,382.9120368199867,382.9120368199867,9723008,ITC.NS
2024-06-25,385.9206237792969,386.5588115186297,382.68411881899715,385.64711062040146,10655609,ITC.NS
2024-06-26,386.5132141113281,388.74688563312844,384.7810026407644,385.6471083760463,11511714,ITC.NS
2024-06-27,388.0175476074219,389.5218411214756,383.9149079187151,386.51322519909763,38438054,ITC.NS
2024-06-28,387.37933349609375,390.20556859037987,386.1029580750864,387.92633089490505,18554411,ITC.NS
2024-07-01,391.16290283203125,392.25692663084254,387.15142444784703,388.65574690083577,13391362,ITC.NS
2024-07-02,387.9263610839844,392.6215934135948,385.2368534593977,392.0290008128207,11177863,ITC.NS
2024-07-03,390.4790954589844,391.70987576739714,387.9263445272619,388.4733708395652,7435499,ITC.NS
2024-07-04,391.16290283203125,393.3965455899561,389.339500939741,392.0290086178741,9478861,ITC.NS
2024-07-05,395.356689453125,395.67576888063064,389.84091771413347,391.1172932126966,13427543,ITC.NS
2024-07-08,404.42803955078125,405.29414529158566,395.3566835098957,396.72422041086423,21311436,ITC.NS
2024-07-09,412.6332702636719,414.8213465379182,404.79269491641344,408.07479488064865,27489709,ITC.NS
2024-07-10,411.5848693847656,415.1404827339749,407.0719599600082,413.6361603295421,12065662,ITC.NS
2024-07-11,418.1490478515625,418.9239921454672,409.0776632126487,410.26287723172686,19556596,ITC.NS
2024-07-12,418.5137634277344,422.34289011600674,415.59633769775616,418.1490888232711,19693114,ITC.NS
2024-07-15,422.4796447753906,425.2603139042144,416.82711619633983,418.5137615167691,16876907,ITC.NS
2024-07-16,424.43975830078125,425.5338109620082,420.6562269340028,422.5251950379047,13497253,ITC.NS
2024-07-18,428.7247009277344,429.31732238979913,421.7958262702707,422.1149345797316,21907158,ITC.NS
2024-07-19,432.64501953125,437.06676765638366,427.94978712828953,429.4085144147223,25939326,ITC.NS
2024-07-22,425.3514404296875,437.11230375842484,424.71325270358847,432.6905848326919,18762384,ITC.NS
2024-07-23,448.7364196777344,453.4772470105013,425.21469253973703,425.3514491191427,56125835,ITC.NS
2024-07-24,450.4230651855469,465.55721919731405,447.3233168036432,452.2008718247006,43693692,ITC.NS
2024-07-25,446.68511962890625,452.20086227300567,441.8531309735649,446.7306858915952,18567567,ITC.NS
2024-07-26,457.8533935546875,461.6824910433161,444.36028979426646,450.42305878672033,21534703,ITC.NS
2024-07-29,452.2464294433594,461.5001364515738,450.423027797638,460.86194876499803,12978187,ITC.NS
2024-07-30,446.6395568847656,453.84194523349976,445.4999379265304,452.4744082624718,13891052,ITC.NS
2024-07-31,451.6083068847656,453.97870625063285,447.1865875952009,448.9643943431692,11982586,ITC.NS
2024-08-01,450.10400390625,452.88467297760064,447.59681911064166,452.155294892808,12114803,ITC.NS
2024-08-02,445.9101867675781,455.3462174298525,441.9898988909283,441.9898988909283,22141163,ITC.NS
2024-08-05,443.08392333984375,448.4629384481495,437.20347706841375,437.6593419676077,25022076,ITC.NS
2024-08-06,443.3574523925781,448.28060277815945,441.3061325083515,443.31185723274336,14251363,ITC.NS
2024-08-07,449.14666748046875,451.83617488506997,444.99846182580694,446.730673221321,11320399,ITC.NS
2024-08-08,451.0612487792969,454.02426944874264,449.00992900000904,450.3774947823807,21349889,ITC.NS
2024-08-09,452.1097106933594,454.02427391323624,449.55695973352357,454.02427391323624,9556181,ITC.NS
2024-08-12,450.9244689941406,455.8476188744987,448.5540699171389,448.5540699171389,9425644,ITC.NS
2024-08-13,446.7306823730469,453.8875038800431,445.13522751757506,452.15526355477385,8056478,ITC.NS
2024-08-14,448.7364196777344,454.93597422607183,446.6395336172972,448.5085016768149,9609981,ITC.NS
2024-08-16,458.26361083984375,459.67674280573084,449.1466602411071,450.8333053480392,13643352,ITC.NS
2024-08-19,457.1696472167969,464.3264405075642,455.4830018883327,460.17823437491796,10591508,ITC.NS
2024-08-20,454.7536315917969,458.9474326908904,453.7507692522604,456.7593562708698,6888634,ITC.NS
2024-08-21,460.77081298828125,464.0529130177818,454.9815283328472,455.8476340497613,8801221,ITC.NS
2024-08-22,459.99591064453125,463.5970904163863,457.1696463469196,463.0044977969278,8686423,ITC.NS
2024-08-23,461.135498046875,462.18392662579055,455.80207815406663,460.45171515256504,8195369,ITC.NS
2024-08-26,461.0443115234375,463.1412264870548,457.67104997039354,461.31782468341106,8126402,ITC.NS
2024-08-27,456.3946838378906,462.7765613871338,455.84765750673535,462.73096622811397,8260450,ITC.NS
2024-08-28,453.3861083984375,457.94458422323976,452.65675920109425,456.2123437617104,8081932,ITC.NS
2024-08-29,460.497314453125,462.86771368427515,453.4316541292554,454.02427560774544,19389694,ITC.NS
2024-08-30,457.57989501953125,464.1896905333773,456.0300063539427,457.6254612839912,15523349,ITC.NS
2024-09-02,465.01019287109375,467.6085389871661,458.8562623710469,459.49445011058486,16497266,ITC.NS
2024-09-03,464.4176025390625,470.3892102248928,463.0500656317912,465.0101951235504,12481552,ITC.NS
2024-09-04,461.6369323730469,465.0101939214988,455.8020812824538,455.8476475462073,8739052,ITC.NS
2024-09-05,466.05865478515625,466.6968425307686,462.27512346983656,463.4603086443522,11318636,ITC.NS
2024-09-06,457.39752197265625,466.78798605768634,453.2493162323431,466.78798605768634,14245025,ITC.NS
2024-09-09,466.5600891113281,467.38059970737794,456.16676226622855,457.67105577087847,14265060,ITC.NS
2024-09-10,468.2467346191406,469.52308122545986,463.8249866314957,466.6968459549575,11332248,ITC.NS
2024-09-11,468.93048095703125,473.6257131371341,466.7424045783741,467.69970063527967,15497555,ITC.NS
2024-09-12,473.6257019042969,474.5374027816373,463.6426451989518,469.61425271712204,19085324,ITC.NS
2024-09-13,468.4746398925781,474.0815440167886,466.7879946924352,473.6257080193676,9165077,ITC.NS
2024-09-16,465.9674987792969,471.3464850740398,464.69112327323506,470.34362273274417,7821668,ITC.NS
2024-09-17,462.9132995605469,468.20112423719047,461.5457337870447,465.9218864737128,10889862,ITC.NS
2024-09-18,462.5486145019531,467.15268536936793,460.4973235485926,463.0044794093549,5638729,ITC.NS
2024-09-19,463.369140625,469.34074825372676,462.685357730768,464.96459551918156,14461616,ITC.NS
2024-09-20,468.97607421875,471.6655817468218,463.14122316210313,466.78799784894,24725118,ITC.NS
2024-09-23,471.3008728027344,473.58011056733517,468.24671962512645,469.9333359228278,8105508,ITC.NS
2024-09-24,469.75103759765625,472.0758417465427,468.7481752404364,471.3464925584321,7015487,ITC.NS
2024-09-25,471.847900390625,473.44338416672934,467.061506850851,469.978932353214,8802667,ITC.NS
2024-09-26,476.5887451171875,477.50044603773256,471.3464864947561,471.93907909068867,16086557,ITC.NS
2024-09-27,476.54315185546875,481.83097676370437,474.30950915137026,474.30950915137026,17916386,ITC.NS
2024-09-30,472.39495849609375,478.047458146118,468.65699327542035,474.62860125985065,10936940,ITC.NS
2024-10-01,470.6171569824219,473.85366215719455,468.61143220996877,472.39496373878205,5285319,ITC.NS
2024-10-03,467.4717712402344,470.161249819359,463.2323751658065,463.6426448944806,16481353,ITC.NS
2024-10-04,459.0841979980469,471.6656015344404,457.260796130997,464.9646155648812,18930962,ITC.NS
2024-10-07,465.14697265625,469.47753046957075,462.00162895956305,462.2295469719965,17114457,ITC.NS
2024-10-08,463.09564208984375,467.28944322025905,461.317835402975,464.964610200732,9868331,ITC.NS
2024-10-09,448.28057861328125,464.7822693286866,447.2321211477684,464.7822693286866,24874940,ITC.NS
2024-10-10,448.5997009277344,451.88180111030306,446.22927276700216,451.60828794604396,13292273,ITC.NS
2024-10-11,445.0896301269531,450.33188844450945,444.3602809906422,449.4657827333566,14949380,ITC.NS
2024-10-14,453.0669860839844,454.9359830741221,445.4999233829581,447.64240464295625,6970606,ITC.NS
2024-10-15,454.5257263183594,455.3006706741215,450.8333562856044,454.0242951345452,8347216,ITC.NS
2024-10-16,449.64813232421875,454.79922952979206,448.87318798542856,452.2008833474638,6939430,ITC.NS
2024-10-17,445.72784423828125,451.2891822969338,444.9073336349127,451.2891822969338,7669729,ITC.NS
2024-10-18,443.72210693359375,448.1438259382292,436.1550443992969,445.5910749882809,22616838,ITC.NS
2024-10-21,440.9414367675781,444.54264518224113,435.1977471460307,443.72210571019014,7680088,ITC.NS
2024-10-22,439.2547912597656,445.27199403454927,438.34309036731116,440.94143646609285,12772970,ITC.NS
2024-10-23,437.9328308105469,440.62230932108713,437.1578865297917,438.52542336289616,10553961,ITC.NS
2024-10-24,430.04669189453125,439.80183106506763,428.4968032192426,439.43715647575334,13596626,ITC.NS
2024-10-25,439.7106628417969,449.92163786751,432.3259230631333,433.78462139783363,32154050,ITC.NS
2024-10-28,441.39727783203125,442.9927616367931,433.96697181201,439.3915531808061,8946214,ITC.NS
2024-10-29,444.8617248535156,446.00134374693727,438.7989558078247,442.1722173304157,7131161,ITC.NS
2024-10-30,448.1438293457031,449.6937179905663,443.5397585692342,444.861729212034,6640080,ITC.NS
2024-10-31,445.6366882324219,449.46581481275115,441.89872307707066,448.55411388015784,8111694,ITC.NS
2024-11-01,447.0042419433594,448.6452921258455,446.09254097658436,447.6424297306747,1517892,ITC.NS
2024-11-04,441.8075256347656,449.87601899719573,437.2034550817817,449.87601899719573,8754385,ITC.NS
2024-11-05,437.7961120605469,442.21783124301106,434.8330912542778,440.30326795355165,7610046,ITC.NS
2024-11-06,438.6166076660156,441.6252235289505,435.79037243527137,437.79609708104795,11749720,ITC.NS
2024-11-07,435.69915771484375,440.0753102371216,434.0581077425567,439.20920454261847,9267980,ITC.NS
2024-11-08,435.8359375,438.2519318787487,432.69059396011545,435.6991809205033,6325023,ITC.NS
2024-11-11,434.83306884765625,438.9812746472622,432.2347516635963,435.83593115318143,5700343,ITC.NS
2024-11-12,431.0951232910156,435.7447601410333,429.5452347095868,435.42568073005793,5236095,ITC.NS
2024-11-13,430.5025329589844,432.7817708396454,426.9013532883317,428.54240340663677,11548660,ITC.NS
2024-11-14,424.804443359375,431.1863210595827,421.4311816574202,429.59086608166643,12087836,ITC.NS
2024-11-18,425.3514404296875,426.4910593052737,421.2032346571783,424.85000928020037,8448573,ITC.NS
2024-11-19,426.0807800292969,431.9156308531127,425.0779177527912,426.67340147942747,7121472,ITC.NS
2024-11-21,416.7815246582031,423.0722117400087,415.1860408616483,420.2915427797919,20313155,ITC.NS
2024-11-22,432.7362060546875,434.422822444042,415.27721840214116,415.9154061666802,20214206,ITC.NS
2024-11-25,434.6963195800781,439.61946977024564,430.68487029052017,436.7020442248571,14427013,ITC.NS
2024-11-26,434.8786926269531,440.0297610711077,432.2347801116228,437.6137665685303,6791715,ITC.NS
2024-11-27,434.83306884765625,437.70492808099607,431.2318893580711,435.3345000004188,7339184,ITC.NS
2024-11-28,432.9640808105469,441.07816919438227,428.99819803466437,434.8786439128947,14967609,ITC.NS
2024-11-29,434.6507568359375,436.6108863385638,430.8671966230568,431.4142229467061,8668142,ITC.NS
2024-12-02,435.0610046386719,436.9755679077777,431.5965815849029,433.966980868156,5689595,ITC.NS
2024-12-03,430.8216552734375,431.59659964533245,421.8870263104019,424.8500472091607,23073942,ITC.NS
2024-12-04,425.8529052734375,435.97271937779976,425.2147174968439,432.50829621423856,13957078,ITC.NS
2024-12-05,426.21759033203125,431.0039843267776,421.65911435717334,426.26318549371786,27432375,ITC.NS
2024-12-06,429.5452575683594,433.009709482812,426.3999139761327,428.49680007286037,7842234,ITC.NS
2024-12-09,423.8927307128906,430.32020339572307,422.06935777337156,429.8643384901404,12154116,ITC.NS
2024-12-10,424.3486022949219,425.26030322616083,421.75025608560446,424.2574408700793,9163636,ITC.NS
2024-12-11,424.1662292480469,426.8557367471317,423.6647980951895,425.94403586168113,7005617,ITC.NS
2024-12-12,419.9268798828125,426.5822417304775,418.6049092085582,424.3941941854832,13380617,ITC.NS
2024-12-13,428.4967956542969,432.508273854474,411.76718663458706,419.3798443995844,32976794,ITC.NS
2024-12-16,428.5879821777344,432.50829918536283,426.67344772907313,428.72473876610616,9354160,ITC.NS
2024-12-17,428.0865173339844,433.7846117539849,422.1605049160377,428.4967870668491,20608409,ITC.NS
2024-12-18,428.9526672363281,431.9612542626298,425.67053815077026,430.9583919205292,12841386,ITC.NS
2024-12-19,425.3514404296875,432.4626668364285,424.2118215541013,427.58508302389953,15161531,ITC.NS
2024-12-20,423.6192321777344,426.17198310137036,418.74164832844355,425.3058484782107,20231570,ITC.NS
2024-12-23,432.3714904785156,435.5168338433801,426.3086928429072,429.590821673927,19562956,ITC.NS
2024-12-24,436.20062255859375,437.84167265770424,430.9127976719345,432.96411751939024,12009880,ITC.NS
2024-12-26,434.83306884765625,439.30038295953085,433.96696311963626,438.1151689192422,9188830,ITC.NS
2024-12-27,436.3373718261719,439.3459877026604,433.96697258814555,437.38582931183106,16906420,ITC.NS
2024-12-30,434.8786926269531,438.93573727333114,433.96699168167027,438.2975495010603,13578360,ITC.NS
2024-12-31,440.9414367675781,441.853137660656,432.6449962031207,436.20060946013535,13787501,ITC.NS
2025-01-01,441.2149353027344,443.85884757904995,439.5738853072878,443.08390329032954,18931186,ITC.NS
2025-01-02,445.8645935058594,446.7306992540878,439.7106629516162,442.49133193531964,27131131,ITC.NS
2025-01-03,439.0724792480469,447.6424042811121,437.47699542332975,446.9586213713376,38500784,ITC.NS
2025-01-06,419.1042785644531,437.1883051971578,417.7787540189407,431.36544562254625,22009958,ITC.NS
2025-01-07,417.6367492675781,423.79099735798104,416.7372706812733,421.80269604222786,14294780,ITC.NS
2025-01-08,425.6372985839844,428.00431732573554,413.84956258662663,419.435721038305,13482926,ITC.NS
2025-01-09,426.1580505371094,436.1468578467629,422.32346292445044,425.4952737464954,19732649,ITC.NS
2025-01-10,421.234619140625,427.95695766150703,418.96228709118776,426.01601399088287,9145729,ITC.NS
2025-01-13,415.69580078125,420.3825092324278,411.8612421533921,411.8612421533921,17799607,ITC.NS
2025-01-14,413.3761291503906,418.0154797721792,412.6660235788637,417.54207605782796,18048459,ITC.NS
2025-01-15,414.0862731933594,418.299549305966,412.1926581600245,413.3761675558588,9786805,ITC.NS
2025-01-16,409.82562255859375,416.0745576911416,408.1687094723871,414.74900410675934,15774070,ITC.NS
2025-01-17,416.7846374511719,418.2995062063369,409.4942087662954,409.9676124758518,11270061,ITC.NS
2025-01-20,414.4176025390625,417.7314283751026,412.8080184324215,415.6484405775987,8742771,ITC.NS
2025-01-21,414.2756042480469,423.22294655507415,412.0979585863446,414.7016791747707,15686500,ITC.NS
2025-01-22,413.7548522949219,418.4415606921262,413.32877738816876,416.50058809880306,9619648,ITC.NS
2025-01-23,416.7846374511719,418.3468639138542,411.0091064157298,411.86122731407744,8888248,ITC.NS
2025-01-24,418.11016845703125,421.32930795242055,415.69579216478695,416.0271805454013,9665384,ITC.NS
2025-01-27,416.6899719238281,421.329322732364,413.32878808007484,417.3527198140356,10480203,ITC.NS
2025-01-28,412.2873229980469,418.2995272971351,411.3878443468299,416.59528541451135,20813072,ITC.NS
2025-01-29,410.2989807128906,414.22822553049775,407.2218567518069,412.76068566061116,15158510,ITC.NS
2025-01-30,412.9974060058594,414.70164779525544,408.5000707843355,409.9676107199671,22496695,ITC.NS
2025-01-31,423.6963195800781,424.3590963304251,411.9559133750371,413.2814379814617,13546181,ITC.NS
2025-02-01,437.94573974609375,446.4196773100036,416.16917012121553,424.169703997628,30393007,ITC.NS
2025-02-03,430.1819763183594,440.4548430642073,428.24100368388565,437.4250476268326,16991730,ITC.NS
2025-02-04,430.93939208984375,435.86280223904276,424.8798303714777,433.6377990198034,18923681,ITC.NS
2025-02-05,424.311767578125,431.60219675236533,422.7495410105796,430.9394199567903,12836283,ITC.NS
2025-02-06,417.6367492675781,426.0633293355837,414.89101359071367,426.0633293355837,17469129,ITC.NS
2025-02-07,407.9319763183594,421.8026990259945,405.6122866178601,416.5952582972785,18875982,ITC.NS
2025-02-10,404.47613525390625,410.25163731299205,403.8133585122395,404.2867622150675,12227140,ITC.NS
2025-02-11,396.049560546875,407.64795227119043,395.2921261144242,405.9910391677168,14288751,ITC.NS
2025-02-12,394.22222900390625,397.97305679084684,392.01021063862936,397.34792371808146,13884574,ITC.NS
2025-02-13,394.0299072265625,398.1173542751768,393.3566689137098,394.27034528824566,12989029,ITC.NS
2025-02-14,394.558837890625,400.2812751894459,392.77959046029304,396.0014661827297,14124236,ITC.NS
2025-02-17,392.97198486328125,395.6648794892229,391.1927372870501,394.12606998139194,11975265,ITC.NS
2025-02-18,389.7500915527344,395.1359099155748,388.54790126416947,392.39491018757707,12998403,ITC.NS
2025-02-19,390.8561096191406,393.1643091555031,389.0287862091182,389.31730014478245,7079032,ITC.NS
2025-02-20,386.6724853515625,388.45173290704383,381.0462580968928,384.6528290808348,15355585,ITC.NS
2025-02-21,385.5664367675781,387.8265602235753,383.93147569860434,386.67244588636703,8240986,ITC.NS
2025-02-24,386.5282287597656,387.97085715475134,383.4987150003656,384.70090532952037,7037625,ITC.NS
2025-02-25,389.3653869628906,391.43314833834296,385.1817589914161,386.62438730224534,15760891,ITC.NS
2025-02-27,386.23968505859375,390.9522649156751,384.2199995911739,389.36537967354076,19051003,ITC.NS
2025-02-28,379.8921203613281,387.10526188717614,377.1992259318174,383.73912917511376,31954776,ITC.NS
2025-03-03,382.2484436035156,383.73914785126925,376.2374920394293,380.8058152281349,10702826,ITC.NS
2025-03-04,379.74786376953125,382.00798731989397,377.82435936077115,380.2768157418011,13404774,ITC.NS
2025-03-05,389.5577087402344,396.9632122658291,379.4112349821189,379.4112349821189,15665018,ITC.NS
2025-03-06,390.1828918457031,394.0299007695933,385.22984437591543,393.5009194323491,17869996,ITC.NS
2025-03-07,388.45172119140625,390.3271497866334,386.33588388818345,388.11510203965406,11180761,ITC.NS
2025-03-10,389.5096435546875,391.2888910064267,385.0855775356017,385.7107105996322,9785018,ITC.NS
2025-03-11,390.66375732421875,392.7795945645392,385.8549963002887,386.1435102215853,11099475,ITC.NS
2025-03-12,396.6266174316406,397.49218857653574,388.54790449537103,390.8561039985411,13844306,ITC.NS
2025-03-13,396.28997802734375,398.5501015432174,392.5872555772619,397.20365434770144,8196569,ITC.NS
2025-03-17,392.3468322753906,400.32936400980094,391.4331559206942,397.20366927579045,5257805,ITC.NS
2025-03-18,393.45281982421875,396.1938193871978,392.1544485206658,394.318390909805,13861897,ITC.NS
2025-03-19,387.63421630859375,395.0397200620695,387.20144542451675,394.3184059049263,12830387,ITC.NS
2025-03-20,388.49981689453125,391.0965302508203,386.5282072542035,389.50964497469676,16994037,ITC.NS
2025-03-21,390.0386047363281,391.9140333230442,386.3358821349048,390.4233291082126,25302035,ITC.NS
2025-03-24,395.1839904785156,397.05941909108105,390.0867153346264,391.433162603734,14362572,ITC.NS
2025-03-25,394.12603759765625,399.36759879824183,393.06813366389935,396.2419041658655,20338110,ITC.NS
2025-03-26,391.769775390625,395.47252733324694,390.71184207125464,394.60692684899476,13891436,ITC.NS
2025-03-27,393.7894592285156,394.9916495065971,390.1347831729387,392.39490676580164,18642328,ITC.NS
2025-03-28,394.0779724121094,399.7042287729926,392.5391629889967,395.18398159578936,12981873,ITC.NS
2025-04-01,391.0965576171875,398.55013776479905,390.08672946636085,394.12607142001764,15206240,ITC.NS
2025-04-02,393.40472412109375,394.31840044763595,390.51946753245255,391.48121972866625,8001323,ITC.NS
2025-04-03,393.7413330078125,394.51075235495847,391.1446197558559,391.4812095354885,7059566,ITC.NS
2025-04-04,394.0299072265625,397.0113157111547,389.02878380341224,391.9140405436106,18627592,ITC.NS
2025-04-07,390.51947021484375,392.49107984083315,375.2276160600784,375.2276160600784,26762866,ITC.NS
2025-04-08,396.7708740234375,399.89656879675374,391.6735989024767,396.145740938844,18600796,ITC.NS
2025-04-09,400.37744140625,403.02226003741157,395.5206043873473,397.20367078899557,21785572,ITC.NS
2025-04-11,405.4266052246094,406.29220563589877,401.05064470240745,403.9359011391154,8939356,ITC.NS
2025-04-15,404.32061767578125,412.78405461806295,402.97417047029376,412.78405461806295,11685880,ITC.NS
2025-04-16,408.2157287597656,409.75450878339007,402.0124153945198,402.0124153945198,13034594,ITC.NS
2025-04-17,410.90863037109375,411.48568756526555,405.4266310519838,408.7446879057106,22410217,ITC.NS
2025-04-21,406.67694091796875,412.6878924233474,405.3785695227371,411.6780349602343,27388236,ITC.NS
2025-04-22,417.0157775878906,418.1698626669371,407.35014995516246,409.65837881395373,32031936,ITC.NS
2025-04-23,414.3709411621094,420.7185115509847,412.4474367624713,419.5163213012109,19566317,ITC.NS
2025-04-24,413.60150146484375,419.3720143801557,412.88018735042976,415.3326729496452,26064089,ITC.NS
2025-04-25,411.4375915527344,416.1502009519827,407.10970652510946,413.60153406654683,22944377,ITC.NS
2025-04-28,412.3993225097656,414.0343129537871,408.50423792594904,410.331561195513,6287095,ITC.NS
2025-04-29,409.7064208984375,413.16873455074716,408.74466873670406,412.4954962973951,11189930,ITC.NS
2025-04-30,409.5140686035156,412.8802012507744,405.8594220409165,411.0528779694748,10026546,ITC.NS
2025-05-02,413.07257080078125,414.99607520497585,407.87911477952554,407.87911477952554,9263372,ITC.NS
2025-05-05,420.2376403808594,421.72834456792714,412.92831770641976,413.7938888263413,11525305,ITC.NS
2025-05-06,418.89117431640625,422.834364350939,416.43871785669694,420.7666029152538,15026568,ITC.NS
2025-05-07,414.6594543457031,418.362206178502,413.2649312686502,416.823396791454,9710361,ITC.NS
2025-05-08,414.1304931640625,414.9960642530376,407.350122708005,412.59168381124715,19937960,ITC.NS
2025-05-09,407.35015869140625,412.7359772268443,406.82120668762605,409.658387599701,8226512,ITC.NS
2025-05-12,418.8431091308594,419.5163474528399,411.77422415146265,413.0725955722253,8031891,ITC.NS
2025-05-13,411.53375244140625,421.1993794721109,409.08129611962823,418.2660177094136,14976369,ITC.NS
2025-05-14,412.6878967285156,415.332715418473,409.6102777855163,410.76439222672843,9557309,ITC.NS
2025-05-15,416.1020812988281,418.74689983509177,409.7064350721147,412.6878727466996,24263510,ITC.NS
2025-05-16,419.03546142578125,419.51633754430964,415.573147502307,418.26604202592637,16402035,ITC.NS
2025-05-19,418.6988220214844,421.72833555161463,416.10207936688846,418.362202884726,7543854,ITC.NS
2025-05-20,418.2660217285156,423.9403537817196,416.34251734774494,420.28570719839433,9868414,ITC.NS
2025-05-21,416.438720703125,421.4398441006694,415.4769684613164,419.90103464370577,5776672,ITC.NS
2025-05-22,409.8026123046875,416.43869651769444,406.7249935694986,416.43869651769444,19451749,ITC.NS
2025-05-23,419.61248779296875,422.20923056391143,412.59170822760365,417.40046939575757,18536884,ITC.NS
2025-05-26,425.9600524902344,426.58518556334417,420.0452822056058,421.48791053602,13107662,ITC.NS
2025-05-27,417.3042907714844,427.2103564467042,414.37095818169377,425.9600609253769,26986022,ITC.NS
2025-05-28,411.57440185546875,413.92513013654184,404.5221871211176,409.12572033536514,431851622,ITC.NS
2025-05-29,410.1541442871094,414.12099629331436,408.04828421108533,413.337430183069,21478547,ITC.NS
2025-05-30,409.468505859375,411.4274510468685,407.85238205791916,410.49697001748797,30656239,ITC.NS
2025-06-02,410.6928405761719,411.8192579553598,406.0403458241328,409.7133679967952,14973380,ITC.NS
2025-06-03,408.39111328125,413.04360813984886,407.1177809642176,410.3990201585084,13216486,ITC.NS
2025-06-04,408.4400634765625,410.39900862513116,407.4116292300163,408.586978384479,12598933,ITC.NS
2025-06-05,410.4969482421875,412.30897842272395,407.2157092489669,409.9092587388879,13212523,ITC.NS
2025-06-06,412.40692138671875,412.6517895338172,410.39901453696416,411.67231694542346,8774988,ITC.NS
2025-06-09,414.3658752441406,414.9046031137218,411.86823204786555,413.33744096123485,10473123,ITC.NS
2025-06-10,418.23480224609375,419.75297282706833,414.3658735007135,415.78612073411426,13041075,ITC.NS
2025-06-11,417.4022216796875,419.312205110815,416.12891931968926,419.2142518774774,20789182,ITC.NS
2025-06-12,412.3579406738281,418.43068239792314,410.9376935297822,418.2347759328376,18508835,ITC.NS
2025-06-13,405.4036865234375,410.7418239308055,405.01190347774315,406.48111231744474,17873926,ITC.NS
2025-06-16,409.6154479980469,410.30106087453294,404.7670467340719,406.4321620890675,7006629,ITC.NS
2025-06-17,408.83184814453125,410.44797192026425,407.1667626963428,409.5174909056936,9028406,ITC.NS
2025-06-18,407.3626403808594,409.86031339660474,406.3831678000489,408.4400661979771,8036215,ITC.NS
2025-06-19,407.4606018066406,409.66441515775824,406.2852227295919,407.11778041824044,12601006,ITC.NS
2025-06-20,409.9582214355469,410.8887323090276,407.46057840418473,407.46057840418473,13203184,ITC.NS
2025-06-23,405.4036865234375,408.9297937169475,403.2978264980913,408.4400574370469,14839890,ITC.NS
2025-06-24,405.844482421875,412.0151479158747,405.25679287693885,408.3421256239387,16690068,ITC.NS
2025-06-25,407.80340576171875,409.5664444107915,406.5790650634376,407.85236743319786,9946718,ITC.NS
2025-06-26,411.67230224609375,412.25999175637196,407.70545036119364,408.635961243395,13703918,ITC.NS
2025-06-27,410.0561828613281,413.3374219283217,409.2236252038625,412.3579493645105,21409935,ITC.NS
2025-06-30,407.9013671875,412.1130873177171,407.26468609870335,411.18257641188427,12317124,ITC.NS
2025-07-01,406.5790710449219,410.25209319380195,406.38316457386264,408.4400629554616,13670465,ITC.NS
2025-07-02,404.47320556640625,408.3421042433258,403.2488648665335,408.3421042433258,15990899,ITC.NS
2025-07-03,404.864990234375,407.4605865502793,402.80809187212105,405.5016414226337,14185298,ITC.NS
2025-07-04,404.0813903808594,406.48111009570783,403.2978242937535,406.383156862037,8256733,ITC.NS
2025-07-07,407.6075134277344,408.63597758463175,403.54270814671577,404.52218073930493,6845218,ITC.NS
2025-07-08,408.635986328125,409.5175057020906,406.1383132289018,407.60752214922184,6807192,ITC.NS
2025-07-09,410.83978271484375,411.6723104890166,406.9218924227146,407.65649685248883,9930533,ITC.NS
2025-07-10,408.29315185546875,411.67231432927395,407.8523772370402,411.67231432927395,6220360,ITC.NS
2025-07-11,408.2441711425781,409.4685119028319,406.9708687083669,408.44007762067145,8578844,ITC.NS
2025-07-14,410.7908020019531,411.3295298660291,407.9992991168515,408.4890354163033,6896989,ITC.NS
2025-07-15,413.4353942871094,413.72922411339215,410.3990232206159,412.26001519971453,8532755,ITC.NS
2025-07-16,415.8840637207031,416.7166213924788,411.67231368924485,413.43538226908703,9780773,ITC.NS
2025-07-17,415.2474060058594,417.1573595734722,414.3168951123935,417.05940633871836,7240795,ITC.NS
2025-07-18,414.072021484375,416.4717411939595,411.4764251990089,416.4717411939595,6730256,ITC.NS
2025-07-21,411.4764404296875,414.0720368111289,409.8113250726935,413.3374323697135,4822343,ITC.NS
2025-07-22,407.4606018066406,411.77027527059994,406.6770356826959,411.47644544690354,9869507,ITC.NS
2025-07-23,406.4321594238281,409.32158560296745,405.5016485154682,408.53801949465566,12196187,ITC.NS
2025-07-24,401.5347900390625,407.3136721952123,401.04505375648824,407.3136721952123,9005157,ITC.NS
2025-07-25,400.9960632324219,401.8286208931811,399.3799394739661,401.58375275125957,5824089,ITC.NS
2025-07-28,401.4858093261719,402.41632024466196,400.21250691352043,402.36732868040224,8123337,ITC.NS
2025-07-29,400.0655822753906,402.9550084157297,399.62480766342725,401.5837527990323,6811772,ITC.NS
2025-07-30,399.2330322265625,400.898117688896,397.4210019633524,400.60428786940514,10915863,ITC.NS
2025-07-31,403.4937438964844,405.50165074201533,397.2250954310459,397.61690837848414,19364174,ITC.NS
2025-08-01,407.9013671875,410.74183168633,403.34679578552243,403.9344853107258,14324065,ITC.NS
2025-08-04,408.29315185546875,413.8271659664987,406.5790748366726,411.57439098396185,18352458,ITC.NS
2025-08-05,405.6485595703125,409.37057327725813,404.522172091142,408.6359688485212,8495104,ITC.NS
2025-08-06,403.5426940917969,406.4811117672226,402.07348525408406,405.6485541142926,9080543,ITC.NS
2025-08-07,405.10986328125,406.2362507650608,403.1998798022133,403.542701181929,11514878,ITC.NS
2025-08-08,405.99139404296875,406.82395173394906,404.4732234643995,405.40370450279846,9814361,ITC.NS
2025-08-11,408.29315185546875,408.4400667645679,405.5016490180602,405.99138530914485,8514272,ITC.NS
2025-08-12,407.80340576171875,411.1825681542966,406.77494164048437,408.44005694659893,13635738,ITC.NS
2025-08-13,405.599609375,408.92981023461243,405.1098730753178,408.6359804112558,10874910,ITC.NS
2025-08-14,403.0039978027344,406.5300751148795,402.563223193151,405.74650902132066,9580361,ITC.NS
2025-08-18,397.9596862792969,405.207807083524,396.5394690122968,404.5221643400549,30950814,ITC.NS
2025-08-19,400.7022399902344,400.99606980890684,396.19666012675947,398.00869038492266,16681331,ITC.NS
2025-08-20,397.7148132324219,401.82860986020313,397.1271536208501,400.7022224165175,18188129,ITC.NS
2025-08-21,397.22509765625,398.49842996029514,395.07027588892424,397.7148339521601,15028966,ITC.NS
2025-08-22,390.1239013671875,398.1555881648492,389.34033529035065,397.6658518940437,13087624,ITC.NS
2025-08-25,391.1523742675781,392.327723409267,388.1160033420702,390.8095528920783,10440286,ITC.NS
2025-08-26,395.0702819824219,397.07818887017044,390.22188062167817,391.1033999896865,13715752,ITC.NS
2025-08-28,392.6705627441406,396.19667011274,391.78904337477377,396.19667011274,12471719,ITC.NS
2025-08-29,401.3388977050781,402.02454048128317,393.6500318196282,393.74798505781916,25255050,ITC.NS
2025-09-01,397.5189514160156,401.77966310485994,396.68639374720885,401.3388884886885,12268090,ITC.NS
2025-09-02,398.4004821777344,399.4779080217149,396.14770714215564,398.20457570023547,19808255,ITC.NS
2025-09-03,403.2978210449219,404.76702986475766,398.9391562562904,400.114535268611,12936588,ITC.NS
2025-09-04,407.3626403808594,418.2347920060821,406.4811210363561,415.24741259106247,27274123,ITC.NS
2025-09-05,398.9881591796875,408.4400635448862,396.09870312861307,408.3421103092152,16000675,ITC.NS
2025-09-08,399.1840515136719,402.1224693529809,398.44944705384466,399.08612816526716,7419022,ITC.NS
2025-09-09,401.6327209472656,402.51427018540727,399.0371245789613,400.1145503991436,8825896,ITC.NS
2025-09-10,404.5711364746094,405.2078175633528,400.555322816839,402.56322964572416,9252397,ITC.NS
2025-09-11,406.53009033203125,408.1462440335788,403.9834854870758,404.5711451336769,8274406,ITC.NS
2025-09-12,405.25677490234375,408.48902241943284,404.37525556960406,406.82393698895356,7803379,ITC.NS
2025-09-15,404.1793518066406,405.7954755760093,403.29783246799684,404.5711348581344,5707331,ITC.NS
2025-09-16,404.6201171875,405.8444578774336,403.54269140213233,404.7180704209207,8239087,ITC.NS
2025-09-17,400.8981018066406,406.08932424399245,399.6737611220478,405.45267306623015,14113882,ITC.NS
2025-09-18,403.1019287109375,404.5711375822802,401.68171140331816,402.90605212943706,15647808,ITC.NS
2025-09-19,402.22039794921875,404.13038138420126,400.55531254363956,403.101917268776,19505321,ITC.NS
2025-09-22,398.59637451171875,402.56322646569487,397.7148252853857,402.2204050878021,8930779,ITC.NS
2025-09-23,394.9233703613281,399.7227801970498,393.8459445065011,398.7433075819584,14936357,ITC.NS
2025-09-24,392.76849365234375,396.34356249165154,392.4746638429711,394.9233452248436,12380865,ITC.NS
2025-09-25,391.8869934082031,394.7274579712088,389.83009496908466,393.209287397003,22006368,ITC.NS
2025-09-26,396.7843322753906,397.5678983516164,391.59310987422305,391.8869695711551,14414044,ITC.NS
2025-09-29,398.89019775390625,399.6248021696593,394.9233458652918,398.5473763816621,19717660,ITC.NS
2025-09-30,393.30718994140625,398.4004591506758,392.1808024887207,398.4004591506758,9465490,ITC.NS
2025-10-01,397.2740783691406,397.665861416941,391.5441578852763,394.0907925326749,17643039,ITC.NS
2025-10-03,396.0007629394531,397.1761420239669,394.04181772601805,396.58845248171,16987141,ITC.NS
2025-10-06,392.52362060546875,395.60895312981853,391.5931097355416,394.7274338215943,13989077,ITC.NS
2025-10-07,391.5931396484375,394.3356809060124,391.29930982029435,394.237727666254,12298968,ITC.NS
2025-10-08,391.5441589355469,393.5031040709342,389.8300819420829,391.7890270774703,8402463,ITC.NS
2025-10-09,391.6910705566406,393.1602793958562,390.7605895598157,390.80955123133737,15656267,ITC.NS
2025-10-10,394.53155517578125,395.5600193505022,391.299307520674,392.22981845621223,15085738,ITC.NS
2025-10-13,391.0544128417969,392.71952812155763,390.36877010515894,391.78901724913896,9508594,ITC.NS
2025-10-14,388.6546936035156,392.6215753424221,388.0670339898672,391.78901770158024,10291102,ITC.NS
2025-10-15,391.6910705566406,392.62158144459596,389.0954742522526,389.83007867186035,16043867,ITC.NS
2025-10-16,396.83331298828125,397.665870666178,391.3482605181077,392.7685077269394,22962049,ITC.NS
2025-10-17,403.6896057128906,405.35472100520315,396.9312510926241,397.0292043259007,21071344,ITC.NS
2025-10-20,404.5711364746094,406.3342050500721,402.85705946273583,404.0814001855026,13083621,ITC.NS
2025-10-21,404.3752746582031,405.4527005118031,403.88553835121513,405.0119258790611,1142130,ITC.NS
2025-10-23,407.41162109375,411.8192475900064,405.0608630495091,407.46058276503413,24305990,ITC.NS
2025-10-24,408.2441711425781,409.3705885549171,404.96296181800335,407.411643338511,14935678,ITC.NS
2025-10-27,412.01513671875,414.02307345178554,408.048284707717,408.4400677633165,11603679,ITC.NS
2025-10-28,409.32159423828125,412.9946164943518,407.3626490350436,411.86822898071654,17163147,ITC.NS
2025-10-29,412.9456481933594,413.53333772312516,407.5095574069397,409.61544737952806,11470661,ITC.NS
2025-10-30,410.1541442871094,413.04360036450976,407.60750959211543,412.94564712794636,12938674,ITC.NS
2025-10-31,411.7213134765625,417.64711075138126,409.615453364337,411.8682283883677,18599864,ITC.NS
2025-11-03,405.45269775390625,412.9946188955417,404.816016646247,411.3295333977877,7635440,ITC.NS
2025-11-04,400.5063171386719,405.99136936159005,399.96761919609156,405.50163308974254,10085404,ITC.NS
2025-11-06,399.13507080078125,404.8159997293463,398.20455990626584,401.58375221673697,10095563,ITC.NS
2025-11-07,395.7558898925781,400.70224442999825,394.82540886238485,397.71483508178255,8411611,ITC.NS
2025-11-10,397.22509765625,398.7432981082502,395.3641057100178,395.75588876851964,6650003,ITC.NS
2025-11-11,398.4984130859375,399.673762211673,396.2945998476621,397.6658554399186,12005318,ITC.NS
2025-11-12,398.64532470703125,399.7227504817627,397.22507756427666,399.624797249309,7987236,ITC.NS
2025-11-13,397.3720397949219,399.1350784919307,396.1966607361619,398.64534219930255,6617185,ITC.NS
2025-11-14,399.771728515625,400.3594180432725,391.8869861840081,396.3925660411311,64020258,ITC.NS
2025-11-17,398.7432861328125,403.542695710365,397.6658603359422,401.3388824449565,7855399,ITC.NS
2025-11-18,397.5189514160156,401.3878501610938,396.2456191310374,399.8696796229581,7661681,ITC.NS
2025-11-19,395.2661437988281,397.2250889394812,394.5315393710832,396.5394760749311,7882450,ITC.NS
2025-11-20,397.1271667480469,398.64533728000737,394.97231513062155,395.2661449461201,6693410,ITC.NS
2025-11-21,399.4779052734375,400.1145564842314,396.39257256641207,396.68640238950724,5808131,ITC.NS
2025-11-24,395.2661437988281,400.4083747930425,394.580530934278,400.01659174313806,11037491,ITC.NS
2025-11-25,392.5726013183594,396.1966618504526,391.8869884414304,395.26615093538965,8199785,ITC.NS
2025-11-26,394.04180908203125,395.6579627605675,392.71954500487413,392.7685066776832,11443953,ITC.NS
2025-11-27,396.0007629394531,397.61691665344256,393.8459411393536,395.21719681053185,8679529,ITC.NS
2025-11-28,395.9517822265625,396.68638664627787,394.23770524722676,396.0007438980914,6883500,ITC.NS
2025-12-01,395.9517822265625,397.17612292608806,390.025985197311,394.5315350586607,13442658,ITC.NS
2025-12-02,392.71954345703125,397.1761317458155,392.27876883896204,395.95179101910213,8093808,ITC.NS
2025-12-03,392.2787780761719,393.94389346016385,390.66265425708065,393.45415715794644,10772192,ITC.NS
2025-12-04,394.7763977050781,395.26613397807347,390.85850752111554,391.8869716290837,8057989,ITC.NS
2025-12-05,396.6374206542969,397.0292036956514,393.7479646784384,394.7763988983853,4419747,ITC.NS
2025-12-08,394.04180908203125,396.93126516491554,392.32773205787674,396.6374353457986,6056866,ITC.NS
2025-12-09,392.8174743652344,396.19666679247575,391.78904009144696,393.7479852919042,9426717,ITC.NS
2025-12-10,394.8743591308594,396.09869983875063,392.7684990915125,392.86645232636994,6969146,ITC.NS
2025-12-11,394.6294860839844,395.70691187176226,392.86644744298803,394.8743542225189,6980147,ITC.NS
2025-12-12,391.8869934082031,395.7069305716336,391.6421252580969,394.62950473294,12407516,ITC.NS
2025-12-15,394.04180908203125,395.07027323120263,391.29929779983655,391.8869873292014,7756564,ITC.NS
2025-12-16,393.4541320800781,397.4209839187486,392.81745101487064,393.16027238279855,12347384,ITC.NS
2025-12-17,391.5931396484375,394.8254172136723,390.9075267523928,392.76851874327417,8087490,ITC.NS
2025-12-18,392.1808166503906,393.69901709025,391.6421186856499,391.7890335950218,7227668,ITC.NS
2025-12-19,392.8174743652344,394.38463650382647,392.0339082415041,392.0339082415041,10654835,ITC.NS
2025-12-22,394.4336242675781,395.3641052941498,392.96441538139317,393.35619843948285,6847871,ITC.NS
2025-12-23,398.9881591796875,400.50632971362984,393.5520684568217,394.2377112153877,10081997,ITC.NS
2025-12-24,398.2535705566406,401.09403515706003,397.323059617528,399.5758645628573,5777430,ITC.NS
2025-12-26,395.8538513183594,398.7922691629462,395.5600214903535,398.1556179415121,3152453,ITC.NS
2025-12-29,394.3356628417969,396.4904845621106,393.2092753640043,395.80487169747335,6647710,ITC.NS
2025-12-30,392.376708984375,395.1682117263742,392.0828492850893,394.7274371230106,12340527,ITC.NS
