Date,Close,High,Low,Open,Volume,Ticker
2021-01-01,7371.6318359375,7426.454660621891,7332.048545364582,7335.882296237975,767574,MARUTI.NS
2021-01-04,7382.17431640625,7432.87604379968,7324.955868005311,7417.34916627098,598645,MARUTI.NS
2021-01-05,7337.2724609375,7354.092856256285,7270.708772000545,7341.633165505427,562668,MARUTI.NS
2021-01-06,7311.5380859375,7426.933893852499,7241.476194993232,7335.88231043322,840678,MARUTI.NS
2021-01-07,7251.58740234375,7384.18735227476,7238.21747716674,7356.967815081635,642968,MARUTI.NS
2021-01-08,7681.7822265625,7725.007860421097,7284.126518511208,7284.126518511208,2557157,MARUTI.NS
2021-01-11,7890.578125,7943.531808933832,7554.789376810389,7762.387080182806,2182019,MARUTI.NS
2021-01-12,7847.73583984375,7982.827824598611,7801.6830942769475,7821.81028653491,1514072,MARUTI.NS
2021-01-13,7801.5390625,7907.11087961648,7773.888041765972,7847.687743309059,877225,MARUTI.NS
2021-01-14,7810.740234375,7840.020318663655,7689.97708521221,7825.451878553918,718274,MARUTI.NS
2021-01-15,7691.22314453125,7877.878891738012,7667.549545495524,7818.120205902624,751177,MARUTI.NS
2021-01-18,7505.18994140625,7690.456226140257,7423.099847535454,7678.044270962752,771183,MARUTI.NS
2021-01-19,7593.318359375,7658.204308683078,7509.359126090838,7571.657574488529,779892,MARUTI.NS
2021-01-20,7806.427734375,7830.436412803227,7533.560319918795,7554.406340968791,999226,MARUTI.NS
2021-01-21,7741.06103515625,7923.403792074377,7688.059622048483,7863.980659727865,769494,MARUTI.NS
2021-01-22,7714.32080078125,7962.6998186428145,7667.501029025339,7748.968227458733,1172914,MARUTI.NS
2021-01-25,7649.7705078125,7825.356481768154,7619.675657609228,7779.63881625184,753043,MARUTI.NS
2021-01-27,7543.76708984375,7753.760880463371,7495.461924062274,7660.744690223254,1080785,MARUTI.NS
2021-01-28,7273.1044921875,7652.693556377081,7247.705893117463,7514.151573927654,2085637,MARUTI.NS
2021-01-29,6907.125,7365.5937702394685,6871.9983516743,7365.5937702394685,3069968,MARUTI.NS
2021-02-01,7092.2470703125,7164.321772192158,6854.746396617835,6963.241730918002,1611478,MARUTI.NS
2021-02-02,7336.55322265625,7446.821292444657,7178.8420189035305,7221.732105822272,1700845,MARUTI.NS
2021-02-03,7273.775390625,7395.736584774118,7165.1363865615385,7360.8013443239715,1491567,MARUTI.NS
2021-02-04,7322.4638671875,7442.268577056405,7216.125019513001,7284.12636002945,1198036,MARUTI.NS
2021-02-05,7182.67626953125,7414.474536160009,7150.904151278416,7360.802021420484,1128089,MARUTI.NS
2021-02-08,7259.7822265625,7320.547082563727,7163.842520112931,7202.659246591569,912372,MARUTI.NS
2021-02-09,7310.05224609375,7360.801710708149,7259.2073120968125,7265.916376156051,925127,MARUTI.NS
2021-02-10,7304.92529296875,7355.913901220504,7194.08159117399,7289.111069862977,1015600,MARUTI.NS
2021-02-11,7348.677734375,7422.1418938983425,7253.121304047165,7284.126858681224,818869,MARUTI.NS
2021-02-12,7253.935546875,7356.009159313685,7213.106008302097,7303.391024527229,756833,MARUTI.NS
2021-02-15,7280.916015625,7331.186262639492,7264.958120738229,7284.126875674214,470093,MARUTI.NS
2021-02-16,7377.142578125,7474.85548706707,7308.326939704856,7321.505457841434,1321126,MARUTI.NS
2021-02-17,7191.349609375,7371.82323284713,7160.775073751744,7360.753465112597,1023548,MARUTI.NS
2021-02-18,7185.93359375,7264.046257639805,7149.944449299908,7260.021100538361,821462,MARUTI.NS
2021-02-19,7018.63916015625,7175.247784129424,6982.218528163086,7138.443870660078,1013887,MARUTI.NS
2021-02-22,6791.92041015625,7020.555515553243,6762.735797644189,7018.638640327154,1502068,MARUTI.NS
2021-02-23,6680.7900390625,6826.328898520579,6649.640813573721,6822.926163867201,1589884,MARUTI.NS
2021-02-24,6663.96923828125,6743.567297829538,6591.654930475078,6618.0119658204885,1225254,MARUTI.NS
2021-02-25,6642.30859375,6775.195882975394,6627.596481931652,6771.362132298934,1740066,MARUTI.NS
2021-02-26,6580.77685546875,6780.9466607404775,6538.653799760753,6613.220064891773,2687534,MARUTI.NS
2021-03-01,6723.4404296875,6740.548636138805,6629.561270277685,6687.019797281495,1417600,MARUTI.NS
2021-03-02,6914.26513671875,6934.296389983889,6737.816671953938,6766.569801421736,1395296,MARUTI.NS
2021-03-03,6828.58154296875,6960.462201402072,6806.058256113067,6944.456571960765,796258,MARUTI.NS
2021-03-04,6835.19482421875,6876.982804160779,6719.607136741548,6785.739342195145,906310,MARUTI.NS
2021-03-05,6947.71484375,7010.97173155349,6776.154496525383,6833.660758164919,1821165,MARUTI.NS
2021-03-08,6957.7783203125,7033.782240948866,6916.086281338246,6962.953790173943,977572,MARUTI.NS
2021-03-09,6998.08056640625,7024.773149815816,6954.42391658342,7024.773149815816,678485,MARUTI.NS
2021-03-10,6969.85498046875,7079.979380002808,6949.63185114395,7015.764053285577,659270,MARUTI.NS
2021-03-12,6801.265625,7009.0547260039175,6767.911713076174,6996.595036213401,946720,MARUTI.NS
2021-03-15,6794.65185546875,6865.241162890234,6719.606374552428,6848.037019851247,700250,MARUTI.NS
2021-03-16,6853.11669921875,6900.751238714176,6804.907471509813,6804.907471509813,796357,MARUTI.NS
2021-03-17,6771.0263671875,6871.950131283359,6750.7555047367705,6862.413489588312,688581,MARUTI.NS
2021-03-18,6818.0859375,6941.005568002109,6766.569913020559,6828.868361228256,984545,MARUTI.NS
2021-03-19,6817.89453125,6852.782039033247,6618.491748595433,6766.522643280066,838756,MARUTI.NS
2021-03-22,6806.10546875,6845.64102243223,6757.177413145393,6808.741172328815,533767,MARUTI.NS
2021-03-23,6887.57275390625,6924.71221387687,6833.66063459406,6841.328136007349,757590,MARUTI.NS
2021-03-24,6772.5126953125,6860.880370882668,6756.938082613042,6839.411459897462,457147,MARUTI.NS
2021-03-25,6504.7734375,6765.612181587656,6474.486710535489,6756.986241704629,1338767,MARUTI.NS
2021-03-26,6502.47265625,6612.213769782683,6489.581482356324,6602.677127743718,911299,MARUTI.NS
2021-03-30,6567.0234375,6589.259379984416,6459.870286704722,6527.919365392561,1088817,MARUTI.NS
2021-03-31,6574.11572265625,6651.461360296401,6512.775712994841,6567.502128474922,735382,MARUTI.NS
2021-04-01,6636.126953125,6700.917437738833,6570.09068664803,6661.142271656281,660759,MARUTI.NS
2021-04-05,6487.23291015625,6621.36644525786,6445.1098566112505,6621.36644525786,668129,MARUTI.NS
2021-04-06,6470.69970703125,6562.374639636803,6440.700796764974,6534.867292789106,628262,MARUTI.NS
2021-04-07,6579.6748046875,6598.843558670566,6493.463146453796,6507.791977251001,598115,MARUTI.NS
2021-04-08,6543.11083984375,6650.88688391802,6523.942084865257,6595.010150350584,604553,MARUTI.NS
2021-04-09,6543.35009765625,6589.498779189611,6496.290713115477,6565.298227329746,641327,MARUTI.NS
2021-04-12,6249.5888671875,6459.726329784443,6231.905504690868,6459.726329784443,1020746,MARUTI.NS
2021-04-13,6532.51904296875,6560.8888905514505,6199.94118374947,6249.01337783777,995718,MARUTI.NS
2021-04-15,6368.099609375,6562.279178588095,6278.725294956636,6562.0395691660615,1267365,MARUTI.NS
2021-04-16,6371.78955078125,6502.8559018093465,6331.486966071368,6397.571430439074,1000325,MARUTI.NS
2021-04-19,6241.10693359375,6258.598422293115,6148.378082543695,6230.180836989939,772219,MARUTI.NS
2021-04-20,6370.39990234375,6401.118111697039,6285.961446617664,6340.065442463635,914142,MARUTI.NS
2021-04-22,6373.70654296875,6397.475610363205,6272.974648672244,6350.560366472149,667911,MARUTI.NS
2021-04-23,6398.6259765625,6435.621765113939,6287.351266795113,6287.351266795113,709306,MARUTI.NS
2021-04-26,6362.9716796875,6506.833265877084,6325.688548355981,6412.139812378368,937344,MARUTI.NS
2021-04-27,6295.73779296875,6430.158683619768,6270.099583878449,6392.73187773141,1610651,MARUTI.NS
2021-04-28,6300.57763671875,6373.610777484186,6272.974817839699,6295.737713473571,1406270,MARUTI.NS
2021-04-29,6292.7666015625,6371.167088833078,6279.684020118022,6359.234351874707,757075,MARUTI.NS
2021-04-30,6187.33837890625,6286.968167181839,6154.128605476777,6265.403318463068,849997,MARUTI.NS
2021-05-03,6323.62841796875,6346.774595358617,6134.001421065411,6162.754552726656,834923,MARUTI.NS
2021-05-04,6237.751953125,6372.172836069844,6212.592964338532,6363.978381202823,507170,MARUTI.NS
2021-05-05,6316.2001953125,6324.730196995153,6213.551427052519,6285.146908339745,499160,MARUTI.NS
2021-05-06,6389.568359375,6430.158288044523,6302.398734622844,6316.10420602376,520125,MARUTI.NS
2021-05-07,6424.45556640625,6473.815107407802,6364.02625728756,6401.405327172231,605050,MARUTI.NS
2021-05-10,6482.8720703125,6491.641680949754,6383.290495059323,6397.762996738018,541534,MARUTI.NS
2021-05-11,6456.6591796875,6468.495978772832,6383.43463366747,6402.507450127467,406046,MARUTI.NS
2021-05-12,6534.1962890625,6555.713401089874,6407.15556817044,6450.285261598663,770204,MARUTI.NS
2021-05-14,6456.41943359375,6557.774217306188,6421.724270694403,6555.713669910881,647029,MARUTI.NS
2021-05-17,6438.64111328125,6554.18059650517,6419.18454622182,6437.347128725163,995827,MARUTI.NS
2021-05-18,6528.01513671875,6578.716397642778,6436.340663964997,6505.875132167712,805827,MARUTI.NS
2021-05-19,6494.27734375,6570.042118029824,6479.038279264538,6516.417346260295,432774,MARUTI.NS
2021-05-20,6457.8095703125,6531.465601380424,6449.806521895568,6498.974188861227,470476,MARUTI.NS
2021-05-21,6531.41748046875,6551.40100042253,6463.9435589349205,6498.207707243765,434363,MARUTI.NS
2021-05-24,6586.0009765625,6675.518969359634,6519.293615159258,6519.293615159258,1027484,MARUTI.NS
2021-05-25,6624.52978515625,6659.225418544459,6601.719154135612,6651.510181931143,438736,MARUTI.NS
2021-05-26,6741.93798828125,6757.944084739355,6624.721247159045,6638.139374685119,691574,MARUTI.NS
2021-05-27,6679.25634765625,6775.196054358977,6662.2440785991175,6730.149482771076,922091,MARUTI.NS
2021-05-28,6680.310546875,6754.110247321109,6652.036635665128,6698.137581099671,393809,MARUTI.NS
2021-05-31,6791.7763671875,6804.907149868715,6636.269862248599,6665.9336939911145,718277,MARUTI.NS
2021-06-01,6796.42529296875,6846.120380508412,6754.158097484099,6812.143577397407,642841,MARUTI.NS
2021-06-02,6886.08740234375,6898.547092212072,6769.87683337959,6769.87683337959,598862,MARUTI.NS
2021-06-03,6909.8564453125,6929.504417727912,6867.253703294957,6900.751287363895,401590,MARUTI.NS
2021-06-04,6914.84033203125,6969.758622430631,6853.883603617185,6900.751111317456,575591,MARUTI.NS
2021-06-07,6973.25732421875,7024.246398266039,6911.390356407532,6920.878796265717,520482,MARUTI.NS
2021-06-08,7031.8173828125,7060.283168026847,6991.994485909371,7013.367458170234,538816,MARUTI.NS
2021-06-09,6938.130859375,7034.166508941661,6900.751787194364,7006.371814243239,443778,MARUTI.NS
2021-06-10,6900.6552734375,6976.899270732463,6875.8795661179565,6956.340595555425,278027,MARUTI.NS
2021-06-11,6923.56201171875,6942.922640290457,6887.716535638259,6942.922640290457,253689,MARUTI.NS
2021-06-14,6879.5224609375,6913.163719381461,6800.163534866208,6895.95957466536,322353,MARUTI.NS
2021-06-15,6868.404296875,6928.402591621483,6858.867654385676,6882.684925276302,207625,MARUTI.NS
2021-06-16,6818.56591796875,6894.761720826186,6776.15504656697,6868.165072658968,283007,MARUTI.NS
2021-06-17,6679.6875,6804.044784535966,6643.027260050091,6766.569778989744,595255,MARUTI.NS
2021-06-18,6670.103515625,6699.33586553869,6537.503565943664,6699.33586553869,797389,MARUTI.NS
2021-06-21,6613.12451171875,6637.1813927469375,6557.631059808598,6584.46731670346,443795,MARUTI.NS
2021-06-22,6963.43310546875,6996.5474084797415,6641.973197556726,6651.557574465177,1757310,MARUTI.NS
2021-06-23,7123.77978515625,7168.155261634839,6939.136395503275,6964.103977347248,2227399,MARUTI.NS
2021-06-24,7214.59228515625,7236.204868794668,7102.119523829934,7139.210783226022,1041762,MARUTI.NS
2021-06-25,7331.08984375,7346.4248466915615,7226.620136210616,7226.620136210616,1216123,MARUTI.NS
2021-06-28,7280.53271484375,7378.053755322322,7256.715443301425,7378.053755322322,433364,MARUTI.NS
2021-06-29,7176.30224609375,7285.084924548727,7142.80466143632,7280.292736070534,480219,MARUTI.NS
2021-06-30,7203.521484375,7328.789473195873,7181.190074187404,7193.553826351076,729267,MARUTI.NS
2021-07-01,7269.1748046875,7288.918714922329,7183.538302519613,7188.282756333658,584331,MARUTI.NS
2021-07-02,7259.0634765625,7317.192629540697,7232.897846528413,7308.087471379634,434905,MARUTI.NS
2021-07-05,7283.599609375,7370.385956426484,7267.83312192224,7280.580156212482,484183,MARUTI.NS
2021-07-06,7202.61181640625,7339.668411989352,7176.254778794115,7284.126758262729,425103,MARUTI.NS
2021-07-07,7139.78564453125,7265.916138313627,7124.690250892095,7215.118940670754,395336,MARUTI.NS
2021-07-08,7093.58935546875,7186.365938458303,7078.062477395914,7145.1531169920845,391940,MARUTI.NS
2021-07-09,7117.07080078125,7138.347836285288,7038.191099665201,7074.228449692441,400686,MARUTI.NS
2021-07-12,7159.6259765625,7274.350695193344,7141.367456513621,7188.283171876946,496478,MARUTI.NS
2021-07-13,7121.52783203125,7216.269494591678,7096.272904420919,7207.451680341073,350032,MARUTI.NS
2021-07-14,7022.2333984375,7139.402406928166,7006.179567008308,7126.942716863719,460178,MARUTI.NS
2021-07-15,7003.3046875,7052.185013086766,6965.925614992473,7051.226575330163,430055,MARUTI.NS
2021-07-16,6999.99755859375,7028.223736384076,6970.525598973702,7028.223736384076,281552,MARUTI.NS
2021-07-19,6867.73291015625,6993.719730009705,6853.883766514025,6950.302690430624,386598,MARUTI.NS
2021-07-20,6932.0927734375,6963.05012499519,6847.510643564021,6881.5829177516125,413816,MARUTI.NS
2021-07-22,6996.1640625,7020.556490333643,6945.127252519076,6998.512422172868,439934,MARUTI.NS
2021-07-23,6990.701171875,7068.478300526751,6974.551402431615,6996.595470351903,436330,MARUTI.NS
2021-07-26,6935.0634765625,7054.101628742395,6881.582838909022,7003.30442951368,431758,MARUTI.NS
2021-07-27,6939.32861328125,7015.764020471496,6863.228752886136,6940.334785679485,417171,MARUTI.NS
2021-07-28,6867.25390625,7008.096514507066,6769.445525432632,6977.426507879027,739427,MARUTI.NS
2021-07-29,6702.833984375,6833.6607290475085,6647.723817205262,6833.6607290475085,1519226,MARUTI.NS
2021-07-30,6687.69140625,6800.11596933031,6675.423122017597,6709.064381298403,715546,MARUTI.NS
2021-08-02,6782.81640625,6812.048758418828,6738.776003246676,6804.908209792548,433760,MARUTI.NS
2021-08-03,6900.17626953125,6920.878617405924,6791.585465540392,6828.82086370592,470570,MARUTI.NS
2021-08-04,6807.6865234375,6947.331072808642,6712.41791696407,6919.919663094251,484122,MARUTI.NS
2021-08-05,6778.41259765625,6828.955315645625,6757.626765946691,6821.286966710676,495133,MARUTI.NS
2021-08-06,6849.06640625,6914.366533864541,6792.881451155125,6804.697171325292,517575,MARUTI.NS
2021-08-09,6830.69140625,6910.990069655276,6788.492408964945,6882.053614374096,264983,MARUTI.NS
2021-08-10,6753.720703125,6853.020690751743,6747.016902517532,6795.437426646641,356726,MARUTI.NS
2021-08-11,6772.5771484375,6843.471461676859,6679.642808248589,6753.7684530882825,414311,MARUTI.NS
2021-08-12,6763.41455078125,6833.633498059839,6737.371739476188,6773.060036449791,330283,MARUTI.NS
2021-08-13,6753.96240234375,6799.971088029078,6726.617355311067,6780.776665063283,431784,MARUTI.NS
2021-08-16,6584.82861328125,6769.201981434034,6568.575875401221,6734.960506606319,750966,MARUTI.NS
2021-08-17,6641.30224609375,6696.860334711007,6507.230002607529,6558.92989716763,752517,MARUTI.NS
2021-08-18,6597.6083984375,6697.583757925977,6578.2208790718505,6697.583757925977,434144,MARUTI.NS
2021-08-20,6608.02587890625,6669.515851871138,6539.639477677537,6573.398678521005,657982,MARUTI.NS
2021-08-23,6583.912109375,6672.747128480012,6559.894943739891,6660.20799684222,537302,MARUTI.NS
2021-08-24,6562.0166015625,6609.086380389974,6501.635770734858,6548.802098607374,646993,MARUTI.NS
2021-08-25,6473.51904296875,6595.582463941564,6462.474774555204,6595.582463941564,722194,MARUTI.NS
2021-08-26,6374.3154296875,6463.77730472412,6357.339281578004,6462.475070030743,1199429,MARUTI.NS
2021-08-27,6389.98974609375,6457.267009461222,6366.020619717737,6394.715939935404,1428388,MARUTI.NS
2021-08-30,6555.93994140625,6568.575621597938,6417.961459799105,6452.829795666697,819447,MARUTI.NS
2021-08-31,6603.3955078125,6628.377219495047,6523.771747425902,6578.220698043688,938326,MARUTI.NS
2021-09-01,6544.365234375,6578.220982010331,6464.74194152219,6558.88197235043,1108476,MARUTI.NS
2021-09-02,6552.08154296875,6615.790255255075,6470.384565961502,6609.761827009073,741052,MARUTI.NS
2021-09-03,6619.79296875,6711.32852809362,6512.245809956893,6529.993408334838,1196077,MARUTI.NS
2021-09-06,6604.1669921875,6707.470230133092,6595.582604781433,6679.498323795177,897444,MARUTI.NS
2021-09-07,6633.34423828125,6684.224168708546,6610.725859849203,6635.996746502578,743783,MARUTI.NS
2021-09-08,6540.8447265625,6615.211512504965,6516.4898761520735,6609.183084185552,847767,MARUTI.NS
2021-09-09,6561.10009765625,6576.725971895935,6501.056952949852,6510.702438043249,515702,MARUTI.NS
2021-09-13,6630.01708984375,6650.996019329566,6571.757984747767,6593.1711494389065,508397,MARUTI.NS
2021-09-14,6650.03125,6708.434470263603,6608.217980495114,6665.02979001028,817280,MARUTI.NS
2021-09-15,6664.0654296875,6692.037335529291,6636.093523845709,6692.037335529291,310138,MARUTI.NS
2021-09-16,6685.23779296875,6702.647705470241,6626.44837193561,6668.21313471241,556648,MARUTI.NS
2021-09-17,6765.77783203125,6814.294436188994,6703.612488978875,6708.435231776703,980793,MARUTI.NS
2021-09-20,6703.998046875,6766.742211691199,6661.365284188923,6732.452228671953,550405,MARUTI.NS
2021-09-21,6536.74560546875,6693.677844913622,6502.021857232528,6667.44193563564,1085249,MARUTI.NS
2021-09-22,6588.83154296875,6603.299772092529,6544.462306989163,6578.221508277979,548623,MARUTI.NS
2021-09-23,6603.974609375,6635.9973379915045,6579.185523763229,6624.519304677592,432740,MARUTI.NS
2021-09-24,6705.783203125,6788.300149912596,6605.22900859434,6607.158105851523,1649962,MARUTI.NS
2021-09-27,7140.9873046875,7183.957755127103,6726.7617325800775,6726.7617325800775,2646138,MARUTI.NS
2021-09-28,7160.66357421875,7254.899681379828,7073.516521853231,7183.957326619331,1346961,MARUTI.NS
2021-09-29,7122.2744140625,7200.354806277837,7032.523361362587,7128.495940495158,643556,MARUTI.NS
2021-09-30,7077.90478515625,7145.423178755112,7042.216491396852,7122.9493875598655,625717,MARUTI.NS
2021-10-01,6908.3857421875,6964.040380709813,6838.649071915868,6964.040380709813,901588,MARUTI.NS
2021-10-04,6916.10205078125,6959.169518890166,6878.966932835274,6925.458359794982,466994,MARUTI.NS
2021-10-05,7000.9345703125,7041.2044726044505,6901.971794078686,6910.797319189194,546004,MARUTI.NS
2021-10-06,6944.0263671875,7023.360487922461,6910.267166874751,7013.136178776403,726695,MARUTI.NS
2021-10-07,7226.8798828125,7287.164166119244,6969.104287392862,6978.460596550453,1646727,MARUTI.NS
2021-10-08,7166.595703125,7303.513557739309,7138.768383354069,7281.087804024954,630622,MARUTI.NS
2021-10-11,7427.794921875,7537.753451192737,7156.756792591807,7157.142988769681,1069536,MARUTI.NS
2021-10-12,7421.04345703125,7475.251274013128,7359.553486874045,7415.352714771679,406814,MARUTI.NS
2021-10-13,7216.89697265625,7475.203361705903,7172.913463768633,7465.605915067521,1084436,MARUTI.NS
2021-10-14,7231.1240234375,7291.9871319206095,7181.064047241923,7272.6961606721425,831546,MARUTI.NS
2021-10-18,7385.54833984375,7432.135847003805,7142.482102199682,7142.482102199682,913963,MARUTI.NS
2021-10-19,7384.24609375,7493.192042057966,7316.100832137928,7398.280557889291,658869,MARUTI.NS
2021-10-20,7321.64697265625,7395.531486453972,7248.582419327698,7345.037275206975,488082,MARUTI.NS
2021-10-21,7306.6962890625,7378.79629204688,7219.645783787046,7378.79629204688,563128,MARUTI.NS
2021-10-22,7146.2431640625,7354.682185507598,7124.685411265546,7330.568473423967,224520,MARUTI.NS
2021-10-25,7003.201171875,7133.848988068262,6963.702721066012,7094.254459182759,248058,MARUTI.NS
2021-10-26,7038.6484375,7077.8092027238445,6954.588125777101,7007.445197793265,292203,MARUTI.NS
2021-10-27,7095.4599609375,7196.737554262691,6987.189390930332,7026.735879752549,1218064,MARUTI.NS
2021-10-28,7108.43359375,7262.761360803999,6978.556755511844,6992.97694463434,961511,MARUTI.NS
2021-10-29,7217.13720703125,7282.340776255216,7036.236334149861,7089.431086817992,819875,MARUTI.NS
2021-11-01,7345.5673828125,7394.22904462921,7138.623683707381,7138.623683707381,1005690,MARUTI.NS
2021-11-02,7515.52099609375,7629.578859576034,7360.276722060768,7376.81910609945,1302733,MARUTI.NS
2021-11-03,7460.0595703125,7564.230812979048,7438.212640003015,7515.521111547005,656492,MARUTI.NS
2021-11-04,7472.7431640625,7542.721442280583,7461.26513078512,7499.075621432799,53365,MARUTI.NS
2021-11-08,7412.169921875,7603.150535814671,7400.016515884644,7484.848749707347,428433,MARUTI.NS
2021-11-09,7308.91455078125,7489.237087486408,7271.442217035921,7435.704643883409,632879,MARUTI.NS
2021-11-10,7245.35107421875,7311.278062285932,7195.532235442355,7301.632576715634,562432,MARUTI.NS
2021-11-11,7189.21435546875,7299.22092579687,7178.170086525312,7245.688482931759,486991,MARUTI.NS
2021-11-12,7214.6787109375,7276.554407469599,7178.170453391936,7263.0507274981555,349666,MARUTI.NS
2021-11-15,7237.10400390625,7311.13310188847,7187.815480957774,7187.815480957774,314414,MARUTI.NS
2021-11-16,7764.95361328125,7840.574126376977,7267.921456508652,7277.518903092639,2619355,MARUTI.NS
2021-11-17,7981.39794921875,8053.980226106718,7730.904507570495,7750.14743913383,2377268,MARUTI.NS
2021-11-18,7829.38525390625,8071.342354509222,7717.449581845215,7942.092847398295,1337493,MARUTI.NS
2021-11-22,7585.59521484375,7897.57861907928,7529.795989294613,7868.786751835044,672298,MARUTI.NS
2021-11-23,7575.56396484375,7671.970776390538,7528.301088057738,7570.837771359339,567198,MARUTI.NS
2021-11-24,7397.55712890625,7617.956474479704,7365.871614571626,7586.656685374209,571078,MARUTI.NS
2021-11-25,7304.0439453125,7445.736034091748,7171.418518771665,7369.1509728870915,1007618,MARUTI.NS
2021-11-26,6916.29541015625,7253.405129959557,6877.231193698356,7253.405129959557,1154876,MARUTI.NS
2021-11-29,6896.03955078125,6954.394735454621,6742.869436258369,6911.954601146715,733010,MARUTI.NS
2021-11-30,6817.23583984375,6992.976768539426,6766.838179684276,6896.039642299674,1287938,MARUTI.NS
2021-12-01,7015.40283203125,7118.368391075603,6877.279289496243,6936.068712767568,1669583,MARUTI.NS
2021-12-02,7065.27001953125,7094.688750014032,6988.781037693435,7026.73611695312,618573,MARUTI.NS
2021-12-03,6953.140625,7069.175615565448,6895.315756825418,7046.026452681893,603798,MARUTI.NS
2021-12-06,6793.17041015625,6944.749110789928,6772.09493150779,6937.99727137666,609507,MARUTI.NS
2021-12-07,6931.82470703125,7004.358475444318,6839.8068695102165,6876.266616329748,637151,MARUTI.NS
2021-12-08,7171.3212890625,7232.039803329634,6897.582623052259,6968.862660429805,930339,MARUTI.NS
2021-12-09,7158.6376953125,7204.212611080818,7065.317629691658,7204.212611080818,615037,MARUTI.NS
2021-12-10,7162.39990234375,7210.000467854146,7097.10024757868,7118.368354884763,431682,MARUTI.NS
2021-12-13,7249.93212890625,7307.322763688124,7161.77249168761,7219.645400711348,883009,MARUTI.NS
2021-12-14,7227.5068359375,7288.417982361446,7193.409950676778,7250.318314833076,749704,MARUTI.NS
2021-12-15,7299.6552734375,7369.150806992017,7188.828269995364,7210.964847260775,529018,MARUTI.NS
2021-12-16,7186.65771484375,7350.824056548565,7143.446130796308,7322.369876038371,595582,MARUTI.NS
2021-12-17,7037.9248046875,7214.822908545069,6984.295812937813,7214.822908545069,1081907,MARUTI.NS
2021-12-20,7028.279296875,7061.989984859454,6786.41875696994,6944.749301361654,867425,MARUTI.NS
2021-12-21,7055.8173828125,7142.43412704457,7025.771789029176,7047.474131870082,415744,MARUTI.NS
2021-12-22,7160.56689453125,7189.744486524457,7046.509034921441,7046.509034921441,368978,MARUTI.NS
2021-12-23,7125.2646484375,7234.114045299973,7094.254507090841,7215.78762305188,249919,MARUTI.NS
2021-12-24,7057.69775390625,7185.741564203605,6995.050141948661,7177.205215989594,357447,MARUTI.NS
2021-12-27,7031.076171875,7070.140385464539,6931.438501897962,7019.115864871404,190180,MARUTI.NS
2021-12-28,7038.74462890625,7098.112400601719,6997.895905799779,7060.4950091594765,214533,MARUTI.NS
2021-12-29,7089.47998046875,7103.900169880864,6983.765834690347,7038.986239948416,287776,MARUTI.NS
2021-12-30,7024.083984375,7132.981426221989,6998.185760484558,7089.432151485633,296041,MARUTI.NS
2021-12-31,7163.171875,7185.404531022652,7031.607074029446,7031.607074029446,313398,MARUTI.NS
2022-01-03,7257.16650390625,7336.307992429113,7156.95000703163,7156.95000703163,456599,MARUTI.NS
2022-01-04,7359.60205078125,7377.831924343636,7253.405160290776,7330.569044974721,495182,MARUTI.NS
2022-01-05,7499.7021484375,7531.194562242444,7335.970043296536,7354.537601611491,710043,MARUTI.NS
2022-01-06,7602.66796875,7619.402979733314,7411.542774081676,7506.116567893493,739981,MARUTI.NS
2022-01-07,7625.720703125,7663.144997823037,7557.7200315375585,7602.668087376784,523116,MARUTI.NS
2022-01-10,7837.53564453125,7940.163514125068,7643.227154403252,7668.160828145566,827930,MARUTI.NS
2022-01-11,7855.138671875,7873.079368799457,7783.231296091281,7812.843124469942,688923,MARUTI.NS
2022-01-12,7881.0849609375,7909.298005652786,7827.311379984434,7909.298005652786,288174,MARUTI.NS
2022-01-13,7790.70703125,7967.171384876057,7670.090417982374,7885.184754402151,684931,MARUTI.NS
2022-01-14,7797.603515625,7856.247878620297,7669.125461376302,7669.125461376302,299536,MARUTI.NS
2022-01-17,7972.47607421875,8072.210771493286,7812.939837558697,7836.7639042632945,862249,MARUTI.NS
2022-01-18,7634.5458984375,7956.512467488479,7611.734420807309,7956.512467488479,785199,MARUTI.NS
2022-01-19,7731.53173828125,7774.261049207993,7581.351345753701,7647.905193445432,681632,MARUTI.NS
2022-01-20,7751.44970703125,7851.42506840713,7714.024941321621,7716.388273618802,522850,MARUTI.NS
2022-01-21,7899.26708984375,7951.738438035425,7577.541630647051,7687.452128959527,1041476,MARUTI.NS
2022-01-24,7766.83349609375,8037.389343304763,7670.860922840646,7898.687461001716,1153538,MARUTI.NS
2022-01-25,8297.625,8356.848657893428,7608.262432190567,7706.742933583621,2162832,MARUTI.NS
2022-01-27,8507.51171875,8653.592792069949,8102.25624917696,8349.13265082538,2899559,MARUTI.NS
2022-01-28,8247.806640625,8613.41858138253,8220.219986834129,8483.204526680778,1045088,MARUTI.NS
2022-01-31,8292.5126953125,8410.862985573573,8249.590286727864,8319.230877359181,561419,MARUTI.NS
2022-02-01,8255.9580078125,8479.153997992476,8054.945694415383,8384.821329368091,819689,MARUTI.NS
2022-02-02,8213.3720703125,8375.175090164521,8141.030928798928,8275.537412974885,580433,MARUTI.NS
2022-02-03,8288.994140625,8486.099286605368,8220.559223390866,8246.891213966344,810019,MARUTI.NS
2022-02-04,8247.419921875,8372.280912582946,8191.0418741156,8333.602894821155,404421,MARUTI.NS
2022-02-07,8209.8994140625,8309.585122299055,8102.207199920146,8242.066728966387,446099,MARUTI.NS
2022-02-08,8294.5869140625,8477.512974730878,8136.979309965948,8311.225375942955,998182,MARUTI.NS
2022-02-09,8632.1787109375,8671.097865906813,8316.337118081952,8316.337118081952,1403525,MARUTI.NS
2022-02-10,8493.2841796875,8729.164338137967,8478.28563819102,8729.164338137967,811887,MARUTI.NS
2022-02-11,8427.40625,8550.723412797499,8365.819256193276,8428.225739540276,671572,MARUTI.NS
2022-02-14,8069.798828125,8309.633243946644,8029.866144037359,8198.662129047154,995540,MARUTI.NS
2022-02-15,8317.0126953125,8357.089497850706,8060.249691408884,8111.853037126633,682766,MARUTI.NS
2022-02-16,8278.671875,8426.682033190204,8241.10252190793,8410.863060748728,422704,MARUTI.NS
2022-02-17,8249.25390625,8351.35099932519,8222.776858651046,8271.004288907065,305313,MARUTI.NS
2022-02-18,8265.3115234375,8339.437634988031,8218.000611628,8246.88902531557,385273,MARUTI.NS
2022-02-21,8307.3681640625,8414.963375222025,8144.262425759191,8241.151523915318,626049,MARUTI.NS
2022-02-22,8317.1083984375,8352.796691997894,8087.593900516814,8193.839291771326,620828,MARUTI.NS
2022-02-23,8390.462890625,8478.333829881036,8348.360911014475,8381.92701261908,557954,MARUTI.NS
2022-02-24,7919.087890625,8282.818736965033,7865.892666447331,8104.136135314589,947351,MARUTI.NS
2022-02-25,8059.86328125,8165.867537350499,7918.508888065177,7967.170547899259,1344343,MARUTI.NS
2022-02-28,8019.40185546875,8044.287020141133,7826.443631808321,8005.753116451268,961303,MARUTI.NS
2022-03-02,7537.1748046875,7908.332865685105,7488.754283349086,7907.079141068794,1783011,MARUTI.NS
2022-03-03,7326.2763671875,7658.467256269543,7290.540032692868,7643.082518893734,1050154,MARUTI.NS
2022-03-04,6990.3720703125,7252.633181037174,6877.230721032281,7216.75178888689,2511658,MARUTI.NS
2022-03-07,6529.07666015625,6780.631184781702,6491.411230631376,6744.1229308431775,2469925,MARUTI.NS
2022-03-08,6565.00634765625,6611.980048570581,6304.819386591054,6467.297771796608,2840376,MARUTI.NS
2022-03-09,6777.73779296875,6827.170904115594,6536.74525350551,6630.306458993194,1827539,MARUTI.NS
2022-03-10,6956.130859375,7137.514491957839,6922.853935285613,6997.799544014441,1535070,MARUTI.NS
2022-03-11,6850.75439453125,6944.749842946752,6829.004012230973,6944.749842946752,1024452,MARUTI.NS
2022-03-14,7057.3603515625,7074.963361972315,6763.414191431476,6800.067035024516,1023874,MARUTI.NS
2022-03-15,7157.046875,7349.860038239408,7058.566372681888,7061.460018366234,1586111,MARUTI.NS
2022-03-16,7220.4169921875,7326.469288434,7176.240859157945,7301.632164492694,584457,MARUTI.NS
2022-03-17,7420.271484375,7467.486321035851,7263.050081547348,7305.490214825978,1133271,MARUTI.NS
2022-03-21,7432.376953125,7658.515550949162,7378.796469113488,7565.918889375974,1354525,MARUTI.NS
2022-03-22,7491.310546875,7532.159270227099,7269.464390881629,7441.443671784276,1093502,MARUTI.NS
2022-03-23,7373.8291015625,7584.052176162323,7341.179038840549,7523.47871540616,808597,MARUTI.NS
2022-03-24,7289.04541015625,7383.619207832918,7259.530130101874,7329.8936647905375,565485,MARUTI.NS
2022-03-25,7152.5615234375,7274.914126635109,7123.190832564137,7248.582140381786,686637,MARUTI.NS
2022-03-28,7212.26708984375,7271.731412893874,7150.198297358043,7161.772879790027,599515,MARUTI.NS
2022-03-29,7175.4208984375,7294.976873715066,7138.623467259987,7267.872966599649,446257,MARUTI.NS
2022-03-30,7329.21826171875,7359.456951121516,7224.468201347481,7254.369204584033,589206,MARUTI.NS
2022-03-31,7293.240234375,7381.448381270736,7261.120958375238,7329.169665259627,434317,MARUTI.NS
2022-04-01,7427.07177734375,7454.995645891089,7250.849042135632,7305.490622587542,449386,MARUTI.NS
2022-04-04,7499.171875,7517.691395540606,7361.096844319723,7378.796404398978,491029,MARUTI.NS
2022-04-05,7486.68115234375,7619.933438469116,7455.960187261552,7505.152162623821,488132,MARUTI.NS
2022-04-06,7469.6572265625,7570.7417283423165,7402.910277108839,7464.641385608509,393628,MARUTI.NS
2022-04-07,7369.63330078125,7473.322271376628,7350.872642829323,7388.20086063205,458566,MARUTI.NS
2022-04-08,7290.009765625,7456.442426428814,7248.967943006908,7435.511534896582,849846,MARUTI.NS
2022-04-11,7297.1953125,7346.53187533021,7219.645705330323,7344.892425421261,496254,MARUTI.NS
2022-04-12,7348.2685546875,7438.116158104331,7234.114139373984,7272.696081450646,598047,MARUTI.NS
2022-04-13,7204.6953125,7431.798454409791,7176.241130597765,7348.268456733102,527991,MARUTI.NS
2022-04-18,7305.00830078125,7329.604288325968,7094.254446721608,7113.063143079333,551783,MARUTI.NS
2022-04-19,7171.51513671875,7405.803889188246,7089.431959564158,7311.2781297273905,425990,MARUTI.NS
2022-04-20,7394.904296875,7426.05902555708,7207.685335703198,7233.1493223344,542622,MARUTI.NS
2022-04-21,7599.87109375,7619.740417025317,7413.568165271199,7436.476193243879,772708,MARUTI.NS
2022-04-22,7624.27392578125,7732.447950225347,7456.924754281086,7512.868569537625,960818,MARUTI.NS
2022-04-25,7631.845703125,7714.459191040411,7533.124066269768,7533.124066269768,701521,MARUTI.NS
2022-04-26,7626.44384765625,7781.495018935314,7552.414750327054,7716.387995225598,801963,MARUTI.NS
2022-04-27,7512.2900390625,7586.17455421703,7446.315010623709,7572.670874145951,570519,MARUTI.NS
2022-04-28,7608.5029296875,7658.514862118569,7491.358800430728,7565.918208873811,561932,MARUTI.NS
2022-04-29,7444.19287109375,7664.785320580329,7355.647499496079,7637.295685944133,1162749,MARUTI.NS
2022-05-02,7364.08740234375,7475.251628169103,7276.84379334014,7393.264997408539,544053,MARUTI.NS
2022-05-04,7135.63330078125,7472.357278535089,7095.701086813396,7378.796073421121,599211,MARUTI.NS
2022-05-05,7145.0380859375,7270.7670856253635,7118.513000390312,7185.886811874364,524174,MARUTI.NS
2022-05-06,7021.18994140625,7098.98068675932,6902.936196517768,7054.708003083465,650559,MARUTI.NS
2022-05-09,7099.36669921875,7161.290906218393,6877.231350439375,6946.196573659069,570578,MARUTI.NS
2022-05-10,7249.45068359375,7306.4555996944755,7089.576754135089,7089.576754135089,663616,MARUTI.NS
2022-05-11,7134.23486328125,7291.552345136006,7086.152026887302,7252.440092276634,605312,MARUTI.NS
2022-05-12,6996.49755859375,7064.3056048526905,6955.166558659415,6965.487416625857,571754,MARUTI.NS
2022-05-13,6850.17578125,7079.786375798791,6811.979564374384,7079.786375798791,703097,MARUTI.NS
2022-05-16,6990.66162109375,7046.364295520933,6896.521595746437,6903.273435070944,369545,MARUTI.NS
2022-05-17,7265.7509765625,7315.762912024575,6997.847622422591,7021.913296628403,811448,MARUTI.NS
2022-05-18,7298.30419921875,7369.295062380022,7243.373445216052,7297.773885936856,576970,MARUTI.NS
2022-05-19,7142.0478515625,7258.227914002938,7123.239154642492,7185.886772002908,363255,MARUTI.NS
2022-05-20,7317.64404296875,7377.735228583033,7185.886618296792,7253.935329360867,742204,MARUTI.NS
2022-05-23,7617.47412109375,7672.839113571493,7500.426060564373,7523.575225723371,1161175,MARUTI.NS
2022-05-24,7526.0341796875,7660.396066898201,7515.086460134164,7638.259490669079,581609,MARUTI.NS
2022-05-25,7511.1806640625,7580.8692965038,7423.213648288,7562.060599858743,454335,MARUTI.NS
2022-05-26,7528.30126953125,7562.012429011258,7349.859791649984,7523.47852688581,476799,MARUTI.NS
2022-05-27,7661.36083984375,7683.496945750453,7555.30854189563,7644.047005556347,431411,MARUTI.NS
2022-05-30,7729.79541015625,7774.2611918122975,7669.125401501188,7697.290407110532,389517,MARUTI.NS
2022-05-31,7683.93115234375,7812.842967106822,7619.933264215296,7729.795245817829,2494005,MARUTI.NS
2022-06-01,7657.9365234375,7782.845558375066,7600.738983858337,7692.322584421101,522004,MARUTI.NS
2022-06-02,7644.43310546875,7689.381162807304,7577.107803997138,7644.047380236814,352848,MARUTI.NS
2022-06-03,7431.89453125,7711.56556849195,7408.697327277882,7668.160884241526,591905,MARUTI.NS
2022-06-06,7437.19921875,7501.197105665024,7322.32186963299,7417.377935542098,606990,MARUTI.NS
2022-06-07,7532.54541015625,7542.769719059144,7287.164351341667,7345.085303826615,991192,MARUTI.NS
2022-06-08,7612.65087890625,7640.188549764912,7446.989676605767,7546.627346718933,813596,MARUTI.NS
2022-06-09,7648.72509765625,7726.033566553099,7552.511383765654,7569.77670790371,687937,MARUTI.NS
2022-06-10,7653.78955078125,7705.007174703463,7548.557206241921,7548.557206241921,442921,MARUTI.NS
2022-06-13,7621.47705078125,7684.896119058004,7517.450393641839,7571.658211492642,565826,MARUTI.NS
2022-06-14,7534.71533203125,7621.283561471091,7475.251010125539,7528.301178584495,553462,MARUTI.NS
2022-06-15,7575.0341796875,7647.905635995724,7538.911647237051,7538.911647237051,604566,MARUTI.NS
2022-06-16,7555.8876953125,7740.502195539011,7528.30151229682,7656.586470802326,1319566,MARUTI.NS
2022-06-17,7415.59423828125,7571.417347475115,7375.083197008126,7528.301836588891,1317656,MARUTI.NS
2022-06-20,7389.35791015625,7508.141961979947,7355.646752191544,7426.830242050182,1043423,MARUTI.NS
2022-06-21,7504.76611328125,7562.060199681587,7354.826861367297,7441.443598788054,954884,MARUTI.NS
2022-06-22,7506.84033203125,7590.032645627048,7443.035538754581,7475.251366578932,796824,MARUTI.NS
2022-06-23,7977.78125,8022.921934843381,7526.372517682264,7533.124357695563,1676430,MARUTI.NS
2022-06-24,8066.712890625,8092.562604238224,7946.240395937679,8015.398717666227,1156788,MARUTI.NS
2022-06-27,8149.228515625,8243.706222356961,8093.76698112008,8144.64691060068,921090,MARUTI.NS
2022-06-28,8188.728515625,8237.149044193533,8083.929932462313,8116.917683284191,691242,MARUTI.NS
2022-06-29,8207.248046875,8227.599645775323,8073.271868128892,8092.514801292581,655413,MARUTI.NS
2022-06-30,8170.4501953125,8328.491109389748,8136.545934657028,8198.663242352359,1130302,MARUTI.NS
2022-07-01,8104.71533203125,8150.43531043104,8011.154121958846,8140.789824856565,530569,MARUTI.NS
2022-07-04,8144.01953125,8167.409830452289,8025.042860331783,8104.714183105947,625431,MARUTI.NS
2022-07-05,8052.7265625,8206.90926942509,8039.512059149364,8197.215745012703,610290,MARUTI.NS
2022-07-06,8324.1015625,8345.7078255949,8073.270914413674,8080.022753888094,976098,MARUTI.NS
2022-07-07,8301.291015625,8391.572383107867,8272.16146103318,8386.749640358954,547662,MARUTI.NS
2022-07-08,8175.46484375,8350.048117910472,8145.611880028661,8314.407863332985,686327,MARUTI.NS
2022-07-11,8206.0419921875,8222.776533046888,8117.736817331827,8152.075311479581,536114,MARUTI.NS
2022-07-12,8121.208984375,8196.202628315752,8079.299164742565,8193.839296163329,424358,MARUTI.NS
2022-07-13,8140.98291015625,8187.233201801526,8083.881447256751,8154.293491839706,413855,MARUTI.NS
2022-07-14,8264.0107421875,8282.915516768653,8150.43515175914,8164.855340800639,606496,MARUTI.NS
2022-07-15,8466.85546875,8487.062949876195,8272.161714780965,8291.259588264094,631246,MARUTI.NS
2022-07-18,8396.2021484375,8529.502948321771,8376.139726702055,8489.956457212285,478682,MARUTI.NS
2022-07-19,8406.859375,8486.965878696627,8360.175794386336,8391.523619547706,478458,MARUTI.NS
2022-07-20,8438.8828125,8551.15663397114,8411.055965226644,8464.395308553037,398132,MARUTI.NS
2022-07-21,8485.1328125,8518.795930569939,8412.839716950451,8481.274618655507,421090,MARUTI.NS
2022-07-22,8517.8798828125,8573.871735627083,8479.345981313723,8536.25434360442,415294,MARUTI.NS
2022-07-25,8315.951171875,8544.549171901732,8189.016962982915,8515.51663812658,623462,MARUTI.NS
2022-07-26,8223.595703125,8319.617262786342,8171.027808269397,8316.337421009406,429454,MARUTI.NS
2022-07-27,8351.15625,8398.75727941607,8160.0795858827105,8252.24199849093,1298855,MARUTI.NS
2022-07-28,8411.875,8459.234893657644,8322.89540624365,8391.571443688408,725196,MARUTI.NS
2022-07-29,8462.513671875,8625.956591383792,8420.507776225037,8453.977795064147,821432,MARUTI.NS
2022-08-01,8684.216796875,8762.923581823794,8509.825665380471,8536.254672442552,1009408,MARUTI.NS
2022-08-02,8847.8515625,8870.8076287566,8636.567398788253,8666.468402737597,848311,MARUTI.NS
2022-08-03,8698.72265625,8878.630080711957,8597.894209741975,8878.630080711957,753729,MARUTI.NS
2022-08-04,8705.7607421875,8784.69464569483,8573.038651799883,8761.393068385294,643264,MARUTI.NS
2022-08-05,8583.9130859375,8723.722552646597,8553.62084518847,8705.857630420762,558385,MARUTI.NS
2022-08-08,8662.3134765625,8736.150164014598,8583.719004229059,8583.913373679172,520993,MARUTI.NS
2022-08-10,8621.2919921875,8737.605502114693,8569.154526547505,8678.477374084698,445375,MARUTI.NS
2022-08-11,8557.359375,8736.150838601623,8470.124462765121,8695.081992836633,508318,MARUTI.NS
2022-08-12,8446.044921875,8558.474838462274,8422.548976024982,8558.474838462274,712782,MARUTI.NS
2022-08-16,8741.68359375,8776.927038135038,8451.724225561267,8482.890652624852,963726,MARUTI.NS
2022-08-17,8684.060546875,8806.054391881047,8660.419534242441,8747.800448825605,623749,MARUTI.NS
2022-08-18,8687.314453125,8750.131817317952,8618.671694072924,8665.274852945911,442229,MARUTI.NS
2022-08-19,8523.4755859375,8707.02388715016,8461.386393456027,8694.839292012657,572597,MARUTI.NS
2022-08-22,8376.9169921875,8512.309054157498,8351.86798635975,8496.337575177657,488485,MARUTI.NS
2022-08-23,8466.7255859375,8502.163403022154,8314.779877067685,8356.528538290702,558231,MARUTI.NS
2022-08-24,8450.705078125,8516.726211547852,8343.906185823329,8407.985521204331,442582,MARUTI.NS
2022-08-25,8481.677734375,8577.893454877401,8427.404096019904,8467.210958685435,525721,MARUTI.NS
2022-08-26,8466.8232421875,8575.709967469938,8452.842862498104,8543.913018452402,398063,MARUTI.NS
2022-08-29,8577.1171875,8602.069484489366,8340.023432989312,8352.256382632386,459057,MARUTI.NS
2022-08-30,8817.947265625,8897.318257280684,8611.873957014368,8626.243072297028,1016312,MARUTI.NS
2022-09-01,8761.8798828125,8964.943830964703,8680.809799127548,8689.49953664828,888864,MARUTI.NS
2022-09-02,8660.03125,8883.630071681207,8643.040515716848,8763.820743249975,632909,MARUTI.NS
2022-09-05,8689.5947265625,8754.402237208336,8616.728943547472,8641.00141944479,386455,MARUTI.NS
2022-09-06,8630.078125,8760.178585554071,8611.873769512024,8722.847330938024,397902,MARUTI.NS
2022-09-07,8529.251953125,8615.321590162988,8505.07618607834,8606.04969331032,496785,MARUTI.NS
2022-09-08,8534.8349609375,8626.535626804092,8524.494505770403,8572.068563946113,428924,MARUTI.NS
2022-09-09,8685.6630859375,8727.411745974981,8475.94888667945,8577.553853679285,632296,MARUTI.NS
2022-09-12,8667.84765625,8750.033695485483,8644.885513471248,8708.86814287895,383641,MARUTI.NS
2022-09-13,8666.73046875,8727.460015391967,8651.584822654564,8711.19745611884,405093,MARUTI.NS
2022-09-14,8706.2470703125,8738.092372887171,8568.864840227663,8602.020477400785,509547,MARUTI.NS
2022-09-15,8941.7373046875,9053.6334174338,8767.218204764313,8767.266560086897,1392132,MARUTI.NS
2022-09-16,8922.2236328125,9044.799648848077,8757.558570305428,8941.495601422796,1056382,MARUTI.NS
2022-09-19,9010.767578125,9071.54642423058,8806.053903840548,8908.289378608135,727024,MARUTI.NS
2022-09-20,9030.1865234375,9155.578521577434,8980.816683413708,9067.22670339466,747257,MARUTI.NS
2022-09-21,8978.7783203125,9124.50989846724,8943.388857881135,9029.361785033554,440725,MARUTI.NS
2022-09-22,9128.2470703125,9160.4327538402,8918.678884660952,8931.30057261007,511112,MARUTI.NS
2022-09-23,9071.5478515625,9175.96786550321,9007.3708488693,9124.461855230888,574213,MARUTI.NS
2022-09-26,8577.8447265625,9000.525247497377,8543.911615234638,9000.525247497377,865432,MARUTI.NS
2022-09-27,8518.716796875,8649.691460696517,8418.180387789052,8631.292733688331,686285,MARUTI.NS
2022-09-28,8472.7939453125,8592.45726255658,8408.034783998733,8466.24037621394,663740,MARUTI.NS
2022-09-29,8373.859375,8543.912744855379,8353.7132171073,8515.174508516538,817007,MARUTI.NS
2022-09-30,8571.2431640625,8613.816709819197,8309.148765595213,8415.75329584229,658982,MARUTI.NS
2022-10-03,8298.2744140625,8708.964723779178,8262.351148200758,8708.964723779178,1123076,MARUTI.NS
2022-10-04,8437.5986328125,8503.668126972147,8378.859237232826,8445.85127516667,503140,MARUTI.NS
2022-10-06,8449.7353515625,8568.185048550966,8437.59911211696,8479.833225387438,474445,MARUTI.NS
2022-10-07,8523.619140625,8588.183924950521,8457.501297137043,8495.366358621184,428616,MARUTI.NS
2022-10-10,8604.49609375,8618.1370357322,8406.043949277462,8422.549233077152,411218,MARUTI.NS
2022-10-11,8431.4345703125,8592.457821529659,8412.841471588079,8554.592753163595,422610,MARUTI.NS
2022-10-12,8433.8115234375,8466.239931791491,8340.605212261815,8444.880152147065,380365,MARUTI.NS
2022-10-13,8397.83984375,8529.785406344867,8341.964792016925,8412.840423978894,355605,MARUTI.NS
2022-10-14,8366.529296875,8511.484354520344,8355.849405917097,8505.076799203092,274160,MARUTI.NS
2022-10-17,8469.9287109375,8495.075374901671,8317.74028901543,8359.440591700304,304671,MARUTI.NS
2022-10-18,8551.0478515625,8629.59396839975,8497.35732069479,8509.979009057424,369973,MARUTI.NS
2022-10-19,8465.6083984375,8597.311236100028,8441.967385419506,8593.816378717163,385416,MARUTI.NS
2022-10-20,8454.0068359375,8484.88123634971,8360.411787499363,8446.821803651663,328270,MARUTI.NS
2022-10-21,8450.0263671875,8538.087109560973,8389.539539881323,8475.94956407406,356203,MARUTI.NS
2022-10-24,8510.3671875,8533.037300847083,8491.336997412618,8533.037300847083,30052,MARUTI.NS
2022-10-25,8742.9462890625,8754.597078120662,8541.388017613752,8563.329957749167,727441,MARUTI.NS
2022-10-27,8778.8212890625,8812.802757493555,8642.94377066445,8786.636837172913,849108,MARUTI.NS
2022-10-28,9216.306640625,9272.036619627102,8787.606398768112,8830.325952579382,1873029,MARUTI.NS
2022-10-31,9250.337890625,9484.713312742117,9176.064109437082,9369.17631978313,1932020,MARUTI.NS
2022-11-01,9179.462890625,9356.458567391364,9102.17969614244,9354.613479715455,805517,MARUTI.NS
2022-11-02,8960.81640625,9179.462121967295,8941.980584718545,9170.14186999638,788679,MARUTI.NS
2022-11-03,8970.234375,9039.071507196297,8897.708963634484,8941.98158767754,616860,MARUTI.NS
2022-11-04,8960.9130859375,9052.663049274744,8923.581826569969,8988.486999150275,465775,MARUTI.NS
2022-11-07,9061.6923828125,9080.624915267535,8984.99135389209,9007.030953096686,469017,MARUTI.NS
2022-11-09,8984.2138671875,9204.947374859898,8951.688750793619,9204.461925361482,617256,MARUTI.NS
2022-11-10,8832.51171875,8981.544728596726,8807.02561771758,8933.242499020995,445700,MARUTI.NS
2022-11-11,8823.0947265625,8971.108497406576,8786.637651680683,8932.272529885335,461074,MARUTI.NS
2022-11-14,8886.0078125,8896.396622281125,8730.858329198512,8835.181624937073,282822,MARUTI.NS
2022-11-15,8895.572265625,8935.7185656959,8864.309123774408,8922.563072013889,359888,MARUTI.NS
2022-11-16,8869.115234375,8983.24423795585,8835.036105883033,8893.436068054643,350737,MARUTI.NS
2022-11-17,8724.9365234375,8902.75612709297,8708.965043400302,8836.15282720024,409572,MARUTI.NS
2022-11-18,8590.5634765625,8761.345005212537,8578.864332193612,8747.80077332101,515615,MARUTI.NS
2022-11-21,8607.21484375,8669.352385809261,8530.319445822935,8568.184510515297,520644,MARUTI.NS
2022-11-22,8615.515625,8674.93483773057,8601.24321903799,8616.729248837864,455948,MARUTI.NS
2022-11-23,8674.498046875,8727.41204805634,8642.943825987044,8679.837991948347,621006,MARUTI.NS
2022-11-24,8706.1494140625,8733.141169026068,8661.39134237463,8707.897791052552,455343,MARUTI.NS
2022-11-25,8757.0244140625,8815.763809489163,8687.119679009282,8738.091881652254,545439,MARUTI.NS
2022-11-28,8723.9169921875,8839.161954726167,8689.54678542123,8765.276913830487,439956,MARUTI.NS
2022-11-29,8650.9052734375,8762.121574723711,8629.351123980647,8723.528335842271,606692,MARUTI.NS
2022-11-30,8712.994140625,8757.50948307476,8611.874624708771,8664.303173720527,1087650,MARUTI.NS
2022-12-01,8697.4599609375,8762.364185089828,8670.128772615197,8756.587145942953,694489,MARUTI.NS
2022-12-02,8559.2998046875,8669.060698163255,8499.97825341764,8563.32941490546,971612,MARUTI.NS
2022-12-05,8536.193359375,8595.564219410166,8509.930727989231,8586.631757939163,519621,MARUTI.NS
2022-12-06,8463.6669921875,8543.912183027605,8441.919420971446,8521.775872909402,551379,MARUTI.NS
2022-12-07,8407.1611328125,8493.279122539667,8389.538935284545,8466.239962467449,546450,MARUTI.NS
2022-12-08,8430.025390625,8457.501644175036,8355.605599012373,8412.840287771402,476001,MARUTI.NS
2022-12-09,8362.6943359375,8508.717956461796,8296.770848427377,8453.619426263056,790406,MARUTI.NS
2022-12-12,8407.744140625,8440.317618355932,8267.497565002053,8358.47100743562,445039,MARUTI.NS
2022-12-13,8369.830078125,8444.248925406084,8359.441268105013,8409.928021408317,330236,MARUTI.NS
2022-12-14,8390.12109375,8425.171119354329,8345.896830372862,8398.2770252632,343670,MARUTI.NS
2022-12-15,8334.34375,8421.189914536635,8325.4596441252,8389.538983660157,472176,MARUTI.NS
2022-12-16,8238.8544921875,8338.080558985317,8200.2129018619,8310.40993766125,624222,MARUTI.NS
2022-12-19,8353.4697265625,8370.558119371977,8205.068180440669,8251.476967149069,464106,MARUTI.NS
2022-12-20,8276.2822265625,8334.585468020825,8186.668441575289,8334.585468020825,694906,MARUTI.NS
2022-12-21,8107.396484375,8317.644501606199,8047.103079441679,8276.28362973115,800720,MARUTI.NS
2022-12-22,8091.81201171875,8140.017528174884,8046.811220600363,8113.463818763955,580858,MARUTI.NS
2022-12-23,7904.671875,8087.540807610122,7886.467517640454,8058.171111070054,503012,MARUTI.NS
2022-12-26,8016.51953125,8103.12392094442,7841.029518224514,7909.914999273207,315102,MARUTI.NS
2022-12-27,8063.75390625,8073.025802780812,7991.275911096266,8057.443062267068,423308,MARUTI.NS
2022-12-28,8175.98876953125,8207.494631460295,8046.42210937928,8073.025121025889,538632,MARUTI.NS
2022-12-29,8190.310546875,8203.126604793859,8090.502307698808,8126.425574875678,452134,MARUTI.NS
2022-12-30,8150.3095703125,8242.933727854706,8118.901362279507,8223.51574498579,433976,MARUTI.NS
2023-01-02,8158.755859375,8207.980631213626,8094.967601675456,8121.570615105511,398159,MARUTI.NS
2023-01-03,8138.8037109375,8157.493516960052,8062.491427682066,8136.133738648564,493207,MARUTI.NS
2023-01-04,8177.6884765625,8288.61369503051,8069.190505763375,8132.250589829711,566744,MARUTI.NS
2023-01-05,8214.873046875,8228.36892206359,8145.890863416674,8199.193597107282,417716,MARUTI.NS
2023-01-06,8139.09521484375,8237.059309731101,8107.00719038359,8213.806087502415,368978,MARUTI.NS
2023-01-09,8133.2216796875,8201.136260684754,8082.831637641959,8179.678821902294,613406,MARUTI.NS
2023-01-10,8051.8115234375,8165.260693771898,8022.441828314242,8136.133723401726,493677,MARUTI.NS
2023-01-11,8043.3642578125,8092.103576317938,8009.091713390439,8092.103576317938,327536,MARUTI.NS
2023-01-12,8125.64892578125,8133.221749121739,8019.62655458345,8073.026005007432,283772,MARUTI.NS
2023-01-13,8207.3994140625,8252.691291407804,8107.978959904495,8152.640321676212,705220,MARUTI.NS
2023-01-16,8136.23046875,8266.525306390384,8100.792654648465,8233.22365975382,500575,MARUTI.NS
2023-01-17,8232.5927734375,8246.13700529589,8099.386177550274,8165.115287060325,409248,MARUTI.NS
2023-01-18,8246.8642578125,8288.953297309998,8217.98001327528,8226.427023995542,402883,MARUTI.NS
2023-01-19,8254.2451171875,8271.089838140342,8210.40864141728,8232.253872237583,184776,MARUTI.NS
2023-01-20,8194.193359375,8252.64167000777,8167.202556247689,8215.795862570021,346337,MARUTI.NS
2023-01-23,8172.15380859375,8235.16553460856,8134.095325307546,8233.223736557487,410827,MARUTI.NS
2023-01-24,8445.65625,8464.297700910833,8172.057094352658,8204.096762181294,1039571,MARUTI.NS
2023-01-25,8528.474609375,8575.951955759909,8427.695470009296,8493.32881962791,1131883,MARUTI.NS
2023-01-27,8483.23046875,8630.321675160945,8369.24654076223,8571.5339271779,743546,MARUTI.NS
2023-01-30,8560.416015625,8607.019165080597,8464.29701987283,8523.52185563932,1036998,MARUTI.NS
2023-01-31,8636.4384765625,8683.575437703681,8573.23332512745,8599.156520431907,643670,MARUTI.NS
2023-02-01,8513.6669921875,8767.654729786724,8421.480894168255,8676.924032068417,707460,MARUTI.NS
2023-02-02,8612.0205078125,8679.83742656914,8496.434218466187,8509.93009439357,456995,MARUTI.NS
2023-02-03,8682.0703125,8702.168112295461,8587.748039468328,8679.837434332414,351157,MARUTI.NS
2023-02-06,8648.76953125,8675.954707145263,8563.330407007747,8667.168259564996,205161,MARUTI.NS
2023-02-07,8507.455078125,8660.420042954505,8497.842797698786,8648.769253659051,318669,MARUTI.NS
2023-02-08,8577.6015625,8596.825173021023,8420.65536030296,8517.696904727927,391645,MARUTI.NS
2023-02-09,8545.0771484375,8575.951549465744,8446.82197218974,8546.144758165037,392186,MARUTI.NS
2023-02-10,8554.9306640625,8616.728765678852,8517.648710739959,8541.775172026431,276298,MARUTI.NS
2023-02-13,8553.0869140625,8606.438007040198,8500.901089585568,8531.29004053597,253037,MARUTI.NS
2023-02-14,8519.1064453125,8589.544990744056,8509.9312584912,8558.476217181966,227030,MARUTI.NS
2023-02-15,8587.9423828125,8636.827723705504,8487.600335319208,8519.106202239313,452568,MARUTI.NS
2023-02-16,8548.86328125,8621.584003055757,8534.203084105868,8621.584003055757,247514,MARUTI.NS
2023-02-17,8551.4365234375,8615.758588627557,8495.12437579941,8531.290367170424,214587,MARUTI.NS
2023-02-20,8440.6572265625,8591.48602046348,8422.792304105074,8551.436433126592,298434,MARUTI.NS
2023-02-21,8417.548828125,8466.23979519541,8387.06316655599,8440.996419659275,323478,MARUTI.NS
2023-02-22,8406.9658203125,8465.268113793474,8335.167651900101,8423.034008626597,363931,MARUTI.NS
2023-02-23,8443.1806640625,8492.89088387664,8365.266017141008,8440.46233641545,317544,MARUTI.NS
2023-02-24,8408.470703125,8485.65717283211,8358.76048520693,8457.501102121341,242982,MARUTI.NS
2023-02-27,8380.99609375,8391.529970598682,8281.770007895357,8378.859925924611,220225,MARUTI.NS
2023-02-28,8373.373046875,8455.560032719859,8354.877609150033,8398.276987372463,370998,MARUTI.NS
2023-03-01,8509.1064453125,8520.853946157386,8369.150948967574,8369.150948967574,333441,MARUTI.NS
2023-03-02,8299.97265625,8515.754954580349,8261.476132431064,8515.754954580349,603893,MARUTI.NS
2023-03-03,8350.9453125,8377.887760681588,8301.186737029502,8342.012851762433,437977,MARUTI.NS
2023-03-06,8380.267578125,8410.89925638718,8340.946162924298,8388.568576149743,275417,MARUTI.NS
2023-03-08,8440.900390625,8458.521641084111,8359.489929060797,8374.005060794914,348171,MARUTI.NS
2023-03-09,8293.37109375,8482.744758434275,8285.700612215858,8471.093970165854,431466,MARUTI.NS
2023-03-10,8351.236328125,8376.916796993457,8233.320451779216,8281.768692437898,516128,MARUTI.NS
2023-03-13,8270.5068359375,8385.946163945035,8234.291542905083,8351.236522953028,479314,MARUTI.NS
2023-03-14,8264.439453125,8296.284755131497,8199.243196937467,8296.284755131497,349510,MARUTI.NS
2023-03-15,8228.3212890625,8451.628075871835,8194.388176829487,8398.27698217714,509229,MARUTI.NS
2023-03-16,8191.91259765625,8285.070553618434,8166.232127469733,8213.90289283941,340261,MARUTI.NS
2023-03-17,8074.8212890625,8263.273361320833,8052.199531094249,8255.554524336068,471602,MARUTI.NS
2023-03-20,7980.4013671875,8074.821298795093,7893.409192490795,8074.821298795093,488199,MARUTI.NS
2023-03-21,7988.9462890625,8034.189806479607,7975.935862263441,8005.062834371523,287497,MARUTI.NS
2023-03-22,8012.248046875,8048.364734586075,7977.877839757324,7996.324922507159,218120,MARUTI.NS
2023-03-23,8110.1142578125,8131.279667796668,7993.023261710057,8023.509871602587,540553,MARUTI.NS
2023-03-24,8003.0244140625,8142.445142837172,7972.0523541210305,8110.114393068477,391840,MARUTI.NS
2023-03-27,8037.4423828125,8074.773643753948,7990.062695196493,8009.917771908322,364326,MARUTI.NS
2023-03-28,7969.916015625,8112.443808031562,7903.118349912935,8064.190883255215,360349,MARUTI.NS
2023-03-29,8053.8994140625,8077.006623872945,7949.236676819645,8009.771858698012,339851,MARUTI.NS
2023-03-31,8050.84130859375,8126.425423870137,8016.762181478429,8083.657508370852,478757,MARUTI.NS
2023-04-03,8255.603515625,8329.343492908047,8146.182995928574,8168.02822597758,627265,MARUTI.NS
2023-04-05,8201.232421875,8299.24486810588,8184.6787831226675,8273.953138126013,272888,MARUTI.NS
2023-04-06,8268.80859375,8286.624213827463,8133.318859366311,8217.690374438858,309551,MARUTI.NS
2023-04-10,8286.76953125,8306.818028049687,8158.513195918223,8210.504651203672,308275,MARUTI.NS
2023-04-11,8407.5498046875,8418.618434597187,8296.333493245298,8330.314964545894,409240,MARUTI.NS
2023-04-12,8370.1689453125,8456.482248876868,8340.99361890721,8419.636440829161,408458,MARUTI.NS
2023-04-13,8418.4716796875,8450.705719256408,8369.150195311378,8376.965743394047,480202,MARUTI.NS
2023-04-17,8422.2099609375,8592.45673287896,8398.276919706554,8592.45673287896,489356,MARUTI.NS
2023-04-18,8478.5224609375,8494.20191261999,8437.113234791217,8439.977576783887,276111,MARUTI.NS
2023-04-19,8427.35546875,8487.405196234375,8410.364735233721,8437.161169979094,280819,MARUTI.NS
2023-04-20,8461.0458984375,8485.561099777691,8412.986394820095,8417.694876018091,369060,MARUTI.NS
2023-04-21,8309.3916015625,8450.705776100991,8301.187314529352,8426.822037471034,424157,MARUTI.NS
2023-04-24,8219.77734375,8327.401123822834,8198.999724892488,8327.401123822834,543745,MARUTI.NS
2023-04-25,8222.4482421875,8276.915305586132,8174.970894197681,8262.351818244924,906406,MARUTI.NS
2023-04-26,8259.341796875,8301.18716813763,8189.437062827526,8278.856489205798,959058,MARUTI.NS
2023-04-27,8294.3427734375,8320.605404835698,8224.729117352907,8320.605404835698,536521,MARUTI.NS
2023-04-28,8339.5859375,8361.819905514865,8286.720293380393,8342.935728928423,387567,MARUTI.NS
2023-05-02,8521.435546875,8570.126516913391,8355.55781177712,8371.772016680858,865562,MARUTI.NS
2023-05-03,8541.2900390625,8571.096829582497,8461.433592049229,8514.784684576178,537008,MARUTI.NS
2023-05-04,8544.494140625,8566.194304143297,8488.570732374192,8540.659847739607,271926,MARUTI.NS
2023-05-05,8688.236328125,8726.440827210981,8534.20281165827,8544.49396252637,951591,MARUTI.NS
2023-05-08,8812.1220703125,8855.521445347405,8699.255061286323,8782.752375490634,678780,MARUTI.NS
2023-05-09,8846.3955078125,8874.017776845087,8788.432641895186,8818.676528127344,415394,MARUTI.NS
2023-05-10,8901.3486328125,8912.85340746338,8796.345519784121,8863.143185758172,366827,MARUTI.NS
2023-05-11,8991.400390625,9043.92565580974,8876.008456822727,8973.972561112008,644550,MARUTI.NS
2023-05-12,9024.8955078125,9058.29386661339,8963.971591755437,8991.447845543684,403028,MARUTI.NS
2023-05-15,8939.3583984375,9036.6426703188,8918.096278687603,8973.048784215564,259316,MARUTI.NS
2023-05-16,8807.365234375,8960.71893794303,8793.529922101274,8950.815577423631,448981,MARUTI.NS
2023-05-17,8854.0185546875,8866.251505365128,8769.209940576364,8816.10418236561,290482,MARUTI.NS
2023-05-18,8789.8408203125,8883.726954918351,8780.90835877281,8878.824103987266,272497,MARUTI.NS
2023-05-19,8840.958984375,8852.852498531749,8699.789873820293,8796.345980419524,543472,MARUTI.NS
2023-05-22,8890.18359375,8902.853637334196,8809.792390022041,8825.47278969243,182115,MARUTI.NS
2023-05-23,8932.951171875,8966.252820007649,8890.279968554958,8902.173482041162,269008,MARUTI.NS
2023-05-24,9000.962890625,9047.032242852243,8892.464915485196,8901.203007442764,470365,MARUTI.NS
2023-05-25,9011.7392578125,9022.953900715558,8947.85428789661,8952.417703207095,218979,MARUTI.NS
2023-05-26,9126.40234375,9141.014184229907,9040.283411886428,9061.400465365665,346760,MARUTI.NS
2023-05-29,9061.88671875,9212.667158833798,9041.060743497745,9160.432977061791,236834,MARUTI.NS
2023-05-30,9110.2861328125,9129.267969653532,9029.362068158049,9107.033999927147,372004,MARUTI.NS
2023-05-31,9095.091796875,9174.948248799808,8997.904226922868,9174.948248799808,1614766,MARUTI.NS
2023-06-01,9056.837890625,9104.65467133022,8953.631505858506,9065.770351979376,378706,MARUTI.NS
2023-06-02,9209.3173828125,9247.959925439804,9041.692222377013,9115.771633948654,445105,MARUTI.NS
2023-06-05,9303.251953125,9359.467390672917,9212.424531301716,9274.51371881774,434649,MARUTI.NS
2023-06-06,9452.8671875,9485.683384606156,9331.310441090049,9348.78662337489,542318,MARUTI.NS
2023-06-07,9425.0029296875,9514.811095641257,9369.661681478156,9503.160306544552,453747,MARUTI.NS
2023-06-08,9377.525390625,9480.829431066832,9345.389010623025,9449.760660785816,273746,MARUTI.NS
2023-06-09,9347.62109375,9431.216065562954,9331.406891010049,9393.933165139564,161389,MARUTI.NS
2023-06-12,9272.5244140625,9417.722199164164,9260.097093985136,9344.904759479905,316879,MARUTI.NS
2023-06-13,9240.53125,9338.154955006172,9229.026476085632,9308.97962962963,561014,MARUTI.NS
2023-06-14,9255.095703125,9319.660493500853,9214.317940782355,9242.959464332547,328167,MARUTI.NS
2023-06-15,9315.630859375,9415.58511144527,9265.29012024884,9276.940909460092,459978,MARUTI.NS
2023-06-16,9324.2236328125,9362.768515704696,9274.027961024543,9315.824976559355,682099,MARUTI.NS
2023-06-19,9254.6103515625,9361.55526819141,9233.25057106162,9357.525657612188,395006,MARUTI.NS
2023-06-20,9215.87109375,9261.30993076566,9145.869646941175,9252.668549400149,612713,MARUTI.NS
2023-06-21,9166.1123046875,9259.46463155151,9122.616215036212,9225.483163363995,356331,MARUTI.NS
2023-06-22,9129.4130859375,9218.05598892862,9101.01428572796,9164.365455426165,288487,MARUTI.NS
2023-06-23,9055.8662109375,9152.665032553654,9034.215352488782,9145.868739435178,309138,MARUTI.NS
2023-06-26,9194.6083984375,9242.958981632866,9029.36119004051,9055.866544550296,405168,MARUTI.NS
2023-06-27,9185.67578125,9223.540843660818,9121.644800185552,9213.83185329907,339375,MARUTI.NS
2023-06-28,9263.0087890625,9296.358793571011,9158.054028470306,9199.705978719325,482586,MARUTI.NS
2023-06-30,9504.1796875,9566.754324402056,9263.348354302534,9290.533529223452,845006,MARUTI.NS
2023-07-03,9391.5068359375,9501.07241826751,9375.535356383083,9458.547228033314,398066,MARUTI.NS
2023-07-04,9366.6513671875,9433.74010865338,9340.096710721307,9417.720275195574,247673,MARUTI.NS
2023-07-05,9701.5146484375,9744.865671442603,9393.448561221214,9414.808340895308,815044,MARUTI.NS
2023-07-06,9572.4833984375,9724.816905226207,9529.569466649222,9708.943083481232,652120,MARUTI.NS
2023-07-07,9563.5986328125,9655.591320354337,9529.374440349706,9567.239504351095,457050,MARUTI.NS
2023-07-10,9452.96484375,9644.280324327328,9436.896653059472,9567.239858972507,272008,MARUTI.NS
2023-07-11,9612.046875,9667.09609414287,9452.964492370857,9510.927356887923,568772,MARUTI.NS
2023-07-12,9549.568359375,9660.445216717191,9519.664859287645,9607.04577079564,552967,MARUTI.NS
2023-07-13,9366.7978515625,9610.882275738686,9332.28257660548,9566.220915093258,519564,MARUTI.NS
2023-07-14,9324.17578125,9444.226889429949,9311.893528034689,9419.614975815384,498441,MARUTI.NS
2023-07-17,9407.576171875,9416.751358961445,9276.941873891805,9366.264600464076,444583,MARUTI.NS
2023-07-18,9384.37109375,9482.091517493767,9322.28190781044,9427.624458236169,320985,MARUTI.NS
2023-07-19,9327.9609375,9384.71017635362,9248.444874538098,9370.14669066716,450254,MARUTI.NS
2023-07-20,9488.1123046875,9500.248544524657,9296.79680952334,9340.050178674212,466813,MARUTI.NS
2023-07-21,9485.732421875,9558.501497971269,9420.63382781262,9437.13911226823,328483,MARUTI.NS
2023-07-24,9412.6728515625,9529.375118547265,9398.303733829598,9485.733012303272,358506,MARUTI.NS
2023-07-25,9474.615234375,9490.490002970442,9336.941936616897,9343.932599512087,240998,MARUTI.NS
2023-07-26,9472.4306640625,9524.519777885036,9442.236082556212,9477.43117347857,209861,MARUTI.NS
2023-07-27,9469.7607421875,9541.171126941146,9409.614303618906,9485.683866112731,256672,MARUTI.NS
2023-07-28,9388.884765625,9466.265608484096,9268.590943855648,9455.585719079652,381151,MARUTI.NS
2023-07-31,9534.9560546875,9551.412981849178,9326.455500988022,9388.884115097972,600060,MARUTI.NS
2023-08-01,9433.9833984375,9604.13345793025,9369.224241800695,9475.974782591917,1394528,MARUTI.NS
2023-08-02,9372.865234375,9508.45166849811,9243.29856410308,9432.284446973854,672815,MARUTI.NS
2023-08-03,9353.1669921875,9467.096143417108,9325.62741451082,9407.215387326862,614897,MARUTI.NS
2023-08-04,9281.3310546875,9424.023878676262,9238.797119829567,9369.14187605502,540470,MARUTI.NS
2023-08-07,9333.6640625,9349.344634127146,9233.896616935514,9300.539046350885,366329,MARUTI.NS
2023-08-08,9352.0400390625,9430.88410727405,9315.23988773146,9349.492328915996,430636,MARUTI.NS
2023-08-09,9274.17578125,9349.589722473089,9229.486534559504,9349.540912099568,404602,MARUTI.NS
2023-08-10,9209.9833984375,9310.339440070613,9155.542605019578,9274.17573878746,523490,MARUTI.NS
2023-08-11,9170.046875,9279.958264197749,9157.453798781684,9209.983330725638,498504,MARUTI.NS
2023-08-14,9135.55078125,9177.054913114946,9073.07350116552,9173.13477005082,336864,MARUTI.NS
2023-08-16,9231.49609375,9249.33293684936,9069.398745523582,9147.65422188042,336363,MARUTI.NS
2023-08-17,9188.12890625,9285.593652265496,9163.334193375274,9226.93889589693,402798,MARUTI.NS
2023-08-18,9267.2666015625,9280.938291303466,9150.250910545408,9163.334004613242,400745,MARUTI.NS
2023-08-21,9250.3603515625,9279.95761976491,9225.32063198353,9266.775948788296,375347,MARUTI.NS
2023-08-22,9302.4013671875,9318.228369713006,9221.842240164497,9232.132615151146,435930,MARUTI.NS
2023-08-23,9409.2744140625,9447.544618640752,9257.417683369353,9328.960293033331,546842,MARUTI.NS
2023-08-24,9382.5673828125,9468.761708623442,9364.240524961113,9468.761708623442,385559,MARUTI.NS
2023-08-25,9315.92578125,9432.598842881796,9295.638850332094,9363.261315347689,346449,MARUTI.NS
2023-08-28,9406.0888671875,9476.94525716966,9320.139544538106,9324.990912685867,325938,MARUTI.NS
2023-08-29,9429.1689453125,9491.401215342625,9316.219825297194,9408.34318565675,317224,MARUTI.NS
2023-08-30,9600.822265625,9621.941843879642,9418.14322543935,9467.145011211667,543634,MARUTI.NS
2023-08-31,9804.0810546875,9864.059431616364,9575.046517604256,9575.046517604256,1581818,MARUTI.NS
2023-09-01,10124.994140625,10190.362715261912,9752.678183785383,9799.37726916969,1193178,MARUTI.NS
2023-09-04,10155.5712890625,10258.965057022971,10080.941186518608,10193.351474472744,819552,MARUTI.NS
2023-09-05,10057.2236328125,10204.817578462991,10041.249242857875,10143.369150745262,507107,MARUTI.NS
2023-09-06,9975.6357421875,10055.166019996655,9927.908770493992,10055.166019996655,663758,MARUTI.NS
2023-09-07,10075.501953125,10095.25005516993,9947.362286235804,9947.362286235804,445805,MARUTI.NS
2023-09-08,10125.7294921875,10192.371923998258,10094.368347805968,10191.391888236336,439721,MARUTI.NS
2023-09-11,10323.548828125,10339.376787740266,10137.489430557853,10138.469466272329,598050,MARUTI.NS
2023-09-12,10293.9033203125,10357.410403795846,10197.272176316786,10333.497148206074,568773,MARUTI.NS
2023-09-13,10264.306640625,10326.048891874958,10231.573064278722,10290.3752083263,301707,MARUTI.NS
2023-09-14,10278.76171875,10368.77761417135,10222.801106535931,10256.122320040831,501196,MARUTI.NS
2023-09-15,10315.12109375,10339.376978129972,10268.226766775177,10279.888617752527,544616,MARUTI.NS
2023-09-18,10312.0341796875,10411.557579588689,10284.54436725374,10290.424581980373,430213,MARUTI.NS
2023-09-20,10140.1845703125,10284.543640233222,10131.168050289143,10284.543640233222,545106,MARUTI.NS
2023-09-21,10078.9814453125,10138.469806591378,10002.73485557998,10136.558545470763,577252,MARUTI.NS
2023-09-22,10324.82421875,10355.792966236357,10102.649918415307,10170.811214763376,986206,MARUTI.NS
2023-09-25,10376.814453125,10505.982970245195,10319.7761825263,10324.82374933566,756801,MARUTI.NS
2023-09-26,10345.89453125,10421.65110146789,10316.39488165331,10419.642219642516,452503,MARUTI.NS
2023-09-27,10467.5166015625,10492.262503693852,10314.87603693049,10339.376930129847,458359,MARUTI.NS
2023-09-28,10354.419921875,10491.282291815134,10321.784924094629,10437.870345537329,598144,MARUTI.NS
2023-09-29,10398.7666015625,10491.772373982238,10300.714219437175,10330.556498449092,481725,MARUTI.NS
2023-10-03,10140.33203125,10495.98642180295,10097.601899377474,10495.98642180295,623006,MARUTI.NS
2023-10-04,9927.6142578125,10078.589523126337,9888.5602179743,10078.589523126337,407793,MARUTI.NS
2023-10-05,10006.3125,10065.898482807925,9907.181500027642,9978.675300148663,377196,MARUTI.NS
2023-10-06,10096.3759765625,10126.659460673662,10055.165669301818,10077.706489028324,335700,MARUTI.NS
2023-10-09,10040.26953125,10128.08130406364,9980.634741830618,10045.365908294749,230083,MARUTI.NS
2023-10-10,10167.87109375,10209.032596009036,10065.064958852745,10084.568053463856,348342,MARUTI.NS
2023-10-11,10204.2294921875,10231.57287148084,10133.618110287489,10143.320846698964,193526,MARUTI.NS
2023-10-12,10369.66015625,10412.438140460928,10212.168227310747,10251.17345689028,569237,MARUTI.NS
2023-10-13,10513.3818359375,10530.53246077529,10319.57977527047,10323.744927016787,625954,MARUTI.NS
2023-10-16,10490.79296875,10595.019390746407,10452.08155558118,10515.735070673274,304196,MARUTI.NS
2023-10-17,10536.16796875,10582.278458582416,10354.371340246978,10515.783416913297,474718,MARUTI.NS
2023-10-18,10573.06640625,10594.038596123572,10497.21125976164,10540.284020463509,267435,MARUTI.NS
2023-10-19,10556.6513671875,10583.112332656823,10486.382611916844,10486.382611916844,286284,MARUTI.NS
2023-10-20,10511.5205078125,10583.405745080654,10482.16824657196,10548.222079890242,232512,MARUTI.NS
2023-10-23,10342.9541015625,10510.540205507948,10320.21708201165,10467.761264569112,227925,MARUTI.NS
2023-10-25,10377.451171875,10434.881841083035,10291.943052660194,10309.976093292416,401105,MARUTI.NS
2023-10-26,10216.0400390625,10382.498728257417,10185.021524770173,10328.596762045016,506129,MARUTI.NS
2023-10-27,10349.86328125,10628.487241307852,10231.572780014198,10231.621590386318,1116713,MARUTI.NS
2023-10-30,10190.1181640625,10486.38278728441,10040.466509881197,10486.38278728441,991168,MARUTI.NS
2023-10-31,10184.8251953125,10280.574878203372,10114.948838697524,10280.574878203372,439996,MARUTI.NS
2023-11-01,10023.560546875,10214.128688066026,9985.241532240356,10182.668966550082,699116,MARUTI.NS
2023-11-02,10097.8955078125,10138.469368828362,9997.344227299964,10084.861224348448,569194,MARUTI.NS
2023-11-03,10071.140625,10162.970161070143,10036.545556366376,10112.008304910483,517582,MARUTI.NS
2023-11-06,10079.51953125,10132.540035517952,10047.32574214613,10132.540035517952,490459,MARUTI.NS
2023-11-07,10048.599609375,10119.848394462188,10031.497795408675,10094.3674668759,264935,MARUTI.NS
2023-11-08,10116.2216796875,10134.009709352364,10055.753289379962,10113.967789132204,287006,MARUTI.NS
2023-11-09,10192.71484375,10240.981606398263,10110.784234548157,10143.32161418317,310536,MARUTI.NS
2023-11-10,10181.39453125,10208.444090391236,10113.968267546245,10167.870230212431,206395,MARUTI.NS
2023-11-13,10190.8037109375,10220.79242084072,10156.747470010832,10220.79242084072,261891,MARUTI.NS
2023-11-15,10247.302734375,10287.435390228538,10167.919837679896,10287.435390228538,436538,MARUTI.NS
2023-11-16,10275.1845703125,10333.202876710944,10201.388071550276,10270.774409545043,488715,MARUTI.NS
2023-11-17,10313.4052734375,10395.042052545246,10289.541787930371,10290.37443541538,403772,MARUTI.NS
2023-11-20,10355.302734375,10381.861320350294,10290.37536599432,10290.37536599432,234246,MARUTI.NS
2023-11-21,10324.82421875,10406.999835187156,10290.375578629357,10406.999835187156,312242,MARUTI.NS
2023-11-22,10285.0341796875,10340.602399157338,10211.97270458187,10339.377354447097,378891,MARUTI.NS
2023-11-23,10279.1044921875,10314.875795421029,10186.539928434371,10278.418275780758,453820,MARUTI.NS
2023-11-24,10305.712890625,10355.547323622734,10253.133591987984,10296.206352830368,380306,MARUTI.NS
2023-11-28,10327.1748046875,10345.649051524346,10296.254870347866,10329.527273149655,268026,MARUTI.NS
2023-11-29,10387.6435546875,10422.238624022011,10315.56211924531,10358.977510016924,343341,MARUTI.NS
2023-11-30,10396.9052734375,10436.400522069289,10335.554462304062,10369.758092216653,665660,MARUTI.NS
2023-12-01,10374.3642578125,10544.20425577806,10322.764994600631,10396.218862839822,591519,MARUTI.NS
2023-12-04,10387.83984375,10481.579686489124,10216.87242032472,10481.482065743205,625235,MARUTI.NS
2023-12-05,10507.845703125,10554.985039929044,10352.510036567084,10438.263164793065,580996,MARUTI.NS
2023-12-06,10413.6142578125,10534.354846521206,10378.577981811575,10507.845072456808,464163,MARUTI.NS
2023-12-07,10483.099609375,10714.583283926331,10422.680023590914,10574.585562251616,704413,MARUTI.NS
2023-12-08,10406.5576171875,10533.42342662986,10340.356398806443,10515.782784493713,548373,MARUTI.NS
2023-12-11,10331.291015625,10425.619448784002,10290.423336806793,10417.779163430529,579749,MARUTI.NS
2023-12-12,10132.001953125,10411.899779738804,10095.445854096297,10407.979636749444,1088687,MARUTI.NS
2023-12-13,10172.8193359375,10205.014082794203,10055.166242033363,10153.169811643824,603469,MARUTI.NS
2023-12-14,10146.5068359375,10285.475720963768,10106.422988891156,10231.573751963955,635475,MARUTI.NS
2023-12-15,10081.0400390625,10267.589459720692,9636.29905370201,10250.19382530066,1244681,MARUTI.NS
2023-12-18,10113.576171875,10144.25205537764,10022.041410422487,10089.467676135842,652498,MARUTI.NS
2023-12-19,10029.29296875,10169.83047112539,10002.44056477739,10113.57603905132,585734,MARUTI.NS
2023-12-20,9879.984375,10103.236304169552,9790.556122132672,10035.565034097954,964051,MARUTI.NS
2023-12-21,9812.9501953125,9897.62566364919,9702.35354804832,9800.357119240723,739806,MARUTI.NS
2023-12-22,10013.171875,10112.301909240536,9829.757815682538,9849.35852917343,652545,MARUTI.NS
2023-12-26,10065.6044921875,10075.943677868589,9912.767726569631,10064.96708612774,395273,MARUTI.NS
2023-12-27,10083.09765625,10099.610875552891,10025.76556577125,10080.6475669133,397675,MARUTI.NS
2023-12-28,10066.5341796875,10105.099158210323,9983.62354339436,10105.099158210323,584234,MARUTI.NS
2023-12-29,10096.6708984375,10189.089035061435,10067.907232080515,10075.20868981118,705227,MARUTI.NS
2024-01-01,10078.0009765625,10138.46937099072,10010.722099635568,10138.46937099072,411724,MARUTI.NS
2024-01-02,9994.1591796875,10089.173833356685,9948.391320534683,10078.001043416072,776837,MARUTI.NS
2024-01-03,9876.45703125,10006.164371694247,9864.05919697381,9996.364014816976,521046,MARUTI.NS
2024-01-04,9815.3505859375,9917.960507103047,9786.194526146362,9898.359794638418,711733,MARUTI.NS
2024-01-05,9817.017578125,9873.85964855839,9770.955900360012,9810.794734274685,673131,MARUTI.NS
2024-01-08,9748.1220703125,9926.733590960492,9714.017016630813,9805.257964791048,600153,MARUTI.NS
2024-01-09,9823.9755859375,9842.156014025986,9692.55317994388,9775.856215363016,666469,MARUTI.NS
2024-01-10,9810.353515625,9850.093771685031,9751.3551753119,9849.309934541448,481699,MARUTI.NS
2024-01-11,9811.2353515625,9921.979389479007,9800.357337744064,9824.95585183534,1024815,MARUTI.NS
2024-01-12,9766.693359375,9844.410000585867,9737.58610706725,9824.858096551572,850190,MARUTI.NS
2024-01-15,9885.5224609375,9897.18431149926,9749.395119714558,9785.754061269035,463380,MARUTI.NS
2024-01-16,9980.2431640625,10035.566375190534,9859.159935001637,9885.473512836672,536823,MARUTI.NS
2024-01-17,9851.0244140625,9958.925954981683,9796.877445062097,9921.880799277877,610250,MARUTI.NS
2024-01-18,9726.3642578125,9849.358737570215,9543.24497097576,9747.483835632574,614860,MARUTI.NS
2024-01-19,9837.3046875,9850.976377136963,9750.424138542056,9761.155721034129,377018,MARUTI.NS
2024-01-23,9663.5927734375,9773.895595082193,9635.808188356528,9665.111637290742,956269,MARUTI.NS
2024-01-24,9788.79296875,9800.357198831394,9560.248447460024,9663.152198047756,459092,MARUTI.NS
2024-01-25,9683.7333984375,9800.161455960038,9620.569901940842,9788.793423907258,718817,MARUTI.NS
2024-01-29,9791.9296875,9834.658863862807,9677.901952442116,9732.882532886371,446516,MARUTI.NS
2024-01-30,9752.97265625,9833.188195464594,9733.22455406953,9810.990004034244,399869,MARUTI.NS
2024-01-31,9983.5263671875,10031.253341616297,9715.094197741317,9760.469660656285,997024,MARUTI.NS
2024-02-01,10425.5703125,10486.185133917745,10000.283655739086,10006.16386957037,1869594,MARUTI.NS
2024-02-02,10442.72265625,10497.751092178833,10329.969728876193,10386.419408128231,814940,MARUTI.NS
2024-02-05,10220.3505859375,10545.13478315941,10192.370759544465,10390.337960835615,365105,MARUTI.NS
2024-02-06,10628.33984375,10640.002651478246,10249.213413697422,10290.326102978748,829040,MARUTI.NS
2024-02-07,10717.376953125,10754.422112406532,10571.449249704629,10643.18805674898,560808,MARUTI.NS
2024-02-08,10529.40625,10732.37126661803,10476.533131015403,10732.37126661803,557082,MARUTI.NS
2024-02-09,10518.576171875,10554.984882313152,10399.256820953771,10497.40778279264,645489,MARUTI.NS
2024-02-12,10495.888671875,10534.355073628376,10437.429158740551,10486.382134041196,190655,MARUTI.NS
2024-02-13,10578.9951171875,10613.786383726956,10427.726993243092,10515.782816010178,397979,MARUTI.NS
2024-02-14,10807.78515625,10829.394752555672,10489.71475336984,10491.282427702125,354676,MARUTI.NS
2024-02-15,10868.8408203125,10910.73734609581,10760.791885397646,10819.594026847906,447248,MARUTI.NS
2024-02-16,11153.19921875,11250.810396506466,10876.436740455469,10897.997526929608,716486,MARUTI.NS
2024-02-19,11254.0927734375,11381.203597407204,11106.793596514268,11153.198861976376,581383,MARUTI.NS
2024-02-20,11217.9306640625,11250.761862454468,11089.937417882757,11211.609241914091,355044,MARUTI.NS
2024-02-21,11236.9423828125,11290.99173658529,11143.006340159254,11227.28941362044,348461,MARUTI.NS
2024-02-22,11425.0595703125,11461.517088419963,11163.831255533469,11270.410133974312,584406,MARUTI.NS
2024-02-23,11305.2998046875,11486.018776454071,11246.106220727714,11471.26943010402,472884,MARUTI.NS
2024-02-26,11238.0693359375,11303.682917255755,11188.528722874256,11275.310692418325,277700,MARUTI.NS
2024-02-27,11271.0478515625,11332.055073322035,11156.971314313409,11187.10741180908,307585,MARUTI.NS
2024-02-28,10930.1416015625,11269.381330709008,10907.79697975573,11241.98914238796,358812,MARUTI.NS
2024-02-29,11062.9853515625,11122.42489819859,10907.307067098527,10932.29797686186,943841,MARUTI.NS
2024-03-01,11388.9462890625,11441.917028302789,11069.503454790576,11069.503454790576,487355,MARUTI.NS
2024-03-04,11362.681640625,11444.171037326343,11313.679854130094,11368.414466818447,369936,MARUTI.NS
2024-03-05,11437.6044921875,11495.81899678797,11330.976797253708,11364.543020667175,320702,MARUTI.NS
2024-03-06,11336.1220703125,11445.83726141884,11288.443906409531,11437.60457848142,639542,MARUTI.NS
2024-03-07,11280.259765625,11401.24536472076,11193.135165761978,11340.041943580727,255325,MARUTI.NS
2024-03-11,11168.0458984375,11325.195200953356,11123.454273014577,11285.25874521744,525344,MARUTI.NS
2024-03-12,11280.11328125,11344.795637421294,11153.786296749622,11172.406975041358,283816,MARUTI.NS
2024-03-13,11162.75390625,11324.165018869822,11042.649766691104,11280.210800964443,385204,MARUTI.NS
2024-03-14,11176.9150390625,11231.209401017784,11076.412566943933,11174.122320074566,523058,MARUTI.NS
2024-03-15,11247.52734375,11291.040355536295,11088.172961226006,11152.806508459347,972333,MARUTI.NS
2024-03-18,11403.9892578125,11432.508871005486,11139.379618039467,11208.325703975555,311049,MARUTI.NS
2024-03-19,11365.5224609375,11446.767800703834,11227.43600944938,11311.669309526122,409259,MARUTI.NS
2024-03-20,11702.75390625,11784.929518444049,11418.543547801037,11418.543547801037,1031037,MARUTI.NS
2024-03-21,11670.412109375,11760.428002551427,11589.26439050453,11759.44796688455,544311,MARUTI.NS
2024-03-22,12091.3876953125,12179.198518816973,11652.674293355996,11652.674293355996,1062263,MARUTI.NS
2024-03-26,12005.9765625,12075.902686318415,11898.810037878187,12040.277813169314,507568,MARUTI.NS
2024-03-27,12260.58984375,12468.701009189264,12040.425387083254,12044.639349388686,878986,MARUTI.NS
2024-03-28,12348.79296875,12472.71867963744,12138.232672580543,12319.00045645734,860324,MARUTI.NS
2024-04-01,12318.65625,12435.672894438543,12256.473751002231,12361.532811520348,314676,MARUTI.NS
2024-04-02,12301.849609375,12395.491831346111,12213.450195698377,12372.90219933172,333508,MARUTI.NS
2024-04-03,12179.736328125,12275.43719734486,12164.741973283031,12201.444501771868,271935,MARUTI.NS
2024-04-04,12316.3544921875,12396.472416135564,12072.12938765062,12240.646729190705,491166,MARUTI.NS
2024-04-05,12173.611328125,12307.19096253899,12137.252385705406,12242.60622570406,231600,MARUTI.NS
2024-04-08,12608.2568359375,12669.558834307869,12201.444401801082,12201.444401801082,570422,MARUTI.NS
2024-04-09,12630.7001953125,12726.449875326129,12524.8563389272,12608.25699478954,314466,MARUTI.NS
2024-04-10,12429.5478515625,12699.302679667018,12349.332311844517,12674.801787014474,464239,MARUTI.NS
2024-04-12,12021.6572265625,12407.25248024691,11980.936932939849,12407.25248024691,973366,MARUTI.NS
2024-04-15,12174.8359375,12260.246430350826,11792.720597815296,11955.945349885284,831257,MARUTI.NS
2024-04-16,12253.0927734375,12299.35065078029,12030.281078518032,12062.279627564829,579183,MARUTI.NS
2024-04-18,12157.34375,12350.410797057635,12074.08951976673,12319.04965235792,679117,MARUTI.NS
2024-04-19,12457.185546875,12504.668470143217,11980.936985081376,12152.345619743484,635535,MARUTI.NS
2024-04-22,12530.2470703125,12622.027801043603,12406.272548049426,12527.944369128543,342212,MARUTI.NS
2024-04-23,12736.7890625,12764.47507123449,12521.230017240714,12588.55866175339,397281,MARUTI.NS
2024-04-24,12685.630859375,12812.937879111638,12642.460478379491,12740.464047979332,296364,MARUTI.NS
2024-04-25,12664.51171875,12721.549989639434,12485.997827734702,12705.183201538017,640725,MARUTI.NS
2024-04-26,12449.736328125,12784.565913271828,12407.252162669323,12664.021520222195,704626,MARUTI.NS
2024-04-29,12436.505859375,12735.367942659235,12351.390140188016,12544.505986791455,613937,MARUTI.NS
2024-04-30,12561.6083984375,12736.544782219136,12485.851825333537,12530.7372718878,528776,MARUTI.NS
2024-05-02,12549.7001953125,12587.726347419655,12264.951004398948,12495.455600297666,814923,MARUTI.NS
2024-05-03,12242.75390625,12573.858599642494,12163.616019896052,12562.049360336654,834990,MARUTI.NS
2024-05-06,12190.958984375,12393.924970278218,12125.492785159937,12299.449137503108,342231,MARUTI.NS
2024-05-07,12117.2109375,12258.777294334071,11994.657657221464,12223.398386252322,604375,MARUTI.NS
2024-05-08,12293.126953125,12309.19992187573,12078.940336382737,12144.602730097757,399669,MARUTI.NS
2024-05-09,12255.00390625,12485.458728885334,12188.459098810272,12289.647785722218,504590,MARUTI.NS
2024-05-10,12422.443359375,12443.465317981529,12251.427118105548,12255.347261171895,328670,MARUTI.NS
2024-05-13,12420.8251953125,12454.686194732149,12228.444376930858,12407.25208356096,281421,MARUTI.NS
2024-05-14,12558.3740234375,12583.658753819327,12398.824398252458,12420.825434704158,331037,MARUTI.NS
2024-05-15,12512.4091796875,12615.411502527297,12446.45297071261,12564.05725075084,232030,MARUTI.NS
2024-05-16,12248.1435546875,12591.498679517415,12054.439115665024,12591.498679517415,914201,MARUTI.NS
2024-05-17,12389.1220703125,12413.035325702796,12076.294464047884,12265.294934760295,809226,MARUTI.NS
2024-05-21,12224.279296875,12425.775214190851,12193.408171841442,12348.597401606958,443136,MARUTI.NS
2024-05-22,12281.169921875,12312.188434443557,12116.278916215912,12179.68741708615,280015,MARUTI.NS
2024-05-23,12676.6650390625,12716.061711285434,12224.034945345828,12315.178271775096,768732,MARUTI.NS
2024-05-24,12740.9052734375,12773.78527967143,12555.23731915534,12608.159246813944,624801,MARUTI.NS
2024-05-27,12648.4384765625,12797.796301386988,12521.916249402422,12763.44624121208,464953,MARUTI.NS
2024-05-28,12562.685546875,12726.695099500428,12544.702274168869,12632.66048038411,333806,MARUTI.NS
2024-05-29,12533.333984375,12593.50760233975,12495.455221602284,12562.097649450829,353706,MARUTI.NS
2024-05-30,12346.490234375,12554.257810949655,12299.448518924137,12467.034630217842,524559,MARUTI.NS
2024-05-31,12151.7568359375,12381.1340071376,12083.840551259707,12346.490126907524,908304,MARUTI.NS
2024-06-03,12227.0732421875,12568.9583261908,12154.942037709396,12568.9583261908,485936,MARUTI.NS
2024-06-04,11932.9638671875,12345.706297991725,11330.63428993528,12345.117702313628,825928,MARUTI.NS
2024-06-05,12252.994140625,12362.268122785898,11883.030658421065,11936.835001970683,447581,MARUTI.NS
2024-06-06,12420.4833984375,12436.653988730175,12219.086046610546,12261.766413212215,447536,MARUTI.NS
2024-06-07,12555.1396484375,12571.897875969576,12331.151725039615,12331.151725039615,532480,MARUTI.NS
2024-06-10,12463.6533203125,12662.061747073643,12375.793690556437,12510.30359572562,293471,MARUTI.NS
2024-06-11,12606.8369140625,12681.221051216617,12402.548276140222,12489.085239088949,358807,MARUTI.NS
2024-06-12,12592.822265625,12693.030923323962,12546.417954641734,12606.83754281922,302719,MARUTI.NS
2024-06-13,12590.37109375,12681.661800900543,12485.26226622708,12681.661800900543,297240,MARUTI.NS
2024-06-14,12588.7548828125,12637.56046971582,12523.680128897324,12575.32820218368,216967,MARUTI.NS
2024-06-18,12310.1796875,12622.85988795415,12291.656629837968,12621.29221365166,823306,MARUTI.NS
2024-06-19,11997.6953125,12372.951385260423,11956.436190113043,12358.250848961105,694871,MARUTI.NS
2024-06-20,11906.9443359375,12059.829912825951,11892.733817572867,12001.517785743496,907751,MARUTI.NS
2024-06-21,11957.90625,12119.367140438677,11842.26203105151,11976.036911445315,947800,MARUTI.NS
2024-06-24,11940.1669921875,12043.658376351275,11800.609529631842,11937.814523747653,550862,MARUTI.NS
2024-06-25,11874.7001953125,11993.480713720955,11831.039796233665,11957.807988434004,594272,MARUTI.NS
2024-06-26,11954.720703125,12077.812806541451,11826.777231488775,11875.092800997323,447931,MARUTI.NS
2024-06-27,11935.609375,11983.18991520179,11770.228356255771,11956.43513291594,1230852,MARUTI.NS
2024-06-28,11793.6025390625,11957.90591136071,11764.496243651818,11941.686511507862,1160395,MARUTI.NS
2024-07-01,11866.91015625,12015.238182800938,11765.86789712884,11804.53049851854,1134926,MARUTI.NS
2024-07-02,11802.177734375,11907.38514276026,11755.528417105228,11907.38514276026,687181,MARUTI.NS
2024-07-03,11881.611328125,11907.434888451662,11721.228087726904,11873.133635686576,467532,MARUTI.NS
2024-07-04,11848.2392578125,11966.235939336417,11830.794813704004,11892.733261576364,299684,MARUTI.NS
2024-07-05,11862.400390625,11895.133964361916,11781.89103572403,11828.197720470152,406926,MARUTI.NS
2024-07-08,11783.5576171875,11870.193161463225,11727.107940065136,11862.352875359218,496933,MARUTI.NS
2024-07-09,12571.6044921875,12701.214217140328,12019.206971594223,12078.940340594409,2114130,MARUTI.NS
2024-07-10,12517.7998046875,13034.474817435455,12478.451945549725,12691.511132611591,2070520,MARUTI.NS
2024-07-11,12461.349609375,12665.784665124986,12441.601508009191,12544.456441889302,608983,MARUTI.NS
2024-07-12,12311.69921875,12416.955442061542,12225.946089863184,12368.05127487562,674746,MARUTI.NS
2024-07-15,12391.5234375,12513.5867009644,12338.650316414756,12348.450674092608,697186,MARUTI.NS
2024-07-16,12387.2099609375,12542.49680801805,12330.564089254656,12390.591275493998,347810,MARUTI.NS
2024-07-18,12391.62109375,12426.853571116046,12214.18580889742,12380.791889898186,391216,MARUTI.NS
2024-07-19,12274.26171875,12456.254551406044,12246.968105568863,12397.45240560869,351955,MARUTI.NS
2024-07-22,12388.8759765625,12406.222799423174,12152.49118033988,12250.4459374691,249631,MARUTI.NS
2024-07-23,12376.919921875,12480.706087479828,12113.24150274506,12466.054362048311,332258,MARUTI.NS
2024-07-24,12237.951171875,12410.388650016004,12209.48132532607,12381.771415281088,285860,MARUTI.NS
2024-07-25,12259.462890625,12274.94726342432,12140.731181573892,12140.731181573892,396789,MARUTI.NS
2024-07-26,12410.8779296875,12488.692187796923,12141.858137750209,12221.04482862673,537693,MARUTI.NS
2024-07-29,12496.974609375,12518.682783947364,12351.3904909077,12455.274279849717,388263,MARUTI.NS
2024-07-30,12616.63671875,12709.886539492583,12456.155876097955,12505.255280855445,526539,MARUTI.NS
2024-07-31,12853.9521484375,13107.977595381406,12637.707843692431,12720.863490695376,836405,MARUTI.NS
2024-08-01,13092.345703125,13406.888351887514,12850.228075288676,13125.618106493384,2040384,MARUTI.NS
2024-08-02,12590.1328125,13033.830511227592,12537.353476477174,12985.453720174766,1333355,MARUTI.NS
2024-08-05,12070.208984375,12356.263296533363,11898.864296654514,12356.263296533363,1131415,MARUTI.NS
2024-08-06,12001.2060546875,12420.46899586294,11980.332369041798,12257.334273528311,623565,MARUTI.NS
2024-08-07,12239.0322265625,12316.69168821106,12134.563324468734,12266.237770452122,433514,MARUTI.NS
2024-08-08,12088.0166015625,12260.005686966371,12022.031562926568,12238.537845919094,358577,MARUTI.NS
2024-08-09,12093.3095703125,12257.334073572203,12064.52057890228,12257.334073572203,320211,MARUTI.NS
2024-08-12,12141.833984375,12237.548032242375,11970.4390614497,12069.368309891432,291212,MARUTI.NS
2024-08-13,12045.873046875,12207.91896843283,11992.203927663995,12204.90181946797,464483,MARUTI.NS
2024-08-14,12074.9580078125,12107.95052520341,12000.117646108129,12107.95052520341,449827,MARUTI.NS
2024-08-16,12082.5263671875,12211.777823784352,11981.321933720596,12183.088340167978,552732,MARUTI.NS
2024-08-19,12019.7060546875,12112.946874607616,11996.952326749437,12064.422269769588,277319,MARUTI.NS
2024-08-20,12084.158203125,12178.1902588153,12020.002007028936,12030.291035119695,471927,MARUTI.NS
2024-08-21,12090.0947265625,12117.794917376925,12046.664398093202,12084.15897138798,295984,MARUTI.NS
2024-08-22,12144.900390625,12193.029856378762,12050.571738786994,12148.511694631334,501316,MARUTI.NS
2024-08-23,12170.5732421875,12242.544273411417,12123.186709883728,12168.298062600245,440809,MARUTI.NS
2024-08-26,12112.69921875,12202.428240983896,12091.1328356484,12193.029962311122,232805,MARUTI.NS
2024-08-27,12363.08984375,12395.83503909485,12094.199369059488,12113.886676274258,477609,MARUTI.NS
2024-08-28,12225.181640625,12385.892394843111,12197.976097827735,12366.155816938097,313227,MARUTI.NS
2024-08-29,12320.451171875,12346.370829497868,12118.833546582442,12210.837752283029,608598,MARUTI.NS
2024-08-30,12270.1953125,12435.40716585705,12184.324913676935,12326.584986999113,2271179,MARUTI.NS
2024-09-02,12294.333984375,12390.888545802503,12218.158461977651,12240.51608600514,331514,MARUTI.NS
2024-09-03,12264.357421875,12340.73099458027,12227.55651449022,12340.434400057347,445514,MARUTI.NS
2024-09-04,12204.1591796875,12265.247989442953,12103.102567876393,12193.07891085075,735076,MARUTI.NS
2024-09-05,12166.912109375,12237.54797889686,12099.047031682185,12204.9013270534,595865,MARUTI.NS
2024-09-06,12055.6669921875,12173.095237171552,11965.196001290638,12118.832930858209,733354,MARUTI.NS
2024-09-09,12015.69921875,12089.005405562411,11972.417672462589,12066.895104929965,415790,MARUTI.NS
2024-09-10,12132.08984375,12156.47532383517,11968.460480332342,12020.002232344694,285122,MARUTI.NS
2024-09-11,12111.51171875,12201.933437786316,12034.743008810648,12128.725794329514,349799,MARUTI.NS
2024-09-12,12268.0673828125,12293.937767857073,12021.238906665374,12130.80304988499,547830,MARUTI.NS
2024-09-13,12184.17578125,12262.280617858034,12159.443468587922,12232.60184266354,361093,MARUTI.NS
2024-09-16,12157.416015625,12231.61295607352,12124.769361827652,12190.013398016585,170114,MARUTI.NS
2024-09-17,12114.62890625,12153.458637754426,12021.536866334012,12153.458637754426,568161,MARUTI.NS
2024-09-18,12073.423828125,12205.8412046945,12039.68934139223,12108.989085588017,182282,MARUTI.NS
2024-09-19,12219.24609375,12277.119703958022,12075.70014102684,12128.67656022684,465608,MARUTI.NS
2024-09-20,12479.4306640625,12569.1104186683,12227.704985687653,12228.051817737978,875654,MARUTI.NS
2024-09-23,12547.294921875,12612.489681997158,12489.81741589255,12489.81741589255,235586,MARUTI.NS
2024-09-24,12602.201171875,12642.119704286772,12448.366186686804,12448.366186686804,425916,MARUTI.NS
2024-09-25,12648.4013671875,12678.970892266963,12475.967875475277,12590.973130056514,341172,MARUTI.NS
2024-09-26,13240.4931640625,13267.402114088052,12692.623154406809,12697.569617054667,1471069,MARUTI.NS
2024-09-27,13351.095703125,13396.653396407875,13132.314242700864,13239.701752177032,865698,MARUTI.NS
2024-09-30,13096.25390625,13355.448537118522,13067.26782968322,13200.673534739395,415743,MARUTI.NS
2024-10-01,13025.025390625,13158.035963898568,12860.85210279844,13096.254452460407,388888,MARUTI.NS
2024-10-03,12511.927734375,13007.217395937236,12457.467377121106,12802.483126043611,863520,MARUTI.NS
2024-10-04,12470.7744140625,12739.960527278306,12378.522884870556,12554.023767598752,679362,MARUTI.NS
2024-10-07,12393.3623046875,12512.572055852126,12245.463069840102,12490.856891360689,465500,MARUTI.NS
2024-10-08,12397.7646484375,12494.863130075582,12328.612714516892,12368.382467231995,387060,MARUTI.NS
2024-10-09,12624.0654296875,12712.409059737474,12406.22302051656,12420.518490851626,465231,MARUTI.NS
2024-10-10,12805.5009765625,12826.17757676149,12575.391921866849,12661.856474927748,492698,MARUTI.NS
2024-10-11,12639.8447265625,12841.01697508807,12588.747381201518,12805.50098699655,274243,MARUTI.NS
2024-10-14,12403.6005859375,12661.95470878102,12328.859730776128,12638.211688778618,488067,MARUTI.NS
2024-10-15,12313.4765625,12572.91852353526,12222.708974606823,12572.91852353526,532135,MARUTI.NS
2024-10-16,12251.2998046875,12321.588843749056,12100.036594655645,12281.126393965864,418138,MARUTI.NS
2024-10-17,12013.720703125,12287.111296924191,11940.760381819351,12267.226904271743,875937,MARUTI.NS
2024-10-18,11975.484375,12011.247685674827,11717.625861961336,11940.760594345324,506871,MARUTI.NS
2024-10-21,12045.52734375,12118.83353403183,11816.653936486548,12015.501735698008,375275,MARUTI.NS
2024-10-22,11795.630859375,12158.206554088418,11713.222988831856,12085.14769072292,904901,MARUTI.NS
2024-10-23,11828.1796875,11990.127069896142,11627.60062454814,11795.631576415844,412638,MARUTI.NS
2024-10-24,11637.740234375,11870.471292178365,11512.298140117053,11870.471292178365,552495,MARUTI.NS
2024-10-25,11379.6826171875,11668.012103706254,11317.505971261537,11637.640631348902,624582,MARUTI.NS
2024-10-28,11360.29296875,11508.093652976651,11317.506068621688,11381.612028656327,613830,MARUTI.NS
2024-10-29,10927.724609375,11360.045418201442,10627.425073719143,11327.398766734,2268683,MARUTI.NS
2024-10-30,11135.921875,11396.649722966997,10827.80652932932,10861.442474692243,1672966,MARUTI.NS
2024-10-31,10957.849609375,11127.117177476151,10931.682628324012,11104.808823795203,838211,MARUTI.NS
2024-11-01,10991.0400390625,11089.523917478447,10961.361263079434,11030.611740373257,65670,MARUTI.NS
2024-11-04,10934.1064453125,11174.059155876865,10743.716904189709,11174.059155876865,444462,MARUTI.NS
2024-11-05,11050.49609375,11154.273266503364,10893.99078851853,10923.768107204449,321159,MARUTI.NS
2024-11-06,11232.6748046875,11307.613714475032,11052.969428635795,11098.872988862238,416027,MARUTI.NS
2024-11-07,11179.154296875,11263.095381059122,11066.819357936702,11184.100759492943,530194,MARUTI.NS
2024-11-08,11181.9736328125,11222.534627145447,11006.472748939246,11139.928699662492,269993,MARUTI.NS
2024-11-11,11277.6376953125,11394.819582975008,11188.897966494971,11210.16775484861,450681,MARUTI.NS
2024-11-12,11023.78515625,11393.583475226844,10988.319405647448,11270.069723734488,549747,MARUTI.NS
2024-11-13,10931.2861328125,11023.537659376403,10747.970423917966,11020.718562165095,507710,MARUTI.NS
2024-11-14,10888.2021484375,10998.65703867062,10775.47207875455,10936.62820785266,431348,MARUTI.NS
2024-11-18,10975.162109375,11063.20914496987,10798.12801705603,10832.753255773114,333440,MARUTI.NS
2024-11-19,10841.953125,11075.376884090754,10779.727206281736,10971.253848245144,864067,MARUTI.NS
2024-11-21,10745.1513671875,10840.865417897234,10654.68037357969,10804.212323482298,540201,MARUTI.NS
2024-11-22,10945.1357421875,10987.725555740511,10711.316854252482,10788.234343496575,493678,MARUTI.NS
2024-11-25,10907.0986328125,11127.512809399544,10872.373886271596,11082.054625636662,635726,MARUTI.NS
2024-11-26,10826.767578125,10959.332769813294,10774.829723172496,10907.098320339392,406586,MARUTI.NS
2024-11-27,10939.9423828125,10997.866231846954,10753.609525996246,10818.902831305884,343332,MARUTI.NS
2024-11-28,10832.6044921875,10961.954491309029,10771.4171352596,10941.971554960515,607669,MARUTI.NS
2024-11-29,10955.623046875,11010.923917205046,10803.073952240307,10832.70345543124,338207,MARUTI.NS
2024-12-02,11118.955078125,11208.684101710282,11031.600742998357,11031.600742998357,446880,MARUTI.NS
2024-12-03,11158.4775390625,11187.908991223514,11083.043985204442,11129.540733156296,258644,MARUTI.NS
2024-12-04,11010.6767578125,11179.00526333061,10987.082518101748,11160.208705808194,554674,MARUTI.NS
2024-12-05,11062.515625,11149.326038476158,10912.885140233406,11015.722284803269,545501,MARUTI.NS
2024-12-06,11196.763671875,11254.14263906976,11001.922313326082,11080.076423815495,417214,MARUTI.NS
2024-12-09,11159.021484375,11247.168026863616,11132.063263421216,11200.769821605356,254485,MARUTI.NS
2024-12-10,11078.2958984375,11193.201647126753,11050.397655629127,11154.273372177118,410569,MARUTI.NS
2024-12-11,11156.9931640625,11199.631283117333,11100.454712906318,11109.655905770736,226584,MARUTI.NS
2024-12-12,11047.8251953125,11178.361564782324,10959.629384535834,11178.361564782324,396561,MARUTI.NS
2024-12-13,11151.8486328125,11169.111979624868,10915.457004026091,11018.146335235462,263579,MARUTI.NS
2024-12-16,11156.251953125,11208.140539974062,11085.022890375598,11135.031434959708,223389,MARUTI.NS
2024-12-17,10989.60546875,11151.750902745598,10941.278914539722,11142.401895007146,295445,MARUTI.NS
2024-12-18,10884.6416015625,10979.217579351482,10852.637409107236,10966.307505279588,497103,MARUTI.NS
2024-12-19,10838.044921875,10917.238557327422,10736.247305933137,10771.4164601733,435360,MARUTI.NS
2024-12-20,10784.3271484375,10958.393362433288,10749.603367052738,10822.860285729002,404608,MARUTI.NS
2024-12-23,10706.123046875,10872.126129135762,10640.23655520594,10810.988048073368,237165,MARUTI.NS
2024-12-24,10621.6376953125,10770.873051779983,10610.16228851044,10706.123663054545,151149,MARUTI.NS
2024-12-26,10779.3310546875,10857.287110283249,10654.68019998021,10655.174846229049,349811,MARUTI.NS
2024-12-27,10823.8984375,11013.79332475576,10795.752872852485,10812.472302426846,257973,MARUTI.NS
2024-12-30,10683.3203125,10832.752749675014,10634.992794770533,10823.898388681258,335481,MARUTI.NS
2024-12-31,10742.1337890625,10777.055620183066,10635.487287451382,10649.733485523251,198997,MARUTI.NS
2025-01-01,11088.287109375,11153.23454946651,10684.557220201148,10741.738134381618,383202,MARUTI.NS
2025-01-02,11714.5087890625,11732.168239401895,11105.797322516672,11164.165578532036,1417042,MARUTI.NS
2025-01-03,11806.4638671875,11920.776420879902,11661.730569509007,11723.066703724868,701315,MARUTI.NS
2025-01-06,11629.7763671875,11851.625202741649,11565.521628284076,11801.2698297677,383268,MARUTI.NS
2025-01-07,11595.7939453125,11699.32379150743,11548.704008924293,11629.77672222882,308104,MARUTI.NS
2025-01-08,11695.416015625,11732.959859480008,11599.751236994322,11600.443934970288,303100,MARUTI.NS
2025-01-09,11614.837890625,11723.116148185338,11534.804706880288,11695.415958130554,266413,MARUTI.NS
2025-01-10,11506.5595703125,11634.079759561642,11446.114185214985,11564.829284802348,218246,MARUTI.NS
2025-01-13,11374.5888671875,11529.66047060768,11345.206685949848,11345.701332212751,253524,MARUTI.NS
2025-01-14,11615.431640625,11659.355646516156,11407.531442148333,11410.450048148492,627463,MARUTI.NS
2025-01-15,11819.4736328125,12061.850295966044,11733.99837413964,11763.231774372274,692822,MARUTI.NS
2025-01-16,11962.8212890625,12004.074978790655,11828.17896867997,11853.158603855054,551211,MARUTI.NS
2025-01-17,12006.3994140625,12059.376799299154,11875.76353518156,11972.319060980431,285370,MARUTI.NS
2025-01-20,11891.3447265625,12016.984869890734,11855.730197745048,12016.984869890734,251731,MARUTI.NS
2025-01-21,11756.455078125,12009.81249236961,11735.036509781525,11888.376842098907,300038,MARUTI.NS
2025-01-22,11891.6416015625,11949.51521225589,11772.629908178307,11772.629908178307,396590,MARUTI.NS
2025-01-23,11916.7705078125,11976.671977356016,11833.224560330693,11876.456837165728,480876,MARUTI.NS
2025-01-24,11839.75390625,11963.51400956171,11786.5291977236,11802.2593346623,310343,MARUTI.NS
2025-01-27,11865.42578125,11917.908522659996,11684.583300646347,11774.461106332845,251783,MARUTI.NS
2025-01-28,11993.9345703125,12034.446290136782,11757.69172195079,11889.662757643844,533451,MARUTI.NS
2025-01-29,11849.6474609375,12188.77674927291,11757.79106924785,11990.225543950162,817549,MARUTI.NS
2025-01-30,11871.509765625,11981.172450642583,11795.432787434578,11892.284907714844,418442,MARUTI.NS
2025-01-31,12178.833984375,12257.333957052242,11871.509885764885,11871.509885764885,709009,MARUTI.NS
2025-02-01,12778.1962890625,13009.196082620823,12097.71184467364,12188.083326075175,1101170,MARUTI.NS
2025-02-03,12999.25390625,13317.064115216588,12783.2915512458,12850.909305761765,926127,MARUTI.NS
2025-02-04,12969.5751953125,13117.969067929382,12832.607457665928,13108.125414491276,530749,MARUTI.NS
2025-02-05,12946.6728515625,13009.196330570156,12864.264979815136,12969.624630705304,271633,MARUTI.NS
2025-02-06,12934.009765625,12989.41014400002,12867.52911835379,12920.159671031244,414134,MARUTI.NS
2025-02-07,12909.7724609375,12968.140718356964,12872.673992238686,12920.160032173168,355223,MARUTI.NS
2025-02-10,12762.615234375,12920.160065185162,12748.666596550987,12910.267140173535,294142,MARUTI.NS
2025-02-11,12588.103515625,12877.867672548036,12563.470712273996,12761.823856628283,354195,MARUTI.NS
2025-02-12,12520.041015625,12628.665143332666,12473.04961995905,12564.015262264124,425735,MARUTI.NS
2025-02-13,12535.6220703125,12608.483850590506,12479.67777172916,12539.282645844514,186742,MARUTI.NS
2025-02-14,12544.4765625,12643.158492044717,12449.35569960924,12564.01508990359,233454,MARUTI.NS
2025-02-17,12626.2412109375,12637.221970876586,12443.419190188504,12466.667563158257,192210,MARUTI.NS
2025-02-18,12649.2919921875,12746.98462683641,12598.78880314209,12628.269526503556,267936,MARUTI.NS
2025-02-19,12550.3134765625,12632.424754332347,12515.539458630838,12590.725688877928,288694,MARUTI.NS
2025-02-20,12307.4423828125,12514.550385557175,12247.441404995878,12514.550385557175,423739,MARUTI.NS
2025-02-21,12191.4970703125,12305.413524060586,12113.886879078753,12287.013069673996,477013,MARUTI.NS
2025-02-24,12213.013671875,12299.378711836463,12089.252603423927,12117.20011587994,399571,MARUTI.NS
2025-02-25,12342.7587890625,12373.477093308536,12217.762071237596,12256.097154659496,363355,MARUTI.NS
2025-02-27,12248.0341796875,12415.620713449263,12180.169101512936,12397.516854156022,236805,MARUTI.NS
2025-02-28,11817.939453125,12206.38554062726,11685.226443594172,12206.38554062726,605149,MARUTI.NS
2025-03-03,11649.5126953125,11930.323958784656,11631.85421014671,11758.730976743322,186884,MARUTI.NS
2025-03-04,11491.869140625,11598.712731903384,11466.88950470112,11564.82946337297,255726,MARUTI.NS
2025-03-05,11492.95703125,11703.33047134682,11444.48169793673,11480.739655112411,349730,MARUTI.NS
2025-03-06,11541.482421875,11603.906392255269,11357.077913217996,11575.711555972455,315309,MARUTI.NS
2025-03-07,11539.2568359375,11616.569467397569,11476.78262630305,11525.25796021296,259055,MARUTI.NS
2025-03-10,11461.9921875,11572.645133395696,11410.153840113391,11475.793011109552,153894,MARUTI.NS
2025-03-11,11522.240234375,11566.807667343845,11386.756436121075,11455.512263428673,245822,MARUTI.NS
2025-03-12,11515.462890625,11598.415643876591,11398.627836390602,11496.369739180123,249361,MARUTI.NS
2025-03-13,11390.515625,11559.88269171903,11366.72333394769,11510.220015731536,260736,MARUTI.NS
2025-03-17,11429.9892578125,11627.105793737772,11333.681050684292,11390.516099558725,275569,MARUTI.NS
2025-03-18,11429.9892578125,11429.9892578125,11429.9892578125,11429.9892578125,0,MARUTI.NS
2025-03-19,11491.1767578125,11589.018176359035,11423.3609474873,11574.722705949722,476555,MARUTI.NS
2025-03-20,11604.5986328125,11639.025817274372,11463.921051472624,11574.623264430336,379421,MARUTI.NS
2025-03-21,11607.1708984375,11794.048638897197,11580.460000827825,11653.86569785042,560565,MARUTI.NS
2025-03-24,11794.5927734375,11861.61734182018,11616.322067706213,11653.816640742014,359033,MARUTI.NS
2025-03-25,11741.814453125,11945.954579506875,11673.651811613105,11823.431086553652,514283,MARUTI.NS
2025-03-26,11608.6552734375,11741.814629151844,11584.615657906596,11680.57703440676,478517,MARUTI.NS
2025-03-27,11596.4375,11770.602252701492,11513.386200785002,11647.089469598592,645787,MARUTI.NS
2025-03-28,11398.77734375,11620.180819379271,11278.033417231609,11573.782613146495,541795,MARUTI.NS
2025-04-01,11358.166015625,11422.173435175882,11169.11260065158,11357.078180290537,498244,MARUTI.NS
2025-04-02,11590.6494140625,11606.379551175158,11287.87663919324,11358.1656777408,452994,MARUTI.NS
2025-04-03,11562.94921875,11676.570041409126,11486.724425268469,11505.96635750806,326624,MARUTI.NS
2025-04-04,11359.056640625,11505.471932630966,11208.68417856482,11475.793157224352,355785,MARUTI.NS
2025-04-07,11208.4365234375,11236.878682359702,10941.030958165768,10986.686226650363,602353,MARUTI.NS
2025-04-08,11336.2041015625,11426.674126899889,11169.16148494093,11406.542411168177,629968,MARUTI.NS
2025-04-09,11334.720703125,11415.149993185025,11302.667238474589,11337.391020090874,255114,MARUTI.NS
2025-04-11,11474.8525390625,11553.699341511425,11357.077464673115,11357.423330592474,231420,MARUTI.NS
2025-04-15,11728.0625,11812.152361872628,11554.93631379165,11663.758487979756,458593,MARUTI.NS
2025-04-16,11539.107421875,11641.99383921682,11490.632090627412,11641.99383921682,470494,MARUTI.NS
2025-04-17,11569.775390625,11602.42204200513,11401.595671394023,11539.107324176995,302146,MARUTI.NS
2025-04-21,11619.240234375,11642.983254011016,11463.921314256067,11569.775610133302,318493,MARUTI.NS
2025-04-22,11608.3583984375,11661.78019437372,11490.632588874343,11643.972929061649,516753,MARUTI.NS
2025-04-23,11779.505859375,11842.820579707575,11603.41179345002,11672.662268813776,493839,MARUTI.NS
2025-04-24,11766.6455078125,11911.082219107324,11731.030976260352,11812.1529647958,387863,MARUTI.NS
2025-04-25,11572.744140625,11917.017944774214,11473.814886559134,11774.559818919366,906266,MARUTI.NS
2025-04-28,11719.1591796875,11768.623805635869,11168.123246622672,11305.634906759138,457303,MARUTI.NS
2025-04-29,11714.212890625,11812.152851453637,11615.28363726274,11685.523407149944,455596,MARUTI.NS
2025-04-30,12125.7578125,12193.029700502777,11673.651153422536,11698.38346518826,967250,MARUTI.NS
2025-05-02,12272.173828125,12590.726022615629,12118.833486056528,12125.758533762846,707908,MARUTI.NS
2025-05-05,12324.6064453125,12356.263806546243,12229.634361611264,12356.263806546243,270014,MARUTI.NS
2025-05-06,12446.2890625,12464.096327671688,12238.53763549698,12304.820233636035,414921,MARUTI.NS
2025-05-07,12497.732421875,12533.346952642632,12222.709100947171,12222.709100947171,303619,MARUTI.NS
2025-05-08,12259.3125,12462.11745985313,12197.976365800518,12425.51363783086,485326,MARUTI.NS
2025-05-09,12118.8330078125,12227.655181760205,11985.278521603954,12005.064371412627,278112,MARUTI.NS
2025-05-12,12480.9140625,12494.76415736961,12292.948489269578,12292.948489269578,185165,MARUTI.NS
2025-05-13,12348.3486328125,12564.014391661492,12296.905424279714,12465.085144483057,378269,MARUTI.NS
2025-05-14,12534.3359375,12581.821977357931,12278.109180766574,12351.316825547554,306050,MARUTI.NS
2025-05-15,12813.31640625,12883.556173455354,12413.642237926577,12465.08544771078,561496,MARUTI.NS
2025-05-16,12855.8564453125,12945.882065668286,12773.745165207773,12811.338281400298,425275,MARUTI.NS
2025-05-19,12849.919921875,12906.30959279246,12791.551666013069,12850.909214347235,244277,MARUTI.NS
2025-05-20,12502.6787109375,12870.695523761424,12474.978520724946,12865.749061223469,361111,MARUTI.NS
2025-05-21,12479.9248046875,12670.858255920532,12459.149662325355,12539.282354293624,209104,MARUTI.NS
2025-05-22,12311.7451171875,12475.96767158309,12262.280492369551,12475.96767158309,434848,MARUTI.NS
2025-05-23,12319.6591796875,12361.209463598756,12289.980405465174,12316.691302265268,169465,MARUTI.NS
2025-05-26,12288.001953125,12404.73846632593,12258.323178582392,12321.637897606624,214703,MARUTI.NS
2025-05-27,12281.0771484375,12345.3811612173,12158.404877903728,12288.002195967632,344679,MARUTI.NS
2025-05-28,12198.9658203125,12282.066390331658,12173.24421530657,12281.07709783143,178181,MARUTI.NS
2025-05-29,12259.3125,12294.927029535183,12134.661646626855,12207.869290671402,191097,MARUTI.NS
2025-05-30,12187.0947265625,12356.263749879505,12119.822834249304,12259.313081545784,351353,MARUTI.NS
2025-06-02,12158.4052734375,12187.094756995652,12002.097052672398,12030.78653623055,264972,MARUTI.NS
2025-06-03,11998.1396484375,12217.762587252895,11930.86775726882,12141.58706342954,369114,MARUTI.NS
2025-06-04,12032.7646484375,12113.886633241567,11998.13941102113,11998.13941102113,205846,MARUTI.NS
2025-06-05,11996.1611328125,12125.758453313774,11887.338955292347,12069.368779507877,319783,MARUTI.NS
2025-06-06,12328.5634765625,12400.781831063308,11970.439581640689,12009.021990209612,456129,MARUTI.NS
2025-06-09,12501.689453125,12524.443180862743,12332.520433857422,12371.102841760554,323443,MARUTI.NS
2025-06-10,12385.9423828125,12607.543907872405,12327.574123979755,12524.44333597494,325292,MARUTI.NS
2025-06-11,12318.669921875,12425.513509376004,12293.937609953471,12336.477186458502,306061,MARUTI.NS
2025-06-12,12257.333984375,12356.263233643564,12175.222707482091,12325.595166370307,347339,MARUTI.NS
2025-06-13,12275.1416015625,12291.959574420862,12045.625736671906,12069.368757177828,385493,MARUTI.NS
2025-06-16,12395.8349609375,12432.43878324833,12203.91221692937,12271.184106581704,184242,MARUTI.NS
2025-06-17,12460.138671875,12479.924521294412,12336.477113003672,12394.84536879094,226597,MARUTI.NS
2025-06-18,12611.5009765625,12742.087588494274,12415.62105866484,12484.871534689266,467738,MARUTI.NS
2025-06-19,12668.8798828125,12687.676440502131,12577.864971894278,12613.479502253582,339117,MARUTI.NS
2025-06-20,12654.0400390625,12751.979994020454,12591.714613180166,12671.84730360031,652128,MARUTI.NS
2025-06-23,12563.025390625,12649.093837666844,12530.378738298785,12634.254450245837,192037,MARUTI.NS
2025-06-24,12475.9677734375,12717.35514451979,12418.588808180237,12692.6228319089,332717,MARUTI.NS
2025-06-25,12630.2978515625,12669.869553141769,12481.90397064025,12548.18657078552,316536,MARUTI.NS
2025-06-26,12578.8544921875,12710.430398397562,12553.132886462225,12643.158506500688,354735,MARUTI.NS
2025-06-27,12506.6357421875,12661.954664155815,12485.860599758616,12613.479331821754,346403,MARUTI.NS
2025-06-30,12267.2265625,12539.28199029738,12199.954674899192,12531.367650579636,448956,MARUTI.NS
2025-07-01,12308.77734375,12325.595316330273,12188.083658173928,12316.691683787776,283481,MARUTI.NS
2025-07-02,12486.849609375,12507.624751333238,12226.66568865993,12247.440830618169,609735,MARUTI.NS
2025-07-03,12615.4580078125,12682.72989806746,12455.192622205095,12494.764322355071,606221,MARUTI.NS
2025-07-04,12510.5927734375,12611.500606973055,12472.999658983075,12578.853954946846,225607,MARUTI.NS
2025-07-07,12385.9423828125,12534.336261200828,12337.467049205645,12511.582533181285,220116,MARUTI.NS
2025-07-08,12281.0771484375,12420.567391544451,12226.666060700749,12390.888616415314,241050,MARUTI.NS
2025-07-09,12336.4775390625,12405.728014422111,12296.905838857008,12301.852301382693,174203,MARUTI.NS
2025-07-10,12514.5498046875,12534.335654181075,12268.215978492464,12366.155933485672,277325,MARUTI.NS
2025-07-11,12439.3642578125,12549.175728515314,12386.931753783228,12504.657564716876,194420,MARUTI.NS
2025-07-14,12380.0068359375,12480.914674939067,12297.89555518132,12455.19306891906,246737,MARUTI.NS
2025-07-15,12401.7705078125,12463.106641466326,12347.359421506686,12347.359421506686,147377,MARUTI.NS
2025-07-16,12429.470703125,12436.395750476311,12305.809143280156,12401.770513719755,204480,MARUTI.NS
2025-07-17,12342.4130859375,12491.796251693875,12329.552283587616,12434.417287363614,189207,MARUTI.NS
2025-07-18,12286.0234375,12392.86702645644,12237.548105473468,12390.888441475763,124068,MARUTI.NS
2025-07-21,12272.173828125,12344.3921827766,12209.848398768136,12297.895433891325,232066,MARUTI.NS
2025-07-22,12358.2421875,12395.835303344142,12187.094581156942,12315.702609044787,169006,MARUTI.NS
2025-07-23,12491.796875,12582.811788479052,12405.728424210023,12405.728424210023,342005,MARUTI.NS
2025-07-24,12422.5458984375,12525.432318238209,12384.952783510318,12512.57151576312,157163,MARUTI.NS
2025-07-25,12271.1845703125,12422.546327750246,12224.687821295676,12410.674817362971,260700,MARUTI.NS
2025-07-28,12207.869140625,12400.781173236172,12170.276026577694,12238.5372073478,292879,MARUTI.NS
2025-07-29,12335.48828125,12373.081396550946,12136.640487158153,12207.869547728367,285115,MARUTI.NS
2025-07-30,12482.892578125,12507.624890254743,12287.012666057415,12297.894883394503,203847,MARUTI.NS
2025-07-31,12473.0,12623.372461928931,12330.54187817259,12372.092163705584,709783,MARUTI.NS
2025-08-01,12302.0,12779.0,12273.0,12521.0,346024,MARUTI.NS
2025-08-04,12365.0,12425.0,12225.0,12326.0,255693,MARUTI.NS
2025-08-05,12537.0,12577.0,12370.0,12400.0,233560,MARUTI.NS
2025-08-06,12524.0,12619.0,12483.0,12570.0,151608,MARUTI.NS
2025-08-07,12632.0,12654.0,12429.0,12525.0,173393,MARUTI.NS
2025-08-08,12590.0,12725.0,12564.0,12630.0,247048,MARUTI.NS
2025-08-11,12597.0,12734.0,12482.0,12585.0,187230,MARUTI.NS
2025-08-12,12840.0,12959.0,12606.0,12620.0,504476,MARUTI.NS
2025-08-13,12834.0,12925.0,12752.0,12840.0,252065,MARUTI.NS
2025-08-14,12936.0,12956.0,12825.0,12864.0,318580,MARUTI.NS
2025-08-18,14068.0,14125.0,13664.0,13703.0,2154781,MARUTI.NS
2025-08-19,14250.0,14270.0,13979.0,14070.0,906623,MARUTI.NS
2025-08-20,14221.0,14362.0,14200.0,14362.0,391425,MARUTI.NS
2025-08-21,14280.0,14401.0,14156.0,14219.0,513460,MARUTI.NS
2025-08-22,14349.0,14370.0,14230.0,14349.0,458935,MARUTI.NS
2025-08-25,14452.0,14478.0,14280.0,14401.0,357110,MARUTI.NS
2025-08-26,14714.0,14825.0,14391.0,14452.0,962974,MARUTI.NS
2025-08-28,14752.0,14895.0,14625.0,14895.0,666635,MARUTI.NS
2025-08-29,14791.0,14850.0,14692.0,14750.0,621560,MARUTI.NS
2025-09-01,14887.0,14938.0,14654.0,14790.0,572927,MARUTI.NS
2025-09-02,14842.0,14934.0,14783.0,14859.0,379167,MARUTI.NS
2025-09-03,14927.0,14991.0,14750.0,14875.0,561656,MARUTI.NS
2025-09-04,14662.0,15240.0,14630.0,15240.0,784369,MARUTI.NS
2025-09-05,14895.0,14957.0,14701.0,14740.0,473806,MARUTI.NS
2025-09-08,15258.0,15319.0,14850.0,14921.0,691077,MARUTI.NS
2025-09-09,15365.0,15384.0,15201.0,15249.0,605860,MARUTI.NS
2025-09-10,15108.0,15384.0,15072.0,15366.0,489062,MARUTI.NS
2025-09-11,15095.0,15191.0,15038.0,15111.0,657161,MARUTI.NS
2025-09-12,15325.0,15373.0,15153.0,15160.0,420101,MARUTI.NS
2025-09-15,15265.0,15378.0,15249.0,15350.0,170587,MARUTI.NS
2025-09-16,15573.0,15594.0,15284.0,15300.0,381944,MARUTI.NS
2025-09-17,15801.0,15818.0,15570.0,15592.0,624986,MARUTI.NS
2025-09-18,15817.0,15939.0,15703.0,15916.0,642175,MARUTI.NS
2025-09-19,15864.0,16060.0,15811.0,16000.0,652443,MARUTI.NS
2025-09-22,15816.0,16000.0,15779.0,15879.0,302234,MARUTI.NS
2025-09-23,16097.0,16325.0,16031.0,16120.0,873114,MARUTI.NS
2025-09-24,16249.0,16375.0,16063.0,16188.0,663647,MARUTI.NS
2025-09-25,16269.0,16370.0,16067.0,16249.0,490262,MARUTI.NS
2025-09-26,16286.0,16435.0,16202.0,16235.0,490957,MARUTI.NS
2025-09-29,15984.0,16340.0,15950.0,16300.0,627326,MARUTI.NS
2025-09-30,16029.0,16054.0,15921.0,15985.0,390006,MARUTI.NS
2025-10-01,15965.0,16109.0,15850.0,16026.0,426075,MARUTI.NS
2025-10-03,15806.0,16025.0,15736.0,15949.0,470216,MARUTI.NS
2025-10-06,15998.0,16057.0,15708.0,15840.0,268497,MARUTI.NS
2025-10-07,16108.0,16159.0,15977.0,16014.0,330326,MARUTI.NS
2025-10-08,16012.0,16236.0,15979.0,16108.0,306518,MARUTI.NS
2025-10-09,15985.0,16075.0,15853.0,16070.0,300499,MARUTI.NS
2025-10-10,16265.0,16315.0,15911.0,15980.0,423031,MARUTI.NS
2025-10-13,16323.0,16432.0,16218.0,16264.0,337617,MARUTI.NS
2025-10-14,16261.0,16350.0,16121.0,16350.0,307925,MARUTI.NS
2025-10-15,16212.0,16380.0,16200.0,16300.0,266435,MARUTI.NS
2025-10-16,16298.0,16332.0,16200.0,16246.0,265727,MARUTI.NS
2025-10-17,16401.0,16549.0,16298.0,16298.0,411608,MARUTI.NS
2025-10-20,16424.0,16518.0,16380.0,16500.0,374246,MARUTI.NS
2025-10-21,16396.0,16476.0,16330.0,16453.0,28990,MARUTI.NS
2025-10-23,16393.0,16660.0,16340.0,16660.0,481753,MARUTI.NS
2025-10-24,16274.0,16423.0,16200.0,16392.0,208520,MARUTI.NS
2025-10-27,16388.0,16410.0,16275.0,16350.0,209829,MARUTI.NS
2025-10-28,16311.0,16495.0,16261.0,16399.0,383383,MARUTI.NS
2025-10-29,16138.0,16428.0,16046.0,16360.0,232815,MARUTI.NS
2025-10-30,16206.0,16275.0,16077.0,16190.0,230383,MARUTI.NS
2025-10-31,16186.0,16516.0,15949.0,16204.0,719402,MARUTI.NS
2025-11-03,15651.0,16100.0,15530.0,16016.0,942850,MARUTI.NS
2025-11-04,15374.0,15633.0,15355.0,15607.0,748848,MARUTI.NS
2025-11-06,15452.0,15534.0,15309.0,15534.0,429800,MARUTI.NS
2025-11-07,15479.0,15499.0,15260.0,15459.0,227247,MARUTI.NS
2025-11-10,15583.0,15647.0,15380.0,15380.0,274191,MARUTI.NS
2025-11-11,15645.0,15680.0,15512.0,15640.0,181524,MARUTI.NS
2025-11-12,15696.0,15731.0,15555.0,15674.0,244015,MARUTI.NS
2025-11-13,15749.0,15800.0,15660.0,15661.0,250711,MARUTI.NS
2025-11-14,15684.0,15735.0,15572.0,15725.0,253698,MARUTI.NS
2025-11-17,15878.0,15892.0,15655.0,15689.0,301069,MARUTI.NS
2025-11-18,15930.0,15999.0,15750.0,15878.0,392903,MARUTI.NS
2025-11-19,15768.0,15950.0,15715.0,15950.0,286434,MARUTI.NS
2025-11-20,15801.0,15823.0,15618.0,15810.0,249492,MARUTI.NS
2025-11-21,15977.0,16150.0,15737.0,15790.0,586351,MARUTI.NS
2025-11-24,15958.0,16085.0,15911.0,16005.0,525788,MARUTI.NS
2025-11-25,15889.0,16050.0,15842.0,15958.0,214525,MARUTI.NS
2025-11-26,16156.0,16210.0,15950.0,15950.0,314946,MARUTI.NS
2025-11-27,15903.0,16171.0,15875.0,16166.0,339986,MARUTI.NS
2025-11-28,15900.0,16049.0,15850.0,15906.0,352340,MARUTI.NS
2025-12-01,16097.0,16177.0,15851.0,15975.0,434052,MARUTI.NS
2025-12-02,16239.0,16261.0,16095.0,16127.0,383165,MARUTI.NS
2025-12-03,16082.0,16248.0,16010.0,16219.0,264397,MARUTI.NS
2025-12-04,15994.0,16135.0,15887.0,16058.0,248812,MARUTI.NS
2025-12-05,16282.0,16338.0,15979.0,16000.0,332032,MARUTI.NS
2025-12-08,16187.0,16256.0,16094.0,16200.0,220513,MARUTI.NS
2025-12-09,16020.0,16226.0,15985.0,16051.0,276388,MARUTI.NS
2025-12-10,16019.0,16125.0,15925.0,16090.0,293374,MARUTI.NS
2025-12-11,16248.0,16296.0,15983.0,16049.0,268701,MARUTI.NS
2025-12-12,16522.0,16536.0,16247.0,16248.0,404711,MARUTI.NS
2025-12-15,16415.0,16500.0,16360.0,16500.0,225221,MARUTI.NS
2025-12-16,16354.0,16451.0,16320.0,16400.0,156134,MARUTI.NS
2025-12-17,16398.0,16490.0,16357.0,16389.0,257406,MARUTI.NS
2025-12-18,16329.0,16486.0,16221.0,16440.0,213981,MARUTI.NS
2025-12-19,16414.0,16475.0,16329.0,16329.0,360190,MARUTI.NS
2025-12-22,16649.0,16693.0,16414.0,16464.0,271590,MARUTI.NS
2025-12-23,16585.0,16720.0,16558.0,16709.0,215650,MARUTI.NS
2025-12-24,16703.0,16720.0,16542.0,16640.0,258486,MARUTI.NS
2025-12-26,16596.0,16703.0,16516.0,16703.0,212925,MARUTI.NS
2025-12-29,16542.0,16682.0,16499.0,16600.0,251796,MARUTI.NS
2025-12-30,16647.0,16818.0,16482.0,16575.0,1055843,MARUTI.NS
