Date,Close,High,Low,Open,Volume,Ticker
2021-01-01,562.5928955078125,565.8953275988437,552.7799314013818,559.0545754102791,8229768,SUNPHARMA.NS
2021-01-04,570.2828979492188,575.0478244165437,561.6022073293262,566.1312457775772,11329298,SUNPHARMA.NS
2021-01-05,569.3865356445312,574.3401842511506,566.1312693279255,574.104296222264,7790158,SUNPHARMA.NS
2021-01-06,571.132080078125,576.4631725300868,562.4986128344071,569.9998060293184,6422080,SUNPHARMA.NS
2021-01-07,567.9240112304688,573.6796557937764,564.2441351392735,571.8397177481788,4555702,SUNPHARMA.NS
2021-01-08,585.7571411132812,587.644245342119,569.9054771090139,572.7361334522706,11451416,SUNPHARMA.NS
2021-01-11,585.9457397460938,592.5506031570803,579.3880424129322,588.4933414368707,7516087,SUNPHARMA.NS
2021-01-12,575.236572265625,588.6821899586013,572.7833022028204,585.9458657781254,6747035,SUNPHARMA.NS
2021-01-13,568.3014526367188,579.8128004699596,563.5365257618931,576.5103679204968,6186661,SUNPHARMA.NS
2021-01-14,572.783203125,577.1235766746343,562.734409351835,568.3013313359314,6730284,SUNPHARMA.NS
2021-01-15,570.1884155273438,581.9828145643559,564.338382087018,574.623121083228,8389544,SUNPHARMA.NS
2021-01-18,548.6282958984375,573.0662569855238,545.7976400326856,569.9997131309593,7414570,SUNPHARMA.NS
2021-01-19,562.8759155273438,568.9618372446957,550.4210180199393,553.770673581396,5500391,SUNPHARMA.NS
2021-01-20,561.1303100585938,569.5278871694165,559.4790942818221,567.2633972294599,5182972,SUNPHARMA.NS
2021-01-21,549.9964599609375,564.9517354758009,547.8734680530953,564.2440715065202,4546393,SUNPHARMA.NS
2021-01-22,542.731201171875,553.8179387908482,538.3908267841529,549.9965641507896,5591688,SUNPHARMA.NS
2021-01-25,553.2989501953125,560.469922804686,534.9940172226549,544.5238699785128,8149590,SUNPHARMA.NS
2021-01-27,537.6359252929688,552.8271472506243,531.9274471343737,552.8271472506243,8534047,SUNPHARMA.NS
2021-01-28,532.4935302734375,542.0706057876062,519.3310263875441,523.5770102448882,9863454,SUNPHARMA.NS
2021-01-29,553.1101684570312,566.1311739396756,522.822116097354,535.9375113295595,22539938,SUNPHARMA.NS
2021-02-01,556.8372802734375,565.56513696995,546.8827598071581,562.3570368779953,12621971,SUNPHARMA.NS
2021-02-02,575.0477294921875,582.077202818192,558.1109610004938,563.2533304854146,15788247,SUNPHARMA.NS
2021-02-03,593.6829223632812,611.7991320507191,576.0384886698401,577.9255926458264,23788455,SUNPHARMA.NS
2021-02-04,595.8531494140625,604.8168943379478,590.8995009034943,596.7967015113136,7926593,SUNPHARMA.NS
2021-02-05,598.9197387695312,607.8834843674998,587.9745566542691,597.7402985592722,10981738,SUNPHARMA.NS
2021-02-08,598.8253173828125,608.4495019929469,596.8438235708442,604.7225175556132,6479801,SUNPHARMA.NS
2021-02-09,593.5427856445312,608.4384871355386,591.0681275106288,601.4427764965226,5794015,SUNPHARMA.NS
2021-02-10,596.8741455078125,601.1096698850689,584.5007374489913,593.0193646158397,6902162,SUNPHARMA.NS
2021-02-11,612.62646484375,617.4806245508775,592.0199591069685,592.0199591069685,11433578,SUNPHARMA.NS
2021-02-12,596.9216918945312,622.8582548713456,592.3530031340745,622.8582548713456,15471776,SUNPHARMA.NS
2021-02-15,597.2548828125,606.5825171724258,593.2573086315892,601.5379855577689,7310676,SUNPHARMA.NS
2021-02-16,600.7289428710938,603.9174514895518,592.9717451189767,600.5861495506811,6137454,SUNPHARMA.NS
2021-02-17,591.3059692382812,601.9185664104144,589.9258471079215,598.3968934860328,4700733,SUNPHARMA.NS
2021-02-18,586.356689453125,597.016866727175,584.5006668498224,592.0199140762103,5633766,SUNPHARMA.NS
2021-02-19,578.0285034179688,592.305512681182,572.2225428882484,586.2140235848574,7301975,SUNPHARMA.NS
2021-02-22,566.6068115234375,581.4072973008143,561.9430240488286,578.6946891825872,5330343,SUNPHARMA.NS
2021-02-23,574.9351196289062,579.0278504394573,563.4659344401271,566.321336134925,7564187,SUNPHARMA.NS
2021-02-24,572.46044921875,579.9796386657753,567.1303313125436,577.8380874402367,3296243,SUNPHARMA.NS
2021-02-25,580.1699829101562,589.0693524373553,573.6501727252397,577.1718461924038,6261754,SUNPHARMA.NS
2021-02-26,565.9406127929688,591.4012788101403,561.5623532759333,575.7917838462458,15404415,SUNPHARMA.NS
2021-03-01,575.3157958984375,581.3597055425455,568.2724493032421,571.0802722605141,5274758,SUNPHARMA.NS
2021-03-02,584.5958862304688,586.6422224757879,575.3634096431769,579.646511948213,4776776,SUNPHARMA.NS
2021-03-03,594.2566528320312,595.2560898886695,582.7398893624717,586.7850417181933,6626297,SUNPHARMA.NS
2021-03-04,589.1170654296875,606.059106574313,586.3092416957626,592.020045997994,11530735,SUNPHARMA.NS
2021-03-05,581.7404174804688,589.5927707991204,577.6476873694045,589.5927707991204,6127488,SUNPHARMA.NS
2021-03-08,585.1669311523438,591.924749504861,581.8356294286962,582.0260011458487,4554461,SUNPHARMA.NS
2021-03-09,583.0730590820312,590.9730510076205,578.2188989699744,588.2128058657518,4035628,SUNPHARMA.NS
2021-03-10,595.8271484375,597.6355927323763,585.6904492722914,588.2127439846246,5825924,SUNPHARMA.NS
2021-03-12,584.0247802734375,598.8253249465606,582.0260224035637,597.730731102924,4264170,SUNPHARMA.NS
2021-03-15,576.315185546875,584.4054895553778,567.7489813025779,584.4054895553778,4030762,SUNPHARMA.NS
2021-03-16,573.2694702148438,580.5507677938962,570.3664901024849,576.7911439334266,4189930,SUNPHARMA.NS
2021-03-17,556.5653686523438,574.8875291423952,553.9479171537649,574.8875291423952,7667561,SUNPHARMA.NS
2021-03-18,546.8569946289062,563.0376039861574,544.4299148439776,559.0876665578644,5537584,SUNPHARMA.NS
2021-03-19,550.4262084960938,554.5665754591049,535.0070290305412,543.4780765788058,6186643,SUNPHARMA.NS
2021-03-22,562.51416015625,564.9888185033742,550.7118093623526,550.7118093623526,7033955,SUNPHARMA.NS
2021-03-23,559.5159301757812,566.0357988003724,554.8997207448107,562.7044968748032,5341729,SUNPHARMA.NS
2021-03-24,557.0888061523438,568.2248833235744,555.0900483930444,556.8032776286282,7299582,SUNPHARMA.NS
2021-03-25,547.9991455078125,559.6111233882085,543.9539933264696,556.2322431848041,4710869,SUNPHARMA.NS
2021-03-26,558.8972778320312,561.8478362113035,546.9045564054003,552.8533096646537,5761818,SUNPHARMA.NS
2021-03-30,568.8911743164062,570.1285033561165,558.9448474054749,566.2737229237028,4637718,SUNPHARMA.NS
2021-03-31,568.9863891601562,576.7911657276053,566.9876311301027,569.36713263888,5269919,SUNPHARMA.NS
2021-04-01,581.3121337890625,583.168156313801,568.5579843253471,571.0802787940032,6033653,SUNPHARMA.NS
2021-04-05,579.4560546875,582.4542490957474,564.1796703399713,582.2162990028162,5353987,SUNPHARMA.NS
2021-04-06,590.5447387695312,591.924861363079,574.4117057547755,579.4086592845395,7444994,SUNPHARMA.NS
2021-04-07,591.1157836914062,598.1115533441491,586.4519953495459,591.0682052774356,4757224,SUNPHARMA.NS
2021-04-08,584.6435546875,595.8272124287749,583.7393324429493,590.6398872194806,3222479,SUNPHARMA.NS
2021-04-09,606.0589599609375,611.0559125165636,580.122396696021,583.4536983997718,16755446,SUNPHARMA.NS
2021-04-12,589.49755859375,614.7202693687935,585.5476217623094,608.200459820861,15229597,SUNPHARMA.NS
2021-04-13,597.112060546875,604.9168367897956,586.404304202614,593.9235518950135,7399207,SUNPHARMA.NS
2021-04-15,602.7277221679688,610.5800770165841,596.3030682009197,603.0608291363485,8588761,SUNPHARMA.NS
2021-04-16,614.91064453125,618.6702677771686,596.1601647968846,602.727610876757,9804095,SUNPHARMA.NS
2021-04-19,609.7711181640625,620.0029752942622,604.3934211792413,612.9596271487109,11340358,SUNPHARMA.NS
2021-04-20,614.0540771484375,627.7123902261258,608.3432745080179,612.76911169837,13831258,SUNPHARMA.NS
2021-04-22,609.1047973632812,626.2847863426223,607.343931421081,619.3366536751098,11295290,SUNPHARMA.NS
2021-04-23,607.2011108398438,614.6727211614061,599.7770789222915,605.8209885638134,7668180,SUNPHARMA.NS
2021-04-26,604.1077880859375,612.959521104345,600.5861146224249,612.959521104345,6527947,SUNPHARMA.NS
2021-04-27,608.4384765625,611.4842498158868,601.5379228588189,602.2041948350743,5112384,SUNPHARMA.NS
2021-04-28,612.3884887695312,616.1004760080147,607.5342711746451,610.0565658351218,6069155,SUNPHARMA.NS
2021-04-29,613.4354248046875,620.5739285844162,610.1992798538935,617.6709486659851,5676290,SUNPHARMA.NS
2021-04-30,622.9058227539062,634.4701634885707,609.2474512949974,611.0558954065694,10874266,SUNPHARMA.NS
2021-05-03,627.4268798828125,631.9479321040727,618.7654607713714,622.4299274277355,6567597,SUNPHARMA.NS
2021-05-04,614.0540771484375,632.8521358398189,611.0558825249018,630.0918913263006,5604638,SUNPHARMA.NS
2021-05-05,650.4605102539062,654.743612670609,611.2938949171845,611.2938949171845,25296369,SUNPHARMA.NS
2021-05-06,646.6533813476562,663.1195208848818,640.8949409716796,656.5996516116863,11153908,SUNPHARMA.NS
2021-05-07,646.7008666992188,657.6941509465996,644.940000903661,648.1761458677777,6466334,SUNPHARMA.NS
2021-05-10,664.547119140625,669.5916501599878,650.6507970176478,654.8387424450201,10924222,SUNPHARMA.NS
2021-05-11,673.9698486328125,687.0571043003937,662.6434585837507,664.832587913125,14760511,SUNPHARMA.NS
2021-05-12,668.9729614257812,680.4897823875026,666.2603532249681,680.4897823875026,7250661,SUNPHARMA.NS
2021-05-14,658.12255859375,676.7302493300874,653.8870341628271,669.115844274334,6851035,SUNPHARMA.NS
2021-05-17,654.02978515625,664.8326983924522,647.2719662507568,654.8387924037326,6318234,SUNPHARMA.NS
2021-05-18,657.5037841796875,662.3103651620446,651.7454026822778,657.6941559013567,4080423,SUNPHARMA.NS
2021-05-19,669.4965209960938,672.685029557883,657.5037993733264,660.8351012529905,7745431,SUNPHARMA.NS
2021-05-20,653.7442016601562,667.8308966439043,651.9833938338361,666.2604024579348,6226376,SUNPHARMA.NS
2021-05-21,657.1231079101562,661.0254668384798,654.8387634051463,658.4080153859156,3434231,SUNPHARMA.NS
2021-05-24,657.646484375,664.7374088267632,656.3615190056473,657.6940627753571,3722957,SUNPHARMA.NS
2021-05-25,662.54833984375,663.7857270338085,657.6941802744118,661.5013824757109,2800233,SUNPHARMA.NS
2021-05-26,669.8771362304688,672.1139021143551,662.6434761434684,665.7844059682636,6235460,SUNPHARMA.NS
2021-05-27,665.7843627929688,675.5403166437592,661.0253609145344,673.1608157045421,9875654,SUNPHARMA.NS
2021-05-28,637.4684448242188,661.0255094145874,634.1847211717503,660.5496091198326,28316552,SUNPHARMA.NS
2021-05-31,636.0883178710938,643.1316654211827,627.2365840696505,639.6099916461382,13947126,SUNPHARMA.NS
2021-06-01,638.7056884765625,640.8472395162976,632.2810353573572,637.8014664189052,6443084,SUNPHARMA.NS
2021-06-02,644.7973022460938,645.4159377553208,637.8491697632248,638.6581770034816,4978457,SUNPHARMA.NS
2021-06-03,642.941162109375,648.0332709479826,641.0375613333294,645.3206630794319,3604574,SUNPHARMA.NS
2021-06-04,641.4660034179688,646.5105348018117,640.371409529164,646.1774278408518,3747803,SUNPHARMA.NS
2021-06-07,642.7984619140625,645.1303848211212,638.5629960485426,641.4659760338103,2793705,SUNPHARMA.NS
2021-06-08,646.0346069335938,647.1767791832954,633.0425065181641,640.561753909847,5695920,SUNPHARMA.NS
2021-06-09,640.4189453125,651.697816130897,635.4219926709209,648.2237210570536,4492551,SUNPHARMA.NS
2021-06-10,643.4647216796875,648.1761458119572,640.5617417495554,640.6093201562868,3099864,SUNPHARMA.NS
2021-06-11,648.4617919921875,653.2683738099495,641.5612370587094,642.6558310785823,3822099,SUNPHARMA.NS
2021-06-14,644.4641723632812,650.7460912703078,639.1816905753788,649.1280186081965,3640962,SUNPHARMA.NS
2021-06-15,640.752197265625,648.5569740689332,639.3720747301675,644.4641848755141,3862284,SUNPHARMA.NS
2021-06-16,636.3262939453125,647.7003229919726,634.7082212699496,642.4654195732278,4842448,SUNPHARMA.NS
2021-06-17,632.994873046875,641.0851768129934,629.758786396401,639.419526037616,2776147,SUNPHARMA.NS
2021-06-18,636.2786254882812,640.5617276793018,621.2401894140228,634.850924757941,4158743,SUNPHARMA.NS
2021-06-21,638.9912109375,642.2749341192816,630.0918999385239,630.0918999385239,2932177,SUNPHARMA.NS
2021-06-22,634.6605224609375,647.4622500114647,633.7563004233001,645.3206990191445,4577152,SUNPHARMA.NS
2021-06-23,633.185302734375,639.9430632616783,632.2335022041467,634.66058193757,2631031,SUNPHARMA.NS
2021-06-24,632.7568969726562,638.6580710962265,629.6159672580534,632.1858399675599,3460776,SUNPHARMA.NS
2021-06-25,639.8479614257812,644.7497578149681,632.7570352476241,632.7570352476241,3010243,SUNPHARMA.NS
2021-06-28,643.7027587890625,647.1292759361382,637.2781044932588,642.4654295803826,3342385,SUNPHARMA.NS
2021-06-29,644.9400024414062,648.6520476683146,640.6569001457241,640.799693459564,2937766,SUNPHARMA.NS
2021-06-30,642.8936767578125,650.508080964065,641.7515045082159,645.368334887527,3768943,SUNPHARMA.NS
2021-07-01,651.17431640625,652.7447523296789,641.2279898513713,642.4653188467885,4102748,SUNPHARMA.NS
2021-07-02,648.4141235351562,656.2664780587013,645.6063002989872,652.4592758654674,5071894,SUNPHARMA.NS
2021-07-05,647.4146728515625,651.9357249551442,645.8917572870143,651.0315029157701,1600769,SUNPHARMA.NS
2021-07-06,640.7996826171875,650.0797374341464,639.9906754345642,645.320734963911,2682423,SUNPHARMA.NS
2021-07-07,647.319580078125,649.1280244980641,633.9943713640885,635.8028157840276,2576763,SUNPHARMA.NS
2021-07-08,634.7557373046875,648.0809434779417,633.0424500363524,644.368898520934,2548016,SUNPHARMA.NS
2021-07-09,635.7076416015625,639.8955293699327,632.185967776064,634.3750975292231,1994075,SUNPHARMA.NS
2021-07-12,636.3262939453125,640.4190249994895,634.2799574648739,636.3738723577321,1555035,SUNPHARMA.NS
2021-07-13,650.079833984375,656.1237447819022,636.7546250886485,637.9919542960201,7744032,SUNPHARMA.NS
2021-07-14,652.8876342773438,659.0267597762403,648.1762096808278,649.0804318709952,2663467,SUNPHARMA.NS
2021-07-15,650.079833984375,655.0292089071621,648.4617612855195,652.9352358906021,1905193,SUNPHARMA.NS
2021-07-16,655.409912109375,662.120153245931,649.7467446494932,651.8882961373382,3479357,SUNPHARMA.NS
2021-07-19,656.028564453125,658.1701158060732,645.36838609979,645.36838609979,1940882,SUNPHARMA.NS
2021-07-20,643.8455200195312,658.2652640862715,641.418440136347,655.790605792299,2724983,SUNPHARMA.NS
2021-07-22,654.1724853515625,655.0291290563223,642.9888292488415,647.2243531787435,2047831,SUNPHARMA.NS
2021-07-23,660.5496215820312,665.2610462076523,648.7472708121221,653.1255884624492,3956261,SUNPHARMA.NS
2021-07-26,669.4965209960938,671.019378618051,661.6917449736504,661.6917449736504,4715053,SUNPHARMA.NS
2021-07-27,655.1242065429688,671.6855568121188,641.3706790846551,671.0192849105715,5327355,SUNPHARMA.NS
2021-07-28,654.6483154296875,658.5983103989747,640.1333590652105,655.1242156383588,3332667,SUNPHARMA.NS
2021-07-29,669.1158447265625,671.9236682114293,647.8907022379645,654.648463492193,4397443,SUNPHARMA.NS
2021-07-30,736.64599609375,745.973629216814,662.5959300689402,669.0681617404565,35893710,SUNPHARMA.NS
2021-08-02,737.6454467773438,763.24890552216,727.2707972563179,747.1634525422128,18661462,SUNPHARMA.NS
2021-08-03,756.4910888671875,765.5807727815425,728.3653933653678,736.6460700245744,14678219,SUNPHARMA.NS
2021-08-04,747.8773803710938,759.4417818095078,742.1189979060825,752.8743339147759,5796169,SUNPHARMA.NS
2021-08-05,748.2579956054688,756.1103498279928,745.5453292908029,747.6393020354678,5026619,SUNPHARMA.NS
2021-08-06,747.3536987304688,758.0614534171827,743.8796039725755,748.5910276533872,4064324,SUNPHARMA.NS
2021-08-09,750.7802124023438,754.7777860657386,744.3079807104762,751.1133774287133,2873586,SUNPHARMA.NS
2021-08-10,755.1109008789062,760.2982252049869,744.4983601958434,751.8748140458474,5656020,SUNPHARMA.NS
2021-08-11,741.9760131835938,756.6813414377394,736.0272604993348,755.729541008258,4275776,SUNPHARMA.NS
2021-08-12,741.1195678710938,743.5942262186298,735.8846645185146,742.40447545668,2821380,SUNPHARMA.NS
2021-08-13,740.7864379882812,750.4948162855884,730.6497958709693,731.9347035175872,4319920,SUNPHARMA.NS
2021-08-16,743.165771484375,745.2597440697677,733.8857171999814,737.8357122609106,2310304,SUNPHARMA.NS
2021-08-17,746.3544311523438,754.9682145877316,740.691206210858,745.2598372727984,5686055,SUNPHARMA.NS
2021-08-18,745.1647338867188,753.2550392137335,741.7382167745913,750.0188938456076,4036305,SUNPHARMA.NS
2021-08-20,724.4630126953125,746.6399539169231,707.5209164113716,737.6454270905152,6238261,SUNPHARMA.NS
2021-08-23,724.6537475585938,734.8171509317035,716.4944259085546,730.0456109905886,2375417,SUNPHARMA.NS
2021-08-24,736.1055908203125,742.404059751637,719.7869442524718,725.0833429984307,2732537,SUNPHARMA.NS
2021-08-25,733.9107055664062,740.543159169579,724.8924814762181,734.817310000742,2254852,SUNPHARMA.NS
2021-08-26,725.7989501953125,735.8668881186702,724.558361423309,730.1888020183839,1735864,SUNPHARMA.NS
2021-08-27,736.5348510742188,741.4972639753151,723.4608207422469,725.9897600633475,2432862,SUNPHARMA.NS
2021-08-30,751.2312622070312,758.6271491377003,733.0517066267187,733.8628451205797,3617125,SUNPHARMA.NS
2021-08-31,757.7683715820312,764.4008248451254,747.8913055707734,751.4699611178012,7435465,SUNPHARMA.NS
2021-09-01,752.4719848632812,767.168353839556,751.0405226219434,758.7226916678538,2811619,SUNPHARMA.NS
2021-09-02,753.855712890625,759.2952808372239,752.2810811902282,754.1896974349054,2679549,SUNPHARMA.NS
2021-09-03,753.3308715820312,760.7744634501311,748.1775843099293,756.7663575992015,2860730,SUNPHARMA.NS
2021-09-06,748.4161376953125,756.8617411976717,744.1217511863819,753.3308477762934,4613445,SUNPHARMA.NS
2021-09-07,734.7218017578125,747.223214097432,731.5725385496004,746.2689060334507,3851664,SUNPHARMA.NS
2021-09-08,741.9266967773438,743.3581586433057,728.6617935208967,732.2404481858016,2548562,SUNPHARMA.NS
2021-09-09,740.829345703125,746.5074903889086,736.2009748458471,736.9167059008699,2008287,SUNPHARMA.NS
2021-09-13,744.646728515625,747.2233724838055,736.3919969602639,740.8294954505736,1935832,SUNPHARMA.NS
2021-09-14,745.6964111328125,751.9948216194109,741.7837127730252,748.8456163761117,1996844,SUNPHARMA.NS
2021-09-15,744.9805297851562,749.8474770663721,743.2150251172498,748.8454653609847,1393824,SUNPHARMA.NS
2021-09-16,745.3623046875,748.7023829247174,742.7379575011148,744.3602928656031,1353677,SUNPHARMA.NS
2021-09-17,734.7218017578125,751.8993469094776,731.6203005498729,749.1318302253948,4052622,SUNPHARMA.NS
2021-09-20,721.93408203125,739.3502049619443,717.257949014334,731.6680363595918,2206369,SUNPHARMA.NS
2021-09-21,729.5684814453125,731.3339279841526,716.7330269243122,721.9340172836872,2123997,SUNPHARMA.NS
2021-09-22,734.9126586914062,738.6344836517555,729.5685565268309,730.0457105860374,1817865,SUNPHARMA.NS
2021-09-23,734.674072265625,741.6882717940598,731.0954168673453,735.8669573983849,2109768,SUNPHARMA.NS
2021-09-24,735.2467041015625,741.163426106084,727.1827888229575,733.8629456756619,1777859,SUNPHARMA.NS
2021-09-27,728.184814453125,739.1116543035246,725.3695937913375,736.2010261262918,2862731,SUNPHARMA.NS
2021-09-28,739.6842651367188,754.8577888689069,720.454989786541,731.6681111761865,4938824,SUNPHARMA.NS
2021-09-29,774.2301635742188,782.2940788111106,736.1055426556555,748.177563632706,18565413,SUNPHARMA.NS
2021-09-30,780.8624877929688,794.8908264456659,769.7447767672264,777.570113683713,10478553,SUNPHARMA.NS
2021-10-01,788.8309326171875,792.7436301820397,768.5041848168962,774.898059767198,5730355,SUNPHARMA.NS
2021-10-04,793.9843139648438,800.5690629440987,788.6879158274477,792.0756978255052,4007435,SUNPHARMA.NS
2021-10-05,783.0098266601562,796.274733067258,777.7134281473733,790.1671376899566,2987134,SUNPHARMA.NS
2021-10-06,764.0191040039062,786.3499386675185,760.8698986657939,782.9621562849076,2910453,SUNPHARMA.NS
2021-10-07,785.6342163085938,788.5925483948783,767.3591911973488,771.128720191798,4089061,SUNPHARMA.NS
2021-10-08,783.8687133789062,795.7020991238146,781.1966040447652,787.3996068272371,2753935,SUNPHARMA.NS
2021-10-11,794.5091552734375,797.9924029540144,780.4331115377942,788.2584491960301,2988841,SUNPHARMA.NS
2021-10-12,791.7894287109375,804.243137554202,786.0635802086233,795.4157877798011,2407031,SUNPHARMA.NS
2021-10-13,804.0523681640625,808.1081780438402,789.4514642461331,790.1194916403077,4113083,SUNPHARMA.NS
2021-10-14,802.859375,811.1618669343613,799.9487470090922,805.340610952546,2300231,SUNPHARMA.NS
2021-10-18,797.7061157226562,812.1161438604213,794.1274605646344,811.1618358182822,2632795,SUNPHARMA.NS
2021-10-19,789.5467529296875,803.71826261852,787.9244758190339,798.7558490397337,2029762,SUNPHARMA.NS
2021-10-20,777.6658325195312,796.6565321446695,770.6039280230077,787.3520265121936,2089252,SUNPHARMA.NS
2021-10-21,781.0056762695312,791.121317586701,773.0371696669054,785.4431734408826,3155655,SUNPHARMA.NS
2021-10-22,775.423095703125,789.0696909520638,763.5897092846556,787.399651646339,1709523,SUNPHARMA.NS
2021-10-25,776.0433349609375,783.7255032829663,759.1997742098048,772.9895374845695,2129988,SUNPHARMA.NS
2021-10-26,776.32958984375,786.2544167493851,769.4585603126442,779.6696679807544,1628608,SUNPHARMA.NS
2021-10-27,787.3994750976562,800.1395213211686,778.5244227121584,778.5244227121584,3569869,SUNPHARMA.NS
2021-10-28,770.69921875,791.2646054487926,766.3571284288372,786.3021915476013,1647229,SUNPHARMA.NS
2021-10-29,758.6749877929688,779.2403170077728,743.7400417787568,763.4465285966982,4321416,SUNPHARMA.NS
2021-11-01,774.707275390625,776.6635952742857,751.0404470317765,762.4444400559238,1935341,SUNPHARMA.NS
2021-11-02,778.142822265625,797.8015451759697,746.9846405340793,777.4270912143307,17608860,SUNPHARMA.NS
2021-11-03,751.9470825195312,784.4412618254403,745.6486140826153,782.5326456166192,9452138,SUNPHARMA.NS
2021-11-04,759.1044311523438,760.5835971386639,752.4719778467208,760.5835971386639,485870,SUNPHARMA.NS
2021-11-08,763.4464721679688,766.3093964385987,747.2232346343994,761.5378559875488,4280584,SUNPHARMA.NS
2021-11-09,764.7349243164062,774.8983308957861,760.5837065565781,763.4466314244197,3232291,SUNPHARMA.NS
2021-11-10,774.0392456054688,777.7610703449197,760.5835252330074,763.2078724028829,2900645,SUNPHARMA.NS
2021-11-11,758.5317993164062,773.4190411998536,755.9074519399313,771.9875789945037,2107377,SUNPHARMA.NS
2021-11-12,769.6494140625,771.6057338438933,759.7245874084158,767.2159402736283,2076523,SUNPHARMA.NS
2021-11-15,773.6576538085938,782.1987236758553,769.7927173256996,771.3672908761793,2109222,SUNPHARMA.NS
2021-11-16,761.9672241210938,780.0990758800828,759.2951734058786,775.1843664468745,1512946,SUNPHARMA.NS
2021-11-17,755.1915893554688,768.2179164547579,751.4221194680703,763.4463766010016,1662900,SUNPHARMA.NS
2021-11-18,754.5238037109375,758.0546974636022,744.4558055760709,753.9034800806854,3177648,SUNPHARMA.NS
2021-11-22,735.532958984375,757.7206220351524,730.0933912323351,755.6688363469733,2894426,SUNPHARMA.NS
2021-11-23,749.3226928710938,755.5733989523438,726.7532841791593,734.8171988548213,2739763,SUNPHARMA.NS
2021-11-24,743.3582763671875,760.5358214790978,740.1136056586233,747.7003663989854,2404041,SUNPHARMA.NS
2021-11-25,747.1278686523438,751.2790857769614,738.9684874304421,740.16137260951,1861259,SUNPHARMA.NS
2021-11-26,732.2406005859375,762.3967717863605,727.1827792561284,739.5887846765085,5432649,SUNPHARMA.NS
2021-11-29,716.7330932617188,739.5887841102663,714.8244770446601,737.6801678932075,4664270,SUNPHARMA.NS
2021-11-30,719.1665649414062,726.8487917870639,711.9615503947999,716.6853871658677,5505266,SUNPHARMA.NS
2021-12-01,711.2935180664062,728.3756563316474,706.5219775729137,722.172653690107,3687799,SUNPHARMA.NS
2021-12-02,731.238525390625,735.5329115103742,712.009195355879,718.5939440380301,4896650,SUNPHARMA.NS
2021-12-03,717.44873046875,736.6303558881831,714.6812722639288,736.6303558881831,3135454,SUNPHARMA.NS
2021-12-06,703.46826171875,718.1645719811049,700.1758870191522,716.8762793034277,2577704,SUNPHARMA.NS
2021-12-07,709.718994140625,716.6854320976306,701.4165014537397,707.237757963184,2583462,SUNPHARMA.NS
2021-12-08,722.93603515625,728.6141795736426,713.2020816187684,715.9218944471024,2530785,SUNPHARMA.NS
2021-12-09,725.0355224609375,731.7633823922548,721.6000368672595,723.5563566705023,2604449,SUNPHARMA.NS
2021-12-10,726.5624389648438,739.5887676549817,719.7391710884779,719.7391710884779,2950388,SUNPHARMA.NS
2021-12-13,727.7553100585938,738.0141217994659,724.3198243090245,728.9481951447416,2491218,SUNPHARMA.NS
2021-12-14,721.504638671875,733.6243633812306,719.1665721409357,722.649820059105,3224172,SUNPHARMA.NS
2021-12-15,739.6842651367188,743.2629208993716,711.2458923254409,718.1169230390044,6231786,SUNPHARMA.NS
2021-12-16,729.5208740234375,750.563356998212,725.2741911235107,750.563356998212,6186549,SUNPHARMA.NS
2021-12-17,733.8153076171875,737.0599205740406,719.071234165844,727.1828539275025,7171030,SUNPHARMA.NS
2021-12-20,729.0438232421875,739.3026372674822,718.6418396761375,732.9087601326787,7474026,SUNPHARMA.NS
2021-12-21,742.9765625,748.1298495586122,729.1390949960961,729.1390949960961,5599344,SUNPHARMA.NS
2021-12-22,761.0607299804688,764.4008084192545,741.9745674731216,749.1318784133769,5871235,SUNPHARMA.NS
2021-12-23,756.241455078125,767.2159980769665,753.9033886160597,765.2119161467634,4277384,SUNPHARMA.NS
2021-12-24,749.5135498046875,758.4840103358215,742.0699005761566,757.1480140420814,3076272,SUNPHARMA.NS
2021-12-27,757.8160400390625,760.2018102926124,745.4577967227491,748.1775515132584,3598487,SUNPHARMA.NS
2021-12-28,777.8564453125,782.4371704144578,757.9114426036102,759.6291853936749,5477769,SUNPHARMA.NS
2021-12-29,800.4736328125,805.1020621041786,779.1925735610805,784.9184222339114,8748856,SUNPHARMA.NS
2021-12-30,796.322509765625,803.4798214510138,789.5468864223127,798.421999509276,5179861,SUNPHARMA.NS
2021-12-31,807.0582885742188,812.0684055824439,795.8928733066209,796.3223235565935,3346523,SUNPHARMA.NS
2022-01-03,810.1598510742188,820.7526473971164,802.477682727762,806.3903225326379,3726756,SUNPHARMA.NS
2022-01-04,799.4238891601562,814.9790991933844,794.3660679924167,813.5476370753632,3027262,SUNPHARMA.NS
2022-01-05,796.9426879882812,805.9609113746601,792.696063449893,801.6188210764318,2436343,SUNPHARMA.NS
2022-01-06,791.6940307617188,806.2949922902363,784.441312002811,799.5193693677073,2423850,SUNPHARMA.NS
2022-01-07,791.0736694335938,797.8015295345873,787.4950142472843,791.6939347180828,1475374,SUNPHARMA.NS
2022-01-10,788.926513671875,796.8472592099628,780.1945713053482,794.0797424363249,4837873,SUNPHARMA.NS
2022-01-11,794.3661499023438,803.0503310152586,790.4534514284946,792.9346876367193,4950526,SUNPHARMA.NS
2022-01-12,797.992431640625,806.3903311321408,789.6899396589899,806.3903311321408,3953446,SUNPHARMA.NS
2022-01-13,825.95361328125,831.2023075308708,796.1314868629495,797.9923992007195,7395140,SUNPHARMA.NS
2022-01-14,820.4662475585938,829.1981884670851,817.6510274995592,825.9535181878022,2351963,SUNPHARMA.NS
2022-01-17,814.2156372070312,823.9495909339942,811.6389938313145,820.4663432645181,1750754,SUNPHARMA.NS
2022-01-18,808.0126342773438,827.5759492222776,806.3902989497152,815.9333794106585,3354708,SUNPHARMA.NS
2022-01-19,800.1873168945312,809.2532435617919,795.8929305784604,809.2532435617919,1677779,SUNPHARMA.NS
2022-01-20,782.5326538085938,804.2431634112102,778.3814368094885,800.9507887672587,2886894,SUNPHARMA.NS
2022-01-21,771.7967529296875,782.2464393172327,764.4962719372841,779.1926414430786,3218477,SUNPHARMA.NS
2022-01-24,764.2576293945312,787.3041936339915,755.4302793446956,767.2637232505808,5300160,SUNPHARMA.NS
2022-01-25,771.128662109375,774.6119100341355,748.9409983943964,754.8577203676597,3779497,SUNPHARMA.NS
2022-01-27,774.99365234375,780.0515323122172,755.1440537807804,765.3551629911542,3593525,SUNPHARMA.NS
2022-01-28,789.5467529296875,804.3862899121466,774.9935549633124,778.7153797089877,5073701,SUNPHARMA.NS
2022-01-31,796.3701171875,810.9233158538983,782.5803533592504,792.1711382081653,8041517,SUNPHARMA.NS
2022-02-01,851.0042114257812,854.105712616848,801.4755998760554,808.6806723169914,12337459,SUNPHARMA.NS
2022-02-02,849.9545288085938,857.3981203064405,841.6997404815244,849.3342052477966,4404741,SUNPHARMA.NS
2022-02-03,843.1788940429688,850.4793741674304,840.2205622878632,848.7138692682573,2292825,SUNPHARMA.NS
2022-02-04,853.1036987304688,861.5970054852454,841.0793822711441,842.5586063557455,4222492,SUNPHARMA.NS
2022-02-07,846.5189819335938,860.2610417662536,839.5048407511729,860.2610417662536,3494623,SUNPHARMA.NS
2022-02-08,853.246826171875,855.0123310576295,841.6997217681504,845.5169540664187,4766558,SUNPHARMA.NS
2022-02-09,852.6217651367188,860.4126336420411,851.5637075444391,859.787473829569,2874380,SUNPHARMA.NS
2022-02-10,860.172119140625,862.0477158703216,846.4178409661176,857.3828228428356,3159839,SUNPHARMA.NS
2022-02-11,846.5140380859375,861.6149142364276,841.2720652398372,860.460696298346,2682532,SUNPHARMA.NS
2022-02-14,831.845947265625,852.814072119398,829.2971106357204,836.7994386896775,5163415,SUNPHARMA.NS
2022-02-15,843.3399047851562,846.4177994333783,826.2672730352217,829.5856272855553,3219287,SUNPHARMA.NS
2022-02-16,835.6932983398438,847.5239580207453,834.0100810834831,842.5704666125006,2136415,SUNPHARMA.NS
2022-02-17,829.6337280273438,839.0597329225576,828.4314299869859,839.0597329225576,2275289,SUNPHARMA.NS
2022-02-18,829.970458984375,834.7796514487509,823.7185087806863,829.6337802882911,1797851,SUNPHARMA.NS
2022-02-21,811.6473388671875,831.0284067903413,807.4633651626058,822.8527801031677,2305713,SUNPHARMA.NS
2022-02-22,813.5228881835938,816.600782733675,793.1319028335051,804.0968838225587,3171552,SUNPHARMA.NS
2022-02-23,808.1847534179688,820.4481935918207,806.0686970977591,817.4183790076615,1979574,SUNPHARMA.NS
2022-02-24,787.0242309570312,805.0106198676648,783.8982563152832,798.9029111132922,3679222,SUNPHARMA.NS
2022-02-25,799.8167114257812,803.1350656538058,785.8700545970624,789.188408825087,2098988,SUNPHARMA.NS
2022-02-28,811.6954345703125,814.6771100740334,789.6693121260702,789.6693121260702,4123139,SUNPHARMA.NS
2022-03-02,789.5732421875,812.7054461971395,784.5716702839654,812.1283078779071,3807036,SUNPHARMA.NS
2022-03-03,789.5732421875,801.0190850277437,785.8220485833584,801.0190850277437,2657776,SUNPHARMA.NS
2022-03-04,797.9893188476562,807.559564764083,778.4639507282853,785.1487399091073,4082674,SUNPHARMA.NS
2022-03-07,791.2564697265625,797.3641207517448,778.223511017297,786.7838971953284,3065234,SUNPHARMA.NS
2022-03-08,822.3719482421875,828.8162781742842,794.6710101478542,794.6710101478542,4864275,SUNPHARMA.NS
2022-03-09,835.1162719726562,851.9965257922124,827.1811044013641,830.451378761615,7276355,SUNPHARMA.NS
2022-03-10,836.3665771484375,848.2453167280432,833.5291420995301,836.7032558153004,2899758,SUNPHARMA.NS
2022-03-11,867.5783081054688,872.3875005007319,835.8857184794923,838.72315373389,7194497,SUNPHARMA.NS
2022-03-14,858.2003173828125,877.0042464707989,855.9881007911595,867.530161658174,3861194,SUNPHARMA.NS
2022-03-15,857.6231689453125,873.3492021312643,847.7161871986649,859.5949257772157,4039746,SUNPHARMA.NS
2022-03-16,855.2666625976562,865.654504915451,846.8505771332004,865.654504915451,3134307,SUNPHARMA.NS
2022-03-17,876.8118896484375,880.0821637940996,858.1522593227171,858.1522593227171,5484100,SUNPHARMA.NS
2022-03-21,878.927978515625,895.471611872507,876.5233823505538,877.6776002509802,3878744,SUNPHARMA.NS
2022-03-22,879.2164916992188,886.8150388332102,868.0591893134189,878.9279519093368,2174495,SUNPHARMA.NS
2022-03-23,866.4240112304688,890.6623504348992,861.6148192734768,882.9676433037122,2578669,SUNPHARMA.NS
2022-03-24,874.1668701171875,879.7936603911659,851.7079653214734,852.1888845565504,3141478,SUNPHARMA.NS
2022-03-25,867.9149169921875,880.034116896852,862.095806009524,877.0523824263411,1571676,SUNPHARMA.NS
2022-03-28,871.3294677734375,876.1386599816893,864.9812988349695,874.2149830983886,1545077,SUNPHARMA.NS
2022-03-29,884.2662963867188,886.815192167636,866.7127418779776,873.3975319115414,3177777,SUNPHARMA.NS
2022-03-30,885.4684448242188,886.8150421232756,873.7340628151209,886.8150421232756,2084073,SUNPHARMA.NS
2022-03-31,879.841796875,891.6243188883575,876.0425229335815,885.4685288030745,1901705,SUNPHARMA.NS
2022-04-01,874.0226440429688,883.9295687084103,869.598151783419,879.1203762780054,1184766,SUNPHARMA.NS
2022-04-04,890.7105102539062,893.3555660667528,868.1553862177136,873.3493374780514,1876408,SUNPHARMA.NS
2022-04-05,893.6441040039062,904.8014655420253,888.8830505154874,892.5861051633602,2911697,SUNPHARMA.NS
2022-04-06,892.6822509765625,902.9739342366757,889.7005752338388,892.3937111798409,1881754,SUNPHARMA.NS
2022-04-07,895.4234619140625,911.8227947407293,891.4798892870741,892.68218727592,2728625,SUNPHARMA.NS
2022-04-08,889.3157348632812,901.531093923302,884.218003235197,901.2425541530247,1453271,SUNPHARMA.NS
2022-04-11,890.0853271484375,897.9242753102928,883.544778708708,884.8913760241724,1102625,SUNPHARMA.NS
2022-04-12,886.1417846679688,892.7304135151244,876.6196188881262,884.8914063784091,1420380,SUNPHARMA.NS
2022-04-13,901.002197265625,907.0136877731352,886.1417809898675,886.1417809898675,1825531,SUNPHARMA.NS
2022-04-18,892.1051635742188,905.1380628480463,884.1699963510519,892.201323936964,1287320,SUNPHARMA.NS
2022-04-19,886.81494140625,901.9638951233308,880.1301532629191,895.4234062120674,2001066,SUNPHARMA.NS
2022-04-20,888.2578125,895.471600906876,881.0921042746444,882.9677010016243,1455897,SUNPHARMA.NS
2022-04-21,908.0715942382812,909.8991106490286,885.468392229558,895.4715348987796,2410164,SUNPHARMA.NS
2022-04-22,889.5081176757812,906.2922090648165,883.3042484143269,905.0899110957731,1745381,SUNPHARMA.NS
2022-04-25,865.6546020507812,887.1516678526583,862.3843278495387,880.6111781561333,1146270,SUNPHARMA.NS
2022-04-26,883.0157470703125,889.4600762060219,869.5500092310215,870.4637674684507,3142879,SUNPHARMA.NS
2022-04-27,871.5217895507812,886.5265044822452,869.117193443748,875.3210631410859,1586283,SUNPHARMA.NS
2022-04-28,885.8532104492188,891.96086111054,874.5996888684439,884.8913720013911,3150038,SUNPHARMA.NS
2022-04-29,893.2112426757812,930.1458015587347,884.4584781196711,888.7386706883115,4290688,SUNPHARMA.NS
2022-05-02,888.16162109375,889.7005390843775,868.1072548000029,887.2478628529582,2119174,SUNPHARMA.NS
2022-05-04,866.5203857421875,885.7571570211263,860.8455147325137,884.9876392051951,3925917,SUNPHARMA.NS
2022-05-05,844.6385498046875,884.1220107111403,839.3002988644104,870.4638915010902,4462293,SUNPHARMA.NS
2022-05-06,849.5919189453125,851.9003547832364,828.6238517903588,829.1047710310961,2350532,SUNPHARMA.NS
2022-05-09,851.6116943359375,857.3827244072288,834.9237638228813,834.9237638228813,2522123,SUNPHARMA.NS
2022-05-10,828.96044921875,856.853764422478,814.1962524122645,851.2270329413515,6975331,SUNPHARMA.NS
2022-05-11,822.1795043945312,833.9139453552552,818.5245299853774,820.4482069066122,2768829,SUNPHARMA.NS
2022-05-12,817.5626831054688,823.1894145597518,803.3274857761186,820.3520380949185,2700591,SUNPHARMA.NS
2022-05-13,848.8223876953125,855.0743372930683,827.3253229454117,830.0184587232536,4870689,SUNPHARMA.NS
2022-05-16,851.8040771484375,860.6049221312408,841.656693607724,848.2934021559978,2739020,SUNPHARMA.NS
2022-05-17,857.7194213867188,861.4224758660272,845.1674415954219,846.5621190624458,2317400,SUNPHARMA.NS
2022-05-18,864.8370361328125,874.3111210579327,854.1125143008187,856.998029551835,2878378,SUNPHARMA.NS
2022-05-19,850.8422241210938,865.6545589454316,844.8307341284171,851.2269829630078,2715634,SUNPHARMA.NS
2022-05-20,880.7073974609375,882.6791545360575,855.1224595476554,858.921733154424,2877917,SUNPHARMA.NS
2022-05-23,886.8632202148438,895.7602267715308,881.6211883943051,884.8914629353658,2195036,SUNPHARMA.NS
2022-05-24,875.1767578125,895.3272247330154,872.3874030524419,892.5860088563022,2911410,SUNPHARMA.NS
2022-05-25,876.4271850585938,887.4402467717831,872.6279115366692,880.0821593343095,2405811,SUNPHARMA.NS
2022-05-26,865.6065063476562,887.2478710108546,859.4026367363475,883.7371372608857,4113170,SUNPHARMA.NS
2022-05-27,869.40576171875,877.9660883386357,861.8072148022843,867.5301650792723,2374509,SUNPHARMA.NS
2022-05-30,854.4010620117188,880.5630789381847,852.6697645862379,870.463775465928,3541617,SUNPHARMA.NS
2022-05-31,827.7581787109375,849.1110048707818,818.7169321536443,834.1544281340447,24360628,SUNPHARMA.NS
2022-06-01,807.222900390625,841.608624178489,800.826651364485,841.608624178489,5999099,SUNPHARMA.NS
2022-06-02,826.7482299804688,829.9704240194338,801.019051379975,804.818325007969,3553217,SUNPHARMA.NS
2022-06-03,832.08642578125,841.6086499892266,822.227581595662,829.2490492974833,2618353,SUNPHARMA.NS
2022-06-06,826.9887084960938,840.5987463903853,825.2574109834745,831.9902803038525,2095566,SUNPHARMA.NS
2022-06-07,815.87939453125,824.6802390686994,806.5976308104636,822.3718035062998,3031449,SUNPHARMA.NS
2022-06-08,814.917724609375,821.4101349264163,805.6359589700327,812.8497482111898,3208941,SUNPHARMA.NS
2022-06-09,826.0748901367188,829.2008649510193,803.5679066973287,813.7152901225592,2297715,SUNPHARMA.NS
2022-06-10,813.4266967773438,821.3618630911054,809.8678831742236,817.5625899027198,2124778,SUNPHARMA.NS
2022-06-13,797.8450317382812,818.5245593843006,788.4671064104352,807.9443359375,2191412,SUNPHARMA.NS
2022-06-14,793.5648803710938,803.7604041788685,790.4869852837284,794.4786387306817,2461692,SUNPHARMA.NS
2022-06-15,790.9197998046875,798.3740483021709,787.8900437034823,793.757235167503,2008725,SUNPHARMA.NS
2022-06-16,783.5134887695312,794.4784693347408,775.7707018689003,791.2081954943229,2327414,SUNPHARMA.NS
2022-06-17,763.1226196289062,779.3776535695316,759.7561851866163,774.4723011502922,5719089,SUNPHARMA.NS
2022-06-20,774.5684814453125,782.4555683685847,764.1806380686423,770.4325879080964,2745302,SUNPHARMA.NS
2022-06-21,786.2548217773438,788.9960377696723,774.6165417663968,775.8188397816213,1342717,SUNPHARMA.NS
2022-06-22,778.4158935546875,789.6694158506334,772.596782316713,782.9365462879606,2032073,SUNPHARMA.NS
2022-06-23,793.4205322265625,794.9594502085879,777.6463587339907,778.6081971492462,1778752,SUNPHARMA.NS
2022-06-24,793.1319580078125,801.9808834401393,790.1502823116618,796.3060718400526,1404748,SUNPHARMA.NS
2022-06-27,803.7603149414062,815.6389961793228,796.4022274015086,796.4022274015086,2980249,SUNPHARMA.NS
2022-06-28,796.9793701171875,805.5397563838311,793.564855129828,805.0588371262885,2823691,SUNPHARMA.NS
2022-06-29,806.6939086914062,811.5031008754423,792.4105726812435,792.5548719291482,2975927,SUNPHARMA.NS
2022-06-30,798.9030151367188,815.7833273648703,792.2182846894934,804.0969663924518,3809670,SUNPHARMA.NS
2022-07-01,797.6045532226562,805.0107212011889,793.5167397150334,798.229771712089,2316527,SUNPHARMA.NS
2022-07-04,797.7488403320312,807.6076845238674,790.5350518989804,793.8052674317205,2097164,SUNPHARMA.NS
2022-07-05,803.9046020507812,814.4848254914509,795.103815048711,797.7488709088784,2682730,SUNPHARMA.NS
2022-07-06,805.7320556640625,810.4931675812338,799.5281861178064,807.9442722874675,2364840,SUNPHARMA.NS
2022-07-07,817.03369140625,820.3520458337032,810.0122823910057,810.8779017812366,2327906,SUNPHARMA.NS
2022-07-08,824.9688720703125,826.7001695847952,817.3222444498891,820.9291387325453,2927832,SUNPHARMA.NS
2022-07-11,824.5360717773438,830.0666432707468,818.6207413933182,824.1032327018845,1768048,SUNPHARMA.NS
2022-07-12,819.1015625,827.181028587188,816.6008061285147,820.4481597498504,1695338,SUNPHARMA.NS
2022-07-13,827.3253173828125,830.3069929193118,816.9374157716197,821.9870673358553,2663538,SUNPHARMA.NS
2022-07-14,846.3217163085938,849.2553119808799,831.2208401767074,834.298735105812,4934156,SUNPHARMA.NS
2022-07-15,844.8788452148438,851.1788747786933,839.540595312221,851.1307946015253,1413559,SUNPHARMA.NS
2022-07-18,849.1110229492188,861.4225441079324,845.0232092910468,854.6896745532961,2866600,SUNPHARMA.NS
2022-07-19,841.8971557617188,857.2865704538775,840.1658583500425,846.417808068732,1604458,SUNPHARMA.NS
2022-07-20,834.3948974609375,850.9385313765717,829.1528659028434,850.9385313765717,2885666,SUNPHARMA.NS
2022-07-21,836.4628295898438,844.3979967839869,830.739879084391,838.7231264597308,2321107,SUNPHARMA.NS
2022-07-22,841.1277465820312,842.7148035485329,833.4330387802516,837.7613119187528,1939758,SUNPHARMA.NS
2022-07-25,835.2123413085938,844.4941052415238,823.7184195288984,836.7993981322616,2419358,SUNPHARMA.NS
2022-07-26,834.5391845703125,843.9171097943168,829.1047736504278,836.0300224801157,1560211,SUNPHARMA.NS
2022-07-27,859.8836059570312,862.769121413263,833.000208548614,834.3948860936517,2797789,SUNPHARMA.NS
2022-07-28,860.701171875,862.6248489054685,845.2155952621139,861.807309649905,3183169,SUNPHARMA.NS
2022-07-29,907.2061157226562,915.6222028832136,845.4560701862872,862.7691637737197,11315800,SUNPHARMA.NS
2022-08-01,883.6409912109375,904.0800581683035,875.2729849977886,904.0800581683035,4219890,SUNPHARMA.NS
2022-08-02,882.246337890625,891.2395041158201,877.2447660981586,883.6410154153457,2043767,SUNPHARMA.NS
2022-08-03,862.76904296875,882.7752699050949,859.4506887546019,880.0821341320025,2863168,SUNPHARMA.NS
2022-08-04,883.448486328125,884.8912437908274,861.4223655818205,866.6163159299299,3151481,SUNPHARMA.NS
2022-08-05,880.9959716796875,893.5479521620852,877.1005375583863,884.4104865587053,3317738,SUNPHARMA.NS
2022-08-08,875.6578369140625,884.6990840347906,873.7341598195289,884.6990840347906,2677742,SUNPHARMA.NS
2022-08-10,884.6028442382812,891.6242532617175,878.3508942423792,878.3508942423792,3077870,SUNPHARMA.NS
2022-08-11,885.9013061523438,891.5280963942985,882.4387111618801,887.776902899662,1526395,SUNPHARMA.NS
2022-08-12,878.5913696289062,887.5845359174451,872.5317989576047,885.9013185806413,1384417,SUNPHARMA.NS
2022-08-16,879.697509765625,884.3624619324069,871.7142615833998,872.387560306086,1635836,SUNPHARMA.NS
2022-08-17,885.6608276367188,890.6623992875166,880.0821764018118,883.9295301784317,1828327,SUNPHARMA.NS
2022-08-18,881.765380859375,883.92951732726,861.0377744303792,875.2729714557199,2989998,SUNPHARMA.NS
2022-08-19,869.7994384765625,888.5686293061739,866.566724256246,883.936658595458,1708425,SUNPHARMA.NS
2022-08-22,849.7275390625,871.825979423171,847.4115831212484,868.9792283611808,2860170,SUNPHARMA.NS
2022-08-23,857.3027954101562,860.7767587694752,842.0558057031238,843.551597189904,2314528,SUNPHARMA.NS
2022-08-24,850.1617431640625,868.4484348904075,847.3149922897322,860.7767024998226,3223687,SUNPHARMA.NS
2022-08-25,846.5912475585938,859.4739835842003,844.3717678343122,856.9167198135648,5016244,SUNPHARMA.NS
2022-08-26,849.341552734375,859.3292413000547,847.3632631171928,851.4162595274332,1542618,SUNPHARMA.NS
2022-08-29,848.4730224609375,850.161766037061,834.7218247696457,841.47679907414,2068888,SUNPHARMA.NS
2022-08-30,861.7899169921875,864.1541696604455,851.1267198665695,852.0917161475973,3672052,SUNPHARMA.NS
2022-09-01,841.33203125,870.3302182405278,839.9328336829793,861.7417272981206,2939235,SUNPHARMA.NS
2022-09-02,839.112548828125,847.266779614405,835.6868236287867,842.345321879998,1963435,SUNPHARMA.NS
2022-09-05,853.6356811523438,855.131472497284,834.1910415538019,838.5817628245244,2808538,SUNPHARMA.NS
2022-09-06,856.6754150390625,859.5221657367013,851.6574227938734,855.9516678565457,2252661,SUNPHARMA.NS
2022-09-07,862.4654541015625,865.0227178885887,848.7142566515515,848.7142566515515,1698682,SUNPHARMA.NS
2022-09-08,862.9962768554688,869.2205154737397,855.9518148489672,866.8080244510538,1772605,SUNPHARMA.NS
2022-09-09,858.8466796875,870.3301588517896,855.6622037785106,863.1891628994031,1405210,SUNPHARMA.NS
2022-09-12,856.627197265625,863.816431228388,854.1181716343444,860.0046841972467,1571387,SUNPHARMA.NS
2022-09-13,858.9915161132812,862.0312192468391,852.574266889044,858.7019700921498,2216354,SUNPHARMA.NS
2022-09-14,852.8154296875,866.277139056083,849.2449318089276,853.6356529345101,1889322,SUNPHARMA.NS
2022-09-15,843.6962890625,857.0615237230815,840.6082889919038,852.0917690080046,1780723,SUNPHARMA.NS
2022-09-16,837.6650390625,859.329218103813,835.49379735477,847.9422733719024,5625488,SUNPHARMA.NS
2022-09-19,844.2269287109375,846.2534561342469,826.8087585297908,841.8627350651201,1920725,SUNPHARMA.NS
2022-09-20,880.0284423828125,882.730420411382,846.1087967654353,846.8325440355185,4408042,SUNPHARMA.NS
2022-09-21,873.6111450195312,890.2090932810426,871.0539401449903,886.3973460883376,4153228,SUNPHARMA.NS
2022-09-22,876.2167358398438,879.3529741564512,863.961269715206,868.4002885179357,2317690,SUNPHARMA.NS
2022-09-23,888.8580932617188,894.2621080322705,871.005661211787,871.005661211787,4802181,SUNPHARMA.NS
2022-09-26,869.1721801757812,893.9242999596415,867.5799127194949,885.8183663696657,3760536,SUNPHARMA.NS
2022-09-27,865.7464599609375,878.0018659348809,863.092720117986,873.562906484333,3096645,SUNPHARMA.NS
2022-09-28,885.7218017578125,893.5865449080047,860.8249098025342,862.7066643064321,5559336,SUNPHARMA.NS
2022-09-29,898.1221313476562,922.0540294908598,892.7181163484141,892.7181163484141,8519098,SUNPHARMA.NS
2022-09-30,915.4437866210938,917.6632663872784,897.4465816131348,901.25832887392,4182345,SUNPHARMA.NS
2022-10-03,911.4390258789062,933.9716664319429,909.7502823158696,919.593256577309,4444578,SUNPHARMA.NS
2022-10-04,911.4872436523438,922.8259501806663,910.0397492019196,922.2469759599766,1856830,SUNPHARMA.NS
2022-10-06,920.510009765625,928.3264563689182,914.3822478173165,921.2819950389983,3449485,SUNPHARMA.NS
2022-10-07,921.7162475585938,927.8921885933402,913.0795188183846,919.6414819359841,1762328,SUNPHARMA.NS
2022-10-10,912.9347534179688,920.847734992774,902.5128049798185,912.838277345802,1683827,SUNPHARMA.NS
2022-10-11,911.6802978515625,918.5800452847019,907.0965652082231,917.5185139649175,2426935,SUNPHARMA.NS
2022-10-12,922.102294921875,926.3965406661624,908.1098471722298,912.8865911147809,2875040,SUNPHARMA.NS
2022-10-13,934.5023803710938,939.665086684542,918.1939203905947,923.3566267040429,4498223,SUNPHARMA.NS
2022-10-14,942.1258544921875,945.5998764324298,930.2564120517646,941.8363673885086,3307000,SUNPHARMA.NS
2022-10-17,945.6964111328125,950.5213928222656,939.2309238892049,942.1259129028767,2647369,SUNPHARMA.NS
2022-10-18,944.1041259765625,950.5213750631189,938.7001701448212,949.3151296632926,2065146,SUNPHARMA.NS
2022-10-19,942.7049560546875,946.3719303978681,931.2697139900403,941.4504136831468,2424533,SUNPHARMA.NS
2022-10-20,946.0341186523438,948.4466094520883,932.7171812174942,936.0464303008819,1669666,SUNPHARMA.NS
2022-10-21,943.4769287109375,957.1798884506073,941.5951740775447,946.6614048373779,1791608,SUNPHARMA.NS
2022-10-24,952.4513549804688,955.2981058657736,947.7228495168303,951.4863586734976,191840,SUNPHARMA.NS
2022-10-25,956.8421630859375,962.4391303937067,951.0039466795686,957.2281852031791,2119595,SUNPHARMA.NS
2022-10-27,976.2384643554688,977.9272077661275,957.7587629022097,964.0312384275138,4379157,SUNPHARMA.NS
2022-10-28,955.3463745117188,968.3738250732422,952.9821217041463,966.9263305664062,3934980,SUNPHARMA.NS
2022-10-31,981.3047485351562,991.3407334868544,956.504332161184,960.123068240109,3546309,SUNPHARMA.NS
2022-11-01,1000.3151245117188,1012.281101993717,983.4759864735852,986.1779642892528,5264069,SUNPHARMA.NS
2022-11-02,1015.1277465820312,1033.4626751245653,996.5033898462084,1002.4381402760334,5923662,SUNPHARMA.NS
2022-11-03,1007.6490478515625,1018.6500287780823,1003.1619094792383,1008.4210919787339,2386317,SUNPHARMA.NS
2022-11-04,1003.499755859375,1009.7722323089848,995.3454657964367,1008.7107598539174,1576349,SUNPHARMA.NS
2022-11-07,992.3539428710938,1013.1978398395468,985.2612434731524,1008.4211551708563,2853521,SUNPHARMA.NS
2022-11-09,978.0719604492188,1000.3634096885797,974.6462354607548,984.344436221986,2268760,SUNPHARMA.NS
2022-11-10,975.2736206054688,986.5157931577864,971.5101111423807,974.6463493953856,2419991,SUNPHARMA.NS
2022-11-11,978.0719604492188,995.345358391928,974.5014624603655,980.194964028972,2390487,SUNPHARMA.NS
2022-11-14,981.3047485351562,985.6472318298662,966.9262802887481,982.9934920386546,1764788,SUNPHARMA.NS
2022-11-15,980.4844360351562,986.2261755492578,969.2905030032738,986.2261755492578,1703050,SUNPHARMA.NS
2022-11-16,982.9935302734375,986.9982296839961,971.847775597861,971.847775597861,1485506,SUNPHARMA.NS
2022-11-17,977.87890625,994.4286151563304,975.0804525218197,987.4806305196037,1758031,SUNPHARMA.NS
2022-11-18,974.26025390625,982.2214734873636,970.7862907394261,979.712506633402,1130682,SUNPHARMA.NS
2022-11-21,968.0360107421875,977.3481892058036,958.7237733798745,967.891237745359,1108922,SUNPHARMA.NS
2022-11-22,974.7427978515625,976.9623365943698,961.3776218500668,970.9311093556618,1723123,SUNPHARMA.NS
2022-11-23,982.0286254882812,983.4278231713564,974.1156431038956,979.6643724912986,1311376,SUNPHARMA.NS
2022-11-24,998.8677368164062,1001.0872756258975,978.3133255490925,984.9235861405375,1994268,SUNPHARMA.NS
2022-11-25,997.6614990234375,1001.6179606819171,991.0030003410436,1001.6179606819171,1948596,SUNPHARMA.NS
2022-11-28,998.5299682617188,1005.0436935922494,991.9679459949627,996.841224657507,1427648,SUNPHARMA.NS
2022-11-29,1013.101318359375,1014.4040397745018,997.8061509206987,998.7711471981848,1179559,SUNPHARMA.NS
2022-11-30,1009.4345092773438,1021.2557149189863,1002.9689628602038,1016.1411869918016,3060171,SUNPHARMA.NS
2022-12-01,1009.8203735351562,1020.8213553778395,1003.2101721613096,1018.0711393665199,1878374,SUNPHARMA.NS
2022-12-02,1003.59619140625,1013.1013817749918,998.5782575681806,1011.605708129704,2284133,SUNPHARMA.NS
2022-12-05,1003.0172119140625,1009.3378672157265,994.66997007551,1005.6709518293744,2294634,SUNPHARMA.NS
2022-12-06,997.3720092773438,1003.5961885198756,987.4324999066948,1003.0172142782873,1321211,SUNPHARMA.NS
2022-12-07,982.1249389648438,1000.845889879683,979.8089243923306,1000.2669156859033,2954262,SUNPHARMA.NS
2022-12-08,946.4683837890625,982.3662588591367,940.8714168837507,979.4712698841098,10021644,SUNPHARMA.NS
2022-12-09,958.0966186523438,962.1013771316814,945.6964389057651,946.4684242190086,4231753,SUNPHARMA.NS
2022-12-12,952.8373413085938,960.1712894068958,945.8411183455787,960.074813339299,1875104,SUNPHARMA.NS
2022-12-13,959.8336791992188,961.4741259369756,945.5034475233444,945.6964585803468,1863361,SUNPHARMA.NS
2022-12-14,965.2376098632812,967.8913498554072,959.7371188271338,964.0313644123148,1570685,SUNPHARMA.NS
2022-12-15,967.119384765625,971.7513556144335,963.1628642645161,965.9613773287466,1304660,SUNPHARMA.NS
2022-12-16,958.86865234375,969.9178134968951,953.0303772731495,963.2111359441417,2618988,SUNPHARMA.NS
2022-12-19,953.3681030273438,958.3860955495176,939.6169058004817,953.0303189843063,1547342,SUNPHARMA.NS
2022-12-20,953.7539672851562,955.97350565614,945.1172984451296,953.3680041457587,1352408,SUNPHARMA.NS
2022-12-21,970.4003295898438,974.1638390058116,953.8024390853304,957.2764024702973,2043630,SUNPHARMA.NS
2022-12-22,975.2736206054688,997.8545595865864,971.7995982783017,984.2480752112496,5163443,SUNPHARMA.NS
2022-12-23,966.4920654296875,991.8714572050447,963.5006003571987,976.5762888881644,3612433,SUNPHARMA.NS
2022-12-26,965.0445556640625,976.3832623961905,954.091871018466,974.6462808042005,2307374,SUNPHARMA.NS
2022-12-27,965.14111328125,980.1950326299924,958.2413658888333,965.2375893557961,1870105,SUNPHARMA.NS
2022-12-28,960.1713256835938,975.2252445167408,958.2413330691544,963.9348348412307,1686511,SUNPHARMA.NS
2022-12-29,965.527099609375,969.5318580769219,954.4778794688273,963.5971068825964,2162872,SUNPHARMA.NS
2022-12-30,966.3473510742188,971.5582959313023,958.9651055699728,968.8563179796254,1629162,SUNPHARMA.NS
2023-01-02,962.101318359375,966.3473256708925,952.6443663277591,966.3473256708925,1616012,SUNPHARMA.NS
2023-01-03,973.7777709960938,977.348269189327,953.4163720353855,958.2413536752407,1810117,SUNPHARMA.NS
2023-01-04,968.9527587890625,989.9897251941475,965.7200447518214,976.576253099019,2573870,SUNPHARMA.NS
2023-01-05,980.6292114257812,986.1297018888336,972.9574793772108,973.7777026389275,2246533,SUNPHARMA.NS
2023-01-06,973.391845703125,986.0332745322588,968.952827082404,979.4713110263061,1773153,SUNPHARMA.NS
2023-01-09,981.2564697265625,987.5289457125577,975.128766745878,979.4712501207979,1567316,SUNPHARMA.NS
2023-01-10,976.4314575195312,988.1561858229054,974.6944760038791,980.4362156211639,1607654,SUNPHARMA.NS
2023-01-11,992.0162353515625,996.889513976872,973.0540337525308,976.5762939453125,3258157,SUNPHARMA.NS
2023-01-12,996.6964111328125,999.2053779690335,985.4060014711174,995.8278908978973,1641398,SUNPHARMA.NS
2023-01-13,995.4901733398438,998.7711843648705,984.44101267042,995.0559721177762,1491367,SUNPHARMA.NS
2023-01-16,999.205322265625,1003.1136042061651,990.1826308666356,995.4901102539698,1437532,SUNPHARMA.NS
2023-01-17,996.5516357421875,999.736170663454,990.8582517881056,999.2053755774429,1245848,SUNPHARMA.NS
2023-01-18,1003.6925659179688,1005.0435842137884,994.0909004465012,996.5515701806871,1238451,SUNPHARMA.NS
2023-01-19,1004.1270141601562,1007.4562044985879,999.7362335828899,1001.7627023887791,824263,SUNPHARMA.NS
2023-01-20,994.283935546875,1010.8336460075774,981.2564852164671,1007.5044558198786,2963571,SUNPHARMA.NS
2023-01-23,1012.5706176757812,1017.9745731452914,986.7086709180901,998.7711241077978,2106604,SUNPHARMA.NS
2023-01-24,1004.2716064453125,1014.1628185612285,998.3369734136832,1013.2461191913965,2088556,SUNPHARMA.NS
2023-01-25,1003.6444702148438,1009.0484260499471,994.235756090345,994.235756090345,1753333,SUNPHARMA.NS
2023-01-27,1006.8771362304688,1014.2110843561528,997.8061476919715,1008.3728097772943,3448013,SUNPHARMA.NS
2023-01-30,1014.886474609375,1034.6207179314758,1003.7890181104915,1005.4777614907564,3320916,SUNPHARMA.NS
2023-01-31,998.2886962890625,1023.1856485450538,990.1345244774845,1018.071120913447,5265462,SUNPHARMA.NS
2023-02-01,979.3748168945312,1007.4078901183276,969.9178055675844,1000.1704175101762,4717887,SUNPHARMA.NS
2023-02-02,972.3302001953125,980.1467051776568,958.2412784721197,974.5979767272895,2117181,SUNPHARMA.NS
2023-02-03,992.1609497070312,996.3103630362126,966.5885482647221,971.7512548077465,2332076,SUNPHARMA.NS
2023-02-06,987.5289306640625,990.0378974607476,977.2999935407167,984.2962166492531,1215157,SUNPHARMA.NS
2023-02-07,971.17236328125,992.498759344037,966.9263557245747,990.3275175272903,2360600,SUNPHARMA.NS
2023-02-08,984.8809814453125,988.672748348158,969.7140325157952,976.908586509158,1815142,SUNPHARMA.NS
2023-02-09,978.8529663085938,992.8532710200791,973.6028965474815,975.1584595861237,1474402,SUNPHARMA.NS
2023-02-10,978.6585693359375,986.1934432643206,969.0334111481094,978.8530295635657,1530150,SUNPHARMA.NS
2023-02-13,987.0684814453125,989.1101654765201,974.1862776736795,980.2627888867139,1355766,SUNPHARMA.NS
2023-02-14,978.8043823242188,989.790702236777,975.4015361974397,989.742102017437,1832842,SUNPHARMA.NS
2023-02-15,967.76953125,978.4641912687362,963.0541228189985,974.1863035248691,2251350,SUNPHARMA.NS
2023-02-16,967.5264282226562,981.9641948762976,963.6860613349048,971.172334886801,1678410,SUNPHARMA.NS
2023-02-17,957.1719970703125,968.8388979995595,954.7413927100527,964.658270368098,1847026,SUNPHARMA.NS
2023-02-20,957.0748291015625,964.1235819854487,947.8871324398974,962.6652193198171,2157871,SUNPHARMA.NS
2023-02-21,944.6300048828125,963.2970572506764,942.2480602084569,962.5192757647078,1771813,SUNPHARMA.NS
2023-02-22,941.6646728515625,950.8523686499537,939.1854684211199,944.5813979087709,2605147,SUNPHARMA.NS
2023-02-23,945.5051879882812,950.123336721386,937.2897325843611,945.9913089075554,2835983,SUNPHARMA.NS
2023-02-24,943.5606079101562,956.0538905227248,936.9493759516655,943.6578083477074,1823835,SUNPHARMA.NS
2023-02-27,938.2619018554688,945.553715080615,933.4006930387046,943.5606313339273,1548675,SUNPHARMA.NS
2023-02-28,930.0464477539062,948.9079617128484,927.5186429037473,942.102269364498,3819644,SUNPHARMA.NS
2023-03-01,932.6714477539062,939.2340792064749,924.6018535396732,924.6018535396732,1862513,SUNPHARMA.NS
2023-03-02,938.5049438476562,940.1577666810514,924.6990992112487,933.3520744713643,1510195,SUNPHARMA.NS
2023-03-03,940.0606079101562,942.831473267688,931.5534922709788,940.2064085736988,2215832,SUNPHARMA.NS
2023-03-06,938.4563598632812,952.310804958388,937.0465974415584,943.0745082283167,1989152,SUNPHARMA.NS
2023-03-08,930.9215087890625,938.2133221738331,920.7129700503834,933.3521132506527,4734482,SUNPHARMA.NS
2023-03-09,926.2546997070312,932.7687311076193,920.8587700222556,930.9214481008662,2994556,SUNPHARMA.NS
2023-03-10,929.025634765625,930.9215181328806,919.8379379404096,920.2268583945394,2001392,SUNPHARMA.NS
2023-03-13,927.6157836914062,933.2548330330073,921.2476124145833,928.5880253929341,1412106,SUNPHARMA.NS
2023-03-14,930.6298828125,936.9980548710638,923.9213905120699,927.0325762070655,1879695,SUNPHARMA.NS
2023-03-15,924.9908447265625,938.1161086359251,922.9977016231388,925.5741660528295,2189113,SUNPHARMA.NS
2023-03-16,940.5466918945312,943.0744967060323,925.2824845641967,928.7339309056055,2228093,SUNPHARMA.NS
2023-03-17,931.115966796875,941.8106264024045,926.3033581062009,941.6647663986847,2218687,SUNPHARMA.NS
2023-03-20,934.518798828125,935.9285612592444,921.053214743132,923.6296791634857,1955757,SUNPHARMA.NS
2023-03-21,929.6575927734375,938.2133084852208,926.7894676824213,938.2133084852208,1687239,SUNPHARMA.NS
2023-03-22,945.0675659179688,947.3523695980324,930.0464192554869,930.4353396855607,1626129,SUNPHARMA.NS
2023-03-23,950.51220703125,955.6650766354345,945.019017196974,947.9357425586932,1857923,SUNPHARMA.NS
2023-03-24,945.8453979492188,951.8247086705999,941.1300490226156,950.4635464335756,1534322,SUNPHARMA.NS
2023-03-27,956.1511840820312,963.442997383779,936.2688279444134,952.7969380950416,2473222,SUNPHARMA.NS
2023-03-28,956.8803100585938,960.3803565045906,949.1995767553631,959.6025749989163,1394675,SUNPHARMA.NS
2023-03-29,964.36669921875,968.8389879203436,951.8247558193842,958.2901877541217,3045795,SUNPHARMA.NS
2023-03-31,955.8108520507812,967.5750129701834,954.1580885288757,967.5750129701834,1822710,SUNPHARMA.NS
2023-04-03,951.8731689453125,960.5747435204889,949.1023039984485,953.7690520178134,1671570,SUNPHARMA.NS
2023-04-05,969.4708862304688,971.2695097343467,948.227368355947,957.658125213545,1544121,SUNPHARMA.NS
2023-04-06,984.0057983398438,985.8530813015318,965.8249260686592,969.4708324344193,1423990,SUNPHARMA.NS
2023-04-10,980.60302734375,988.72128174319,978.7072033614003,986.825398419912,1110974,SUNPHARMA.NS
2023-04-11,981.2349853515625,993.8741280907949,979.5821625097851,980.60300447823,1786844,SUNPHARMA.NS
2023-04-12,988.4782104492188,991.881056613312,977.3460304156423,987.3115084676298,3246327,SUNPHARMA.NS
2023-04-13,975.6446533203125,995.4297503563054,974.1862906098187,993.922787423648,1445693,SUNPHARMA.NS
2023-04-17,970.9779052734375,981.8670253884834,967.4291989387583,971.707086629254,1768817,SUNPHARMA.NS
2023-04-18,976.908447265625,978.3182095973289,960.8664592324762,971.2694572797333,1217390,SUNPHARMA.NS
2023-04-19,967.86669921875,981.3808837980556,965.4360947505965,975.6446335168414,2174563,SUNPHARMA.NS
2023-04-20,960.331787109375,974.2834324643933,956.4428201152596,971.3667072188067,1638094,SUNPHARMA.NS
2023-04-21,961.9846801757812,966.700029264,957.6095919880162,966.700029264,1216575,SUNPHARMA.NS
2023-04-24,951.9705810546875,955.2275673443751,932.6229455217219,947.9357538531967,3485350,SUNPHARMA.NS
2023-04-25,945.5051879882812,955.6165268455572,940.1578578762653,952.797001777394,2377746,SUNPHARMA.NS
2023-04-26,944.2898559570312,949.6857861228854,936.4633212713393,948.7135443149501,2911028,SUNPHARMA.NS
2023-04-27,951.5330200195312,954.3524855119798,936.8035336557025,941.1300213451544,2777173,SUNPHARMA.NS
2023-04-28,960.2346801757812,964.9500293789424,951.970624508556,957.6096153309467,2009995,SUNPHARMA.NS
2023-05-02,946.0398559570312,961.4499238364253,943.3661910513025,960.2346216065487,3152556,SUNPHARMA.NS
2023-05-03,936.8521118164062,945.4078865544693,932.8659444405243,943.5606035221771,3087472,SUNPHARMA.NS
2023-05-04,946.9635009765625,948.8107841090897,938.3591848939993,940.789789362625,1197830,SUNPHARMA.NS
2023-05-05,943.5120239257812,950.1232559980272,940.9841597557657,946.9634702912033,1062645,SUNPHARMA.NS
2023-05-08,935.1506958007812,942.1022479924106,934.3243140564568,935.2965557984511,2676958,SUNPHARMA.NS
2023-05-09,930.8729248046875,940.011962135116,923.1435906138264,935.1994126899683,6902170,SUNPHARMA.NS
2023-05-10,927.3241577148438,933.3034681391317,925.1852140233384,930.4353431442217,2180917,SUNPHARMA.NS
2023-05-11,934.3729248046875,937.1438494051522,925.5741488086728,927.3241720957978,1296607,SUNPHARMA.NS
2023-05-12,929.4630737304688,936.3659661274528,925.5741068947764,934.3242822750842,2014927,SUNPHARMA.NS
2023-05-15,926.5464477539062,929.2201127395549,921.7338389115523,926.5464477539062,1814239,SUNPHARMA.NS
2023-05-16,914.8308715820312,935.8312693025066,911.9627465982119,926.5463726099105,2625163,SUNPHARMA.NS
2023-05-17,909.9696655273438,919.0601020310642,903.0667135907403,915.1225348647715,2956985,SUNPHARMA.NS
2023-05-18,903.8445434570312,916.8239467504795,896.8443911682698,916.8239467504795,3014019,SUNPHARMA.NS
2023-05-19,900.1500244140625,908.4627390701356,898.6430615297147,906.1293350717767,1309343,SUNPHARMA.NS
2023-05-22,911.4281005859375,916.5809703329884,897.2333344941218,900.1500599367088,1382485,SUNPHARMA.NS
2023-05-23,905.7404174804688,929.6576008457971,903.309813033236,911.4766677123098,3057684,SUNPHARMA.NS
2023-05-24,925.7201538085938,928.2965592529121,906.7127770884445,909.5323023500089,2953574,SUNPHARMA.NS
2023-05-25,918.7685546875,925.2825869963283,916.5324102850187,923.338103282704,2331464,SUNPHARMA.NS
2023-05-26,942.9773559570312,949.5885884017645,910.9905766478579,917.747669100572,4137189,SUNPHARMA.NS
2023-05-29,941.5675659179688,946.2343146047306,920.1296464868643,943.0259285913899,5344765,SUNPHARMA.NS
2023-05-30,932.9631958007812,940.5953294392767,929.75480976935,938.213325191072,2624815,SUNPHARMA.NS
2023-05-31,948.2760009765625,952.1163678943368,934.0812946562276,938.2133222412277,5595631,SUNPHARMA.NS
2023-06-01,960.283203125,962.9568679786562,947.9357208417475,952.6024694453982,3261906,SUNPHARMA.NS
2023-06-02,971.852783203125,975.8390097925254,953.7691112521452,959.1650408390566,3734815,SUNPHARMA.NS
2023-06-05,980.7488403320312,989.4504156410804,970.78336264836,977.4431947298579,3629780,SUNPHARMA.NS
2023-06-06,985.6586303710938,987.7489737768406,976.130673513746,980.8946816128821,1632644,SUNPHARMA.NS
2023-06-07,986.4364624023438,989.2559872325471,981.9641740588428,986.8253828413124,1608613,SUNPHARMA.NS
2023-06-08,959.6026000976562,987.7976106375063,955.9566935623308,986.8253688947528,3395935,SUNPHARMA.NS
2023-06-09,956.6373291015625,963.1999612386886,953.7692039290029,956.6859293232811,2306206,SUNPHARMA.NS
2023-06-12,958.0956420898438,962.4221297350715,953.8177546638132,960.4776462397716,593319,SUNPHARMA.NS
2023-06-13,960.6720581054688,968.3527917361324,958.1928534887877,962.5193411835052,2413311,SUNPHARMA.NS
2023-06-14,959.3109130859375,967.3805074608936,956.9289090134517,964.0748618899838,2139387,SUNPHARMA.NS
2023-06-15,960.9638061523438,967.186117985526,958.3387414588613,961.0610065946867,2731724,SUNPHARMA.NS
2023-06-16,964.4638671875,967.0403316981128,959.7971184080045,962.5193835842994,3611214,SUNPHARMA.NS
2023-06-19,973.9918212890625,978.7558298352474,966.1652866839845,967.5264489374459,1327862,SUNPHARMA.NS
2023-06-20,964.4152221679688,979.7766300515214,962.1304184357803,979.6794296122484,1445688,SUNPHARMA.NS
2023-06-21,964.36669921875,966.2625233229683,956.2970445209778,964.4152994422806,1396686,SUNPHARMA.NS
2023-06-22,962.81103515625,968.5472854678457,959.6998495523494,959.6998495523494,5384143,SUNPHARMA.NS
2023-06-23,963.9291381835938,968.3042262550239,950.1718930670585,966.4083428892181,1218237,SUNPHARMA.NS
2023-06-26,967.33203125,975.9363478036205,963.9291848076297,966.4083896331701,2066932,SUNPHARMA.NS
2023-06-27,973.9918212890625,975.498784207654,958.6304127500969,972.1931976992807,4647465,SUNPHARMA.NS
2023-06-28,993.4365844726562,997.0825502887025,967.3805180653134,967.3805180653134,5296330,SUNPHARMA.NS
2023-06-30,1022.409423828125,1025.7150695897144,991.7352077858316,993.3880306666263,4765060,SUNPHARMA.NS
2023-07-03,1004.0340576171875,1024.4025945003948,1001.4090522345595,1023.770613595137,2338356,SUNPHARMA.NS
2023-07-04,1019.6870727539062,1024.645481348711,1001.3116821431922,1011.1312989058133,1549174,SUNPHARMA.NS
2023-07-05,1015.700927734375,1028.340070720584,1013.7079033187405,1025.7150654192678,1840716,SUNPHARMA.NS
2023-07-06,1013.5620727539062,1027.2706583468675,1011.1314682628897,1011.1314682628897,2551103,SUNPHARMA.NS
2023-07-07,1006.9508056640625,1022.020553876499,1000.1937724867151,1004.8119211324617,1721224,SUNPHARMA.NS
2023-07-10,1015.9927368164062,1021.8261879368832,1002.4785513175946,1007.2425601356908,1221769,SUNPHARMA.NS
2023-07-11,1042.486328125,1044.9169327604045,1019.9303645811929,1022.7984305782234,4369937,SUNPHARMA.NS
2023-07-12,1048.805908203125,1053.6671175111348,1040.2987919141078,1045.1600012221177,5088473,SUNPHARMA.NS
2023-07-13,1045.7918701171875,1051.8683811011322,1041.9514439662214,1051.8683811011322,1541690,SUNPHARMA.NS
2023-07-14,1043.1666259765625,1050.0209770494832,1035.4373523682405,1049.9723174944759,2641580,SUNPHARMA.NS
2023-07-17,1047.6876220703125,1051.0419271120422,1040.7847298033157,1043.8958557405447,1254025,SUNPHARMA.NS
2023-07-18,1037.5277099609375,1048.9515494522357,1034.8053858434655,1048.5139694966545,2238739,SUNPHARMA.NS
2023-07-19,1051.8197021484375,1055.854529103759,1034.3193508373256,1037.5277960504372,2311282,SUNPHARMA.NS
2023-07-20,1067.18115234375,1073.8409844183948,1052.2572656131015,1055.9031720789856,5218991,SUNPHARMA.NS
2023-07-21,1066.695068359375,1073.5493015430907,1060.083776933266,1072.7715793459254,1879610,SUNPHARMA.NS
2023-07-24,1069.854736328125,1076.611768328773,1062.1740035500673,1063.6323660263374,2130036,SUNPHARMA.NS
2023-07-25,1064.653564453125,1079.1885337182925,1060.5215362834829,1079.1885337182925,1702900,SUNPHARMA.NS
2023-07-26,1081.1326904296875,1083.4660940734575,1063.7295415506114,1066.5977255625637,1321572,SUNPHARMA.NS
2023-07-27,1103.4456787109375,1123.2794332849187,1085.313465807326,1096.688646314981,6366612,SUNPHARMA.NS
2023-07-28,1110.8609619140625,1116.0808282095568,1094.3719394101333,1102.4700152316484,2677679,SUNPHARMA.NS
2023-07-31,1115.5931396484375,1117.1542046730701,1099.5919551672926,1112.2758020325764,1718336,SUNPHARMA.NS
2023-08-01,1115.6417236328125,1124.6180549177482,1108.3729521768753,1115.593011072998,1448567,SUNPHARMA.NS
2023-08-02,1107.64111328125,1116.4710680570563,1099.0550785920504,1116.129484654523,1731918,SUNPHARMA.NS
2023-08-03,1113.2513427734375,1141.2533227731062,1095.0548793889393,1102.7627784133897,8460399,SUNPHARMA.NS
2023-08-04,1111.2509765625,1117.1538897340465,1093.7863953143078,1101.543005685361,3527805,SUNPHARMA.NS
2023-08-07,1132.56982421875,1138.375074795405,1105.933702404621,1111.2511127949485,3353219,SUNPHARMA.NS
2023-08-08,1120.7154541015625,1136.2775107685652,1112.2269621091398,1133.9358536981856,3073468,SUNPHARMA.NS
2023-08-09,1124.764404296875,1131.1063268491525,1112.5683993886491,1123.1545078286672,1306791,SUNPHARMA.NS
2023-08-10,1122.3250732421875,1129.7402195466807,1115.7879439080396,1122.6177058651037,1443067,SUNPHARMA.NS
2023-08-11,1104.8116455078125,1123.0081082674812,1103.0066606397806,1122.0812595546456,1756630,SUNPHARMA.NS
2023-08-14,1106.66552734375,1114.227050673628,1093.249921435902,1103.4945659473494,1824622,SUNPHARMA.NS
2023-08-16,1115.8369140625,1117.641898983443,1094.5670336869457,1107.348423115583,1224080,SUNPHARMA.NS
2023-08-17,1116.9591064453125,1121.0080853202307,1109.8365910117952,1115.837050027481,1964341,SUNPHARMA.NS
2023-08-18,1107.2998046875,1121.349627472039,1101.5432660137822,1113.2514318172944,1473774,SUNPHARMA.NS
2023-08-21,1109.73876953125,1116.0806913240415,1099.7380467041557,1102.4698800154774,941384,SUNPHARMA.NS
2023-08-22,1109.88525390625,1119.1053857735053,1102.518819463,1107.3972213190311,1438879,SUNPHARMA.NS
2023-08-23,1096.3720703125,1102.9579133277032,1083.590680281096,1100.567543873943,3050418,SUNPHARMA.NS
2023-08-24,1091.1033935546875,1105.5433914128043,1086.127328440476,1096.2744279985295,1575291,SUNPHARMA.NS
2023-08-25,1079.3953857421875,1095.9819542568093,1073.4924710713344,1090.8107999616013,1515282,SUNPHARMA.NS
2023-08-28,1089.8349609375,1096.811099324252,1078.2731725043661,1083.0540300835,1959645,SUNPHARMA.NS
2023-08-29,1084.566162109375,1097.689133175185,1079.5413849087593,1097.689133175185,1749707,SUNPHARMA.NS
2023-08-30,1087.7860107421875,1091.9326520951502,1083.492993521153,1090.322755749562,1543173,SUNPHARMA.NS
2023-08-31,1084.566162109375,1091.6398440525113,1074.9069036356698,1091.6398440525113,4782404,SUNPHARMA.NS
2023-09-01,1082.0296630859375,1090.3229472484536,1078.858701494387,1084.956704555061,2715249,SUNPHARMA.NS
2023-09-04,1081.93212890625,1086.9080756296516,1075.199909644413,1086.9080756296516,1205294,SUNPHARMA.NS
2023-09-05,1104.372802734375,1108.3730690399864,1080.273422465928,1083.0053755584374,1698118,SUNPHARMA.NS
2023-09-06,1114.5684814453125,1121.0567799275304,1101.592003582488,1109.3486151241098,2960249,SUNPHARMA.NS
2023-09-07,1105.49462890625,1113.6902482736,1101.1527800421457,1112.2755594570363,1863837,SUNPHARMA.NS
2023-09-08,1102.957763671875,1110.373029341917,1101.0552346996096,1105.4457961140076,1789037,SUNPHARMA.NS
2023-09-11,1109.251220703125,1112.2758065321414,1098.3235272832362,1102.9580098104536,2032253,SUNPHARMA.NS
2023-09-12,1117.3980712890625,1125.740187045425,1109.4462515455723,1114.2759413893268,3989578,SUNPHARMA.NS
2023-09-13,1120.8128662109375,1128.5694777967362,1114.5197752339018,1121.0567863123981,2115524,SUNPHARMA.NS
2023-09-14,1115.9832763671875,1122.9105833074516,1111.056042763028,1120.8128466511776,2065163,SUNPHARMA.NS
2023-09-15,1121.83740234375,1125.7401240508402,1116.1784082278232,1116.1784082278232,2404169,SUNPHARMA.NS
2023-09-18,1119.739501953125,1128.8620887898367,1114.7635563241547,1121.056646516441,962842,SUNPHARMA.NS
2023-09-20,1125.10595703125,1127.8866225485242,1111.3000545698694,1120.081178793863,2303191,SUNPHARMA.NS
2023-09-21,1118.276123046875,1128.8133999885135,1113.3977210086316,1121.0567883883514,2088934,SUNPHARMA.NS
2023-09-22,1104.8116455078125,1120.0810671512324,1100.8602114618413,1114.714825104776,1585418,SUNPHARMA.NS
2023-09-25,1096.713623046875,1109.1535483939942,1094.3719662200358,1098.811240667255,1009279,SUNPHARMA.NS
2023-09-26,1098.4698486328125,1102.5189464600476,1091.2986208987286,1097.6405440420826,1966198,SUNPHARMA.NS
2023-09-27,1112.2269287109375,1118.0322990966813,1095.8842804773403,1098.76260938841,2332018,SUNPHARMA.NS
2023-09-28,1104.762939453125,1123.9837952556554,1101.39677068866,1115.153840195686,2685663,SUNPHARMA.NS
2023-09-29,1130.47216796875,1139.0093718364399,1106.7143730258454,1106.7143730258454,2288577,SUNPHARMA.NS
2023-10-03,1113.6903076171875,1133.6917551468957,1111.5438584497642,1131.350217546655,1946966,SUNPHARMA.NS
2023-10-04,1096.4697265625,1111.300021615938,1085.9323301655304,1110.4218853992545,1803871,SUNPHARMA.NS
2023-10-05,1091.8839111328125,1101.2017065875955,1084.7615156782597,1097.2989849900507,2348562,SUNPHARMA.NS
2023-10-06,1099.884521484375,1104.6165474273305,1095.7865924964494,1100.567450098226,1056281,SUNPHARMA.NS
2023-10-09,1095.7379150390625,1106.2264792833375,1082.0295578512496,1083.9809186408822,1080276,SUNPHARMA.NS
2023-10-10,1099.1041259765625,1102.9093038948097,1092.5671140130921,1094.7135635558839,1092093,SUNPHARMA.NS
2023-10-11,1101.2991943359375,1106.8605246866264,1095.054816279736,1100.5674340739204,1456045,SUNPHARMA.NS
2023-10-12,1102.9091796875,1105.0069164281294,1093.9328482884755,1101.5432032679078,1221965,SUNPHARMA.NS
2023-10-13,1117.44677734375,1119.3004747686855,1094.7133770425967,1098.7136427462274,1934884,SUNPHARMA.NS
2023-10-16,1107.68994140625,1119.3492738682235,1105.494660633791,1113.7391118941616,1144308,SUNPHARMA.NS
2023-10-17,1109.153564453125,1116.17841593374,1106.4216115986549,1110.9585494347925,798807,SUNPHARMA.NS
2023-10-18,1125.3497314453125,1133.5454701468975,1106.470340628436,1109.3485499996666,2178517,SUNPHARMA.NS
2023-10-19,1113.7392578125,1122.032541817236,1107.3973347500548,1119.495796412582,1765065,SUNPHARMA.NS
2023-10-20,1114.422119140625,1117.1540719353477,1105.543451210195,1110.3243090501535,957910,SUNPHARMA.NS
2023-10-23,1095.1524658203125,1121.251917675701,1090.8107354887545,1107.39730302302,702730,SUNPHARMA.NS
2023-10-25,1093.0548095703125,1102.2261101313316,1085.7372065046402,1097.640459850822,1800673,SUNPHARMA.NS
2023-10-26,1076.8582763671875,1090.7617203439127,1070.8091062776018,1088.8103597857757,2223975,SUNPHARMA.NS
2023-10-27,1084.2735595703125,1092.566842078548,1080.7123026729269,1084.9564881362337,1250965,SUNPHARMA.NS
2023-10-30,1088.0787353515625,1092.713217255448,1077.0047866226007,1088.5665755519715,1078813,SUNPHARMA.NS
2023-10-31,1062.1256103515625,1092.371701348557,1042.3680831680417,1092.2253254750246,6475786,SUNPHARMA.NS
2023-11-01,1089.054443359375,1105.0069135984252,1056.2716048811844,1065.4430247016867,3973264,SUNPHARMA.NS
2023-11-02,1105.2996826171875,1109.885452643956,1083.5907904706237,1100.4212798876226,3454692,SUNPHARMA.NS
2023-11-03,1113.3487548828125,1117.8368603956226,1103.982247920948,1110.8120099496239,1741756,SUNPHARMA.NS
2023-11-06,1122.032470703125,1123.0081511124322,1112.2756666100543,1112.3732108306626,1428537,SUNPHARMA.NS
2023-11-07,1142.4730224609375,1145.0098870169816,1118.666513779232,1121.0568833397863,1811831,SUNPHARMA.NS
2023-11-08,1148.0831298828125,1154.1324200916754,1142.5217989971707,1146.4245207700046,1702301,SUNPHARMA.NS
2023-11-09,1147.59521484375,1154.4738091605668,1138.4726271148209,1152.278528306469,1849169,SUNPHARMA.NS
2023-11-10,1150.668701171875,1152.7664379346947,1141.6436571169484,1145.4976663094812,957539,SUNPHARMA.NS
2023-11-13,1149.156494140625,1158.6693786315188,1145.2049406345293,1151.4004877390441,816825,SUNPHARMA.NS
2023-11-15,1152.1810302734375,1155.595911738918,1142.5217703078986,1150.8150538669227,2246320,SUNPHARMA.NS
2023-11-16,1160.620849609375,1165.8407167482628,1150.9127566448126,1153.2544137926363,2205723,SUNPHARMA.NS
2023-11-17,1165.5477294921875,1169.255362485741,1159.059431304272,1160.8645352442109,891965,SUNPHARMA.NS
2023-11-20,1159.1083984375,1169.1091232556687,1156.4252771448207,1166.913842198022,1054810,SUNPHARMA.NS
2023-11-21,1172.1824951171875,1175.6949208529395,1157.4009127483814,1160.08403393705,999135,SUNPHARMA.NS
2023-11-22,1174.8167724609375,1185.2566244386483,1169.8408261284205,1175.6949086611733,1401782,SUNPHARMA.NS
2023-11-23,1169.6456298828125,1180.4756577499195,1165.6940768967586,1174.2801114607657,1177434,SUNPHARMA.NS
2023-11-24,1166.3770751953125,1180.1829765413602,1163.7916174417473,1170.81646861278,1376695,SUNPHARMA.NS
2023-11-28,1162.376708984375,1171.1578317402757,1160.815644314757,1168.0357024010398,886708,SUNPHARMA.NS
2023-11-29,1172.9630126953125,1180.0855277627218,1155.6935160272376,1162.962287883764,1813462,SUNPHARMA.NS
2023-11-30,1196.0377197265625,1201.2088731638337,1163.352428370507,1163.352428370507,4672807,SUNPHARMA.NS
2023-12-01,1201.3065185546875,1211.648707198673,1195.2085159224303,1203.0627909534232,1749751,SUNPHARMA.NS
2023-12-04,1201.2088623046875,1209.8436094063395,1190.8178429680947,1207.160488498382,1615837,SUNPHARMA.NS
2023-12-05,1209.4046630859375,1213.3560971653324,1190.8667358595565,1196.0866020740316,930042,SUNPHARMA.NS
2023-12-06,1210.1851806640625,1227.4059638338827,1203.3067051893954,1218.185831539528,1704590,SUNPHARMA.NS
2023-12-07,1209.1607666015625,1211.6975118196476,1199.0136666276103,1201.0625716460017,1478355,SUNPHARMA.NS
2023-12-08,1205.7459716796875,1217.2589297572015,1200.7211934421432,1205.9898917970283,1612113,SUNPHARMA.NS
2023-12-11,1211.209716796875,1216.0392873133367,1185.5492736952303,1205.941018623343,1172972,SUNPHARMA.NS
2023-12-12,1188.3787841796875,1219.6005584766908,1183.1589176097307,1218.6248780299093,2832873,SUNPHARMA.NS
2023-12-13,1203.1114501953125,1209.4533726518057,1183.1588341074507,1188.671452063032,2448178,SUNPHARMA.NS
2023-12-14,1201.35546875,1209.7462973795573,1194.4768734614809,1208.8681610935469,2341190,SUNPHARMA.NS
2023-12-15,1205.697021484375,1216.1855854989064,1203.0139004574019,1210.8193434449602,3474624,SUNPHARMA.NS
2023-12-18,1222.2835693359375,1237.0651505902556,1203.989562610694,1205.6970032383833,2135393,SUNPHARMA.NS
2023-12-19,1214.6732177734375,1237.1138660761999,1206.4287663637176,1234.0405682203675,2187458,SUNPHARMA.NS
2023-12-20,1202.1846923828125,1224.4789668838403,1198.574603250551,1224.4789668838403,1837031,SUNPHARMA.NS
2023-12-21,1203.5018310546875,1207.843561402037,1179.158651549153,1194.3304110350014,1916222,SUNPHARMA.NS
2023-12-22,1213.405029296875,1220.5762568658108,1205.9898816126583,1209.8437717934496,2058127,SUNPHARMA.NS
2023-12-26,1217.1612548828125,1219.6004557944013,1209.160723533444,1213.404909299287,1796483,SUNPHARMA.NS
2023-12-27,1221.9908447265625,1224.8691733095552,1211.0632721073052,1219.6004754353528,2005268,SUNPHARMA.NS
2023-12-28,1231.4549560546875,1233.8941568870655,1219.1614076798228,1224.4299861964769,2043365,SUNPHARMA.NS
2023-12-29,1228.8206787109375,1241.0166841731589,1222.088578977084,1231.4062556892516,1840160,SUNPHARMA.NS
2024-01-01,1229.601318359375,1233.2112884754652,1222.03979467972,1230.3330787154705,733452,SUNPHARMA.NS
2024-01-02,1264.6768798828125,1267.4088326284295,1226.5766319333552,1230.3329776323708,3174447,SUNPHARMA.NS
2024-01-03,1267.0186767578125,1272.9215914387344,1259.7499046546554,1264.6770197314293,1699057,SUNPHARMA.NS
2024-01-04,1281.01953125,1296.1914090835303,1265.5063081990133,1272.2872393262503,2851729,SUNPHARMA.NS
2024-01-05,1268.5797119140625,1285.9468720913005,1255.7007772242064,1285.9468720913005,2960339,SUNPHARMA.NS
2024-01-08,1273.5556640625,1278.092482606663,1267.701581707079,1273.653208281435,1678133,SUNPHARMA.NS
2024-01-09,1291.8009033203125,1301.0210358430927,1275.0679599441407,1282.970947692469,1712486,SUNPHARMA.NS
2024-01-10,1292.630126953125,1301.0697860560751,1281.2147141536816,1297.7037363874624,1278475,SUNPHARMA.NS
2024-01-11,1284.2393798828125,1299.5088025978487,1278.3364655767978,1295.7036250593542,1320281,SUNPHARMA.NS
2024-01-12,1293.703369140625,1297.6549223719508,1273.7995844095917,1286.9224380515811,1538242,SUNPHARMA.NS
2024-01-15,1297.020751953125,1307.4117723221275,1289.459228643053,1296.8743760687362,1475983,SUNPHARMA.NS
2024-01-16,1281.50732421875,1299.1672340576165,1275.7509053624813,1297.7037135141707,824502,SUNPHARMA.NS
2024-01-17,1267.4088134765625,1288.3371099845504,1262.8718758897542,1280.092658415127,2544642,SUNPHARMA.NS
2024-01-18,1303.2650146484375,1310.7289930725842,1258.627639076537,1267.3599304822017,2842572,SUNPHARMA.NS
2024-01-19,1303.11865234375,1311.7046870690313,1296.825561723492,1307.4116697063905,1605745,SUNPHARMA.NS
2024-01-23,1344.780517578125,1360.6840387022037,1283.995573124658,1283.995573124658,4129729,SUNPHARMA.NS
2024-01-24,1348.4879150390625,1356.195814351021,1327.2668654260158,1346.4390099312295,1719845,SUNPHARMA.NS
2024-01-25,1335.0235595703125,1356.2933211577015,1315.705039711435,1349.9026859000116,1870910,SUNPHARMA.NS
2024-01-29,1366.7818603515625,1386.2954682920542,1322.2420264070681,1331.8037419385535,3413149,SUNPHARMA.NS
2024-01-30,1338.3895263671875,1374.9287080048036,1335.8527812656537,1367.8063128774818,1935332,SUNPHARMA.NS
2024-01-31,1383.953857421875,1403.906593663787,1333.6576027479975,1338.3407973480812,5796356,SUNPHARMA.NS
2024-02-01,1373.7091064453125,1395.6619144050653,1364.8792707046864,1392.2958648252122,2442481,SUNPHARMA.NS
2024-02-02,1382.19775390625,1398.9794102556336,1370.9774285640779,1374.7337745322202,1775449,SUNPHARMA.NS
2024-02-05,1428.201171875,1430.3476213468764,1388.9787440851412,1392.1009931643353,3481964,SUNPHARMA.NS
2024-02-06,1439.2261962890625,1442.0556933914122,1411.3705911287032,1414.7366410132258,1893995,SUNPHARMA.NS
2024-02-07,1459.81298828125,1463.9596300421563,1444.3973091957896,1446.9340544527274,2259235,SUNPHARMA.NS
2024-02-08,1463.13037109375,1470.8382704274243,1449.2269247563763,1464.5451791995756,2213750,SUNPHARMA.NS
2024-02-09,1506.0107421875,1510.13191196876,1464.2588340710736,1472.7466039911415,6343881,SUNPHARMA.NS
2024-02-12,1505.667236328125,1525.9299142772393,1492.5676752572829,1510.9659688344648,4059288,SUNPHARMA.NS
2024-02-13,1513.271728515625,1521.9067081050352,1496.8359210618794,1508.6599379184343,4687838,SUNPHARMA.NS
2024-02-14,1491.880615234375,1516.8041902418295,1479.7622984233906,1516.8041902418295,2105672,SUNPHARMA.NS
2024-02-15,1481.5777587890625,1500.3685726134102,1477.3093787803255,1500.3685726134102,2161691,SUNPHARMA.NS
2024-02-16,1481.6265869140625,1493.45060313626,1476.6222757348255,1486.5819078524532,3480879,SUNPHARMA.NS
2024-02-19,1501.398681640625,1503.9989974533648,1479.1245313847187,1486.43473793737,777823,SUNPHARMA.NS
2024-02-20,1509.8375244140625,1513.0756720134739,1483.883712712306,1503.2632487189637,2230669,SUNPHARMA.NS
2024-02-21,1514.4493408203125,1520.4348947007138,1504.2443972740848,1511.1622031776828,1993748,SUNPHARMA.NS
2024-02-22,1528.8245849609375,1531.7192017798188,1506.2069024548507,1520.5330158119916,1981678,SUNPHARMA.NS
2024-02-23,1531.9644775390625,1539.029373894757,1521.3180229803293,1528.7754401959069,1340283,SUNPHARMA.NS
2024-02-26,1527.7451171875,1537.5085497242803,1519.649868392052,1532.700438604813,974892,SUNPHARMA.NS
2024-02-27,1553.0611572265625,1555.7104633655279,1519.9933416110382,1527.5488589559002,2140963,SUNPHARMA.NS
2024-02-28,1544.3280029296875,1557.6728728107598,1533.3381382701082,1556.7407406387615,578316,SUNPHARMA.NS
2024-02-29,1548.35107421875,1558.016405667246,1527.3034770410022,1545.4564576547243,2350244,SUNPHARMA.NS
2024-03-01,1530.001953125,1552.2271136777301,1519.0120880181387,1550.3627294773128,4069161,SUNPHARMA.NS
2024-03-04,1522.986083984375,1539.6672023626936,1519.8461566724404,1521.4652303535047,2298105,SUNPHARMA.NS
2024-03-05,1544.6715087890625,1546.8303136168267,1506.5993811909898,1524.6542626260118,1408172,SUNPHARMA.NS
2024-03-06,1573.91259765625,1576.61101389288,1537.0179123406176,1545.4565718881506,1761032,SUNPHARMA.NS
2024-03-07,1575.5806884765625,1589.5633910321708,1570.3801762364922,1580.536009926034,2440999,SUNPHARMA.NS
2024-03-11,1563.707763671875,1596.4812816708927,1556.6428667604782,1584.853583938129,2994345,SUNPHARMA.NS
2024-03-12,1554.582275390625,1573.7165008755892,1550.51009575438,1562.3339939934203,1294598,SUNPHARMA.NS
2024-03-13,1529.3641357421875,1562.3338511456716,1515.038022952759,1551.5401864743762,2881503,SUNPHARMA.NS
2024-03-14,1540.74658203125,1544.76977120862,1517.2458773086817,1537.8519652139248,3062556,SUNPHARMA.NS
2024-03-15,1519.1591796875,1543.9846561349677,1512.2904840453361,1539.3237555206422,3421374,SUNPHARMA.NS
2024-03-18,1541.77685546875,1546.6830666237818,1514.4982735345548,1519.2082841556035,2281873,SUNPHARMA.NS
2024-03-19,1519.4044189453125,1550.1173473590889,1511.5054911958234,1544.4752047749364,3692624,SUNPHARMA.NS
2024-03-20,1520.2877197265625,1530.6888640558852,1491.9789035850547,1530.6888640558852,3412218,SUNPHARMA.NS
2024-03-21,1535.84033203125,1541.3843747368362,1513.615290744956,1535.4479309530714,2567975,SUNPHARMA.NS
2024-03-22,1578.720703125,1590.5937105679475,1536.7234862971056,1539.4710125496033,4941447,SUNPHARMA.NS
2024-03-26,1568.1231689453125,1584.4117658528314,1563.2169578418102,1565.1304520405029,3649049,SUNPHARMA.NS
2024-03-27,1574.059814453125,1595.6471444353176,1562.2357971642948,1571.9501196123915,2530169,SUNPHARMA.NS
2024-03-28,1590.152099609375,1603.3497593243999,1577.788352030053,1579.7508364355906,4427587,SUNPHARMA.NS
2024-04-01,1598.68896484375,1603.1045550489346,1588.140610464698,1600.994860217014,1148498,SUNPHARMA.NS
2024-04-02,1591.8203125,1602.368667167514,1579.7019941171525,1598.6890085625673,1921533,SUNPHARMA.NS
2024-04-03,1589.4652099609375,1598.3944903408133,1564.2963226841675,1578.8187556702956,2098379,SUNPHARMA.NS
2024-04-04,1588.974609375,1597.4623787711405,1557.3786569208612,1590.4955827706929,2439461,SUNPHARMA.NS
2024-04-05,1578.81884765625,1608.1089061131531,1575.973221053649,1580.7813322400366,1548980,SUNPHARMA.NS
2024-04-08,1569.6932373046875,1588.5331610678522,1567.0439310441975,1580.7813230508468,1170390,SUNPHARMA.NS
2024-04-09,1572.48974609375,1578.6715001269836,1562.0884828793908,1570.968772761308,1389391,SUNPHARMA.NS
2024-04-10,1573.961669921875,1578.3281499969025,1554.0424044498568,1572.9804276775499,1928878,SUNPHARMA.NS
2024-04-12,1511.113037109375,1565.0813598632812,1505.2255837180398,1565.0813598632812,8258068,SUNPHARMA.NS
2024-04-15,1511.1622314453125,1515.1361908378549,1475.5921985547734,1489.1332702420127,2474028,SUNPHARMA.NS
2024-04-16,1508.7091064453125,1514.3512495213524,1496.5416782904379,1506.2068907341527,2058697,SUNPHARMA.NS
2024-04-18,1487.955810546875,1516.559046834244,1478.1923780371712,1516.559046834244,3266796,SUNPHARMA.NS
2024-04-19,1494.2357177734375,1499.6325500457233,1475.4938953306996,1476.7695581436399,2536516,SUNPHARMA.NS
2024-04-22,1511.211181640625,1518.9630194557144,1493.401610654075,1499.779685348172,1680307,SUNPHARMA.NS
2024-04-23,1456.8013916015625,1533.141969989396,1449.9816858093186,1532.7004588705727,9160422,SUNPHARMA.NS
2024-04-24,1457.880859375,1474.807290352095,1451.6008842157912,1456.8015167180804,4652803,SUNPHARMA.NS
2024-04-25,1491.635498046875,1498.651404409162,1460.7263657679161,1462.0510189094753,3846327,SUNPHARMA.NS
2024-04-26,1478.29052734375,1503.2630941482903,1471.912452858134,1502.281851919734,1794350,SUNPHARMA.NS
2024-04-29,1493.05810546875,1499.141878968538,1481.7248299429787,1487.563173112569,1091667,SUNPHARMA.NS
2024-04-30,1473.9239501953125,1500.466600797629,1468.9196387089266,1498.3569060177226,1991646,SUNPHARMA.NS
2024-05-02,1490.5069580078125,1501.3006226148473,1473.8258399787585,1474.8070822157617,2494925,SUNPHARMA.NS
2024-05-03,1482.80419921875,1508.169286555722,1473.335187874702,1498.3568643920544,3183226,SUNPHARMA.NS
2024-05-06,1500.466552734375,1505.225553507413,1480.4491876494847,1489.52567811229,1240626,SUNPHARMA.NS
2024-05-07,1486.925537109375,1514.2041217277192,1481.774014889694,1507.1391051009648,1532550,SUNPHARMA.NS
2024-05-08,1493.2054443359375,1497.1795234947892,1474.071219815122,1481.6758475092922,1026357,SUNPHARMA.NS
2024-05-09,1466.61376953125,1501.2515494802706,1461.8547685209535,1492.6656796955167,1477007,SUNPHARMA.NS
2024-05-10,1478.29052734375,1497.8171518675845,1463.032162777481,1466.6137208678206,1528487,SUNPHARMA.NS
2024-05-13,1496.4434814453125,1501.3005824764011,1473.8258005748721,1484.61946489333,1628326,SUNPHARMA.NS
2024-05-14,1516.2646484375,1518.9139547079556,1487.612421485217,1496.3944920674244,2206236,SUNPHARMA.NS
2024-05-15,1498.7493896484375,1521.1707504023389,1491.8315840904615,1516.2645393060566,1207536,SUNPHARMA.NS
2024-05-16,1507.4825439453125,1512.2415449880702,1480.0077604466946,1500.3194274780956,2684392,SUNPHARMA.NS
2024-05-17,1502.6744384765625,1508.4637918343121,1491.6354629225889,1507.1881289691883,1341676,SUNPHARMA.NS
2024-05-21,1512.045166015625,1529.069814526163,1495.4131581336405,1501.3006115121193,1791791,SUNPHARMA.NS
2024-05-22,1510.42626953125,1534.662905614346,1477.1621327232688,1517.9817870750596,3948239,SUNPHARMA.NS
2024-05-23,1467.055419921875,1481.6759549566991,1439.4825337228328,1481.6759549566991,11618479,SUNPHARMA.NS
2024-05-24,1458.812744140625,1477.456346110763,1449.3928428907693,1475.7882822677573,5307322,SUNPHARMA.NS
2024-05-27,1438.55029296875,1472.844662753556,1433.1534604270148,1458.8128502328236,3474806,SUNPHARMA.NS
2024-05-28,1437.421875,1451.3554678037474,1428.639684511391,1441.3958344626303,2616438,SUNPHARMA.NS
2024-05-29,1451.208251953125,1466.9572387833891,1438.1578012289365,1440.561796952179,2843365,SUNPHARMA.NS
2024-05-30,1431.7305908203125,1449.6873725070577,1422.3106888619184,1448.3136093550822,3133423,SUNPHARMA.NS
2024-05-31,1432.41748046875,1451.6498045590222,1412.9888360606965,1437.5198922423058,5503924,SUNPHARMA.NS
2024-06-03,1425.794189453125,1469.9009834680653,1423.7825948011769,1468.4291199999732,1855318,SUNPHARMA.NS
2024-06-04,1403.029296875,1448.6080741688013,1351.3668651546072,1434.183740303603,5055952,SUNPHARMA.NS
2024-06-05,1459.4017333984375,1462.0510397192636,1405.1389858241514,1422.506926773024,2487724,SUNPHARMA.NS
2024-06-06,1445.075439453125,1465.975947663357,1427.7566092559734,1465.975947663357,3004955,SUNPHARMA.NS
2024-06-07,1478.5849609375,1481.7739984667194,1444.5359004608263,1452.1405284151185,3404664,SUNPHARMA.NS
2024-06-10,1484.7176513671875,1493.156310913675,1476.8677132252362,1490.5070047029867,1433942,SUNPHARMA.NS
2024-06-11,1471.6181640625,1496.3945325523005,1469.2631585469621,1495.4132902358726,1441589,SUNPHARMA.NS
2024-06-12,1478.5849609375,1486.140598644292,1467.7912954539881,1471.8634750243334,994784,SUNPHARMA.NS
2024-06-13,1482.4608154296875,1486.1894640515413,1469.9008669189625,1486.1894640515413,1412477,SUNPHARMA.NS
2024-06-14,1487.5631103515625,1489.5255946660104,1477.3091777207865,1485.4534157574235,937490,SUNPHARMA.NS
2024-06-18,1492.42041015625,1494.284794459729,1481.8720555592968,1494.0394838877069,1478241,SUNPHARMA.NS
2024-06-19,1475.7884521484375,1501.1535422136276,1471.8634828608087,1496.3454308801709,1537367,SUNPHARMA.NS
2024-06-20,1443.4073486328125,1460.0393568452203,1439.4823796358505,1460.0393568452203,4168375,SUNPHARMA.NS
2024-06-21,1439.727783203125,1460.0885611901515,1433.4969184740496,1452.3367229642809,4426556,SUNPHARMA.NS
2024-06-24,1466.466552734375,1474.7090116473055,1447.3814387525272,1447.3814387525272,3726155,SUNPHARMA.NS
2024-06-25,1476.9658203125,1479.7133465870836,1464.307890824624,1469.9500338901914,1833311,SUNPHARMA.NS
2024-06-26,1492.61669921875,1500.2213267921554,1467.2025005334533,1473.8258858393224,2563493,SUNPHARMA.NS
2024-06-27,1487.80859375,1499.3873004627148,1476.769618198681,1496.3944636232482,3881458,SUNPHARMA.NS
2024-06-28,1492.322265625,1510.0827265565636,1487.1707437653158,1491.4882336609705,2634599,SUNPHARMA.NS
2024-07-01,1491.5863037109375,1501.3006258342095,1475.6411173254435,1492.3222353902681,1451094,SUNPHARMA.NS
2024-07-02,1495.4622802734375,1506.1087345963342,1479.9586050056155,1485.6007478723698,1336816,SUNPHARMA.NS
2024-07-03,1505.176513671875,1507.433418777382,1470.1953230003573,1490.8504006618987,1061099,SUNPHARMA.NS
2024-07-04,1528.67724609375,1541.531494947195,1497.3755959830805,1506.2067757759035,2630823,SUNPHARMA.NS
2024-07-05,1538.9803466796875,1545.2112109212921,1527.7941612347688,1532.7003724140711,2481046,SUNPHARMA.NS
2024-07-08,1527.2054443359375,1545.2603254849207,1521.8576022664593,1541.1390362138713,1120204,SUNPHARMA.NS
2024-07-09,1555.6614990234375,1560.0770891822638,1520.7292986119448,1535.4479324746987,1492840,SUNPHARMA.NS
2024-07-10,1568.56494140625,1571.116147454258,1538.1954200658076,1562.9227981279098,1899956,SUNPHARMA.NS
2024-07-11,1552.0799560546875,1572.440733097921,1542.8072645423988,1570.9688696972053,1707500,SUNPHARMA.NS
2024-07-12,1552.621337890625,1562.514021746186,1525.7484303753463,1557.2477528089019,1426598,SUNPHARMA.NS
2024-07-15,1561.382080078125,1569.7490880778787,1552.6214266537504,1555.2298683136,832804,SUNPHARMA.NS
2024-07-16,1554.590087890625,1570.0443953164204,1550.3080525023652,1564.1382721992427,688481,SUNPHARMA.NS
2024-07-18,1569.3062744140625,1571.619482149193,1545.6817797702254,1550.3574610018181,1665636,SUNPHARMA.NS
2024-07-19,1544.106689453125,1564.8765316374668,1540.6614509812073,1559.9054966352612,1649335,SUNPHARMA.NS
2024-07-22,1562.51416015625,1564.6305451018031,1530.7196008546932,1530.7196008546932,826636,SUNPHARMA.NS
2024-07-23,1576.541015625,1580.5276965629084,1549.668229090707,1562.1694742356256,1502677,SUNPHARMA.NS
2024-07-24,1594.11181640625,1599.5257626562652,1567.0913509135091,1576.9348895499006,2923358,SUNPHARMA.NS
2024-07-25,1639.7366943359375,1654.9941790383104,1577.1316932353147,1589.583793492231,5329712,SUNPHARMA.NS
2024-07-26,1687.4285888671875,1696.8292162072228,1638.9491617114581,1644.313842134589,4591049,SUNPHARMA.NS
2024-07-29,1696.287841796875,1701.7017881946017,1666.2650481367532,1688.4130106729085,3187339,SUNPHARMA.NS
2024-07-30,1674.9765625,1698.453378846854,1670.4485586183212,1689.2496939672749,1525840,SUNPHARMA.NS
2024-07-31,1692.4488525390625,1703.8673337375808,1668.6766818415629,1675.468747778047,1594881,SUNPHARMA.NS
2024-08-01,1688.36376953125,1719.124829057752,1654.9942682852115,1698.5026628153407,5258291,SUNPHARMA.NS
2024-08-02,1704.5562744140625,1714.547489472833,1657.504114913849,1673.4014527470208,2992406,SUNPHARMA.NS
2024-08-05,1693.43310546875,1730.494051595578,1688.1668364541615,1698.010374859142,5165558,SUNPHARMA.NS
2024-08-06,1680.83349609375,1706.869607849445,1677.2897260391114,1698.0104230336174,1710278,SUNPHARMA.NS
2024-08-07,1707.3125,1709.6749732899702,1682.6545079669627,1693.0886348239173,1922313,SUNPHARMA.NS
2024-08-08,1709.8719482421875,1721.2904291708571,1701.3079974253963,1707.8539747323841,2480113,SUNPHARMA.NS
2024-08-09,1708.1492919921875,1722.4224228842272,1702.9814342554146,1722.4224228842272,751683,SUNPHARMA.NS
2024-08-12,1706.721923828125,1721.1427319742554,1702.9814512394812,1707.8539548043084,1526788,SUNPHARMA.NS
2024-08-13,1712.874267578125,1724.440426377286,1698.6011354429904,1712.7758562161682,2076963,SUNPHARMA.NS
2024-08-14,1714.39990234375,1725.572294479582,1705.4914519606925,1720.1583483189215,2207250,SUNPHARMA.NS
2024-08-16,1715.4827880859375,1723.7513850171242,1701.6034218945115,1722.2255883822993,2180718,SUNPHARMA.NS
2024-08-19,1720.4537353515625,1725.4246502794774,1713.4155811763885,1725.4246502794774,1363446,SUNPHARMA.NS
2024-08-20,1738.7135009765625,1743.0939479624208,1717.845246195765,1724.3912237145853,1766597,SUNPHARMA.NS
2024-08-21,1737.0401611328125,1744.2258726201987,1729.8051838854922,1742.306430549004,1184193,SUNPHARMA.NS
2024-08-22,1723.2591552734375,1741.814202000164,1721.0443590290179,1741.814202000164,1369554,SUNPHARMA.NS
2024-08-23,1747.9664306640625,1753.5771998066004,1724.4896142786613,1726.3106449540192,3515492,SUNPHARMA.NS
2024-08-26,1744.7178955078125,1752.1498149781921,1736.8923306342808,1752.1498149781921,933372,SUNPHARMA.NS
2024-08-27,1761.40283203125,1764.5527163386162,1739.5009585105272,1750.1811739256343,1231023,SUNPHARMA.NS
2024-08-28,1783.5015869140625,1794.4771569141008,1758.4005625030316,1768.7855441960642,1768949,SUNPHARMA.NS
2024-08-29,1771.04931640625,1798.266723123745,1762.2393979230408,1781.581974207141,3205924,SUNPHARMA.NS
2024-08-30,1793.148193359375,1799.5464933075689,1763.2730784025766,1770.0158781620587,3036374,SUNPHARMA.NS
2024-09-02,1787.537353515625,1808.2580504430482,1776.9555494643116,1801.3183076289636,1617946,SUNPHARMA.NS
2024-09-03,1783.1571044921875,1810.7682796780687,1776.857215448379,1791.5241127108923,2148689,SUNPHARMA.NS
2024-09-04,1804.1729736328125,1806.2893584936423,1773.116681009439,1783.1570424584377,2473477,SUNPHARMA.NS
2024-09-05,1797.92236328125,1815.0501448392477,1791.52406305605,1804.5174862184558,1902919,SUNPHARMA.NS
2024-09-06,1796.0029296875,1821.0546880070094,1776.7587631635959,1791.081160260454,1701134,SUNPHARMA.NS
2024-09-09,1793.34521484375,1806.6832588937284,1784.4860293181127,1796.0030425976777,1544883,SUNPHARMA.NS
2024-09-10,1807.6181640625,1813.4258757955909,1797.1347715531685,1801.3675411621286,1460472,SUNPHARMA.NS
2024-09-11,1816.822021484375,1828.4374460564547,1802.4504779727529,1807.6676019260617,1701900,SUNPHARMA.NS
2024-09-12,1836.2137451171875,1842.2182797313092,1811.6048982065367,1826.1241178838206,2744070,SUNPHARMA.NS
2024-09-13,1824.7459716796875,1835.8199526271706,1822.4327641360678,1835.8199526271706,1322430,SUNPHARMA.NS
2024-09-16,1833.802001953125,1844.0393062773085,1821.9406098647519,1832.86691383675,1284085,SUNPHARMA.NS
2024-09-17,1836.9027099609375,1840.3972142201903,1830.1599100672588,1833.851237033913,738265,SUNPHARMA.NS
2024-09-18,1807.273681640625,1838.7730050679127,1800.973792923091,1838.7730050679127,1202676,SUNPHARMA.NS
2024-09-19,1817.16650390625,1826.96077681695,1806.289345613741,1816.3297069911462,1675819,SUNPHARMA.NS
2024-09-20,1836.5582275390625,1841.7260853413297,1813.0814118408396,1822.1374193539923,4229991,SUNPHARMA.NS
2024-09-23,1833.555908203125,1845.6635088855683,1828.4373161359695,1837.788677914323,812520,SUNPHARMA.NS
2024-09-24,1838.871337890625,1851.2250263338403,1826.9606807604155,1826.9606807604155,2528953,SUNPHARMA.NS
2024-09-25,1841.283203125,1846.647883720909,1829.4709565340347,1844.6791759557482,956893,SUNPHARMA.NS
2024-09-26,1868.6973876953125,1875.1940991247704,1837.8379182850995,1841.2831567874284,2452807,SUNPHARMA.NS
2024-09-27,1918.2103271484375,1928.6445742375151,1885.2837384543107,1887.9414458235608,3809008,SUNPHARMA.NS
2024-09-30,1896.5545654296875,1929.6780973997247,1890.9930621568226,1918.5057049356399,2608461,SUNPHARMA.NS
2024-10-01,1889.91015625,1904.478641525461,1872.5855522470085,1894.7335142236582,1275678,SUNPHARMA.NS
2024-10-03,1880.9525146484375,1906.0043920195017,1866.38414988543,1871.0598306341712,2492195,SUNPHARMA.NS
2024-10-04,1880.1650390625,1921.7047216965666,1873.865150659131,1880.9524500126854,2798189,SUNPHARMA.NS
2024-10-07,1875.440185546875,1887.9414314632731,1858.5093472751635,1880.1651321233626,1691999,SUNPHARMA.NS
2024-10-08,1887.154052734375,1891.3867022944673,1871.7981563388612,1874.209775264938,2309881,SUNPHARMA.NS
2024-10-09,1900.6397705078125,1916.5371105829906,1864.8585290187345,1864.9077947796193,1597182,SUNPHARMA.NS
2024-10-10,1858.2139892578125,1907.628504700873,1854.4242509491964,1899.4091740459926,2383012,SUNPHARMA.NS
2024-10-11,1872.19189453125,1879.4761375886474,1860.9210901846081,1869.288098524502,1019117,SUNPHARMA.NS
2024-10-14,1879.8697509765625,1885.7758740323861,1865.4489431498498,1873.2253625387607,676879,SUNPHARMA.NS
2024-10-15,1868.74658203125,1890.3532218699002,1865.0061093702523,1887.9907485174674,1383203,SUNPHARMA.NS
2024-10-16,1868.7958984375,1884.7423837179253,1857.4758284706675,1879.0823487345092,1401914,SUNPHARMA.NS
2024-10-17,1859.9859619140625,1893.5524059099712,1850.2408342609565,1893.4539945519375,1447059,SUNPHARMA.NS
2024-10-18,1880.46044921875,1887.8923692294302,1843.3995008440684,1870.2724103837372,1203693,SUNPHARMA.NS
2024-10-21,1867.3193359375,1890.5009181931828,1860.9703013886888,1888.7782988795873,660583,SUNPHARMA.NS
2024-10-22,1858.0172119140625,1876.1784929129958,1851.5696459440423,1862.3975386103818,1192915,SUNPHARMA.NS
2024-10-23,1810.5711669921875,1859.985800639733,1803.3361904784026,1850.6344393899815,1673366,SUNPHARMA.NS
2024-10-24,1819.9718017578125,1830.4551939724718,1800.8260478633456,1801.3674905284754,1739776,SUNPHARMA.NS
2024-10-25,1831.2918701171875,1846.2540001117834,1821.1529777105955,1827.748220398507,2148004,SUNPHARMA.NS
2024-10-28,1873.126953125,1886.0219644448168,1806.2893031086842,1834.0480334356298,2445724,SUNPHARMA.NS
2024-10-29,1842.316650390625,1892.6171083327952,1832.866877417755,1891.9281086986707,2295542,SUNPHARMA.NS
2024-10-30,1823.121826171875,1851.4712664318477,1791.5240901523641,1839.2652540932377,1900203,SUNPHARMA.NS
2024-10-31,1819.9718017578125,1843.2025278768144,1813.278147717927,1830.8981051273029,2572932,SUNPHARMA.NS
2024-11-01,1829.3232421875,1835.770687890946,1802.8933650102174,1830.8981843354968,107596,SUNPHARMA.NS
2024-11-04,1780.59765625,1816.1328052640115,1732.5611415750714,1816.1328052640115,5031861,SUNPHARMA.NS
2024-11-05,1775.380615234375,1804.320643033603,1771.2955226433294,1776.7587346839352,1658010,SUNPHARMA.NS
2024-11-06,1798.8575439453125,1811.2112338490374,1774.0026071764603,1787.1438282894937,2060619,SUNPHARMA.NS
2024-11-07,1762.928466796875,1816.1328400673362,1750.9686637344926,1816.1328400673362,1909269,SUNPHARMA.NS
2024-11-08,1781.2867431640625,1786.651543863973,1762.928519414806,1771.6401473123922,1644075,SUNPHARMA.NS
2024-11-11,1766.5213623046875,1789.2107661891127,1763.9128006186538,1788.964677731192,1069649,SUNPHARMA.NS
2024-11-12,1772.673583984375,1796.445753188785,1767.0135494195335,1773.7072035777592,2471888,SUNPHARMA.NS
2024-11-13,1751.16552734375,1769.1792511529236,1742.7492537265953,1762.977773733927,1810332,SUNPHARMA.NS
2024-11-14,1740.534423828125,1767.8995088330114,1735.5635089980697,1751.8544930661983,1473358,SUNPHARMA.NS
2024-11-18,1720.4044189453125,1770.8525531011971,1715.925560921955,1770.8525531011971,1533025,SUNPHARMA.NS
2024-11-19,1749.4429931640625,1778.4814336188888,1702.9322707406545,1702.9815365004965,1933316,SUNPHARMA.NS
2024-11-21,1752.14990234375,1763.4207061795037,1730.5433827919237,1744.2750713219802,2014349,SUNPHARMA.NS
2024-11-22,1767.2105712890625,1786.5530289296892,1740.3869280217095,1757.0716782467896,1420813,SUNPHARMA.NS
2024-11-25,1770.754150390625,1801.367530844485,1756.23493122125,1777.7430386366884,3137448,SUNPHARMA.NS
2024-11-26,1734.037841796875,1778.4814453261017,1725.7692448350947,1778.4814453261017,1589883,SUNPHARMA.NS
2024-11-27,1722.0777587890625,1750.771696948305,1713.021751622685,1732.5611511043055,1982546,SUNPHARMA.NS
2024-11-28,1707.11572265625,1733.1518348136656,1696.4355070511237,1722.0778536230166,3071758,SUNPHARMA.NS
2024-11-29,1753.035888671875,1767.7027858485048,1711.9882588489422,1715.6304403837553,2427677,SUNPHARMA.NS
2024-12-02,1780.2532958984375,1785.6179765952768,1764.1098678883209,1771.8370219798776,1948045,SUNPHARMA.NS
2024-12-03,1771.88623046875,1803.336288528219,1760.369218101897,1802.5980231262558,1543970,SUNPHARMA.NS
2024-12-04,1772.0338134765625,1786.4546219056908,1757.071682507599,1782.1727065434218,2320116,SUNPHARMA.NS
2024-12-05,1785.0765380859375,1797.38096187864,1747.6219441571845,1780.4008570447106,2742263,SUNPHARMA.NS
2024-12-06,1776.611083984375,1795.4122191417673,1772.8213455620303,1787.4389767112946,1590478,SUNPHARMA.NS
2024-12-09,1778.3829345703125,1791.4747688810555,1768.5885415154817,1786.405442603655,1528215,SUNPHARMA.NS
2024-12-10,1781.6312255859375,1794.4770915572894,1767.8995372665343,1792.5083838320484,2043634,SUNPHARMA.NS
2024-12-11,1785.617919921875,1797.7746661825408,1776.8080008508025,1795.7568128455632,1745911,SUNPHARMA.NS
2024-12-12,1777.2017822265625,1791.5241801928107,1769.9176591606868,1790.53982624765,1082394,SUNPHARMA.NS
2024-12-13,1785.0765380859375,1788.3742197906927,1746.2930904196505,1776.512707190372,1391111,SUNPHARMA.NS
2024-12-16,1781.483642578125,1793.9848883864042,1764.3065958304046,1790.2442956990042,1483330,SUNPHARMA.NS
2024-12-17,1761.0584716796875,1787.3406739218574,1755.2014936163112,1781.6806387435283,1608164,SUNPHARMA.NS
2024-12-18,1772.87060546875,1793.9356823941923,1764.7496859503647,1769.8682780674956,1732860,SUNPHARMA.NS
2024-12-19,1794.7724609375,1800.7769955181184,1762.780960132156,1772.8213215515254,1924091,SUNPHARMA.NS
2024-12-20,1780.5484619140625,1797.3808889474024,1766.0292424278111,1794.7724473375015,2513418,SUNPHARMA.NS
2024-12-23,1786.20849609375,1799.3988618924343,1768.5393923138286,1782.66484621838,1299181,SUNPHARMA.NS
2024-12-24,1790.5396728515625,1803.0901845771575,1774.937688189468,1786.503846054232,1121058,SUNPHARMA.NS
2024-12-26,1812.5400390625,1816.18222060748,1786.0117493851078,1791.5241072214037,1402706,SUNPHARMA.NS
2024-12-27,1832.1285400390625,1836.8042206650857,1808.0118715469432,1816.6249674369858,1668898,SUNPHARMA.NS
2024-12-30,1854.42431640625,1866.0888859644024,1825.9764649684644,1832.916207953389,6021550,SUNPHARMA.NS
2024-12-31,1856.8358154296875,1880.1158074439886,1839.5604778815998,1847.435308488695,1844944,SUNPHARMA.NS
2025-01-01,1860.3795166015625,1873.1761166918582,1849.2563901577657,1860.330371005137,1338092,SUNPHARMA.NS
2025-01-02,1848.6165771484375,1866.334946897464,1835.7707110162391,1862.3975313976803,2507223,SUNPHARMA.NS
2025-01-03,1820.710205078125,1854.5227373236849,1815.1485815418657,1848.616613956412,1515825,SUNPHARMA.NS
2025-01-06,1818.495361328125,1827.4529575024972,1797.0856646808427,1821.5468342894537,1397724,SUNPHARMA.NS
2025-01-07,1824.4014892578125,1835.8199701338065,1816.7727467545756,1819.6273970136701,1615649,SUNPHARMA.NS
2025-01-08,1808.996337890625,1833.4575077078648,1800.5800641761023,1833.4575077078648,1298188,SUNPHARMA.NS
2025-01-09,1797.774658203125,1812.1954663646106,1785.617911996417,1812.1954663646106,1199181,SUNPHARMA.NS
2025-01-10,1756.874755859375,1805.8955042742425,1745.0132441976593,1796.8886427386221,857827,SUNPHARMA.NS
2025-01-13,1719.5677490234375,1757.6130490134483,1715.1873023343808,1756.677840768189,1645287,SUNPHARMA.NS
2025-01-14,1743.14306640625,1756.136609882772,1714.8428919984221,1727.5410812430555,1962645,SUNPHARMA.NS
2025-01-15,1729.362060546875,1747.2281071961975,1720.355198666435,1745.0625767612908,857867,SUNPHARMA.NS
2025-01-16,1735.711181640625,1747.818661828744,1713.5632201448668,1747.2773393106322,2180496,SUNPHARMA.NS
2025-01-17,1758.597412109375,1763.912826750902,1739.943834626419,1751.1654925059195,1163986,SUNPHARMA.NS
2025-01-20,1750.4273681640625,1772.2799772477997,1740.6330946686899,1761.353672705931,1341246,SUNPHARMA.NS
2025-01-21,1735.1204833984375,1777.496964706741,1731.9705991424676,1744.3734336208743,2489267,SUNPHARMA.NS
2025-01-22,1770.8033447265625,1775.3806142498852,1746.0960866446023,1749.1968253642974,2262270,SUNPHARMA.NS
2025-01-23,1804.9112548828125,1810.9650552921403,1758.1052998671314,1760.1231532299835,1974760,SUNPHARMA.NS
2025-01-24,1793.6895751953125,1814.2625951258215,1779.9086210049752,1800.3832295804873,1277935,SUNPHARMA.NS
2025-01-27,1758.8927001953125,1795.70755920856,1746.539131141445,1789.6537588359963,1452975,SUNPHARMA.NS
2025-01-28,1678.8155517578125,1752.1499162292032,1666.6095395452621,1751.9530935162534,5972497,SUNPHARMA.NS
2025-01-29,1708.198486328125,1716.7131714456407,1669.4641850755772,1678.815546961319,1433336,SUNPHARMA.NS
2025-01-30,1711.8897705078125,1732.758144394765,1698.3057593629117,1713.2186241841073,2017991,SUNPHARMA.NS
2025-01-31,1716.6639404296875,1742.1587305399157,1679.3570236482724,1714.744498383712,4275269,SUNPHARMA.NS
2025-02-01,1714.94140625,1761.0092192446496,1706.1807522099102,1712.775875620844,1477972,SUNPHARMA.NS
2025-02-03,1713.3662109375,1757.9574864198523,1683.7864511591795,1753.5770398862974,2210231,SUNPHARMA.NS
2025-02-04,1737.630615234375,1748.4585074692302,1713.4155348139568,1721.9302195579874,2796294,SUNPHARMA.NS
2025-02-05,1725.3262939453125,1746.04699155307,1708.0508349790093,1746.04699155307,1787905,SUNPHARMA.NS
2025-02-06,1725.07861328125,1751.1726312742373,1719.434030122037,1735.971761815173,3421791,SUNPHARMA.NS
2025-02-07,1732.802978515625,1735.9718462530805,1710.5215372488285,1734.3874123843527,1371545,SUNPHARMA.NS
2025-02-10,1715.2747802734375,1733.0009282305343,1706.9563516410208,1724.3359235893818,1237839,SUNPHARMA.NS
2025-02-11,1683.239013671875,1717.3543258245982,1678.584716760651,1708.441749785153,2779274,SUNPHARMA.NS
2025-02-12,1677.3963623046875,1698.2913782758192,1671.6527745103654,1689.873945040826,1757284,SUNPHARMA.NS
2025-02-13,1729.3863525390625,1735.7242086574404,1683.437046786511,1683.486609452374,2750390,SUNPHARMA.NS
2025-02-14,1683.981689453125,1731.9610076703173,1668.6322532952165,1730.3765739212488,2123774,SUNPHARMA.NS
2025-02-17,1697.548583984375,1718.493161640431,1679.5749858623913,1683.981711172033,2277889,SUNPHARMA.NS
2025-02-18,1685.071044921875,1712.9476268063138,1681.9021773018378,1697.5486273920292,2163972,SUNPHARMA.NS
2025-02-19,1660.3138427734375,1682.4962781514014,1631.1003994506204,1648.9255513086105,2576319,SUNPHARMA.NS
2025-02-20,1653.0848388671875,1661.650717980516,1646.8459873142822,1650.955699312812,1670915,SUNPHARMA.NS
2025-02-21,1627.7830810546875,1668.0382427189738,1616.1472172053232,1661.7499489858033,2244190,SUNPHARMA.NS
2025-02-24,1623.57421875,1653.6789432928745,1611.24520396052,1613.9189283365738,2357441,SUNPHARMA.NS
2025-02-25,1597.9259033203125,1631.7937663322086,1590.6473234025875,1623.5743419259406,2836717,SUNPHARMA.NS
2025-02-27,1631.49658203125,1637.0421608038846,1589.458979455039,1613.1267239070628,2744489,SUNPHARMA.NS
2025-02-28,1577.7735595703125,1654.768315105597,1570.990122970159,1654.768315105597,3549979,SUNPHARMA.NS
2025-03-03,1569.7027587890625,1591.7861911944533,1566.8309043991671,1569.9008885758637,1425492,SUNPHARMA.NS
2025-03-04,1551.283447265625,1574.555174690293,1540.8854413950287,1569.6037433233423,1717135,SUNPHARMA.NS
2025-03-05,1567.0784912109375,1570.8911901349716,1537.9641709934328,1549.4019051118648,2428171,SUNPHARMA.NS
2025-03-06,1598.322021484375,1602.1841620700768,1557.274704416556,1582.7250129104102,2458676,SUNPHARMA.NS
2025-03-07,1593.667724609375,1612.9287439888355,1590.0531555879154,1608.224884259628,980890,SUNPHARMA.NS
2025-03-10,1595.8463134765625,1625.5053387117098,1587.181308671772,1606.1947565753194,1600589,SUNPHARMA.NS
2025-03-11,1639.2208251953125,1647.4401282749168,1589.755956069868,1600.4015329145766,3325416,SUNPHARMA.NS
2025-03-12,1660.5615234375,1663.9285209643763,1641.944213915485,1645.8557963652988,2389362,SUNPHARMA.NS
2025-03-13,1667.097412109375,1670.7615439253354,1647.2916862432883,1655.7586824048633,1666929,SUNPHARMA.NS
2025-03-17,1687.744873046875,1703.4408856424727,1671.949735120467,1677.5944391719095,2588408,SUNPHARMA.NS
2025-03-18,1687.744873046875,1687.744873046875,1687.744873046875,1687.744873046875,0,SUNPHARMA.NS
2025-03-19,1715.5223388671875,1731.0203426565547,1709.5311796627507,1730.8223337629315,2167448,SUNPHARMA.NS
2025-03-20,1733.24853515625,1740.0815345610301,1706.164229987911,1718.7903798654954,1602232,SUNPHARMA.NS
2025-03-21,1767.165771484375,1775.3851955195173,1733.2484682210857,1741.9134727044077,2483162,SUNPHARMA.NS
2025-03-24,1767.462890625,1802.3209171523695,1760.3327573231188,1777.068618587872,1182084,SUNPHARMA.NS
2025-03-25,1747.6075439453125,1778.5044245452243,1741.4182552927225,1767.462830296639,1471028,SUNPHARMA.NS
2025-03-26,1741.8638916015625,1753.5988799709714,1729.1387379005184,1750.776467547211,1762361,SUNPHARMA.NS
2025-03-27,1714.631103515625,1735.2786688284705,1703.2923741462057,1733.991248331399,3279881,SUNPHARMA.NS
2025-03-28,1717.8494873046875,1724.4349149589302,1688.6360433074972,1714.6310570338105,1956781,SUNPHARMA.NS
2025-04-01,1681.8526611328125,1717.1068281397131,1665.2653661235754,1714.1855319993706,4142445,SUNPHARMA.NS
2025-04-02,1697.0040283203125,1701.7573297106799,1669.523585338969,1678.5351658874724,3369489,SUNPHARMA.NS
2025-04-03,1752.806640625,1795.0918146184608,1733.000915872175,1737.9523470603813,5715573,SUNPHARMA.NS
2025-04-04,1692.7457275390625,1761.5706198924483,1641.9441169370045,1761.5706198924483,5345276,SUNPHARMA.NS
2025-04-07,1650.1634521484375,1675.5643183859863,1604.3627135400736,1604.3627135400736,5715334,SUNPHARMA.NS
2025-04-08,1671.9498291015625,1693.2409842799836,1629.0209427210527,1629.0209427210527,2807382,SUNPHARMA.NS
2025-04-09,1636.15087890625,1663.4333131976173,1624.0694351207574,1633.9722975300303,3481864,SUNPHARMA.NS
2025-04-11,1671.1575927734375,1720.1271989907707,1665.7604602343595,1693.389470509049,3801939,SUNPHARMA.NS
2025-04-15,1688.43798828125,1707.7485693788947,1680.3176897119565,1703.2922814332844,1993085,SUNPHARMA.NS
2025-04-16,1676.6536865234375,1686.1604106914103,1665.7605373782576,1674.6731139515866,2205374,SUNPHARMA.NS
2025-04-17,1734.486328125,1740.9231886061948,1671.0090050950514,1678.53515625,2683908,SUNPHARMA.NS
2025-04-21,1727.9505615234375,1743.89414652257,1714.4826922348705,1743.89414652257,1539511,SUNPHARMA.NS
2025-04-22,1730.42626953125,1737.9524210809573,1717.651552344684,1733.9912759616843,961907,SUNPHARMA.NS
2025-04-23,1771.424072265625,1773.89978786255,1725.1776323843349,1737.160071696542,1471029,SUNPHARMA.NS
2025-04-24,1786.37744140625,1790.3385865190153,1756.6688530605102,1772.6124379624794,2101177,SUNPHARMA.NS
2025-04-25,1770.0377197265625,1797.8647399968627,1747.063005516993,1788.457020343891,2036801,SUNPHARMA.NS
2025-04-28,1823.7110595703125,1828.0683430698152,1763.8977483287135,1770.0375953594596,3216482,SUNPHARMA.NS
2025-04-29,1787.9617919921875,1828.0683843907937,1779.5443590196405,1827.0780981587293,2886160,SUNPHARMA.NS
2025-04-30,1814.5015869140625,1821.037452140905,1785.7832849884787,1792.41815466574,2667314,SUNPHARMA.NS
2025-05-02,1806.876220703125,1833.2178100929195,1796.1812020112825,1814.501497161058,1885257,SUNPHARMA.NS
2025-05-05,1818.759765625,1825.39475626075,1803.7074624569946,1810.0453188536228,1219830,SUNPHARMA.NS
2025-05-06,1801.4296875,1810.144254826256,1781.524958114871,1802.3209692990913,1414772,SUNPHARMA.NS
2025-05-07,1763.996826171875,1808.658708849283,1761.4219853883812,1800.2412762935912,2015237,SUNPHARMA.NS
2025-05-08,1750.0338134765625,1771.5230976424903,1737.952369574651,1763.9969463158297,2647871,SUNPHARMA.NS
2025-05-09,1727.8514404296875,1749.1425941032496,1714.8785942744369,1734.8824483961403,1148956,SUNPHARMA.NS
2025-05-12,1669.820556640625,1695.7661278374987,1607.8286641572022,1679.2282756226243,9221075,SUNPHARMA.NS
2025-05-13,1683.4866943359375,1731.5155794390512,1674.8712519599235,1694.3798435345818,6988329,SUNPHARMA.NS
2025-05-14,1691.60693359375,1694.7759221426484,1675.6633490542597,1685.4672071623734,1639324,SUNPHARMA.NS
2025-05-15,1723.1971435546875,1727.4554229419255,1667.7411114916051,1684.575978367898,3880385,SUNPHARMA.NS
2025-05-16,1718.0477294921875,1724.6825993616694,1702.3021531137006,1723.0981654554037,1448249,SUNPHARMA.NS
2025-05-19,1713.3931884765625,1747.8551976682609,1709.8281822219678,1728.0494730487903,2074023,SUNPHARMA.NS
2025-05-20,1691.2108154296875,1731.020272191486,1686.7545275436112,1726.8611185182995,2706777,SUNPHARMA.NS
2025-05-21,1714.977783203125,1741.6163867307562,1691.2109131047398,1699.727350713084,2754306,SUNPHARMA.NS
2025-05-22,1702.0048828125,1723.0980277124547,1690.6165912500326,1717.3543192662605,2670554,SUNPHARMA.NS
2025-05-23,1667.2459716796875,1673.088684960634,1620.7025161051683,1641.8946668628182,8339783,SUNPHARMA.NS
2025-05-26,1659.8187255859375,1685.8633017834197,1650.807145071694,1676.6535914924873,2282131,SUNPHARMA.NS
2025-05-27,1667.0478515625,1675.5642889012822,1644.9644204412464,1659.8187137825698,2800622,SUNPHARMA.NS
2025-05-28,1650.2130126953125,1670.5138805929525,1646.846015306111,1667.0478787567702,2657712,SUNPHARMA.NS
2025-05-29,1683.28857421875,1686.7545760075059,1654.1741350162908,1658.7294274760316,2377583,SUNPHARMA.NS
2025-05-30,1661.30419921875,1696.9545044418328,1652.8867660410776,1685.4672080468613,3640641,SUNPHARMA.NS
2025-06-02,1658.3333740234375,1667.1469460589315,1644.37036170529,1662.6906578158278,1819538,SUNPHARMA.NS
2025-06-03,1651.30224609375,1678.5351167189842,1641.4983884917563,1678.5351167189842,2556920,SUNPHARMA.NS
2025-06-04,1648.7276611328125,1652.78781072701,1632.982085014284,1639.914089013738,1700482,SUNPHARMA.NS
2025-06-05,1666.750732421875,1677.842010747808,1645.8557171096074,1645.8557171096074,2037073,SUNPHARMA.NS
2025-06-06,1662.888671875,1672.5935257661272,1652.7878001797906,1668.63238064886,2500047,SUNPHARMA.NS
2025-06-09,1677.9410400390625,1682.2983237000342,1657.0460244174062,1663.5818894665877,2589656,SUNPHARMA.NS
2025-06-10,1672.3955078125,1690.319665194212,1661.4032334639328,1685.269229373942,2369135,SUNPHARMA.NS
2025-06-11,1674.177978515625,1678.5352623706667,1662.9878159638881,1678.3372534663927,1999978,SUNPHARMA.NS
2025-06-12,1671.009033203125,1710.7194874320173,1664.770181508742,1678.436180037128,3588365,SUNPHARMA.NS
2025-06-13,1671.4051513671875,1683.486595048421,1644.9644364318735,1650.6091404871777,2404272,SUNPHARMA.NS
2025-06-16,1668.929443359375,1673.385731425313,1639.6168740402327,1648.826584396991,2249326,SUNPHARMA.NS
2025-06-17,1634.1702880859375,1665.3643043250918,1625.158707571536,1663.680866088227,5408285,SUNPHARMA.NS
2025-06-18,1631.99169921875,1645.162554368449,1622.583980078836,1629.0208405429876,1455885,SUNPHARMA.NS
2025-06-19,1631.5955810546875,1639.2208576156943,1620.1082848742983,1632.0907241735367,1696525,SUNPHARMA.NS
2025-06-20,1648.9256591796875,1653.7780861242686,1629.615076736919,1631.5956492951518,2567882,SUNPHARMA.NS
2025-06-23,1646.350830078125,1650.8071180392387,1631.1994026565192,1647.0439820738125,840643,SUNPHARMA.NS
2025-06-24,1645.55859375,1670.0187363655616,1642.6868603667087,1654.2731610004403,2066326,SUNPHARMA.NS
2025-06-25,1653.3818359375,1662.4925416217097,1641.9935444956482,1645.5585506831444,1372945,SUNPHARMA.NS
2025-06-26,1653.5799560546875,1662.5915363574031,1634.3683794706653,1658.5313870874484,2102627,SUNPHARMA.NS
2025-06-27,1671.20703125,1679.228325601745,1651.9954540538424,1653.9760265300536,5313904,SUNPHARMA.NS
2025-06-30,1659.4227294921875,1687.9430237145828,1655.3625797780876,1679.5255900380948,2160184,SUNPHARMA.NS
2025-07-01,1651.0052490234375,1667.939241235612,1641.3995203951588,1659.4226824613615,3298070,SUNPHARMA.NS
2025-07-02,1661.205078125,1665.6613659649777,1639.9139251117736,1639.9139251117736,1611046,SUNPHARMA.NS
2025-07-03,1663.3837890625,1676.3566358267922,1658.2343488442164,1661.2052076358154,1553777,SUNPHARMA.NS
2025-07-04,1660.016845703125,1670.3157257254463,1655.3624279194328,1670.3157257254463,1264399,SUNPHARMA.NS
2025-07-07,1669.05810546875,1671.5419707006272,1652.267152244763,1663.891593016956,1550620,SUNPHARMA.NS
2025-07-08,1661.7059326171875,1671.1446210236827,1638.45692849627,1669.1575287275784,1860328,SUNPHARMA.NS
2025-07-09,1658.6259765625,1669.9524269938443,1636.3705184185847,1649.2866184425322,2178705,SUNPHARMA.NS
2025-07-10,1651.7703857421875,1659.818084868856,1636.569081949883,1651.273612693844,1741718,SUNPHARMA.NS
2025-07-11,1661.2091064453125,1669.0581450205405,1651.4723059926273,1655.0491690372774,1298302,SUNPHARMA.NS
2025-07-14,1671.74072265625,1685.948481071095,1664.686569269172,1669.554969645884,1309704,SUNPHARMA.NS
2025-07-15,1716.3509521484375,1719.7290332716816,1677.0065493687105,1693.9961640596734,3332578,SUNPHARMA.NS
2025-07-16,1690.02197265625,1720.1264690066841,1687.0413342565037,1718.834810520466,2285143,SUNPHARMA.NS
2025-07-17,1692.406494140625,1705.918697188592,1685.054228556699,1693.0025975593248,1461039,SUNPHARMA.NS
2025-07-18,1682.669677734375,1698.3677548795465,1675.81418527775,1697.9703121766654,1253929,SUNPHARMA.NS
2025-07-21,1681.378173828125,1690.4194194057986,1666.6736425079068,1670.250384339653,2390289,SUNPHARMA.NS
2025-07-22,1667.17041015625,1682.172932498894,1662.0040187807986,1675.2181095721396,1244491,SUNPHARMA.NS
2025-07-23,1671.641357421875,1678.6955106617793,1660.6130196769561,1667.6671729168602,1229173,SUNPHARMA.NS
2025-07-24,1681.080078125,1685.054262706856,1669.2568547374815,1671.6413897430925,1079045,SUNPHARMA.NS
2025-07-25,1688.034912109375,1691.0155505651303,1671.34328824415,1679.0929967421093,1088592,SUNPHARMA.NS
2025-07-28,1691.214111328125,1699.0631497208833,1682.9677515240733,1691.1147809753018,2168507,SUNPHARMA.NS
2025-07-29,1699.460693359375,1706.9122895009684,1686.1471506632306,1687.0413664567195,1325544,SUNPHARMA.NS
2025-07-30,1722.6103515625,1729.2670622088262,1701.050327485951,1708.8993662735888,2318723,SUNPHARMA.NS
2025-07-31,1695.6851806640625,1736.7186855343634,1683.0671929606474,1704.4284353742567,3233087,SUNPHARMA.NS
2025-08-01,1619.18212890625,1684.0607416859682,1597.6222257410245,1679.0930108845346,8774548,SUNPHARMA.NS
2025-08-04,1631.0052490234375,1636.7678649006018,1603.1859582998518,1619.2814778451302,1898762,SUNPHARMA.NS
2025-08-05,1621.566650390625,1633.9859772903794,1609.644096566861,1630.3099050410478,1622897,SUNPHARMA.NS
2025-08-06,1584.90478515625,1619.1821276597536,1580.7319397992544,1619.1821276597536,2376257,SUNPHARMA.NS
2025-08-07,1588.0841064453125,1595.038929127571,1560.860919118262,1570.7963800929167,3435674,SUNPHARMA.NS
2025-08-08,1576.6583251953125,1591.6608469998002,1570.6970486147889,1579.7382938387532,1654424,SUNPHARMA.NS
2025-08-11,1598.0196533203125,1649.2866104488512,1573.9757636996972,1576.6584110765473,1140902,SUNPHARMA.NS
2025-08-12,1611.73046875,1626.1368875025048,1599.7085849440618,1601.2982344809448,1679088,SUNPHARMA.NS
2025-08-13,1629.217041015625,1632.8931132931275,1606.8622524247546,1613.7176238999627,1313668,SUNPHARMA.NS
2025-08-14,1630.806640625,1640.4439895646522,1621.6659434674307,1629.216991074875,1738094,SUNPHARMA.NS
2025-08-18,1622.1627197265625,1638.953673598573,1614.9099057390576,1638.953673598573,3080173,SUNPHARMA.NS
2025-08-19,1616.10205078125,1627.4285004990954,1608.650455082994,1622.2621093279643,2656391,SUNPHARMA.NS
2025-08-20,1622.5601806640625,1625.9382618042353,1605.5705658879585,1623.4543964485918,1831706,SUNPHARMA.NS
2025-08-21,1629.6142578125,1641.8349233037904,1613.4195292205059,1620.2750215379986,1727099,SUNPHARMA.NS
2025-08-22,1631.2041015625,1640.7421202523267,1624.5472696533852,1631.4027622775534,2098310,SUNPHARMA.NS
2025-08-25,1646.0078125,1649.7833362781898,1623.4543640340632,1638.556216581851,1904984,SUNPHARMA.NS
2025-08-26,1589.971923828125,1636.7679223969371,1585.8982876602297,1634.3833874232264,4502371,SUNPHARMA.NS
2025-08-28,1575.466064453125,1589.6738227570108,1557.482903589684,1582.8183301398738,4993739,SUNPHARMA.NS
2025-08-29,1584.2093505859375,1591.3628344180145,1565.6300859249247,1570.7964774389259,3176534,SUNPHARMA.NS
2025-09-01,1553.210693359375,1589.8724480539984,1546.15641890205,1588.6802412264847,9366820,SUNPHARMA.NS
2025-09-02,1555.098388671875,1560.1655710733091,1547.944904890128,1555.8932741065087,2855840,SUNPHARMA.NS
2025-09-03,1568.51123046875,1570.8957654426454,1548.2429863968566,1552.0183889299112,2091370,SUNPHARMA.NS
2025-09-04,1572.088134765625,1586.6932147794025,1550.9255530811818,1586.6932147794025,2298657,SUNPHARMA.NS
2025-09-05,1583.3150634765625,1588.9783490975083,1565.3319030644045,1572.1873955095048,1814479,SUNPHARMA.NS
2025-09-08,1570.79638671875,1594.144720107675,1568.014409121119,1587.2892277497494,1369139,SUNPHARMA.NS
2025-09-09,1581.4273681640625,1586.6932113044306,1567.3190612603253,1569.802926650595,1709406,SUNPHARMA.NS
2025-09-10,1583.116455078125,1591.2634849715168,1572.1874474598008,1581.824796573873,2408379,SUNPHARMA.NS
2025-09-11,1599.3111572265625,1606.5640924898203,1580.731893105321,1582.2222123005806,1762484,SUNPHARMA.NS
2025-09-12,1606.1666259765625,1612.028572314202,1592.753753418016,1599.6092458711034,1878894,SUNPHARMA.NS
2025-09-15,1591.660888671875,1606.6634108691514,1585.1035085181136,1606.1666378077682,2005917,SUNPHARMA.NS
2025-09-16,1600.1060791015625,1604.5770367892105,1589.6738444970506,1592.1577098790772,1480567,SUNPHARMA.NS
2025-09-17,1609.743408203125,1611.6311701264297,1597.0260903751814,1602.1924817923948,2128406,SUNPHARMA.NS
2025-09-18,1637.9600830078125,1640.6427302584464,1617.1949451750547,1624.5472106020936,1832386,SUNPHARMA.NS
2025-09-19,1645.3123779296875,1657.3342617486428,1632.4956087001874,1637.9601123708476,3191406,SUNPHARMA.NS
2025-09-22,1633.389892578125,1647.200208505448,1624.7460894698136,1639.3511695583372,1785320,SUNPHARMA.NS
2025-09-23,1620.67236328125,1633.3898019799758,1614.6117562773588,1632.5949165803738,1967731,SUNPHARMA.NS
2025-09-24,1616.598876953125,1625.3421313727292,1614.512454345545,1619.4801849743005,1131058,SUNPHARMA.NS
2025-09-25,1616.89697265625,1632.1976070917785,1612.2272331438078,1617.3937457140107,2762750,SUNPHARMA.NS
2025-09-26,1576.4595947265625,1592.5551147894816,1538.0094080385923,1574.7706148198765,7256759,SUNPHARMA.NS
2025-09-29,1579.04296875,1608.4519109812734,1569.8029409013186,1570.7964870664462,4180922,SUNPHARMA.NS
2025-09-30,1584.0106201171875,1593.9460812700709,1575.7641388473005,1578.8441075481974,2257443,SUNPHARMA.NS
2025-10-01,1625.64013671875,1640.8414410892474,1601.4970384204441,1601.4970384204441,3109095,SUNPHARMA.NS
2025-10-03,1620.67236328125,1634.8801211423663,1589.6737732165213,1589.6737732165213,4041865,SUNPHARMA.NS
2025-10-06,1644.020751953125,1648.988482661006,1609.5447493534264,1619.4802107691883,1756916,SUNPHARMA.NS
2025-10-07,1642.4310302734375,1652.2671608996916,1636.3704233324065,1638.7549582239958,2174852,SUNPHARMA.NS
2025-10-08,1621.06982421875,1644.3188276700992,1618.4866285647079,1634.383366475718,1846507,SUNPHARMA.NS
2025-10-09,1647.7962646484375,1651.5717884738617,1621.8647347853546,1634.383391827965,2197566,SUNPHARMA.NS
2025-10-10,1660.1162109375,1665.7793752224488,1638.3575269836463,1644.3188036130591,1454056,SUNPHARMA.NS
2025-10-13,1657.63232421875,1664.1897041697284,1645.1136677155218,1651.770378019208,1375179,SUNPHARMA.NS
2025-10-14,1643.7227783203125,1659.1227436781396,1635.5756271034522,1656.8375390152728,2108287,SUNPHARMA.NS
2025-10-15,1644.418212890625,1657.9304163093134,1639.450482127689,1641.8350171503962,2088737,SUNPHARMA.NS
2025-10-16,1648.29296875,1652.1678227702848,1632.5948919631978,1643.3252382836047,2895957,SUNPHARMA.NS
2025-10-17,1668.2633056640625,1681.0800751745505,1646.0078477882328,1647.498167003813,1594147,SUNPHARMA.NS
2025-10-20,1677.7020263671875,1685.9485080320117,1671.9395313920309,1674.0259540775617,1647622,SUNPHARMA.NS
2025-10-21,1679.5897216796875,1685.0542253586216,1673.1316718773107,1679.0929486179662,74296,SUNPHARMA.NS
2025-10-23,1678.99365234375,1700.9509978610427,1671.3432742684568,1693.9961748557698,2687094,SUNPHARMA.NS
2025-10-24,1688.034912109375,1690.9162202064363,1675.1188121344358,1679.0929967421093,994307,SUNPHARMA.NS
2025-10-27,1682.669677734375,1697.473539118685,1679.092935973414,1690.0219432489805,2067904,SUNPHARMA.NS
2025-10-28,1676.1123046875,1691.7109302608092,1668.3625964373616,1681.0800352882336,2440939,SUNPHARMA.NS
2025-10-29,1704.8258056640625,1710.8864127185896,1676.4104109869058,1679.0929369886273,1016738,SUNPHARMA.NS
2025-10-30,1692.406494140625,1705.8193668325564,1669.2568209074827,1704.7264903511925,1986233,SUNPHARMA.NS
2025-10-31,1679.788330078125,1693.9960877138794,1675.9135973433574,1689.0283572513754,1560918,SUNPHARMA.NS
2025-11-03,1695.3870849609375,1701.7458042411731,1670.3496505354751,1677.3044732176897,1099955,SUNPHARMA.NS
2025-11-04,1679.093017578125,1700.156147747174,1671.343308983999,1695.983302370331,1597993,SUNPHARMA.NS
2025-11-06,1675.0194091796875,1712.77416131628,1656.24136346578,1688.0348389492265,3389867,SUNPHARMA.NS
2025-11-07,1680.48388671875,1698.9638198004336,1672.2374056301176,1683.0670823052249,1512908,SUNPHARMA.NS
2025-11-10,1686.8426513671875,1692.1083730346895,1674.9200979249385,1686.5445390181371,1235665,SUNPHARMA.NS
2025-11-11,1705.0245361328125,1707.9058442452217,1684.0607364721645,1690.618116853257,1315353,SUNPHARMA.NS
2025-11-12,1720.9212646484375,1732.8438184656877,1699.162579675458,1710.2903693410517,1833097,SUNPHARMA.NS
2025-11-13,1726.18701171875,1736.5199153752737,1714.2644585648725,1723.3057037833998,1727602,SUNPHARMA.NS
2025-11-14,1745.7598876953125,1748.7405260971425,1723.5044300384848,1726.187077369624,1667322,SUNPHARMA.NS
2025-11-17,1752.5159912109375,1756.5895059671477,1736.4204716107533,1754.4037530586884,1430618,SUNPHARMA.NS
2025-11-18,1747.448974609375,1753.1121390135681,1738.705720189144,1752.615365950657,1429522,SUNPHARMA.NS
2025-11-19,1772.5855712890625,1778.745629873463,1739.7985500161499,1750.6282267536994,2131124,SUNPHARMA.NS
2025-11-20,1765.928955078125,1780.4347046429366,1761.656658110908,1778.4476123386478,1513894,SUNPHARMA.NS
2025-11-21,1768.2139892578125,1775.864367185946,1762.2527125108188,1766.5250093591587,2199311,SUNPHARMA.NS
2025-11-24,1769.3070068359375,1774.374067871133,1760.3650916153026,1774.374067871133,3434492,SUNPHARMA.NS
2025-11-25,1765.332763671875,1780.533946272675,1754.7017476042085,1773.479793200475,1848114,SUNPHARMA.NS
2025-11-26,1793.25146484375,1795.2385571376026,1762.153421931962,1764.0411838676196,1158948,SUNPHARMA.NS
2025-11-27,1798.6165771484375,1803.1868650124306,1790.4694262511168,1790.4694262511168,2902053,SUNPHARMA.NS
2025-11-28,1819.779052734375,1821.170041561623,1795.8346154515186,1798.6165931060145,1623103,SUNPHARMA.NS
2025-12-01,1795.7353515625,1837.0668475095704,1789.3766318900682,1829.1184782396533,1869293,SUNPHARMA.NS
2025-12-02,1787.88623046875,1803.1868648665188,1777.0565535797946,1792.3571879775634,2948688,SUNPHARMA.NS
2025-12-03,1795.039794921875,1804.2798227031194,1770.9960264142678,1793.3508149664815,2114510,SUNPHARMA.NS
2025-12-04,1806.56494140625,1811.4332203221738,1786.694019194368,1796.7288106548715,1713961,SUNPHARMA.NS
2025-12-05,1793.64892578125,1808.4526664948564,1788.581743354456,1807.2604596194283,1777401,SUNPHARMA.NS
2025-12-08,1784.6075439453125,1794.3443447164593,1774.1753093830075,1793.6489109253014,2410074,SUNPHARMA.NS
2025-12-09,1764.5379638671875,1789.5752783550101,1760.563779263883,1784.4088868837098,2401728,SUNPHARMA.NS
2025-12-10,1773.9765625,1780.1364998103056,1756.4901753871322,1776.3610973977736,2321746,SUNPHARMA.NS
2025-12-11,1795.5364990234375,1798.8152497314682,1763.6436928373055,1766.525000840956,1280916,SUNPHARMA.NS
2025-12-12,1781.9249267578125,1800.1068688641526,1779.4410615128197,1796.3313451787706,1442309,SUNPHARMA.NS
2025-12-15,1785.501708984375,1792.953304888502,1766.127559633645,1767.5185484589124,1396948,SUNPHARMA.NS
2025-12-16,1769.8037109375,1780.3352753082418,1766.823072646772,1778.4475134676177,1533979,SUNPHARMA.NS
2025-12-17,1781.328857421875,1785.9984756587708,1760.0669462616247,1769.505634373104,1910628,SUNPHARMA.NS
2025-12-18,1734.6322021484375,1773.479831340348,1724.7960712643385,1773.479831340348,3461351,SUNPHARMA.NS
2025-12-19,1733.638671875,1748.6411942280731,1729.9624784130965,1735.7250944979794,2768986,SUNPHARMA.NS
2025-12-22,1758.3779296875,1761.755889388824,1731.850176147664,1733.6386076339388,1467257,SUNPHARMA.NS
2025-12-23,1744.567626953125,1763.1468905709062,1740.394660549985,1760.5636949589527,1124853,SUNPHARMA.NS
2025-12-24,1725.7896728515625,1747.647688282037,1707.9058420448107,1744.5677194551502,2224786,SUNPHARMA.NS
2025-12-26,1708.402587890625,1725.7896453422597,1696.9768072795507,1725.7896453422597,2507337,SUNPHARMA.NS
2025-12-29,1706.1173095703125,1716.3508828842944,1699.2619385257333,1708.4025141068273,1800816,SUNPHARMA.NS
2025-12-30,1709.0980224609375,1711.9793305250298,1695.9832619186739,1711.9793305250298,2639497,SUNPHARMA.NS
