Date,Close,High,Low,Open,Volume,Ticker
2021-01-01,2569.26806640625,2579.5776027437464,2526.055754523553,2526.933161871425,2681440,TCS.NS
2021-01-04,2666.835693359375,2676.750439131033,2580.4110704783106,2588.351649737457,5113293,TCS.NS
2021-01-05,2713.82080078125,2732.465706056582,2666.9673362677822,2666.9673362677822,5801309,TCS.NS
2021-01-06,2677.408447265625,2731.807701314607,2664.86147969927,2719.962702449103,3726716,TCS.NS
2021-01-07,2661.00048828125,2703.159945329196,2632.4408422674323,2698.0270277384734,3717827,TCS.NS
2021-01-08,2738.30029296875,2744.5299703376445,2684.8662753303042,2711.1884937158957,5879039,TCS.NS
2021-01-11,2787.0400390625,2834.025237152171,2760.80564964127,2834.025237152171,9508039,TCS.NS
2021-01-12,2785.63720703125,2816.4779940859044,2763.8335455983174,2787.0409304644336,3611458,TCS.NS
2021-01-13,2771.685791015625,2787.523035871465,2742.994614697251,2785.7682212439095,3572801,TCS.NS
2021-01-14,2857.615234375,2871.5046923112336,2743.0714714427045,2773.4876180137585,6931542,TCS.NS
2021-01-15,2842.363525390625,2878.0979173503197,2821.836992881651,2843.813916502225,4131692,TCS.NS
2021-01-18,2832.166259765625,2862.9339540596566,2801.969879661121,2857.000184445808,4160906,TCS.NS
2021-01-19,2866.405517578125,2882.4926650367665,2841.1760577611553,2842.0551345117005,2975735,TCS.NS
2021-01-20,2908.689697265625,2925.523934097384,2872.0322333632444,2874.581470532571,3453446,TCS.NS
2021-01-21,2877.9658203125,2908.997061305196,2867.636667364147,2905.3489782388706,2778546,TCS.NS
2021-01-22,2903.678955078125,2922.930653081142,2849.8792778289644,2849.8792778289644,3052459,TCS.NS
2021-01-25,2893.30615234375,2935.9413865390143,2882.1856996021884,2908.8217754354887,2272887,TCS.NS
2021-01-27,2866.7138671875,2906.6238739856344,2836.781254779704,2900.9538707074753,2786662,TCS.NS
2021-01-28,2810.013671875,2878.977220695927,2798.8054399471,2839.418755068044,3083938,TCS.NS
2021-01-29,2735.115966796875,2827.858578666377,2725.138358250766,2821.8808128923442,5445659,TCS.NS
2021-02-01,2759.72998046875,2782.2782157060337,2675.9979109439473,2725.138220754725,3985846,TCS.NS
2021-02-02,2816.078857421875,2834.1439306728867,2769.0922399564497,2790.190085594213,2881837,TCS.NS
2021-02-03,2813.09033203125,2844.69310653024,2780.2127242168735,2824.474335995569,2505866,TCS.NS
2021-02-04,2802.892822265625,2846.3193518083062,2791.9483573025227,2827.155431621027,2057261,TCS.NS
2021-02-05,2776.08154296875,2818.189465708763,2750.6323033162134,2812.123704821088,2366135,TCS.NS
2021-02-08,2825.441650390625,2835.902581505412,2773.619886265713,2803.8162689744304,2526592,TCS.NS
2021-02-09,2792.739501953125,2853.308033128852,2781.399495042567,2808.650880739887,2658751,TCS.NS
2021-02-10,2824.738525390625,2830.100766999873,2775.510207145161,2799.860600210748,2127983,TCS.NS
2021-02-11,2818.3203125,2830.012077244088,2799.9036958644483,2826.2320039574233,1165882,TCS.NS
2021-02-12,2804.958984375,2853.0444542059204,2797.2230637138314,2799.1569902245205,2777404,TCS.NS
2021-02-15,2760.169677734375,2820.9577592450128,2752.8732965739478,2820.9577592450128,2630853,TCS.NS
2021-02-16,2732.874755859375,2784.6083111002467,2725.1388349526,2769.092687129255,3435770,TCS.NS
2021-02-17,2701.49169921875,2754.0165516150078,2677.2730841859975,2729.6221641004277,3678426,TCS.NS
2021-02-18,2687.646484375,2723.292889441269,2664.482716711281,2694.371338409791,4189909,TCS.NS
2021-02-19,2700.392578125,2713.8422835830916,2651.4278209785657,2688.2172766850695,3725028,TCS.NS
2021-02-22,2600.70458984375,2721.6216407402294,2587.254672532701,2721.6216407402294,5366696,TCS.NS
2021-02-23,2619.82470703125,2661.8446221272084,2609.1000127059297,2610.8581663533055,3832829,TCS.NS
2021-02-24,2591.607177734375,2640.176185511166,2567.915879169328,2612.617033712622,3774549,TCS.NS
2021-02-25,2633.09912109375,2663.515053520155,2609.4958201264185,2614.374739918471,4224073,TCS.NS
2021-02-26,2544.312744140625,2612.924750692814,2531.7418994246586,2602.068063297566,5553153,TCS.NS
2021-03-01,2570.59716796875,2606.4635559455824,2550.9059271202764,2572.1795496447803,3265871,TCS.NS
2021-03-02,2642.8125,2659.207195706354,2591.5182852701923,2602.0672063771267,3306469,TCS.NS
2021-03-03,2689.1845703125,2693.49196181922,2634.505808531232,2667.9987284991294,3509857,TCS.NS
2021-03-04,2680.920654296875,2708.8313445735425,2651.3398038352525,2657.449345082376,3916760,TCS.NS
2021-03-05,2644.306884765625,2692.7878821208865,2634.2414988104233,2651.3834955910347,3203686,TCS.NS
2021-03-08,2643.33984375,2666.239836472586,2633.7139960672166,2651.29553142147,2003125,TCS.NS
2021-03-09,2682.019775390625,2696.0410098074835,2630.2862256983,2643.3403896236246,1942397,TCS.NS
2021-03-10,2699.601318359375,2719.160780509051,2689.975468674562,2703.1616229327706,3053778,TCS.NS
2021-03-12,2688.173583984375,2740.0831259740735,2673.5810339324644,2703.161890397907,2938317,TCS.NS
2021-03-15,2695.382080078125,2724.2598477579736,2673.2733775514675,2673.2733775514675,3097083,TCS.NS
2021-03-16,2733.973388671875,2761.180778120956,2689.975543155086,2689.975543155086,4894756,TCS.NS
2021-03-17,2736.522216796875,2773.4874409863096,2712.2158279236933,2729.5335988153697,3838390,TCS.NS
2021-03-18,2669.316650390625,2765.9710997147554,2625.846346414307,2747.9500256712818,3656306,TCS.NS
2021-03-19,2681.36083984375,2724.2598438450864,2641.6265991463324,2663.603525927916,5776626,TCS.NS
2021-03-22,2751.202880859375,2759.817877235905,2653.6253468525542,2680.041650108707,2821646,TCS.NS
2021-03-23,2762.58740234375,2785.7949487612345,2745.225631994102,2760.301716349093,3305973,TCS.NS
2021-03-24,2743.6865234375,2771.1136750455066,2734.9395381021122,2734.983534863172,2207104,TCS.NS
2021-03-25,2694.238525390625,2752.2575922323485,2681.184149503896,2735.862681694699,3179786,TCS.NS
2021-03-26,2695.953369140625,2740.962068326735,2675.0752905252434,2716.9192266843957,3697370,TCS.NS
2021-03-30,2776.608642578125,2802.89295847513,2690.76664657172,2710.1943337083953,4694008,TCS.NS
2021-03-31,2793.574462890625,2817.4413135999807,2753.268703337017,2773.4874709541155,3530069,TCS.NS
2021-04-01,2782.27880859375,2826.232660230302,2764.6972679391292,2805.2228049953965,4285076,TCS.NS
2021-04-05,2847.24267578125,2868.4285193103187,2769.971886100771,2787.553427745333,5317862,TCS.NS
2021-04-06,2869.92236328125,2878.9768984351203,2839.4184372352483,2878.9768984351203,2291562,TCS.NS
2021-04-07,2875.81298828125,2881.2194416857774,2843.6388924044304,2864.912517144099,2491268,TCS.NS
2021-04-08,2916.206298828125,2931.7219227066266,2871.1096038400187,2874.581915217592,2578118,TCS.NS
2021-04-09,2920.51318359375,2948.7316374728152,2907.986337972195,2948.42387471546,2911129,TCS.NS
2021-04-12,2853.967529296875,2934.4470730375683,2824.650224965105,2920.5136164862206,3791828,TCS.NS
2021-04-13,2728.69873046875,2825.35319397879,2701.44734620822,2825.35319397879,8654596,TCS.NS
2021-04-15,2829.704833984375,2845.791985824758,2714.1062098015173,2778.1470543691926,6062760,TCS.NS
2021-04-16,2808.78271484375,2854.3629419100944,2797.7504704864327,2838.539556337448,3224657,TCS.NS
2021-04-19,2779.465576171875,2803.376426569832,2755.994264254095,2785.794887362746,2679106,TCS.NS
2021-04-20,2764.301513671875,2835.330975379309,2748.3023558299074,2835.0232125941484,3141893,TCS.NS
2021-04-22,2741.665283203125,2767.3342876746483,2729.753747395712,2767.3342876746483,1988980,TCS.NS
2021-04-23,2733.489501953125,2741.840732140793,2717.270576775486,2729.5336560747555,1615309,TCS.NS
2021-04-26,2725.841796875,2771.7295698556877,2714.6335659788188,2726.9406430412923,2490260,TCS.NS
2021-04-27,2753.2685546875,2756.872855437213,2727.7753273292824,2730.41255774565,1471417,TCS.NS
2021-04-28,2746.32421875,2769.9713014232066,2735.687302452878,2769.0482277580213,1639037,TCS.NS
2021-04-29,2738.544921875,2775.5541534445256,2729.9739201935035,2765.2249975719533,1621395,TCS.NS
2021-04-30,2668.570068359375,2753.3132218090022,2654.812598851763,2724.259683391263,3072305,TCS.NS
2021-05-03,2669.75634765625,2685.579730684835,2640.746812103844,2659.119432106354,1545831,TCS.NS
2021-05-04,2680.965087890625,2716.3479372348656,2667.9987021060897,2692.4370856948617,1990777,TCS.NS
2021-05-05,2721.35791015625,2724.610451277027,2683.293843144858,2698.7656801225426,1939289,TCS.NS
2021-05-06,2735.2041015625,2755.027330929211,2702.282710681683,2729.9736363116353,1791671,TCS.NS
2021-05-07,2754.06005859375,2777.751353813853,2735.5116639367457,2754.148052135079,1912540,TCS.NS
2021-05-10,2765.136962890625,2781.575661409017,2747.1158827001123,2765.5325046540484,2137153,TCS.NS
2021-05-11,2745.005615234375,2749.8405381869234,2717.358475020094,2747.1153139481335,2415625,TCS.NS
2021-05-12,2714.23779296875,2742.7197973243847,2699.2934863807645,2742.7197973243847,1978558,TCS.NS
2021-05-14,2682.5029296875,2723.8195404347757,2672.3935462067834,2723.8195404347757,2043935,TCS.NS
2021-05-17,2698.546875,2703.337802177707,2668.878023454679,2685.5804880283413,2890462,TCS.NS
2021-05-18,2715.292724609375,2746.2361880296953,2705.7986513301544,2725.1383427951523,2098538,TCS.NS
2021-05-19,2709.31494140625,2740.961709054084,2696.216781754915,2711.073095164463,1986041,TCS.NS
2021-05-20,2689.97607421875,2715.293539017439,2683.0314505934716,2696.217607820034,2329027,TCS.NS
2021-05-21,2707.99658203125,2714.7654317164456,2685.6681130389425,2690.8545812685134,1685566,TCS.NS
2021-05-24,2708.875732421875,2729.5340415933547,2700.5245010546814,2708.875732421875,1652260,TCS.NS
2021-05-25,2750.836181640625,2763.4243048225067,2722.65653952181,2731.401886201931,1841613,TCS.NS
2021-05-26,2790.145751953125,2795.8877014189143,2741.825081890041,2756.1357435788345,1923753,TCS.NS
2021-05-27,2809.13916015625,2842.4866454694256,2793.061740172022,2793.194160468886,5959785,TCS.NS
2021-05-28,2776.984130859375,2825.0397552505065,2769.961110903209,2817.5310504601284,1763701,TCS.NS
2021-05-31,2790.720703125,2800.6146992644194,2763.7337050232063,2782.637888857994,1652799,TCS.NS
2021-06-01,2785.287353515625,2800.2605487714864,2766.7364386967765,2799.0681193626156,1377441,TCS.NS
2021-06-02,2764.48388671875,2790.9851945829346,2751.7191332311404,2783.388282396119,2240078,TCS.NS
2021-06-03,2774.908203125,2786.657161213381,2758.4773034623645,2786.657161213381,1281706,TCS.NS
2021-06-04,2777.1162109375,2788.688534934649,2760.552893576044,2763.203024353877,1836060,TCS.NS
2021-06-07,2811.9658203125,2818.3703040112887,2768.150447443102,2778.2208596814926,2559821,TCS.NS
2021-06-08,2826.93896484375,2854.191232954633,2815.499275242402,2825.039790463917,2574057,TCS.NS
2021-06-09,2827.02734375,2844.474040114054,2814.615853329523,2828.57325355441,1710925,TCS.NS
2021-06-10,2841.6474609375,2848.007732839972,2820.6230431011263,2835.640453603074,1874324,TCS.NS
2021-06-11,2891.999755859375,2923.0945840947657,2836.523635396885,2837.00953589567,3452954,TCS.NS
2021-06-14,2894.252685546875,2922.8298057031197,2888.952422877845,2896.5935486250673,1847360,TCS.NS
2021-06-15,2882.23828125,2913.377320224504,2872.3445020711756,2913.377320224504,1304985,TCS.NS
2021-06-16,2892.486083984375,2910.462679751333,2873.6258953910374,2881.6647137973046,1635552,TCS.NS
2021-06-17,2930.82373046875,2946.9895709854272,2879.808714137028,2884.6672871210017,2273413,TCS.NS
2021-06-18,2912.758544921875,2966.37947684618,2893.0591979366404,2960.1074149131528,3380431,TCS.NS
2021-06-21,2891.381591796875,2902.7770698023915,2872.4771929821286,2884.226151218749,1130569,TCS.NS
2021-06-22,2916.204345703125,2939.0397292718317,2901.8936802765033,2918.677844637311,1708688,TCS.NS
2021-06-23,2881.04638671875,2940.7627732172023,2876.6295006069786,2940.7627732172023,1467104,TCS.NS
2021-06-24,2980.16064453125,2988.4643018161614,2896.151408071027,2901.0099814260343,4155204,TCS.NS
2021-06-25,2986.520751953125,3003.1722775928047,2959.3126995223847,2981.6179668844566,2722861,TCS.NS
2021-06-28,2947.60791015625,2995.972796072502,2944.295246737329,2995.972796072502,1355238,TCS.NS
2021-06-29,2951.22998046875,2973.7118807948364,2938.553434922606,2952.245777697685,1497322,TCS.NS
2021-06-30,2955.55859375,2987.5810099566615,2949.1541105086676,2955.7794379997013,1693146,TCS.NS
2021-07-01,2951.8046875,2969.913918711656,2943.721873006973,2966.3804101825526,990310,TCS.NS
2021-07-02,2937.626220703125,2950.21434389237,2910.9040644592897,2942.529006552582,1682274,TCS.NS
2021-07-05,2933.694580078125,2980.5135541052673,2916.9104195778286,2952.2454943152948,1972858,TCS.NS
2021-07-06,2881.841064453125,2939.878894936464,2876.3641697416374,2926.628238859527,2159420,TCS.NS
2021-07-07,2893.01513671875,2899.8613076965835,2863.5546464924696,2893.0593486974058,2640710,TCS.NS
2021-07-08,2878.483642578125,2913.3770302969638,2854.9857306571503,2913.3770302969638,2485811,TCS.NS
2021-07-09,2834.005859375,2899.2433376238587,2827.68980004082,2870.9752733935225,6365067,TCS.NS
2021-07-12,2820.710693359375,2858.607473787245,2816.5146533406823,2857.7240969412046,1892226,TCS.NS
2021-07-13,2815.808349609375,2839.173627711881,2804.721925322098,2839.173627711881,1809339,TCS.NS
2021-07-14,2839.659423828125,2846.2405389860573,2813.5555917661677,2815.3223456699457,2044279,TCS.NS
2021-07-15,2835.5869140625,2861.172351997801,2827.663479475212,2857.409806666627,2232968,TCS.NS
2021-07-16,2828.3720703125,2850.5490007565263,2825.893173423825,2844.4845758805604,1256526,TCS.NS
2021-07-19,2819.34130859375,2832.7978962070624,2811.72760205708,2815.268820699469,1597058,TCS.NS
2021-07-20,2838.1103515625,2846.255113012707,2794.15483576375,2819.3419318366623,1811945,TCS.NS
2021-07-22,2847.4501953125,2855.0636869502946,2824.122327250977,2824.122327250977,2859334,TCS.NS
2021-07-23,2844.351806640625,2869.760012901406,2838.862743596103,2859.5346985379906,1776193,TCS.NS
2021-07-26,2830.806396484375,2854.443991333239,2824.8748975730673,2832.9753500089523,1259611,TCS.NS
2021-07-27,2817.880859375,2841.828397353054,2798.581171579533,2832.9753493862218,1121367,TCS.NS
2021-07-28,2831.028076171875,2836.9152673506533,2773.129005543344,2822.3520448513914,1660654,TCS.NS
2021-07-29,2829.257568359375,2855.506773355142,2824.3883911930243,2833.1971321116425,1731997,TCS.NS
2021-07-30,2804.158935546875,2853.7803179466428,2799.644010283248,2849.7964459346185,2999943,TCS.NS
2021-08-02,2850.150146484375,2855.019322815732,2803.760262073905,2815.2692243116567,2608669,TCS.NS
2021-08-03,2908.1376953125,2912.652836316746,2849.751886091919,2858.6492426950676,3804735,TCS.NS
2021-08-04,2898.443603515625,2926.109378484922,2887.1559673281517,2921.505836757805,2929598,TCS.NS
2021-08-05,2907.29736328125,2934.7861272484197,2888.307613920956,2899.373926617971,2534521,TCS.NS
2021-08-06,2930.181640625,2942.752924571996,2890.5199454655735,2897.2040394095043,2292362,TCS.NS
2021-08-09,2941.602294921875,2954.26219713046,2930.3589668869713,2942.6646174826997,1510489,TCS.NS
2021-08-10,2951.517333984375,2965.6822095736366,2935.316430440236,2935.316430440236,2040777,TCS.NS
2021-08-11,2960.635986328125,2974.6238440607035,2945.4974053764813,2965.770796905761,1929707,TCS.NS
2021-08-12,2967.31982421875,2981.706024604684,2944.523229761039,2944.523229761039,1310205,TCS.NS
2021-08-13,3066.1650390625,3080.861187504432,2972.4113324845202,2975.2885735360687,4363584,TCS.NS
2021-08-16,3074.619873046875,3093.5655292158535,3042.3505499007642,3063.1552168359212,2083489,TCS.NS
2021-08-17,3145.532470703125,3152.3935833564606,3065.810724967882,3082.720134220687,4336019,TCS.NS
2021-08-18,3152.17236328125,3182.671073455571,3130.969354434129,3163.946961523481,2631309,TCS.NS
2021-08-20,3151.24267578125,3164.9649012271298,3098.567036166421,3103.8788653712777,2836148,TCS.NS
2021-08-23,3220.20751953125,3251.72445614711,3153.367008657548,3169.391111627186,3744176,TCS.NS
2021-08-24,3198.783447265625,3246.7228346734682,3182.139672824167,3237.559843001873,2511141,TCS.NS
2021-08-25,3239.330322265625,3273.635883891149,3193.338780294793,3195.9503862746396,2123263,TCS.NS
2021-08-26,3250.706787109375,3264.6503388708297,3229.503562472118,3240.2158378999643,1902533,TCS.NS
2021-08-27,3293.466552734375,3301.744239038429,3232.33642943804,3245.5273844523076,3944728,TCS.NS
2021-08-30,3276.779296875,3311.350498845635,3264.650662131537,3288.907931618463,2033114,TCS.NS
2021-08-31,3352.162109375,3367.787867811746,3278.681815520326,3283.9493355267155,3207480,TCS.NS
2021-09-01,3288.86328125,3378.943051708718,3281.8251507662603,3360.6172841404705,2643336,TCS.NS
2021-09-02,3396.693603515625,3416.524346986112,3295.1048653900193,3305.7285242789717,3403717,TCS.NS
2021-09-03,3401.385498046875,3414.5321452155067,3368.1865666025374,3386.2910073224075,1746812,TCS.NS
2021-09-06,3410.194091796875,3432.857981147022,3376.5525093752026,3408.1578475277897,1723693,TCS.NS
2021-09-07,3378.234130859375,3426.0848933004017,3371.4616363346827,3420.817373543547,1585039,TCS.NS
2021-09-08,3341.2734375,3377.4382295061014,3325.2052398492574,3373.011704958911,4147175,TCS.NS
2021-09-09,3356.54443359375,3371.860249411292,3333.172474016351,3355.0394587057644,1441148,TCS.NS
2021-09-13,3404.306884765625,3410.5481106681864,3334.9431675228693,3334.9431675228693,1691473,TCS.NS
2021-09-14,3440.205810546875,3449.5901278133597,3386.2908350791995,3408.379146448871,1991188,TCS.NS
2021-09-15,3500.982421875,3523.5133876208283,3422.588632297016,3436.84212717988,2461369,TCS.NS
2021-09-16,3455.61083984375,3525.062969647641,3445.695467673765,3479.248438680286,2946666,TCS.NS
2021-09-17,3388.814208984375,3492.527584251267,3368.584906990132,3470.3949633117786,6477148,TCS.NS
2021-09-20,3384.963623046875,3427.015609994626,3371.1086864343915,3372.126700715456,2002008,TCS.NS
2021-09-21,3419.888427734375,3427.5021361240147,3383.325293125468,3415.506211825673,1568129,TCS.NS
2021-09-22,3419.1796875,3449.8999355392543,3410.592274568024,3419.489630621101,1744067,TCS.NS
2021-09-23,3425.46533203125,3434.0970531625558,3395.143644980253,3426.129310579812,2003869,TCS.NS
2021-09-24,3427.281005859375,3491.996666315878,3412.8504923268156,3443.8361647603924,2320754,TCS.NS
2021-09-27,3396.870361328125,3456.230094055496,3366.7256883097275,3452.6888746968325,1673362,TCS.NS
2021-09-28,3345.69970703125,3408.4236415395485,3320.9997883961637,3408.4236415395485,2253075,TCS.NS
2021-09-29,3356.987060546875,3369.4699442208935,3295.237053029952,3328.5689072008972,2489161,TCS.NS
2021-09-30,3342.5126953125,3368.5848793374157,3319.981730608833,3368.5848793374157,2252412,TCS.NS
2021-10-01,3302.363525390625,3373.0108831794755,3297.7599842109043,3348.001025581097,1578374,TCS.NS
2021-10-04,3340.5205078125,3349.6832824327,3282.223102672276,3297.5832267767064,1356860,TCS.NS
2021-10-05,3393.63916015625,3399.570659485388,3312.456747791628,3323.4344415906635,1877966,TCS.NS
2021-10-06,3373.807861328125,3415.01884159684,3359.7316019415425,3396.0290975092903,1678154,TCS.NS
2021-10-07,3446.40283203125,3451.8032775514416,3381.908509606429,3390.7172487873872,1647233,TCS.NS
2021-10-08,3484.25,3532.277788850689,3452.688968067958,3474.821589658137,2934339,TCS.NS
2021-10-11,3262.879638671875,3326.532970873897,3240.21574807677,3324.319708750894,11845402,TCS.NS
2021-10-12,3233.8857421875,3281.8249109047315,3214.1877102836343,3280.9396061000634,5752877,TCS.NS
2021-10-13,3235.966552734375,3253.8939776545526,3226.936485631991,3231.3630103036403,3545655,TCS.NS
2021-10-14,3203.369140625,3255.3032452461207,3200.4863788955586,3215.388082838471,6442299,TCS.NS
2021-10-18,3235.0341796875,3239.957091588209,3194.498169923805,3196.2721766229038,3590107,TCS.NS
2021-10-19,3223.50341796875,3273.1314329577704,3215.5647806069323,3254.415574024563,3135441,TCS.NS
2021-10-20,3201.0625,3219.822536421355,3173.964501183039,3203.856474257282,2933693,TCS.NS
2021-10-21,3133.33984375,3199.820712339937,3114.4910194953113,3196.8493805660564,4871211,TCS.NS
2021-10-22,3103.492431640625,3159.1519039386526,3091.2073459542025,3157.7326116490563,2691670,TCS.NS
2021-10-25,3098.25927734375,3117.418642319064,3060.162514853615,3107.1737071107864,2595594,TCS.NS
2021-10-26,3089.07861328125,3130.235490892572,3082.337299759617,3099.6338687798507,3878763,TCS.NS
2021-10-27,3095.42041015625,3114.490985073754,3089.433136635638,3089.433136635638,2510813,TCS.NS
2021-10-28,3035.015625,3120.4785040796774,3029.1171379852467,3120.4785040796774,2424942,TCS.NS
2021-10-29,3013.816162109375,3069.9191338563896,3003.3494774292535,3015.856313483621,3960501,TCS.NS
2021-11-01,3083.5791015625,3092.981425957141,3027.298768768552,3049.4738578562856,2020718,TCS.NS
2021-11-02,3090.498046875,3116.5760838881283,3077.6808875558004,3099.1907258793763,3087414,TCS.NS
2021-11-03,3097.63818359375,3122.163745415681,3074.39873362359,3108.23783282908,1537639,TCS.NS
2021-11-04,3112.184326171875,3116.2646283459617,3108.9468504525994,3115.9984840209454,328991,TCS.NS
2021-11-08,3106.951416015625,3147.0883231813395,3087.8364478558224,3147.0883231813395,2526082,TCS.NS
2021-11-09,3109.568359375,3135.5576071808837,3100.964468091759,3111.6085108884126,1782692,TCS.NS
2021-11-10,3090.5859375,3121.985770705887,3086.949137000271,3102.7378405631343,1516489,TCS.NS
2021-11-11,3094.045654296875,3113.426767950228,3047.744113577115,3086.7722686985917,1284514,TCS.NS
2021-11-12,3127.618896484375,3134.803495274356,3091.8282167841194,3109.83443207749,1747259,TCS.NS
2021-11-15,3151.7900390625,3166.2482415297136,3129.348803932194,3129.348803932194,1809157,TCS.NS
2021-11-16,3154.53955078125,3171.525799838451,3141.7667854235606,3165.7158828844404,2013204,TCS.NS
2021-11-17,3123.937255859375,3160.260219123125,3110.188702860013,3149.3944272365325,1632914,TCS.NS
2021-11-18,3082.9580078125,3123.00634559004,3061.5813534905255,3117.950252419845,2136598,TCS.NS
2021-11-22,3067.61279296875,3118.659887291616,3051.558159680748,3085.3528628252743,3167936,TCS.NS
2021-11-23,3072.802001953125,3087.614917705007,3022.730695618105,3055.7271838719826,2153461,TCS.NS
2021-11-24,3054.2197265625,3098.348158369713,3037.1005127215394,3079.8540455536813,2161746,TCS.NS
2021-11-25,3056.525390625,3071.693237675039,3046.0145286811985,3054.7513835573277,1849619,TCS.NS
2021-11-26,3057.368408203125,3095.642526457509,3026.3674595161992,3037.9872931567247,1941251,TCS.NS
2021-11-29,3106.286376953125,3130.546010236377,3021.5331459445556,3057.634146477923,2981745,TCS.NS
2021-11-30,3130.3681640625,3161.0585703001743,3096.5290687949237,3096.5290687949237,5588446,TCS.NS
2021-12-01,3173.521484375,3184.3428848512376,3135.5576874510098,3135.5576874510098,2102118,TCS.NS
2021-12-02,3231.26513671875,3235.7889414326537,3170.2394658907515,3183.633089526473,3152938,TCS.NS
2021-12-03,3229.091796875,3251.7103857650372,3220.5766933426667,3234.413817790303,2486263,TCS.NS
2021-12-06,3136.799072265625,3244.658783850488,3124.026308562444,3229.091829206644,1849642,TCS.NS
2021-12-07,3179.46435546875,3191.4389038852173,3126.0667828778905,3159.95027656784,1484458,TCS.NS
2021-12-08,3217.07275390625,3234.413714813899,3194.0994509747115,3194.0994509747115,1428660,TCS.NS
2021-12-09,3194.7646484375,3224.035762034623,3163.05427537395,3202.082426836781,1567957,TCS.NS
2021-12-10,3225.8544921875,3230.46686724847,3171.126417511061,3179.907665866492,1510718,TCS.NS
2021-12-13,3201.77197265625,3248.2066906971236,3194.7203384161626,3237.562649111005,1883864,TCS.NS
2021-12-14,3214.3232421875,3224.2576378158583,3172.5452918133496,3197.6475335147647,1747007,TCS.NS
2021-12-15,3166.913330078125,3213.6139821147945,3156.0917131195874,3210.9529713650445,1603233,TCS.NS
2021-12-16,3176.89208984375,3200.7080058928564,3166.6027617555383,3177.246804652196,2072320,TCS.NS
2021-12-17,3179.3310546875,3238.7602886798354,3169.884337561044,3195.4300814535413,4333992,TCS.NS
2021-12-20,3154.98291015625,3198.5348720459833,3113.515493276563,3183.4558113624607,2312310,TCS.NS
2021-12-21,3200.574951171875,3229.7572813308107,3163.4093725133384,3177.8231801936154,2340989,TCS.NS
2021-12-22,3220.48828125,3225.8546962749856,3198.756693316205,3214.501007023342,1224328,TCS.NS
2021-12-23,3248.827880859375,3255.746551906063,3219.8229078923873,3235.788971898465,1792861,TCS.NS
2021-12-24,3256.100830078125,3286.3477338995476,3232.9501703058754,3268.6076651605485,2209923,TCS.NS
2021-12-27,3278.453857421875,3281.9130845923037,3240.312705357694,3256.189982037391,1534135,TCS.NS
2021-12-28,3287.722412109375,3304.08758111317,3276.4575125260903,3290.7825304509693,1456218,TCS.NS
2021-12-29,3277.21240234375,3299.6092449162934,3268.6085100919545,3275.0392866721895,1456923,TCS.NS
2021-12-30,3311.84912109375,3317.3928926389353,3264.1726858051557,3265.370227080346,1966475,TCS.NS
2021-12-31,3315.929443359375,3335.1329814850587,3309.676025708375,3319.8765654123854,1207141,TCS.NS
2022-01-03,3386.358154296875,3397.2239489115395,3321.828639340396,3326.263657550463,2346158,TCS.NS
2022-01-04,3445.786865234375,3449.6895940340164,3380.991215898721,3398.199213823808,2488606,TCS.NS
2022-01-05,3424.67626953125,3432.703694867435,3381.6122044154104,3428.2686771738076,1733031,TCS.NS
2022-01-06,3377.2216796875,3401.6586712099115,3345.7774466241945,3381.2575892183004,1810293,TCS.NS
2022-01-07,3418.068115234375,3428.1798688915587,3367.4201268665024,3388.353496871756,2460591,TCS.NS
2022-01-10,3441.440673828125,3528.499982192148,3424.7205709512023,3528.499982192148,3937092,TCS.NS
2022-01-11,3473.417724609375,3481.489544952887,3420.286289258174,3420.286289258174,1906106,TCS.NS
2022-01-12,3423.7451171875,3485.037152715186,3403.033713010251,3481.4891383067206,3203744,TCS.NS
2022-01-13,3457.45068359375,3479.71455695481,3421.17232887451,3475.279539676,6684507,TCS.NS
2022-01-14,3519.76318359375,3527.6132519299485,3423.8782261400397,3439.6669332386305,3348123,TCS.NS
2022-01-17,3565.00048828125,3586.1556110947845,3514.5744627618396,3541.539286003683,3442604,TCS.NS
2022-01-18,3539.676025390625,3585.001771384683,3530.273702275697,3578.127494703116,2389041,TCS.NS
2022-01-19,3478.409912109375,3564.91152862164,3474.722465771417,3564.91152862164,3102539,TCS.NS
2022-01-20,3400.127197265625,3483.1632784636076,3386.310013832859,3474.277657855282,6176776,TCS.NS
2022-01-21,3406.302734375,3422.341323309093,3350.8565473453277,3382.7558392501955,3112358,TCS.NS
2022-01-24,3351.079345703125,3420.653596691898,3323.3117752465123,3412.0790577085536,3258414,TCS.NS
2022-01-25,3349.789794921875,3384.8879938998243,3307.405430935319,3349.434456895731,3330501,TCS.NS
2022-01-27,3242.585693359375,3317.3581176759967,3221.1270024404544,3315.2256551137434,5718297,TCS.NS
2022-01-28,3278.838623046875,3314.1589665493984,3239.6974191245527,3239.6974191245527,3143862,TCS.NS
2022-01-31,3319.890380859375,3339.216607900845,3306.695145967757,3331.219548435409,2739393,TCS.NS
2022-02-01,3377.11376953125,3383.644788341221,3320.02364934981,3349.879425432354,2105169,TCS.NS
2022-02-02,3426.47412109375,3433.404950872096,3377.1144387263407,3401.327762978738,1984212,TCS.NS
2022-02-03,3398.39501953125,3449.842683269199,3390.7977694626597,3421.8529744416446,1960538,TCS.NS
2022-02-04,3389.775390625,3398.483342391727,3348.9904779458116,3390.130945617294,2307366,TCS.NS
2022-02-07,3357.87646484375,3404.7925911476827,3337.5727323379806,3368.539210961275,1919149,TCS.NS
2022-02-08,3326.28857421875,3376.2702047307944,3306.340393516775,3369.0285085947135,2946443,TCS.NS
2022-02-09,3341.483154296875,3356.9440522541217,3328.6434718583237,3332.108778214,1638721,TCS.NS
2022-02-10,3350.190673828125,3367.4731657279976,3339.2168435690846,3367.4731657279976,2112459,TCS.NS
2022-02-11,3283.192626953125,3334.329421359059,3278.794287758808,3334.329421359059,3851488,TCS.NS
2022-02-14,3317.668701171875,3370.5381454891767,3296.5653515494223,3309.0052208005523,5951745,TCS.NS
2022-02-15,3392.3525390625,3407.6357642925827,3330.3308590791657,3364.09621997698,3931683,TCS.NS
2022-02-16,3388.17626953125,3424.607316053256,3381.8673917745273,3415.6327519656547,3256906,TCS.NS
2022-02-17,3362.49658203125,3407.6355791127057,3357.8761025989347,3398.749958306675,3134372,TCS.NS
2022-02-18,3371.11572265625,3390.7085606865603,3338.8610914162996,3348.990612757656,3688883,TCS.NS
2022-02-21,3304.91796875,3401.238235819317,3292.6115131522834,3385.421786187314,7465922,TCS.NS
2022-02-22,3186.739013671875,3259.1568244811297,3172.1666820740847,3243.2516497396105,5408531,TCS.NS
2022-02-23,3166.658203125,3219.1721021582184,3159.4162905968537,3208.598298112839,2426203,TCS.NS
2022-02-24,3022.577392578125,3095.617375865612,3013.203235313269,3086.8649517934127,5039136,TCS.NS
2022-02-25,3128.4052734375,3136.6244735452315,3076.20224572623,3081.533618769083,2549723,TCS.NS
2022-02-28,3158.127685546875,3166.613497830025,3070.7819790701324,3101.082036457885,3288942,TCS.NS
2022-03-02,3150.974853515625,3173.899802351873,3115.299166886402,3156.617310428963,2761341,TCS.NS
2022-03-03,3149.419189453125,3179.8081845913453,3136.712925902428,3165.8133325428826,1928039,TCS.NS
2022-03-04,3131.60400390625,3164.347387967224,3098.460593342772,3111.3002726289433,2370257,TCS.NS
2022-03-07,3096.550537109375,3152.6189025616236,3049.1458706374888,3065.5398009688843,3054130,TCS.NS
2022-03-08,3198.779296875,3206.8208277906424,3074.4250662664513,3074.4250662664513,3300992,TCS.NS
2022-03-09,3227.79052734375,3246.805668073335,3196.202103688731,3203.2661284631563,2719654,TCS.NS
2022-03-10,3217.43896484375,3273.4628498933785,3212.152063616874,3273.4628498933785,2005441,TCS.NS
2022-03-11,3198.06787109375,3234.2325184432216,3192.47010397876,3201.711062107901,1623423,TCS.NS
2022-03-14,3237.031982421875,3241.7858768007827,3181.0525657618205,3181.0525657618205,1765688,TCS.NS
2022-03-15,3193.40380859375,3251.2492982969325,3185.8510294094035,3251.2492982969325,3651133,TCS.NS
2022-03-16,3248.494384765625,3259.2460739095877,3213.2629811274664,3234.81061397706,3090475,TCS.NS
2022-03-17,3263.466796875,3296.565738589953,3252.4042409503854,3284.6590919681585,3600452,TCS.NS
2022-03-21,3222.548095703125,3300.075138230932,3212.1519626134377,3284.1254920661872,2413831,TCS.NS
2022-03-22,3288.52392578125,3297.454018450051,3221.037676335606,3234.3661080997535,2907611,TCS.NS
2022-03-23,3298.69775390625,3314.15886414101,3278.794050239412,3294.788167557653,1596195,TCS.NS
2022-03-24,3331.974853515625,3339.3942172821903,3283.2371329817483,3287.6799437165005,1879046,TCS.NS
2022-03-25,3294.299560546875,3358.320504138264,3262.800077046092,3340.904599959908,1690133,TCS.NS
2022-03-28,3294.522216796875,3299.2316401170783,3253.2040720983982,3283.2375195886357,1760990,TCS.NS
2022-03-29,3292.43408203125,3307.228556100982,3279.6831275036875,3283.0152358017476,2689063,TCS.NS
2022-03-30,3315.71435546875,3321.445538331854,3293.189216689556,3321.445538331854,1583455,TCS.NS
2022-03-31,3323.17822265625,3336.24004386944,3305.6291188569076,3323.2226941539616,2168110,TCS.NS
2022-04-01,3339.883056640625,3343.659445863298,3312.604241407199,3330.331013312687,1387014,TCS.NS
2022-04-04,3350.190673828125,3358.7652125309046,3320.6459798290102,3342.7710924712337,1472994,TCS.NS
2022-04-05,3389.68701171875,3408.1691482536567,3351.656507431064,3351.656507431064,2314947,TCS.NS
2022-04-06,3336.862060546875,3384.799946643338,3315.358682300862,3384.799946643338,2051729,TCS.NS
2022-04-07,3273.595947265625,3328.1093184300516,3269.0199392615564,3328.1093184300516,2494829,TCS.NS
2022-04-08,3274.929443359375,3292.1232100559987,3236.5880681859585,3278.7947760071893,2296773,TCS.NS
2022-04-11,3284.481201171875,3298.6539416877777,3248.672318365914,3278.794489914239,2291660,TCS.NS
2022-04-12,3279.77197265625,3322.3340146067667,3241.7859391915695,3272.5745321735017,4483476,TCS.NS
2022-04-13,3253.869873046875,3296.432126938456,3248.1831624952724,3293.899638230918,1621672,TCS.NS
2022-04-18,3134.891845703125,3207.7094730408703,3129.960282212317,3207.7094730408703,3820792,TCS.NS
2022-04-19,3084.998779296875,3166.4356288546082,3055.8983694740664,3154.3955685792644,3170014,TCS.NS
2022-04-20,3160.43798828125,3171.4116009849918,3092.196369835976,3109.96761334078,2640370,TCS.NS
2022-04-21,3224.281005859375,3237.9205218344946,3169.856573377936,3181.0525434049096,2280996,TCS.NS
2022-04-22,3209.9755859375,3213.929644546312,3173.500062343697,3182.0303466809823,1581465,TCS.NS
2022-04-25,3152.7958984375,3184.6064639812757,3139.378741319467,3161.5038501242684,1960694,TCS.NS
2022-04-26,3151.10791015625,3188.071964429589,3126.094756154156,3176.7427973254776,1943469,TCS.NS
2022-04-27,3164.34765625,3170.7897321857427,3115.5656783516138,3150.841554226717,1727648,TCS.NS
2022-04-28,3184.873291015625,3202.733259696587,3143.777292437707,3188.160927515036,1703660,TCS.NS
2022-04-29,3151.46337890625,3219.4828558444133,3142.7111717645585,3196.1580990746857,2051115,TCS.NS
2022-05-02,3147.642578125,3152.574141608423,3103.525552683142,3127.6499290847396,1324161,TCS.NS
2022-05-04,3091.974365234375,3150.35285932751,3079.1346846244674,3144.1773953249044,2305825,TCS.NS
2022-05-05,3121.8740234375,3139.2899275277423,3096.950029855675,3120.7190662444004,1612262,TCS.NS
2022-05-06,3050.078857421875,3087.309528817,3042.8814164437517,3073.536813981293,2010812,TCS.NS
2022-05-09,3061.185791015625,3070.87103244035,2973.8845528972033,3019.3344236783305,2481830,TCS.NS
2022-05-10,3055.542724609375,3078.68980921061,3040.6593103928117,3051.3220549061707,1622685,TCS.NS
2022-05-11,3031.774658203125,3064.1627116191953,3005.2509859818156,3052.211591713873,1841769,TCS.NS
2022-05-12,3028.79736328125,3065.2728838583857,2976.772221615572,3001.5630194609157,2807195,TCS.NS
2022-05-13,3034.3505859375,3056.564638125786,3005.2501775708447,3052.2107706705233,2187823,TCS.NS
2022-05-16,3000.49658203125,3047.7680429845973,2991.4332918791674,3034.4396113097378,1195813,TCS.NS
2022-05-17,3066.961181640625,3080.644951878495,2977.0385191605064,2994.454423948811,1754076,TCS.NS
2022-05-18,3064.473876953125,3105.525414148164,3059.3646434391476,3078.868543640455,1866781,TCS.NS
2022-05-19,2898.445556640625,3025.5544285146852,2870.056036447117,3018.445930591596,4642963,TCS.NS
2022-05-20,2926.03515625,2944.6060183878694,2905.6426983201104,2941.140712780899,3065125,TCS.NS
2022-05-23,2951.581298828125,2966.8200528085695,2902.9325214936357,2936.5202138894765,2293690,TCS.NS
2022-05-24,2921.5927734375,2954.3363801932683,2910.5746879512376,2945.7171525393956,1711510,TCS.NS
2022-05-25,2833.61328125,2945.610802185031,2821.4475663720973,2945.610802185031,3548046,TCS.NS
2022-05-26,2886.660400390625,2899.6761119484217,2845.153478156193,2854.50145711165,2813186,TCS.NS
2022-05-27,2917.387939453125,2933.1318451391644,2888.672876025808,2910.1420170120946,3103153,TCS.NS
2022-05-30,3019.321533203125,3029.4747349681716,2939.7963456033503,2949.3231893846983,2094624,TCS.NS
2022-05-31,3009.57177734375,3026.6127370795843,2974.371236405852,3000.4472156766155,4840965,TCS.NS
2022-06-01,3001.3857421875,3030.7269440021355,2987.833434858042,3030.7269440021355,1493835,TCS.NS
2022-06-02,3062.03662109375,3070.0875499835674,2993.424859678505,3001.2073805929103,2657939,TCS.NS
2022-06-03,3077.3779296875,3110.6105050464353,3069.37177211008,3094.5979714961795,1913622,TCS.NS
2022-06-06,3069.14794921875,3088.872766865215,3021.021246154396,3057.563601837621,1084210,TCS.NS
2022-06-07,3008.0947265625,3058.323697921214,3002.1013022067764,3042.400709313866,2308256,TCS.NS
2022-06-08,3045.17431640625,3053.940927115839,2993.6037313859933,3023.7051726580758,2185707,TCS.NS
2022-06-09,3065.704345703125,3074.5602801002638,2999.5078194513303,3028.043802193597,1279197,TCS.NS
2022-06-10,3005.590576171875,3035.200190885872,2998.523737061433,3025.3601666890713,1527582,TCS.NS
2022-06-13,2880.08544921875,2945.7451536237168,2855.7983516097243,2943.0615109086025,3030921,TCS.NS
2022-06-14,2871.98974609375,2897.3500386797054,2839.920128333768,2853.606749841241,2611493,TCS.NS
2022-06-15,2868.187744140625,2892.966666653976,2863.4465986268947,2879.1011801564077,1404536,TCS.NS
2022-06-16,2810.668701171875,2902.6730138373405,2802.662543426552,2898.334370400024,2032028,TCS.NS
2022-06-17,2763.16796875,2789.870301721433,2704.9778226240087,2765.9411536425396,5240434,TCS.NS
2022-06-20,2784.189697265625,2807.7611124816544,2745.3664210931734,2767.7301097628797,1502769,TCS.NS
2022-06-21,2873.242431640625,2896.321805901834,2795.81928478779,2799.9342915520783,2964461,TCS.NS
2022-06-22,2883.08203125,2907.7716314048353,2847.344899703459,2862.462666195436,3336315,TCS.NS
2022-06-23,2959.87890625,2968.108699833873,2883.0819135631095,2883.0819135631095,3692578,TCS.NS
2022-06-24,2945.83447265625,2992.2614007537363,2931.879444236284,2986.894115729963,2132118,TCS.NS
2022-06-27,2965.156494140625,3008.2736390828145,2957.821248469196,2996.734063926147,2037686,TCS.NS
2022-06-28,2968.2431640625,2978.8436409537917,2927.4966937802037,2958.2690452354923,1400046,TCS.NS
2022-06-29,2943.5087890625,2981.5270609163695,2926.065111388372,2926.065111388372,2133994,TCS.NS
2022-06-30,2922.576416015625,2961.757424365387,2911.75230319857,2926.959611694538,2719603,TCS.NS
2022-07-01,2965.514404296875,2981.5267166470894,2909.1131426506226,2916.2247513559887,1502879,TCS.NS
2022-07-04,2893.90625,2968.0641585009434,2884.9607740218207,2962.7416439730086,2622535,TCS.NS
2022-07-05,2877.13330078125,2926.9595551529096,2868.7691939118813,2911.752246950709,2170627,TCS.NS
2022-07-06,2916.896240234375,2923.8289844992887,2864.5652028798677,2879.1016021450087,2182144,TCS.NS
2022-07-07,2941.138671875,2969.3614764130343,2920.742941127774,2926.06545613533,1989921,TCS.NS
2022-07-08,2921.099853515625,2956.479247953109,2907.279139439517,2952.0065108155095,2136916,TCS.NS
2022-07-11,2785.442138671875,2884.9157801887623,2778.464624268619,2868.053471913843,6974600,TCS.NS
2022-07-12,2759.410888671875,2805.480089247644,2755.4301956021764,2786.4261820294582,3734815,TCS.NS
2022-07-13,2718.306396484375,2782.04291010001,2714.9518431361835,2776.675624742904,3863530,TCS.NS
2022-07-14,2689.60546875,2741.85041032722,2661.1286121821595,2740.9535014589414,4764908,TCS.NS
2022-07-15,2685.88330078125,2716.6470988263773,2648.5718054355975,2707.364223712299,4574806,TCS.NS
2022-07-18,2747.680419921875,2759.7438008534455,2703.5525457596186,2711.3556094087903,3202795,TCS.NS
2022-07-19,2757.322021484375,2761.5374492687492,2717.678694261558,2717.678694261558,1865074,TCS.NS
2022-07-20,2838.53662109375,2844.9494305372705,2778.66796698141,2787.4128265708528,3402251,TCS.NS
2022-07-21,2849.748779296875,2855.7580253170745,2819.92655745586,2840.5105735487355,2420640,TCS.NS
2022-07-22,2844.09765625,2867.4172838319932,2819.4326655382765,2856.65437879415,2075886,TCS.NS
2022-07-25,2840.2861328125,2857.9551935626573,2824.4557790199847,2838.716542307275,1797504,TCS.NS
2022-07-26,2794.678466796875,2842.2146404168366,2777.27852102286,2838.4476666790706,2639367,TCS.NS
2022-07-27,2860.108154296875,2864.816926220991,2789.3867969525772,2793.871341642212,1389808,TCS.NS
2022-07-28,2924.37109375,2927.5102744977767,2871.587924159354,2884.4586528139857,2106333,TCS.NS
2022-07-29,2961.5029296875,2975.3154558936158,2937.376171773738,2950.829803094839,2430257,TCS.NS
2022-08-01,2958.72314453125,2984.015931899953,2933.7890331363833,2984.015931899953,1306913,TCS.NS
2022-08-02,2952.44482421875,2971.369471032021,2934.3719781124923,2950.830344369699,1269114,TCS.NS
2022-08-03,2995.226806640625,3003.7474398680797,2939.2148983239913,2941.860735373933,2895824,TCS.NS
2022-08-04,3009.084716796875,3038.6378236788,2966.391981042171,3004.645061172511,2150567,TCS.NS
2022-08-05,3018.14306640625,3028.861083003313,3009.1290889772326,3014.689879862934,1106933,TCS.NS
2022-08-08,3026.573974609375,3030.56517513093,2992.087873696429,3018.098229912615,1068836,TCS.NS
2022-08-10,3008.45654296875,3036.0364904074586,2991.1910474176884,3036.0364904074586,1878359,TCS.NS
2022-08-11,3069.67041015625,3075.231200998242,3027.1121308061656,3049.4899618791087,1449248,TCS.NS
2022-08-12,3050.880859375,3066.53187766463,3032.6735628410443,3066.53187766463,1472354,TCS.NS
2022-08-16,3042.9423828125,3062.809043729428,3038.2785009375384,3059.355857327806,839942,TCS.NS
2022-08-17,3050.4765625,3065.58934417508,3023.569298894891,3036.1260219106084,1622326,TCS.NS
2022-08-18,3032.672607421875,3042.314376155268,3015.407114573706,3040.5205587164974,1430659,TCS.NS
2022-08-19,3036.70947265625,3068.773967568001,3023.7042929018335,3037.8306088419754,1398410,TCS.NS
2022-08-22,3008.725341796875,3035.229039600273,3002.3123127432127,3018.0979945979097,1536532,TCS.NS
2022-08-23,2945.98681640625,2997.3795169400164,2932.8918599626186,2977.6924120107906,1849256,TCS.NS
2022-08-24,2919.752685546875,2966.974854945067,2915.133472995961,2952.624311511234,1691923,TCS.NS
2022-08-25,2886.43212890625,2940.2017727488737,2883.337837048458,2938.2735062355546,1946930,TCS.NS
2022-08-26,2890.01953125,2921.23200171297,2885.1763112522453,2900.872215467774,1457962,TCS.NS
2022-08-29,2809.612060546875,2818.7155984293877,2763.3763622653864,2802.8403544561284,2539173,TCS.NS
2022-08-30,2880.10888671875,2893.876525731647,2818.1775032098362,2829.7475402706787,3431525,TCS.NS
2022-09-01,2808.849853515625,2861.139691675106,2799.2529710714753,2861.139691675106,3546935,TCS.NS
2022-09-02,2807.683349609375,2836.9226654285976,2798.6247016941093,2836.9226654285976,2052900,TCS.NS
2022-09-05,2810.374267578125,2823.4243359042207,2791.4047318785147,2801.6294057785217,2147912,TCS.NS
2022-09-06,2804.6787109375,2817.056096189983,2786.112742544714,2812.2575465142127,1936453,TCS.NS
2022-09-07,2824.904052734375,2835.935855830716,2782.211106134661,2782.211106134661,1291534,TCS.NS
2022-09-08,2842.887451171875,2855.3097280912734,2834.3221456196243,2843.201456902572,1346113,TCS.NS
2022-09-09,2885.938720703125,2900.1548137963414,2841.8557375950854,2865.623822507905,1561185,TCS.NS
2022-09-12,2908.630126953125,2932.7122139820603,2892.5306590174614,2905.8945115277447,1785928,TCS.NS
2022-09-13,2896.432373046875,2927.016830182846,2892.5307323772486,2927.016830182846,1972678,TCS.NS
2022-09-14,2798.71435546875,2817.5494417731366,2792.794888299078,2811.809312583414,5090269,TCS.NS
2022-09-15,2784.318603515625,2814.275266432452,2780.416963091579,2807.324224024723,2138023,TCS.NS
2022-09-16,2698.52978515625,2775.350164437028,2690.726721458401,2758.8917984020136,5322221,TCS.NS
2022-09-19,2716.55810546875,2728.3972608338004,2679.784835352318,2723.0158066704203,2072220,TCS.NS
2022-09-20,2726.8720703125,2762.4344192765325,2717.633865194194,2735.572042522209,1544295,TCS.NS
2022-09-21,2691.802734375,2727.85842551412,2689.0671186515897,2715.839934791707,2253818,TCS.NS
2022-09-22,2697.36328125,2717.5886173125486,2672.16027681335,2681.757156622946,2017983,TCS.NS
2022-09-23,2674.626953125,2710.9068705929853,2671.891337467826,2694.3140576546994,2652374,TCS.NS
2022-09-26,2685.70361328125,2713.9115701152955,2624.4449176434205,2654.715589532401,2925489,TCS.NS
2022-09-27,2706.377685546875,2713.1493914587795,2669.200855861596,2699.1575251901013,2227447,TCS.NS
2022-09-28,2722.700927734375,2735.5267665048214,2672.7880439651785,2672.7880439651785,2739767,TCS.NS
2022-09-29,2688.3046875,2740.8187395314417,2681.757209715352,2739.1593707259813,2493902,TCS.NS
2022-09-30,2694.807861328125,2708.395944492263,2645.9712122185083,2682.5202523624566,2817353,TCS.NS
2022-10-03,2677.228271484375,2709.2927657878695,2667.4071624781054,2686.2422500409975,1763331,TCS.NS
2022-10-04,2772.4794921875,2778.6234049291743,2711.355246320495,2717.588718557192,2145875,TCS.NS
2022-10-06,2782.16650390625,2801.94338884146,2773.6458694011303,2790.2835732028752,1790816,TCS.NS
2022-10-07,2748.935546875,2784.9016754249496,2742.8367425378724,2778.0850813198663,1939879,TCS.NS
2022-10-10,2797.05517578125,2804.634011871847,2695.2111306923252,2699.6956750029613,3064063,TCS.NS
2022-10-11,2753.1064453125,2820.7781703423966,2738.5765665760173,2780.417274423348,4730645,TCS.NS
2022-10-12,2781.090576171875,2789.297205916645,2746.3802417358793,2766.874480961619,1665247,TCS.NS
2022-10-13,2783.37744140625,2789.386687259664,2737.679976610315,2781.0902799100977,2054781,TCS.NS
2022-10-14,2779.65478515625,2825.2626846544204,2754.4068903408647,2820.7781407105244,2245977,TCS.NS
2022-10-17,2798.179443359375,2813.1515376703646,2761.940424094576,2763.019456376146,1517005,TCS.NS
2022-10-18,2827.80859375,2837.385525165027,2813.2861167744586,2832.574556753205,1793722,TCS.NS
2022-10-19,2807.261474609375,2840.6677838083356,2798.403970627268,2840.6677838083356,1194289,TCS.NS
2022-10-20,2839.13916015625,2841.5670374514175,2792.1093833185605,2792.1093833185605,1587601,TCS.NS
2022-10-21,2821.244384765625,2841.926676749231,2811.8924796841284,2839.5888102481545,1021913,TCS.NS
2022-10-24,2843.095947265625,2857.7534427519686,2837.071149113424,2850.6496123176526,260949,TCS.NS
2022-10-25,2843.45556640625,2863.373425161377,2833.6088212517743,2860.0013123108297,2069643,TCS.NS
2022-10-27,2839.228515625,2854.1558203964987,2818.501441205394,2842.1960183251845,2438421,TCS.NS
2022-10-28,2844.489501953125,2858.2027604387918,2828.0785532735567,2832.574703596726,1355739,TCS.NS
2022-10-31,2871.376708984375,2876.6372932566983,2857.573657696762,2876.6372932566983,1919414,TCS.NS
2022-11-01,2931.220703125,2933.828602485197,2880.6390032690038,2890.5755411039963,2991060,TCS.NS
2022-11-02,2915.0341796875,2940.482435498772,2897.364395986869,2940.482435498772,1405955,TCS.NS
2022-11-03,2883.605712890625,2902.7593552031317,2873.0397607189666,2902.7593552031317,1422652,TCS.NS
2022-11-04,2893.182861328125,2895.565952837209,2847.0973182984712,2892.823257100407,1464013,TCS.NS
2022-11-07,2907.840087890625,2916.023168933433,2873.1299406493004,2903.6137506809055,1474498,TCS.NS
2022-11-09,2891.968994140625,2922.318009880542,2879.0199490351015,2922.318009880542,1162267,TCS.NS
2022-11-10,2882.6171875,2900.017379593007,2850.5597188557617,2850.5597188557617,1573092,TCS.NS
2022-11-11,2981.8017578125,3004.8671396793848,2927.038737099528,2940.1225778724047,3265394,TCS.NS
2022-11-14,2999.381591796875,3011.5211965005947,2975.5519973784617,2989.0404470492617,1342074,TCS.NS
2022-11-15,2996.7744140625,3003.383623783829,2960.265583029861,2986.34325675643,1400708,TCS.NS
2022-11-16,3017.23193359375,3028.517096203142,2986.747900169754,3002.4394221817815,1748235,TCS.NS
2022-11-17,3011.521728515625,3021.413260021648,2983.4207867371497,3003.428657283424,1417986,TCS.NS
2022-11-18,3006.530517578125,3023.885700589663,2986.3428478650717,3012.420518021075,1164540,TCS.NS
2022-11-21,2952.62158203125,2997.7628822435213,2943.17966742448,2987.69155057068,1304194,TCS.NS
2022-11-22,2980.903076171875,2984.4999969339733,2927.2190777052792,2949.4750249207636,1149739,TCS.NS
2022-11-23,2974.9228515625,2994.4360999578107,2959.3661276159623,2994.4360999578107,1150011,TCS.NS
2022-11-24,3039.532470703125,3051.0426596485013,2974.9229211016186,2982.0717563383823,1296591,TCS.NS
2022-11-25,3048.075439453125,3060.395068338358,3010.6225909150426,3042.09564667431,1588981,TCS.NS
2022-11-28,3053.110107421875,3072.6683563980696,3026.4030251413983,3026.807634660785,2195437,TCS.NS
2022-11-29,3054.999267578125,3083.4598105600744,3042.0952286744628,3042.0952286744628,1576028,TCS.NS
2022-11-30,3049.109130859375,3070.780442157209,3034.9012529379065,3042.0950929448704,3410702,TCS.NS
2022-12-01,3125.4091796875,3129.3209186512586,3075.3671097089955,3079.863260454184,2180856,TCS.NS
2022-12-02,3092.586669921875,3119.3387615848396,3069.071893973049,3109.6272535195585,2411749,TCS.NS
2022-12-05,3080.672119140625,3092.586917220595,3063.6767591287817,3087.0567402668353,1475065,TCS.NS
2022-12-06,3044.208984375,3064.531454764534,3028.6072529022326,3057.4276241423545,1166999,TCS.NS
2022-12-07,3039.937255859375,3051.717038027653,3016.017648233855,3028.8766821146633,1167505,TCS.NS
2022-12-08,3012.91552734375,3039.9374364011487,3002.9339851801747,3021.413208083765,1285619,TCS.NS
2022-12-09,2960.940185546875,3034.0926487610736,2946.1928983587636,3034.0926487610736,1797896,TCS.NS
2022-12-12,2955.2744140625,2963.8621045413224,2909.99831491075,2927.443289239768,1527610,TCS.NS
2022-12-13,2996.32470703125,3000.2362262470147,2938.5041676355268,2946.9568427685667,1378016,TCS.NS
2022-12-14,3026.223876953125,3036.699819013769,3004.237527032983,3011.3415760111543,1213311,TCS.NS
2022-12-15,2972.045166015625,3025.684147794048,2966.5147697828043,3020.333773192401,1415694,TCS.NS
2022-12-16,2913.73046875,2960.2656286166193,2900.197011199909,2944.978716196667,2703680,TCS.NS
2022-12-19,2879.3798828125,2918.4513880687246,2872.590651420595,2901.815630657148,2120965,TCS.NS
2022-12-20,2917.05712890625,2921.598284336248,2844.84891564421,2876.5467732997513,1529971,TCS.NS
2022-12-21,2939.1787109375,2952.217547936148,2913.505646594509,2921.5987178350492,1432566,TCS.NS
2022-12-22,2931.220703125,2962.0643435671373,2918.0920736411094,2962.0643435671373,1384101,TCS.NS
2022-12-23,2903.02978515625,2937.650146439141,2892.8234349885756,2892.8234349885756,1360281,TCS.NS
2022-12-26,2925.105224609375,2942.280605691526,2900.061800443613,2903.029303397411,870157,TCS.NS
2022-12-27,2931.04052734375,2943.8995617533924,2905.8620844029233,2939.7630154548165,835883,TCS.NS
2022-12-28,2928.8828125,2936.975884411259,2900.916665080089,2922.3183880420315,910795,TCS.NS
2022-12-29,2939.358642578125,2941.8315255661446,2902.7150128465582,2905.5027142121367,1037927,TCS.NS
2022-12-30,2928.5224609375,2966.5599359733387,2919.080545409243,2954.914950729539,1163131,TCS.NS
2023-01-02,2932.793701171875,2937.64967499698,2909.1889131762478,2932.3890915710945,709547,TCS.NS
2023-01-03,2977.66552734375,2985.4437794959777,2918.2713383650357,2924.296135819554,1245178,TCS.NS
2023-01-04,2980.6328125,2992.05320982366,2955.049761355759,2973.4839774740417,1231668,TCS.NS
2023-01-05,2977.441162109375,3001.000949117812,2951.228470416505,2994.616326970122,1826057,TCS.NS
2023-01-06,2887.922607421875,2968.8533202291715,2877.53645537055,2967.45946960088,2488376,TCS.NS
2023-01-09,2985.398681640625,2991.7382972331907,2896.5547111423953,2903.613754663653,2885060,TCS.NS
2023-01-10,2955.2294921875,2965.6606483841506,2904.6030169681453,2953.970657956924,3864655,TCS.NS
2023-01-11,2993.26708984375,3011.9711192058594,2941.5163554119845,2958.556940867891,2720512,TCS.NS
2023-01-12,2998.34814453125,3012.421008591764,2981.442573769341,2993.537175403577,2250391,TCS.NS
2023-01-13,3034.497314453125,3038.49884493426,2971.9558101532198,3006.0365469080602,1742837,TCS.NS
2023-01-16,3066.225341796875,3083.6530407390187,3033.1172268351675,3050.544925777311,1843607,TCS.NS
2023-01-17,3107.0126953125,3110.139707684702,3054.2237329495765,3062.5007620361607,1688475,TCS.NS
2023-01-18,3117.681396484375,3135.1090986179565,3101.357253479184,3108.48469619976,2421189,TCS.NS
2023-01-19,3102.13916015625,3114.922484141463,3091.0110626511537,3108.484793740226,1585044,TCS.NS
2023-01-20,3092.94189453125,3121.9572999157795,3086.0443703614665,3094.689177509416,1529349,TCS.NS
2023-01-23,3140.580810546875,3144.35154713911,3086.044562341497,3115.8417787971057,1067916,TCS.NS
2023-01-24,3160.261962890625,3174.6547081099407,3142.7882334602164,3149.869647323622,1387863,TCS.NS
2023-01-25,3154.23779296875,3159.0660598724853,3131.4759632797122,3150.1453068799115,874110,TCS.NS
2023-01-27,3137.039794921875,3169.1822103327586,3110.599287508333,3150.788813871164,1785879,TCS.NS
2023-01-30,3157.82470703125,3180.632567224445,3113.5887161305623,3145.271301734969,1953798,TCS.NS
2023-01-31,3088.895263671875,3171.941500962948,3081.8138503122173,3171.941500962948,2820375,TCS.NS
2023-02-01,3134.556884765625,3144.351279049428,3085.492407490737,3092.8497664355737,2205161,TCS.NS
2023-02-02,3182.426025390625,3190.3352773194592,3145.3635034639556,3151.7091367465514,1813847,TCS.NS
2023-02-03,3202.56640625,3222.5231973552636,3175.5279775823224,3222.5231973552636,1804469,TCS.NS
2023-02-06,3182.01171875,3194.151316116606,3160.767479490634,3194.151316116606,1138714,TCS.NS
2023-02-07,3193.599853515625,3212.4070586382527,3183.345399100722,3190.2429235610102,1455647,TCS.NS
2023-02-08,3237.330078125,3255.5393623719233,3198.6579142429127,3198.6579142429127,1986946,TCS.NS
2023-02-09,3256.4130859375,3262.620857439781,3223.718777786401,3232.639530446887,1655427,TCS.NS
2023-02-10,3253.37890625,3257.793367498842,3226.3404714313574,3237.2386515898593,1187821,TCS.NS
2023-02-13,3202.65869140625,3263.9088027055695,3194.3816614754664,3263.9088027055695,1087939,TCS.NS
2023-02-14,3218.93701171875,3241.6988438998887,3214.2466049729323,3223.4433048440997,1579818,TCS.NS
2023-02-15,3237.8359375,3242.756261571135,3182.1959052183624,3206.889133323468,1429449,TCS.NS
2023-02-16,3272.2314453125,3287.8198047959163,3243.6756507734817,3243.8595398428197,1618931,TCS.NS
2023-02-17,3219.90234375,3254.6198842343974,3209.648113656855,3242.894092415164,1061369,TCS.NS
2023-02-20,3207.1650390625,3239.0775411980735,3195.8990822539604,3220.6841423269884,1296082,TCS.NS
2023-02-21,3173.781005859375,3227.029806293947,3168.0330686566454,3213.326813814157,1139541,TCS.NS
2023-02-22,3128.303466796875,3170.102422501116,3122.279583519376,3140.626954722956,1218430,TCS.NS
2023-02-23,3139.5693359375,3175.068461467988,3134.2352052950296,3146.190914704899,1441570,TCS.NS
2023-02-24,3127.2919921875,3158.1009390158974,3110.6000705084193,3147.570761796732,977592,TCS.NS
2023-02-27,3064.2021484375,3117.6808616060457,3049.6252911757074,3117.6808616060457,1128022,TCS.NS
2023-02-28,3046.7294921875,3119.5212982354315,3034.8195835514,3061.1222409129223,4116217,TCS.NS
2023-03-01,3113.726318359375,3116.761273918401,3048.7057016935673,3056.063060853009,1669307,TCS.NS
2023-03-02,3054.637451171875,3099.195411560482,3051.464635019518,3091.0104395119347,1556538,TCS.NS
2023-03-03,3073.675048828125,3088.25190836795,3063.5128747920126,3084.573228310335,1043190,TCS.NS
2023-03-06,3100.989013671875,3131.429952365279,3089.1711657538017,3091.838118627816,1334132,TCS.NS
2023-03-08,3118.048828125,3123.199069523481,3063.2826636402224,3093.769631883684,1844590,TCS.NS
2023-03-09,3068.801025390625,3113.083047465499,3063.283005217865,3113.083047465499,1648500,TCS.NS
2023-03-10,3063.42041015625,3069.1683469810705,3025.7139445854286,3046.7742953000575,1024404,TCS.NS
2023-03-13,3018.310546875,3099.1036364238453,3009.159876386488,3065.25973960763,1901233,TCS.NS
2023-03-14,2956.692626953125,3038.9570525672148,2951.5884142286423,3016.517197373872,2670334,TCS.NS
2023-03-15,2941.931884765625,2998.4457784271503,2935.5862524149616,2988.927105372376,1780522,TCS.NS
2023-03-16,2929.148681640625,2961.1532396142297,2917.1929727359693,2950.301089702708,1901060,TCS.NS
2023-03-17,2923.906494140625,2962.6244613680587,2891.4421024736353,2897.419956693126,6739966,TCS.NS
2023-03-20,2890.798583984375,2915.0317523258964,2846.424509123387,2915.0317523258964,2289468,TCS.NS
2023-03-21,2856.58642578125,2903.167610853642,2848.6311473770124,2890.798097078478,1815297,TCS.NS
2023-03-22,2879.302490234375,2890.9822527438723,2856.5866892222766,2878.6127378279625,1123939,TCS.NS
2023-03-23,2873.646484375,2893.603500974921,2851.896380891422,2864.679702784,1372218,TCS.NS
2023-03-24,2869.830322265625,2915.3539886499057,2856.4951068601285,2895.9488612483124,1329577,TCS.NS
2023-03-27,2871.4853515625,2899.4892548960856,2856.494687402186,2883.1651142967976,1524217,TCS.NS
2023-03-28,2865.599609375,2896.546639011127,2860.3115069743058,2875.808035994818,1303530,TCS.NS
2023-03-29,2886.751953125,2896.960379511943,2854.7476180791455,2877.6473103151966,1740616,TCS.NS
2023-03-31,2948.369384765625,2954.899130296117,2898.7992713020108,2933.7006960491485,2382581,TCS.NS
2023-04-03,2942.94384765625,2965.889568062685,2918.8025114059446,2965.889568062685,1521830,TCS.NS
2023-04-05,2979.54638671875,3002.1243261524096,2929.608269598524,2929.608269598524,2655065,TCS.NS
2023-04-06,2961.98095703125,2995.686995347432,2956.7388832326774,2965.935582713961,1703464,TCS.NS
2023-04-10,3001.25048828125,3009.1597387753586,2956.7385575069616,2961.3369067410313,2203187,TCS.NS
2023-04-11,2955.635009765625,3010.0333915987303,2935.7240227895977,3001.8023913443953,2348779,TCS.NS
2023-04-12,2981.248046875,2998.997722073373,2942.0242127497345,2968.6486132828945,2417727,TCS.NS
2023-04-13,2932.68994140625,2970.5342743154897,2924.550771617108,2952.140873236137,4174070,TCS.NS
2023-04-17,2887.303466796875,2909.283486192707,2823.6163302860664,2882.3373394653017,5505048,TCS.NS
2023-04-18,2879.256591796875,2903.260066434997,2860.725332786317,2901.51255887594,2617302,TCS.NS
2023-04-19,2841.412353515625,2887.7636289587313,2824.7662376900453,2879.256681962595,3298034,TCS.NS
2023-04-20,2855.391357421875,2862.9326062428067,2830.744157409367,2841.7801970094033,2419999,TCS.NS
2023-04-21,2906.938720703125,2910.2493976571473,2851.7124977803655,2860.173416034582,1929184,TCS.NS
2023-04-24,2919.768310546875,2925.4241911378012,2875.0262311012816,2897.9721768285667,1640676,TCS.NS
2023-04-25,2920.87158203125,2934.8505195080106,2894.66099006403,2927.3092712863568,2024090,TCS.NS
2023-04-26,2941.242431640625,2950.6690488552285,2925.4701814296627,2925.4701814296627,2000029,TCS.NS
2023-04-27,2931.86181640625,2942.2081034997614,2915.951481125579,2929.1488349186,2434446,TCS.NS
2023-04-28,2960.647705078125,2968.0050652212094,2939.4952946667568,2943.3118354294566,2931312,TCS.NS
2023-05-02,2960.78515625,2975.1320963561516,2952.1403490891025,2975.1320963561516,2321159,TCS.NS
2023-05-03,2924.4580078125,2957.65817854612,2918.250236448947,2957.65817854612,2468285,TCS.NS
2023-05-04,2961.98095703125,2965.429719336731,2922.711095151928,2924.688295728886,1953253,TCS.NS
2023-05-05,2971.177490234375,2983.4091447657124,2952.186396679855,2961.3370672458673,1710027,TCS.NS
2023-05-08,2989.479248046875,2993.38784535891,2971.7295729946986,2984.3290064830276,928235,TCS.NS
2023-05-09,3019.506591796875,3033.0717245857286,2985.248883567397,2991.318795508172,1107375,TCS.NS
2023-05-10,3022.771484375,3040.888938969524,3003.6883313480475,3025.7143835505017,1559987,TCS.NS
2023-05-11,3018.494384765625,3043.8313346801706,3009.1598253633715,3043.1876106746317,1719623,TCS.NS
2023-05-12,3011.275146484375,3025.7139187593248,2998.1238222356833,3015.7354107050955,1027479,TCS.NS
2023-05-15,2993.57177734375,3027.553537790775,2987.41003345753,3020.196178039157,1150390,TCS.NS
2023-05-16,2996.42236328125,3021.115589647415,2989.3409500316684,2994.6290519009144,986306,TCS.NS
2023-05-17,2950.944580078125,3016.5170847842187,2941.334075125344,2994.39898015619,1588815,TCS.NS
2023-05-18,2942.805908203125,2969.56816838411,2938.3454192418985,2966.809158600784,1369364,TCS.NS
2023-05-19,2963.958251953125,2974.6723165667154,2945.748742874228,2952.1404038272244,1152449,TCS.NS
2023-05-22,3033.71484375,3042.6816246528992,2958.623891436203,2970.533570909172,1333243,TCS.NS
2023-05-23,3032.197265625,3060.6149717584267,3025.805605617571,3040.42826517579,1687418,TCS.NS
2023-05-24,3037.99169921875,3050.7289928061655,3012.838637267653,3012.838637267653,1016555,TCS.NS
2023-05-25,3028.93310546875,3040.428980318715,3004.6539075971464,3029.392940462749,1374917,TCS.NS
2023-05-26,3061.489013671875,3070.455795118888,3026.6336145765354,3028.932789306539,1791115,TCS.NS
2023-05-29,3053.625732421875,3101.126588125399,3045.946399724591,3090.8263311963337,1210372,TCS.NS
2023-05-30,3049.8095703125,3059.6960226867827,3036.152605703449,3048.7060112322947,1344224,TCS.NS
2023-05-31,3025.254150390625,3060.3854958314014,3002.8600984079567,3043.1877135256354,5815424,TCS.NS
2023-06-01,3056.98291015625,3071.6976293387106,3032.611656510299,3047.786210667212,1177314,TCS.NS
2023-06-02,3040.06103515625,3067.926854638959,3032.5655904484856,3059.0521295537624,2030661,TCS.NS
2023-06-05,3024.702392578125,3059.7419072973767,3021.1617980068254,3048.7058679563584,1861468,TCS.NS
2023-06-06,2972.64892578125,3024.6563011369967,2961.8888333525238,3016.5171330853027,2022849,TCS.NS
2023-06-07,3011.8271484375,3015.460024506568,2980.65042571226,2991.6864655482823,1567196,TCS.NS
2023-06-08,2976.4658203125,3007.3207926165123,2973.293003831555,2999.043762912063,1759366,TCS.NS
2023-06-09,2951.496826171875,2988.9273483672064,2947.8641747619263,2984.3289986004875,1775689,TCS.NS
2023-06-12,2986.076416015625,2992.9739409759577,2953.060353017023,2956.739032995867,2324605,TCS.NS
2023-06-13,2983.1328125,3002.721823667348,2978.8104094513137,2998.123474779649,1371928,TCS.NS
2023-06-14,2989.892578125,2994.3070381149414,2966.7169438387605,2983.132915215831,1658544,TCS.NS
2023-06-15,2979.93310546875,3008.793791293159,2974.0960492911586,3006.8018859763647,2273810,TCS.NS
2023-06-16,2941.5751953125,2964.2746801787644,2924.064254609405,2962.0511476509087,4156189,TCS.NS
2023-06-19,2974.46630859375,2978.6356017646413,2941.667959462191,2955.565603365162,1468186,TCS.NS
2023-06-20,2990.495361328125,2994.9426531990575,2965.8039679072785,2977.802223474639,1528452,TCS.NS
2023-06-21,3018.753662109375,3021.718447715978,2987.020706957234,3011.1563283053792,1645987,TCS.NS
2023-06-22,3000.501220703125,3027.508883993475,2992.7186308509686,3020.4211763137832,1529603,TCS.NS
2023-06-23,2979.979248046875,3010.600209425588,2973.308197955416,2999.389578963673,1119505,TCS.NS
2023-06-26,2955.2412109375,2977.7090684012846,2939.8149168077966,2969.463223564131,1978803,TCS.NS
2023-06-27,2962.375,2973.770884966692,2948.4309879164,2966.683178346082,863542,TCS.NS
2023-06-28,2979.145263671875,2993.506162547034,2958.7156816452284,2972.242812355477,1575872,TCS.NS
2023-06-30,3059.56591796875,3066.7463664097395,2977.894198116161,2983.3605135466346,2672406,TCS.NS
2023-07-03,3031.81787109375,3074.900574055646,3028.5287162730547,3070.731280220624,1687264,TCS.NS
2023-07-04,3065.681396484375,3071.3793400747436,3036.4499732116597,3048.2165999535164,1656681,TCS.NS
2023-07-05,3075.965576171875,3084.350533495753,3062.1143025543597,3076.0119468927305,1453008,TCS.NS
2023-07-06,3078.698974609375,3083.8411486556433,3059.335012466021,3063.5506768174178,1848238,TCS.NS
2023-07-07,3084.581787109375,3110.199684589253,3059.334402954166,3059.334402954166,1789326,TCS.NS
2023-07-10,3031.4931640625,3080.412918176495,3025.239224007551,3080.412918176495,1407431,TCS.NS
2023-07-11,3031.909912109375,3052.849119462837,3021.162536512691,3052.849119462837,1110172,TCS.NS
2023-07-12,3020.328369140625,3047.4287732769135,3011.2487565769347,3039.8314402630454,1515240,TCS.NS
2023-07-13,3095.052001953125,3119.9750222295534,3032.2345994922275,3042.657833544412,4585146,TCS.NS
2023-07-14,3256.356689453125,3265.8072677930727,3105.66000208669,3117.704626199795,6306101,TCS.NS
2023-07-17,3235.093505859375,3289.016319019273,3221.520230779472,3252.0486766783647,2743228,TCS.NS
2023-07-18,3239.865478515625,3265.0201259531977,3210.356054604946,3220.5476611275017,2600090,TCS.NS
2023-07-19,3215.035400390625,3258.396104589472,3192.428425385041,3242.7843238651053,2405370,TCS.NS
2023-07-20,3217.125244140625,3231.6162445859936,3191.812201185396,3207.650315621179,1715404,TCS.NS
2023-07-21,3128.877685546875,3190.743550376295,3120.2851854216624,3162.0865373821553,3770223,TCS.NS
2023-07-24,3153.447509765625,3170.8182482458337,3132.4075869016933,3140.6748745909354,1680132,TCS.NS
2023-07-25,3157.53466796875,3164.641033805337,3139.9316997265273,3156.0020424597774,1272980,TCS.NS
2023-07-26,3147.45556640625,3177.6919182329752,3144.390089056602,3158.6490831293827,1066803,TCS.NS
2023-07-27,3155.444091796875,3169.145643709515,3144.436540400162,3153.632745545447,1701769,TCS.NS
2023-07-28,3116.894775390625,3152.4724190587326,3094.2292421162892,3144.3908689773757,2599831,TCS.NS
2023-07-31,3178.249755859375,3183.0800891327967,3122.0036670222876,3125.254883408398,2743678,TCS.NS
2023-08-01,3206.67431640625,3214.0591758025353,3172.2578281403635,3172.2578281403635,1956167,TCS.NS
2023-08-02,3196.084716796875,3201.4260004622265,3170.957642026737,3190.7899244338078,1914899,TCS.NS
2023-08-03,3158.277587890625,3189.21063084712,3128.59867609207,3176.9024561267456,2026351,TCS.NS
2023-08-04,3198.778564453125,3224.2773416333084,3159.4852515788793,3159.4852515788793,2248493,TCS.NS
2023-08-07,3236.399658203125,3240.068842182521,3196.641887374026,3208.4391110234615,1853889,TCS.NS
2023-08-08,3223.90576171875,3241.8802048934517,3210.900898181017,3236.3996745458503,1634225,TCS.NS
2023-08-09,3216.3818359375,3220.5619711755417,3181.593866924947,3218.6111506830484,1794589,TCS.NS
2023-08-10,3197.431640625,3218.61080881872,3186.2381232080143,3204.770008770933,1096701,TCS.NS
2023-08-11,3203.655517578125,3220.236583715237,3171.329094804473,3193.7161307988767,1679974,TCS.NS
2023-08-14,3204.631103515625,3209.4149453532923,3168.5425118958265,3196.1313591222456,1190425,TCS.NS
2023-08-16,3212.57275390625,3219.632627647557,3191.0218826561636,3204.7699265389706,1328445,TCS.NS
2023-08-17,3191.533203125,3214.802667601421,3170.5860359658495,3209.4148924679835,1843241,TCS.NS
2023-08-18,3127.762939453125,3167.6134698101937,3117.9163083336994,3167.6134698101937,2526749,TCS.NS
2023-08-21,3159.85693359375,3167.3812675130794,3132.314578504026,3135.1013352464674,1375579,TCS.NS
2023-08-22,3141.742919921875,3168.54232050071,3125.858543041599,3158.3242127535664,1222012,TCS.NS
2023-08-23,3156.698974609375,3160.18242084046,3136.030526971603,3147.1775549110757,1330046,TCS.NS
2023-08-24,3146.94482421875,3170.446516407415,3137.9808480590923,3165.75543087226,1152881,TCS.NS
2023-08-25,3140.953857421875,3145.1339929183678,3112.1108771387035,3135.1016223694123,1158046,TCS.NS
2023-08-28,3135.612060546875,3152.750567923211,3121.2603097126043,3152.750567923211,1037485,TCS.NS
2023-08-29,3136.16943359375,3148.6170828467652,3125.8120786392947,3140.7212722469335,944517,TCS.NS
2023-08-30,3149.917724609375,3165.8488209595616,3142.5793554875713,3156.466648681639,1188200,TCS.NS
2023-08-31,3118.195068359375,3174.487418701091,3105.979648519252,3159.2532391652235,3417652,TCS.NS
2023-09-01,3139.0029296875,3148.106380926571,3118.1952355297863,3126.741244673602,1277950,TCS.NS
2023-09-04,3175.509521484375,3188.839599513233,3130.5034424257988,3137.8883029323442,1828332,TCS.NS
2023-09-05,3185.58837890625,3201.98370810682,3163.1083582727633,3176.902895771779,1501842,TCS.NS
2023-09-06,3186.098876953125,3199.103741686018,3156.5594370607423,3189.907535196781,1314818,TCS.NS
2023-09-07,3209.647216796875,3214.059581829734,3179.0393826105205,3186.9351937219517,1885092,TCS.NS
2023-09-08,3197.245849609375,3218.703966769239,3190.8828912594386,3209.647007555386,1518917,TCS.NS
2023-09-11,3233.24169921875,3237.9327853412556,3200.1258288885356,3215.917451266215,1783604,TCS.NS
2023-09-12,3326.2724609375,3334.725485885792,3235.4241575808805,3243.784426721916,4476016,TCS.NS
2023-09-13,3314.2431640625,3333.7504596439576,3293.0172779174695,3317.26215028344,1754929,TCS.NS
2023-09-14,3306.998046875,3341.9717556173255,3293.575213025077,3316.2872366378338,2604721,TCS.NS
2023-09-15,3342.52880859375,3350.935569707804,3309.2269764561156,3314.243274416184,2952897,TCS.NS
2023-09-18,3349.82080078125,3362.036220389306,3321.11729748375,3325.5761535614656,1395753,TCS.NS
2023-09-20,3349.72802734375,3367.3309950501616,3325.52964476678,3325.52964476678,1649396,TCS.NS
2023-09-21,3330.453125,3348.7527827829417,3277.2260243157334,3333.472111558681,2004073,TCS.NS
2023-09-22,3347.49853515625,3375.45908502732,3311.6424013468136,3329.2453693121192,1989083,TCS.NS
2023-09-25,3322.882568359375,3362.686838921579,3305.6975665582568,3346.430756136737,1238778,TCS.NS
2023-09-26,3330.82421875,3339.4167179671663,3284.656998043239,3314.0109239214776,1726062,TCS.NS
2023-09-27,3334.16845703125,3357.1127071544365,3302.9566931122054,3334.8186548656413,1541134,TCS.NS
2023-09-28,3285.354248046875,3346.7093928835707,3276.6225002286055,3344.1083743461513,1755753,TCS.NS
2023-09-29,3277.78369140625,3314.8009776794106,3256.3720629859226,3285.7722587762732,2243791,TCS.NS
2023-10-03,3264.081787109375,3282.9851507659523,3232.7307740458355,3282.9851507659523,1948148,TCS.NS
2023-10-04,3286.282958984375,3295.8043780585294,3230.129854777585,3238.4901251841598,1788138,TCS.NS
2023-10-05,3334.21533203125,3366.4022830125305,3298.776937930184,3301.3779563539,2990768,TCS.NS
2023-10-06,3363.98681640625,3376.573712868575,3320.931561429297,3335.747772538649,2075691,TCS.NS
2023-10-09,3379.732177734375,3417.492640385133,3372.904533090084,3385.955889020274,4233074,TCS.NS
2023-10-10,3370.95361328125,3388.6960545006336,3345.362079715791,3381.311194805018,1848148,TCS.NS
2023-10-11,3353.303955078125,3390.553690446803,3348.752343578281,3390.553690446803,2426417,TCS.NS
2023-10-12,3290.741455078125,3333.5644771796983,3286.6078116313074,3320.8848258321595,4241281,TCS.NS
2023-10-13,3317.02978515625,3322.7425450571513,3274.4387674941177,3279.083361490563,2890357,TCS.NS
2023-10-16,3273.556884765625,3320.5600477596604,3268.958781301307,3312.5249895233706,1671104,TCS.NS
2023-10-17,3257.76513671875,3282.9387033243615,3254.32818207953,3279.083780529412,1672065,TCS.NS
2023-10-18,3239.3720703125,3272.30219626278,3236.353084226468,3261.4338917104274,1408245,TCS.NS
2023-10-19,3218.32421875,3238.0684358855883,3214.8317596869083,3231.223125172474,1514545,TCS.NS
2023-10-20,3254.552978515625,3259.1629792610242,3207.5211938456205,3213.434955097758,1481211,TCS.NS
2023-10-23,3175.94921875,3240.0242499313185,3167.7071513441997,3234.4829267293885,1106272,TCS.NS
2023-10-25,3157.2763671875,3189.779430139314,3145.2621710118374,3157.6488052225827,1518537,TCS.NS
2023-10-26,3107.590576171875,3142.002899555925,3101.304148843139,3136.741018000601,1984471,TCS.NS
2023-10-27,3120.8154296875,3131.1065899208998,3107.8235248560504,3119.930718689772,1108851,TCS.NS
2023-10-30,3146.519287109375,3150.5240188367916,3104.7959988159155,3119.9299875615498,910972,TCS.NS
2023-10-31,3137.392822265625,3165.5653292410716,3119.977136155537,3165.5653292410716,999811,TCS.NS
2023-11-01,3101.9091796875,3140.0470177894435,3083.608783594488,3124.5869734096973,1563475,TCS.NS
2023-11-02,3129.336669921875,3144.0979943996585,3113.5971840186144,3113.5971840186144,1245384,TCS.NS
2023-11-03,3120.768310546875,3155.2272412387383,3114.621718793595,3149.732529726521,1402598,TCS.NS
2023-11-06,3148.102783203125,3159.3252644555632,3128.3121806905697,3143.213340229435,1099852,TCS.NS
2023-11-07,3138.97607421875,3170.3615989894342,3134.8317343049944,3146.0076050155294,1191144,TCS.NS
2023-11-08,3149.313720703125,3168.312609208247,3138.137850435721,3139.907272278595,992899,TCS.NS
2023-11-09,3117.555419921875,3158.5802210317074,3112.526369431392,3157.276460496739,2112352,TCS.NS
2023-11-10,3104.516845703125,3117.5553602980613,3094.179302698473,3108.754408421209,1338557,TCS.NS
2023-11-13,3102.747802734375,3125.5185944570394,3098.510239498978,3125.5185944570394,1030990,TCS.NS
2023-11-15,3170.5009765625,3178.603436184404,3125.564669561065,3150.7569866293434,2059802,TCS.NS
2023-11-16,3257.62646484375,3286.9631232989923,3179.7212020773018,3194.482754503449,3951984,TCS.NS
2023-11-17,3261.91064453125,3282.4463523893537,3252.6906421657363,3257.626697192936,2021292,TCS.NS
2023-11-20,3277.8828125,3291.200542556456,3251.4797282683567,3251.4797282683567,1475621,TCS.NS
2023-11-21,3269.128173828125,3295.996918736589,3260.560052355792,3277.8827416982326,1807236,TCS.NS
2023-11-22,3287.7080078125,3290.036314045069,3242.0268214284124,3259.6287255971747,1798051,TCS.NS
2023-11-23,3267.31201171875,3300.606789576356,3259.628601443918,3287.56827517058,2729804,TCS.NS
2023-11-24,3219.675048828125,3263.8662551978136,3215.8565356961108,3254.273588142524,1989733,TCS.NS
2023-11-28,3231.82861328125,3242.1663837595383,3197.2300740959413,3219.675036815199,1689195,TCS.NS
2023-11-29,3272.4345703125,3276.3926911019207,3237.0909254440503,3241.933757170491,1441634,TCS.NS
2023-11-30,3248.080322265625,3275.135057994798,3241.9335030426573,3259.1163570597796,3266235,TCS.NS
2023-12-01,3270.47900390625,3275.415059291638,3250.3625716380006,3259.629186278541,1172141,TCS.NS
2023-12-04,3271.2236328125,3304.1459737662194,3257.766068313779,3301.212171500063,1625213,TCS.NS
2023-12-05,3289.058349609375,3295.0187221482606,3262.236218437115,3295.0187221482606,1377656,TCS.NS
2023-12-06,3356.579345703125,3364.728417171479,3283.051256098317,3289.989790276004,1896572,TCS.NS
2023-12-07,3366.63720703125,3381.2125388172353,3345.030573119782,3357.417206346076,1967653,TCS.NS
2023-12-08,3377.626953125,3394.6701987746455,3354.6699465710817,3383.494329807486,1641155,TCS.NS
2023-12-11,3392.71435546875,3402.120802867414,3366.7305508802906,3374.0879070544743,1102503,TCS.NS
2023-12-12,3419.90966796875,3444.403269429635,3381.6322197535496,3389.036188640435,2236866,TCS.NS
2023-12-13,3346.753662109375,3399.326766210702,3318.301717262666,3393.319782194453,3850968,TCS.NS
2023-12-14,3415.392578125,3425.4042954103893,3378.4657304357984,3380.7008135779533,3290396,TCS.NS
2023-12-15,3595.836181640625,3628.385857623635,3414.8801739559026,3414.8801739559026,8531230,TCS.NS
2023-12-18,3594.159912109375,3659.1662710789706,3567.104946763213,3593.1355937363787,2521612,TCS.NS
2023-12-19,3554.11279296875,3590.341373765734,3529.7121895342984,3580.934925794031,2004435,TCS.NS
2023-12-20,3520.445556640625,3631.040100218342,3507.872703265474,3564.403931855312,2586083,TCS.NS
2023-12-21,3527.383544921875,3545.264889298634,3486.265752436792,3498.279720293807,1517562,TCS.NS
2023-12-22,3561.37744140625,3581.8199259626003,3503.635443140772,3539.025700142194,2413058,TCS.NS
2023-12-26,3534.88134765625,3570.6906542039846,3529.852069465564,3557.512531080164,1285231,TCS.NS
2023-12-27,3549.455810546875,3555.9750672093833,3509.2227291901213,3538.0937229812293,1293976,TCS.NS
2023-12-28,3538.932373046875,3574.415852211362,3531.6682392482426,3561.377336856761,1682889,TCS.NS
2023-12-29,3532.87841796875,3560.073214846418,3506.8013899069297,3531.574657515115,1574996,TCS.NS
2024-01-01,3549.36328125,3568.8278306083957,3513.879802945062,3529.712285492124,825907,TCS.NS
2024-01-02,3523.37939453125,3549.3634298706984,3508.524845464829,3549.3634298706984,1344068,TCS.NS
2024-01-03,3438.2099609375,3512.808986774511,3433.8327905074707,3508.2919815403434,1803075,TCS.NS
2024-01-04,3414.97265625,3463.58763485144,3400.2577184303864,3447.522325171099,3598144,TCS.NS
2024-01-05,3481.1904296875,3490.364047651674,3422.4707254669115,3422.6103328983795,1963127,TCS.NS
2024-01-08,3425.68359375,3482.9133158422196,3420.1886545813795,3481.1902782695042,1067805,TCS.NS
2024-01-09,3436.48681640625,3494.648088677372,3429.8279514524115,3455.1598780853456,1370944,TCS.NS
2024-01-10,3458.047119140625,3473.1344984496654,3434.717444602096,3436.5800896371293,1292227,TCS.NS
2024-01-11,3479.00146484375,3513.879443530223,3452.4121646346503,3468.244645562298,1777909,TCS.NS
2024-01-12,3616.13916015625,3637.0473054522495,3559.1422668706787,3583.7290906805597,6813450,TCS.NS
2024-01-15,3635.697021484375,3692.693916153037,3618.188112044023,3688.037303396224,2801505,TCS.NS
2024-01-16,3596.115234375,3631.2260434367095,3590.7601305663925,3631.2260434367095,1432672,TCS.NS
2024-01-17,3617.8154296875,3641.4243183462013,3550.713598917996,3556.7205834939423,3458696,TCS.NS
2024-01-18,3634.57958984375,3640.353744362133,3596.7678021651477,3630.295415028417,2239110,TCS.NS
2024-01-19,3697.83447265625,3717.059591726697,3671.575773438078,3699.6631577031208,2941975,TCS.NS
2024-01-23,3618.30810546875,3689.253392795468,3603.772039730458,3657.4617018928593,2618854,TCS.NS
2024-01-24,3602.88134765625,3642.1285897607904,3568.9326446510017,3638.7056721419845,2657709,TCS.NS
2024-01-25,3573.340087890625,3620.8870436828015,3543.7051787524156,3601.0991467068993,2205154,TCS.NS
2024-01-29,3564.618896484375,3582.437301912737,3545.7221002052784,3564.431380113515,1646747,TCS.NS
2024-01-30,3564.196533203125,3608.5080891700763,3551.4891523141855,3570.6673355072853,1411621,TCS.NS
2024-01-31,3578.638427734375,3595.565955397303,3560.3511204494907,3574.183827241903,2459358,TCS.NS
2024-02-01,3614.463134765625,3662.057029330496,3568.4167652804376,3582.436989907515,2363107,TCS.NS
2024-02-02,3719.638916015625,3736.613153638115,3631.2033142998894,3634.063682950061,2826510,TCS.NS
2024-02-05,3726.203369140625,3771.8747052852855,3715.6999348975555,3735.300087307631,1691523,TCS.NS
2024-02-06,3878.78515625,3891.820633736524,3741.864790482955,3748.4294655539775,4474396,TCS.NS
2024-02-07,3829.4560546875,3896.603391231385,3820.593789517031,3894.7277698637645,2124267,TCS.NS
2024-02-08,3877.003173828125,3899.4167572083225,3831.9413254430674,3835.6456317898123,2345173,TCS.NS
2024-02-09,3876.628662109375,3924.503719974254,3845.024255187154,3879.301056539786,2100596,TCS.NS
2024-02-12,3864.43701171875,3900.9177589811775,3850.228812262782,3873.1584686878864,1013716,TCS.NS
2024-02-13,3891.445068359375,3910.6701855786464,3827.6739478271575,3868.890906690215,1257415,TCS.NS
2024-02-14,3845.11767578125,3858.997090733716,3797.6643636034514,3851.5884779156377,1391283,TCS.NS
2024-02-15,3848.02490234375,3888.444175657724,3829.0809437517446,3871.282423660838,1091582,TCS.NS
2024-02-16,3871.563720703125,3889.9920672478725,3845.1177337734257,3857.4498528668705,1307556,TCS.NS
2024-02-19,3848.587158203125,3871.563519103643,3802.822181698031,3866.640013196389,772291,TCS.NS
2024-02-20,3779.986328125,3843.1479657037125,3760.620630178596,3828.236868254403,1193648,TCS.NS
2024-02-21,3743.271240234375,3810.653027573639,3733.0491956484493,3763.434169375059,1885939,TCS.NS
2024-02-22,3832.926025390625,3840.2877016688244,3724.0461165985157,3724.0461165985157,2982052,TCS.NS
2024-02-23,3800.103271484375,3873.1586419368527,3794.757566705843,3873.1586419368527,2538072,TCS.NS
2024-02-26,3752.227294921875,3798.133079811019,3735.065314473416,3785.0037308931537,1379284,TCS.NS
2024-02-27,3849.150390625,3867.531573098657,3750.305228133252,3750.305228133252,2960475,TCS.NS
2024-02-28,3862.795654296875,3896.509674983892,3834.7080400231876,3840.8976823678586,1939225,TCS.NS
2024-02-29,3840.4287109375,3880.7545712662445,3811.778548098447,3844.08608110517,3772719,TCS.NS
2024-03-01,3839.725341796875,3882.5363087877504,3832.6448252006635,3851.776300908435,2043265,TCS.NS
2024-03-04,3826.923828125,3861.8103380983325,3822.4222912670302,3849.71267244036,1749271,TCS.NS
2024-03-05,3762.590576171875,3811.2628621841086,3732.4867597177044,3809.387240696813,2070859,TCS.NS
2024-03-06,3811.543701171875,3818.7647970643775,3712.276356698517,3745.662505937648,1744204,TCS.NS
2024-03-07,3853.08935546875,3867.5315494972733,3786.598435635506,3812.2007150112554,2688905,TCS.NS
2024-03-11,3865.98388671875,3894.7276920199565,3834.707809455719,3834.707809455719,2304068,TCS.NS
2024-03-12,3931.536865234375,3966.8925114142617,3864.764560938834,3865.983989585085,4039801,TCS.NS
2024-03-13,3890.9765625,3977.255146194866,3874.9399080779876,3943.493961270788,2837260,TCS.NS
2024-03-14,3945.932373046875,3962.2501875616867,3831.8945009176455,3895.1500154804917,2919608,TCS.NS
2024-03-15,3956.858154296875,3975.3799172991535,3917.235648633773,3931.865588461695,3373143,TCS.NS
2024-03-18,3894.259033203125,3990.1501797762785,3861.7639831846413,3953.106656161222,1526904,TCS.NS
2024-03-19,3729.95458984375,3805.6358684946754,3719.9200610190014,3799.3056461900082,8931209,TCS.NS
2024-03-20,3723.952880859375,3768.123861913877,3713.918350911128,3738.1139157761854,1817913,TCS.NS
2024-03-21,3725.874755859375,3759.1200974295043,3702.476426060684,3741.9114094702163,3829582,TCS.NS
2024-03-22,3667.68359375,3693.0983540468014,3615.2600697944185,3654.6481172474314,5852485,TCS.NS
2024-03-26,3636.361083984375,3701.257540323518,3630.6872833100233,3634.0165571732955,3440925,TCS.NS
2024-03-27,3602.037353515625,3652.7730085811854,3591.2525294851544,3646.677238477006,1968575,TCS.NS
2024-03-28,3635.235595703125,3671.5288233376846,3601.661927465741,3610.6650016041267,4311783,TCS.NS
2024-04-01,3673.169921875,3688.6907341711717,3646.254801582969,3655.304582916496,1569676,TCS.NS
2024-04-02,3642.269287109375,3666.6993019354495,3632.140885633653,3648.0836677291272,2142666,TCS.NS
2024-04-03,3701.8203125,3733.424488071944,3611.509094088183,3611.509094088183,3973090,TCS.NS
2024-04-04,3754.33740234375,3778.1107648289094,3690.519342135764,3728.6412532863997,3394637,TCS.NS
2024-04-05,3731.782958984375,3753.1181508715135,3714.1990096268437,3730.610695693873,1636819,TCS.NS
2024-04-08,3725.5,3781.8622865716975,3713.7304297404708,3735.3000761758317,2302538,TCS.NS
2024-04-09,3701.116943359375,3766.1072720566044,3680.954012876369,3736.2379090370728,1876992,TCS.NS
2024-04-10,3736.84765625,3742.0525519030043,3674.342658956251,3710.354501549767,2101965,TCS.NS
2024-04-12,3752.555908203125,3763.762930025122,3700.1323779568356,3724.0465524943843,4354821,TCS.NS
2024-04-15,3696.099609375,3811.4503293550783,3675.32719325435,3752.5557696224905,4200329,TCS.NS
2024-04-16,3631.953125,3684.376648663715,3622.6219548397376,3659.337150142385,3051420,TCS.NS
2024-04-18,3621.824951171875,3691.2229435040135,3610.571222685582,3635.704595429841,3476284,TCS.NS
2024-04-19,3588.25146484375,3612.962869820078,3564.5248069516724,3599.3176775438415,2957749,TCS.NS
2024-04-22,3624.263427734375,3636.8299998951316,3574.934491903105,3598.379760081903,1728883,TCS.NS
2024-04-23,3633.73486328125,3652.7724651814333,3620.5118705508353,3635.9388098818245,1807586,TCS.NS
2024-04-24,3592.7998046875,3655.586186600659,3586.6101623523527,3648.0837008405756,1317312,TCS.NS
2024-04-25,3612.63427734375,3632.7502707587055,3573.9965228878514,3574.1840392334375,2856271,TCS.NS
2024-04-26,3583.70263671875,3635.7041888252825,3566.0717516037967,3615.40045191068,2039178,TCS.NS
2024-04-29,3629.514892578125,3636.6423454168485,3581.6865473099597,3599.3174341023114,1110693,TCS.NS
2024-04-30,3583.046630859375,3640.346960554097,3573.059037730691,3631.2033055362826,2203078,TCS.NS
2024-05-02,3623.044189453125,3630.3591588386275,3543.095825813969,3543.095825813969,2491044,TCS.NS
2024-05-03,3604.381591796875,3651.459872612422,3561.430044438285,3648.224242496259,2962234,TCS.NS
2024-05-06,3677.202880859375,3694.9274124213143,3613.384813638277,3613.384813638277,2053831,TCS.NS
2024-05-07,3731.501708984375,3739.988941315255,3670.12204659911,3686.3462169354693,2062112,TCS.NS
2024-05-08,3729.62646484375,3736.519465528825,3693.6615594889295,3714.6684289785862,1247685,TCS.NS
2024-05-09,3713.91796875,3724.0463703208047,3666.886852709913,3715.6060738380834,1726486,TCS.NS
2024-05-10,3651.7412109375,3726.484911351382,3643.4417231221314,3716.1689930361385,1672489,TCS.NS
2024-05-13,3702.289306640625,3709.0414982162547,3629.327584853832,3642.925840662716,931326,TCS.NS
2024-05-14,3658.5869140625,3700.413361230903,3650.8030397651737,3691.222770938554,1058317,TCS.NS
2024-05-15,3639.080322265625,3682.7354534258484,3634.485141704623,3661.6816503123987,1115021,TCS.NS
2024-05-16,3684.942138671875,3693.0187445265583,3630.67337116967,3675.637702384871,2599399,TCS.NS
2024-05-17,3621.7939453125,3702.937300542508,3617.9208829280115,3701.992673680125,2765804,TCS.NS
2024-05-21,3608.663818359375,3631.854456042576,3599.0759470919206,3618.4880769854944,1908117,TCS.NS
2024-05-22,3619.81005859375,3628.54785688237,3606.16024685102,3622.6439391197887,1311168,TCS.NS
2024-05-23,3677.857666015625,3688.7681531563644,3613.6703123942825,3628.264752304816,2095742,TCS.NS
2024-05-24,3636.341552734375,3668.742304212367,3631.429538571892,3663.4995783587715,1309452,TCS.NS
2024-05-27,3634.026611328125,3691.9322808384495,3628.642284641714,3641.536348334576,1841538,TCS.NS
2024-05-28,3627.2724609375,3655.7058206803945,3617.9207475984267,3644.370298755804,1801993,TCS.NS
2024-05-29,3593.0302734375,3635.774643725855,3589.582477254128,3635.774643725855,1568095,TCS.NS
2024-05-30,3529.220703125,3584.2922676744465,3509.714018991741,3567.8558516313005,2919230,TCS.NS
2024-05-31,3467.677734375,3542.161650427461,3451.4301994032935,3532.9042615855815,10956800,TCS.NS
2024-06-03,3497.81201171875,3543.815298291685,3491.3412248298496,3526.103542889748,2156773,TCS.NS
2024-06-04,3509.2890625,3537.6278705417226,3392.627636061575,3495.1196584791387,3395997,TCS.NS
2024-06-05,3538.997314453125,3574.2792205302862,3495.1194421750433,3510.2334721952598,2799670,TCS.NS
2024-06-06,3618.298828125,3627.2727837806888,3534.321587974697,3571.63435096414,4328036,TCS.NS
2024-06-07,3678.329833984375,3698.2142761529285,3624.8168128885063,3624.8168128885063,4552445,TCS.NS
2024-06-10,3645.031982421875,3689.6183285403354,3629.1622034653205,3679.3219869872228,1734661,TCS.NS
2024-06-11,3638.797607421875,3665.105329903273,3628.31215590978,3632.0906637524354,1419898,TCS.NS
2024-06-12,3619.4794921875,3677.9047569591216,3615.5121054162055,3659.8622913039767,2177001,TCS.NS
2024-06-13,3663.40478515625,3674.5987063691045,3638.7028835305373,3643.23713885556,1932323,TCS.NS
2024-06-14,3619.857421875,3673.6538756786167,3616.031636949793,3673.6538756786167,1860730,TCS.NS
2024-06-18,3603.845947265625,3629.2563169969253,3584.906133011182,3614.1895650327606,1774045,TCS.NS
2024-06-19,3591.187744140625,3621.5576348500226,3582.922259445668,3615.7007640544557,1509050,TCS.NS
2024-06-20,3577.5380859375,3598.981069597492,3570.736818650082,3585.8035709865335,2846526,TCS.NS
2024-06-21,3599.73681640625,3663.074093663598,3587.7401013764106,3615.087002922448,4642195,TCS.NS
2024-06-24,3605.451904296875,3643.4258585651314,3581.363918973201,3597.8476118252383,1702154,TCS.NS
2024-06-25,3625.9033203125,3634.5938422484783,3582.8755160198134,3605.6411180787836,1338808,TCS.NS
2024-06-26,3642.33935546875,3652.82457462301,3628.3115551767237,3631.6177489916463,1639845,TCS.NS
2024-06-27,3716.3037109375,3723.7191241208575,3606.679947095457,3618.865541478185,4526556,TCS.NS
2024-06-28,3687.964599609375,3740.7220982180547,3682.0136353141756,3700.858893699783,2731571,TCS.NS
2024-07-01,3757.91455078125,3780.113282123888,3668.9307461619287,3668.9307461619287,2658723,TCS.NS
2024-07-02,3794.944091796875,3800.61185331036,3762.023982045802,3772.462155624164,2307449,TCS.NS
2024-07-03,3745.681640625,3803.162277059337,3735.9992153513335,3797.399960989219,1821198,TCS.NS
2024-07-04,3798.297119140625,3823.235405255643,3761.5985060070725,3778.3656318563008,2518001,TCS.NS
2024-07-05,3789.654296875,3803.7764231043757,3767.172130214255,3787.953922306711,1668616,TCS.NS
2024-07-08,3772.084228515625,3808.0273294957547,3757.7732227074534,3799.2895303521054,1758882,TCS.NS
2024-07-09,3764.81005859375,3785.0722570451912,3754.9860322602553,3764.3377452003747,1305801,TCS.NS
2024-07-10,3692.688232421875,3781.624995321451,3685.9342421919528,3763.1102154389605,2669716,TCS.NS
2024-07-11,3706.4326171875,3759.615159156207,3679.8887389846327,3713.3284398600626,4872189,TCS.NS
2024-07-12,3952.27197265625,3967.386003323572,3751.3969204452933,3759.6151284962884,13509164,TCS.NS
2024-07-15,3938.338623046875,4005.2180225102193,3926.8610373129627,4001.156311371623,4848030,TCS.NS
2024-07-16,3947.076416015625,3962.2845399612966,3915.383907085896,3940.983388073058,2029521,TCS.NS
2024-07-18,4076.58447265625,4085.5113814437846,3929.6479414580676,3929.6479414580676,5613364,TCS.NS
2024-07-19,4073.6015625,4126.95500501344,4057.363678860647,4087.8038739597537,3903354,TCS.NS
2024-07-22,4059.352294921875,4090.2187458114163,4038.1907573413023,4071.282329598796,1896386,TCS.NS
2024-07-23,4073.554443359375,4129.748348674782,4039.4212771190782,4055.233368947045,2365208,TCS.NS
2024-07-24,4077.247314453125,4108.350472060897,4041.1261912304362,4059.494423388743,1809793,TCS.NS
2024-07-25,4092.63330078125,4112.043129044065,4046.902036678233,4066.5957262823526,2810342,TCS.NS
2024-07-26,4154.5078125,4187.2679052166895,4106.4090376287495,4118.670552129421,3552210,TCS.NS
2024-07-29,4148.11669921875,4195.362964674367,4138.553716676068,4180.21383187482,1746803,TCS.NS
2024-07-30,4133.2041015625,4164.117706946695,4097.177294216961,4157.584736158652,1797906,TCS.NS
2024-07-31,4152.1416015625,4179.267930989599,4113.937281411375,4118.671386453276,2330091,TCS.NS
2024-08-01,4163.2666015625,4184.285749818174,4132.920711925324,4165.44410487899,2202244,TCS.NS
2024-08-02,4055.28076171875,4164.11800080395,4042.9249348414887,4132.872913485503,2811282,TCS.NS
2024-08-05,3934.087646484375,4013.5734389112836,3891.9069640587004,4013.5734389112836,2787771,TCS.NS
2024-08-06,3949.379150390625,4031.799717033467,3939.531844107783,3949.1424451879575,2203067,TCS.NS
2024-08-07,3977.073974609375,4019.207504026678,3957.995163908957,4003.1587050867174,1237666,TCS.NS
2024-08-08,3950.6572265625,4006.945912072743,3938.7748095989155,3958.6580478204482,2441283,TCS.NS
2024-08-09,4003.8681640625,4027.443907788756,3981.901738189192,3992.7430204792345,1302536,TCS.NS
2024-08-12,3972.528564453125,4013.5733382592252,3963.7233160113306,4005.051951129163,936912,TCS.NS
2024-08-13,3973.760009765625,4008.839537848005,3960.5516737879557,3988.956299705632,1495593,TCS.NS
2024-08-14,4066.832275390625,4077.2001486736017,3965.42766940822,3985.1689766880017,3226545,TCS.NS
2024-08-16,4181.20751953125,4191.575391499624,4095.0944511200714,4118.670194945417,3457058,TCS.NS
2024-08-19,4251.22607421875,4255.250063264502,4156.875458820732,4185.8954285347645,2055210,TCS.NS
2024-08-20,4282.75439453125,4322.237007322546,4260.693654534821,4265.427758595415,2212298,TCS.NS
2024-08-21,4309.455078125,4317.503055311436,4253.639804359008,4277.736579801988,1896990,TCS.NS
2024-08-22,4262.58740234375,4318.402675534502,4258.042847258311,4317.5030108146375,1829872,TCS.NS
2024-08-23,4226.513671875,4266.374923745363,4218.087058430003,4260.6939984141445,1809253,TCS.NS
2024-08-26,4263.01416015625,4310.070883859805,4246.491949695793,4250.279233485934,1844164,TCS.NS
2024-08-27,4257.99560546875,4270.162346746741,4248.1959164894,4265.428242149461,930697,TCS.NS
2024-08-28,4266.421875,4319.8700965173775,4220.2643589002255,4259.510267771518,1848058,TCS.NS
2024-08-29,4271.8662109375,4313.715878264525,4222.821074859477,4222.821074859477,2133641,TCS.NS
2024-08-30,4311.58544921875,4348.038051973605,4249.14242918416,4260.693828489569,3637222,TCS.NS
2024-09-02,4280.62451171875,4344.014356887433,4272.055967366194,4332.652505910395,1216500,TCS.NS
2024-09-03,4272.3876953125,4313.621563619124,4256.812305434149,4280.624760360365,1717263,TCS.NS
2024-09-04,4241.046875,4248.384735865379,4200.759836723105,4238.869372185236,1265505,TCS.NS
2024-09-05,4237.9228515625,4259.746886626945,4217.281880213047,4242.704111797141,1688793,TCS.NS
2024-09-06,4219.74365234375,4278.636091754635,4203.884403748528,4236.029155230157,1649179,TCS.NS
2024-09-09,4212.9267578125,4251.462553433798,4194.890004562873,4218.0871166522065,1184938,TCS.NS
2024-09-10,4268.12646484375,4298.5195066181295,4204.310831961278,4206.204473662924,1385591,TCS.NS
2024-09-11,4241.1416015625,4307.419053790383,4233.472261056025,4281.002847436805,1325919,TCS.NS
2024-09-12,4277.45263671875,4291.5601745835365,4195.6469473824145,4270.398636628928,2742216,TCS.NS
2024-09-13,4282.091796875,4305.194131685647,4265.427658509752,4289.098178257309,1458786,TCS.NS
2024-09-16,4273.2392578125,4304.2947971775275,4255.43921052289,4286.258044672285,1155120,TCS.NS
2024-09-17,4266.04296875,4294.589522896417,4228.501617164474,4273.238899164255,1699364,TCS.NS
2024-09-18,4115.025390625,4257.900566019319,4091.2129384450927,4257.900566019319,2961779,TCS.NS
2024-09-19,4067.684326171875,4187.031372404745,4054.097354431545,4156.590712046438,2927551,TCS.NS
2024-09-20,4057.032958984375,4100.397635485621,4002.6855294157867,4087.3312291065054,5447908,TCS.NS
2024-09-23,4041.504638671875,4080.229517445096,4026.828916076253,4071.32949426943,1702319,TCS.NS
2024-09-24,4044.155517578125,4062.808072353835,4014.520211321431,4025.55058123155,3012026,TCS.NS
2024-09-25,4047.422607421875,4061.482990128777,4014.5205814302008,4026.213911907486,2713073,TCS.NS
2024-09-26,4064.228515625,4087.2360774502895,4033.456837871287,4033.456837871287,3964251,TCS.NS
2024-09-27,4079.567138671875,4145.181637964974,4071.376768553105,4104.468341840603,3012477,TCS.NS
2024-09-30,4041.504638671875,4070.1459682536542,4033.5038178792897,4058.926049161128,2503416,TCS.NS
2024-10-01,4059.873046875,4067.305683040906,4017.3137268821633,4029.243299789114,1823365,TCS.NS
2024-10-03,4007.65625,4051.446717559506,3986.116074065324,4035.918946931116,3350119,TCS.NS
2024-10-04,4026.118896484375,4069.4359496948305,3999.4183640057563,4000.3180287251416,2965463,TCS.NS
2024-10-07,4045.62353515625,4068.7258712834955,4004.483984564525,4046.6175121163583,1472619,TCS.NS
2024-10-08,4027.065673828125,4051.8249459382696,3980.3875920827627,4045.386749254377,1541867,TCS.NS
2024-10-09,4026.781982421875,4066.595614866151,4020.8643520160745,4033.456884593668,1082504,TCS.NS
2024-10-10,4002.590576171875,4065.5070098395613,3975.322319205254,4027.0659888752402,2378875,TCS.NS
2024-10-11,3928.549560546875,4016.367201197805,3893.753891609714,3922.6790858954605,5759183,TCS.NS
2024-10-14,3916.666015625,3943.8871125530773,3902.9847329926533,3919.837957643063,2137590,TCS.NS
2024-10-15,3897.871826171875,3948.1957233726384,3877.231316907688,3911.364023062213,2759474,TCS.NS
2024-10-16,3877.18408203125,3896.1678867388287,3850.9098028436433,3867.7632605900644,2359151,TCS.NS
2024-10-17,3890.48681640625,3910.3228978529323,3875.2902957519555,3894.0845506582914,2522659,TCS.NS
2024-10-18,3913.313232421875,3935.238244757566,3872.4533402747466,3881.944647481302,2361000,TCS.NS
2024-10-21,3872.31103515625,3929.3538837407996,3862.9620049373275,3922.3776803062365,1595450,TCS.NS
2024-10-22,3811.234375,3881.75483326371,3802.5499216715493,3859.1654759681237,1928049,TCS.NS
2024-10-23,3859.40283203125,3904.2965301967497,3791.919544419266,3796.143361546141,1966476,TCS.NS
2024-10-24,3841.986328125,3871.504387583309,3800.3195802607424,3800.3195802607424,2676744,TCS.NS
2024-10-25,3851.1455078125,3883.8430156937015,3827.5595160672574,3850.670942439126,1759676,TCS.NS
2024-10-28,3882.751220703125,3923.7061156513423,3844.9282715296536,3861.965120390014,1532534,TCS.NS
2024-10-29,3867.945068359375,3894.7580119042254,3853.5658302619245,3887.497254393904,1445885,TCS.NS
2024-10-30,3876.86669921875,3898.079863479923,3853.518222560894,3867.7076804676617,1935002,TCS.NS
2024-10-31,3766.577392578125,3870.839484703628,3758.55728511955,3862.961654150649,3740372,TCS.NS
2024-11-01,3781.52685546875,3795.5265346519595,3773.7915322018357,3786.889583476844,154895,TCS.NS
2024-11-04,3762.49658203125,3788.834960428504,3714.1859193893415,3764.5373521831416,2269192,TCS.NS
2024-11-05,3769.330322265625,3783.234994421101,3740.61911840681,3740.61911840681,967590,TCS.NS
2024-11-06,3929.06884765625,3938.7024316660963,3773.031851752117,3799.9398000465167,3792017,TCS.NS
2024-11-07,3939.746826171875,3991.8540128312807,3877.246703910295,3957.5907627391994,3724349,TCS.NS
2024-11-08,3936.044921875,3957.6376448006463,3908.187843785678,3943.637967299403,1648039,TCS.NS
2024-11-11,3985.114990234375,4018.9036701513614,3908.187674053703,3918.201280337874,1406487,TCS.NS
2024-11-12,3983.881591796875,4003.4337792823057,3952.5130037256044,4001.535517651541,1587640,TCS.NS
2024-11-13,3939.224853515625,3983.264427096759,3920.9063521955636,3965.5632315109633,1098813,TCS.NS
2024-11-14,3935.0009765625,3948.383812461554,3907.0493548019417,3924.6555443578186,1825432,TCS.NS
2024-11-18,3815.03076171875,3998.6875479838523,3787.221186498161,3998.6875479838523,3313944,TCS.NS
2024-11-19,3834.06103515625,3921.9504005395133,3809.9057047468586,3815.4104775297365,1776233,TCS.NS
2024-11-21,3865.667236328125,3884.2700598437223,3819.302106879864,3839.138846704682,2384347,TCS.NS
2024-11-22,4028.680419921875,4038.504015740722,3847.776008717878,3863.9112312507355,3096553,TCS.NS
2024-11-25,4095.594482421875,4107.933183046781,4035.8942467022307,4062.2798980460716,4052167,TCS.NS
2024-11-26,4131.28125,4144.47407361588,4090.7531850402665,4101.240893559863,2060669,TCS.NS
2024-11-27,4112.15576171875,4154.724363536381,4104.088151292946,4137.2131813248125,1558993,TCS.NS
2024-11-28,4028.964599609375,4119.179745870457,4017.670037573812,4099.295273395061,2558544,TCS.NS
2024-11-29,4053.59521484375,4080.028599301392,3982.2203960362835,4005.3318228209696,2017425,TCS.NS
2024-12-02,4059.099853515625,4070.0625915391006,4014.870268702841,4052.788226834513,1670944,TCS.NS
2024-12-03,4083.87255859375,4104.990718939741,4048.4701650537613,4094.882568586282,2010905,TCS.NS
2024-12-04,4132.89501953125,4163.789504813234,4070.8692297125376,4094.122934068909,3302642,TCS.NS
2024-12-05,4236.966796875,4260.647793669346,4138.209931031042,4176.934278953506,3746747,TCS.NS
2024-12-06,4219.36083984375,4237.868889866684,4188.276807112925,4226.479320621802,1842087,TCS.NS
2024-12-09,4225.671875,4242.044378496654,4190.933600979431,4205.076018232145,2066639,TCS.NS
2024-12-10,4207.06884765625,4265.203099559396,4187.659404066042,4200.994504227562,2087828,TCS.NS
2024-12-11,4202.22900390625,4222.350297163338,4182.819095248504,4206.405086397892,1635256,TCS.NS
2024-12-12,4228.330078125,4256.851270827812,4200.852558457947,4204.696352489294,1914642,TCS.NS
2024-12-13,4246.31640625,4266.248154048947,4170.860503868272,4209.348037802869,1967048,TCS.NS
2024-12-16,4190.6015625,4247.359386352853,4173.327200400781,4232.173296926788,1646224,TCS.NS
2024-12-17,4108.31201171875,4207.44889332409,4098.346139910261,4185.666159565598,3225027,TCS.NS
2024-12-18,4126.6787109375,4140.108819945921,4071.39183822731,4092.3677229655736,1575404,TCS.NS
2024-12-19,4054.591796875,4142.006836783481,4045.1954945855173,4064.178110702765,3015763,TCS.NS
2024-12-20,3958.15966796875,4159.090827365295,3941.265326479778,4108.786899056221,4116989,TCS.NS
2024-12-23,3946.769775390625,4002.4839296244636,3905.577598089669,3986.3959798160035,2195338,TCS.NS
2024-12-24,3966.891845703125,4003.4333784366027,3946.7700890546093,3946.7700890546093,1181886,TCS.NS
2024-12-26,3957.020751953125,3986.301525685132,3932.3906257955578,3966.8916181900954,1208464,TCS.NS
2024-12-27,3952.987548828125,3968.2686475658415,3936.2827538746483,3951.2315641401315,858100,TCS.NS
2024-12-30,3947.244873046875,3985.6846693501766,3902.8257382512747,3939.841838395195,1527169,TCS.NS
2024-12-31,3886.5,3929.353385322622,3826.9420552671936,3924.6550035084633,1555429,TCS.NS
2025-01-01,3903.252685546875,3923.706266508262,3877.6259252343875,3886.1205985527304,763161,TCS.NS
2025-01-02,3963.33251953125,3970.2137171045247,3888.541205767093,3910.4184830195177,1720835,TCS.NS
2025-01-03,3891.341064453125,3967.31925896288,3884.1278097948166,3967.31925896288,1791953,TCS.NS
2025-01-06,3886.6904296875,3938.560332599053,3859.545197490021,3896.656302584134,2085593,TCS.NS
2025-01-07,3823.38330078125,3929.7334436078268,3807.4853613249484,3905.6256161656233,2669054,TCS.NS
2025-01-08,3899.408447265625,3916.113240154538,3813.3698426153405,3829.6473413152235,2181277,TCS.NS
2025-01-09,3833.396728515625,3927.2656647049257,3820.535960823577,3892.3851104960186,2392472,TCS.NS
2025-01-10,4048.658935546875,4078.4142731653005,3957.8746844541083,3986.3486030473036,7894300,TCS.NS
2025-01-13,4072.81494140625,4103.044847646488,4012.355128925775,4029.059922352462,4003771,TCS.NS
2025-01-14,4017.7177734375,4094.4550879803073,4004.4299428133863,4083.1605246383615,3441709,TCS.NS
2025-01-15,4033.426025390625,4039.9276635514543,3993.4202579833063,4003.4334017642514,1653474,TCS.NS
2025-01-16,3992.328125,4075.5670695763956,3978.6134649763417,4043.2966270133784,2637705,TCS.NS
2025-01-17,3986.52880859375,4021.6165011799776,3963.08887255939,4020.939695681563,1761466,TCS.NS
2025-01-20,3941.582275390625,4007.3105183689017,3932.2063483825796,4007.3105183689017,1287799,TCS.NS
2025-01-21,3901.03369140625,3973.673232978695,3895.3790145716716,3958.497734138814,1971591,TCS.NS
2025-01-22,4017.75,4024.0810102403266,3909.1045498898884,3914.7108496617475,2409223,TCS.NS
2025-01-23,4006.972412109375,4051.339039072567,4001.7524202557865,4028.7689459052554,1822998,TCS.NS
2025-01-24,4013.64208984375,4038.4351649039104,3966.9071126772737,3966.9071126772737,1910099,TCS.NS
2025-01-27,3929.354736328125,4017.5084152856,3906.0599315038703,3964.973867046099,1551782,TCS.NS
2025-01-28,3905.3349609375,3964.9738425768846,3893.735817565749,3934.816117007367,2468272,TCS.NS
2025-01-29,3962.84716796875,3970.6285432095738,3918.5772926221866,3918.5772926221866,1217089,TCS.NS
2025-01-30,3963.088623046875,3991.941585340912,3922.9267796325357,3962.9437281550117,1531251,TCS.NS
2025-01-31,3975.0263671875,3990.5405047390313,3948.7833995175843,3972.7066328908318,1492943,TCS.NS
2025-02-01,3937.087646484375,3997.741503018046,3920.5106310847846,3975.606564509793,437172,TCS.NS
2025-02-03,3932.73779296875,3940.8089579536745,3865.1245003058734,3896.2488211358454,1265713,TCS.NS
2025-02-04,3969.85498046875,3981.2610880254483,3930.2248097290194,3947.285122132378,2547132,TCS.NS
2025-02-05,3954.438232421875,4011.3706027267413,3939.842548605831,4011.3706027267413,1693912,TCS.NS
2025-02-06,3946.366943359375,4001.221226388129,3916.209217331792,3968.2602324120217,2284536,TCS.NS
2025-02-07,3894.799072265625,3953.374842814853,3874.1140268953372,3953.374842814853,1548940,TCS.NS
2025-02-10,3902.096923828125,3916.644230568612,3880.2520112210996,3905.045086746592,1339511,TCS.NS
2025-02-11,3831.14892578125,3905.045090759602,3822.884488602531,3884.1665374644367,1810908,TCS.NS
2025-02-12,3818.1962890625,3887.404606196338,3808.5303361658844,3838.446649169052,1678002,TCS.NS
2025-02-13,3779.53271484375,3851.3507965730623,3771.896705969927,3835.4503502565626,2277310,TCS.NS
2025-02-14,3803.40771484375,3816.1183489930536,3769.7217733214056,3793.886656483722,1681975,TCS.NS
2025-02-17,3774.071533203125,3802.5860959459837,3727.3849307355754,3727.674956536778,1799806,TCS.NS
2025-02-18,3743.816650390625,3793.3062796669183,3735.4073189681676,3768.174803332807,2149879,TCS.NS
2025-02-19,3657.693359375,3745.508400554833,3642.2759755929487,3742.850263486918,4366672,TCS.NS
2025-02-20,3653.150146484375,3661.4629603766616,3625.988960412709,3635.848185178673,2888572,TCS.NS
2025-02-21,3659.52978515625,3689.4942392872176,3648.8972369162293,3649.960586134303,1833931,TCS.NS
2025-02-24,3552.817626953125,3637.491230016548,3547.4045991108223,3618.1109478843173,2508516,TCS.NS
2025-02-25,3508.3056640625,3535.805250373706,3500.282876685561,3503.9076086945556,4101954,TCS.NS
2025-02-27,3491.873779296875,3516.4735816470966,3480.419530987875,3491.0520789257853,3823856,TCS.NS
2025-02-28,3366.89306640625,3479.743067268356,3341.5199398740847,3465.195760859545,7085018,TCS.NS
2025-03-03,3376.365966796875,3405.557099448941,3360.03036363457,3368.584826957939,4990439,TCS.NS
2025-03-04,3414.062744140625,3432.379676631615,3348.5759170238152,3357.951843598488,2797737,TCS.NS
2025-03-05,3428.561767578125,3480.081342184221,3403.2370189380595,3403.2370189380595,2501894,TCS.NS
2025-03-06,3481.289794921875,3488.87742658408,3417.977801534333,3438.179549305139,2786513,TCS.NS
2025-03-07,3490.56884765625,3503.9079097926337,3454.998093954285,3479.743027656133,2051315,TCS.NS
2025-03-10,3469.73876953125,3501.1049762137254,3462.9244613654673,3486.0259949428714,1004626,TCS.NS
2025-03-11,3455.8681640625,3468.8688234276665,3419.4757100500633,3439.146018462038,1995450,TCS.NS
2025-03-12,3389.076416015625,3450.020297279617,3370.3729384283747,3445.912267227522,3174167,TCS.NS
2025-03-13,3393.764404296875,3406.5717917540665,3367.714708703622,3385.306695598729,1693004,TCS.NS
2025-03-17,3380.8603515625,3412.5163478055665,3361.1902786941764,3372.4510196048896,2690906,TCS.NS
2025-03-18,3380.8603515625,3380.8603515625,3380.8603515625,3380.8603515625,0,TCS.NS
2025-03-19,3380.280517578125,3428.5135286476893,3347.077874633433,3428.5135286476893,3051244,TCS.NS
2025-03-20,3444.123779296875,3459.3960314822807,3394.68252652922,3394.68252652922,2845192,TCS.NS
2025-03-21,3458.57470703125,3495.450223009194,3349.252685164703,3358.9186380800415,4161925,TCS.NS
2025-03-24,3507.7255859375,3527.8308131919025,3447.458517116232,3479.742702237372,1834751,TCS.NS
2025-03-25,3535.56396484375,3586.0685693582973,3516.473707634902,3523.2398747468987,3135390,TCS.NS
2025-03-26,3514.34716796875,3557.553929809202,3504.7295921250025,3525.897934373459,1734499,TCS.NS
2025-03-27,3529.232666015625,3540.638537603521,3489.892285017066,3494.0970689111577,2528474,TCS.NS
2025-03-28,3485.6875,3538.656968927356,3471.9135171595426,3529.0393930182477,2051919,TCS.NS
2025-04-01,3432.1865234375,3464.277439125219,3407.248318336048,3453.354865404157,2618493,TCS.NS
2025-04-02,3425.5654296875,3445.0424669343693,3412.129849162714,3425.6138066504323,1764313,TCS.NS
2025-04-03,3289.468505859375,3385.0165399960483,3282.7023391603534,3374.383992326158,4537821,TCS.NS
2025-04-04,3189.184326171875,3286.085501586113,3185.414699028632,3250.2733357697866,5317367,TCS.NS
2025-04-07,3164.68115234375,3181.4514379526936,2953.963392712106,2996.445205771086,6623955,TCS.NS
2025-04-08,3182.94970703125,3237.1274167268007,3146.5574911118592,3191.7458179951013,5557558,TCS.NS
2025-04-09,3138.148193359375,3160.76642752928,3104.752280697163,3151.6321497293247,2990265,TCS.NS
2025-04-11,3123.552734375,3188.749540631033,3098.904554048043,3179.6636391398747,7108961,TCS.NS
2025-04-15,3139.694580078125,3203.683137131328,3130.4154074577086,3203.683137131328,3512160,TCS.NS
2025-04-16,3164.439697265625,3168.596104196088,3121.136181217996,3139.6947635283577,2384391,TCS.NS
2025-04-17,3188.700927734375,3193.244114128983,3110.5034675829284,3137.08483655699,2932346,TCS.NS
2025-04-21,3210.64306640625,3241.9606599617177,3174.3957423905777,3180.1953142330854,2432946,TCS.NS
2025-04-22,3203.683349609375,3222.531957851611,3184.931495290658,3211.6096198122023,2710498,TCS.NS
2025-04-23,3298.98974609375,3306.625754540036,3225.818529364827,3252.593171873855,3543923,TCS.NS
2025-04-24,3287.970703125,3298.5064976170884,3274.5348867157572,3287.4874054696716,2252175,TCS.NS
2025-04-25,3332.820556640625,3361.625143451318,3291.256959211522,3305.7558885472554,2742991,TCS.NS
2025-04-28,3328.470703125,3342.2930622298845,3291.2567864500143,3320.2546435993536,1593296,TCS.NS
2025-04-29,3356.502197265625,3378.250591632357,3315.808440523134,3339.586779424834,1578332,TCS.NS
2025-04-30,3338.330078125,3392.65268577439,3253.5597190937174,3356.0188189819924,2809332,TCS.NS
2025-05-02,3316.388427734375,3374.867442563267,3305.755879583667,3356.0188344779217,1721761,TCS.NS
2025-05-05,3338.91015625,3387.4331925936117,3331.2739118706236,3334.7537493074506,1284443,TCS.NS
2025-05-06,3344.419921875,3356.9856614658597,3322.1882287527096,3344.419921875,1324763,TCS.NS
2025-05-07,3330.017578125,3343.936456116555,3306.335993163342,3306.335993163342,1477128,TCS.NS
2025-05-08,3333.6904296875,3360.851851961966,3314.1652518601954,3332.820588313161,2543591,TCS.NS
2025-05-09,3325.3779296875,3331.0807476867326,3284.5876543425793,3285.4574957373147,2531757,TCS.NS
2025-05-12,3499.46142578125,3509.22413241534,3385.209911911905,3387.916425868549,2228678,TCS.NS
2025-05-13,3397.582275390625,3501.97456151927,3393.232596801932,3499.4613194961807,3062887,TCS.NS
2025-05-14,3430.156494140625,3442.045662835236,3391.396166459135,3403.3818530870167,2119499,TCS.NS
2025-05-15,3460.314208984375,3479.7428677232297,3396.7124309124556,3444.9454390459973,3548330,TCS.NS
2025-05-16,3442.335693359375,3473.8465567565913,3427.6434928317944,3473.8465567565913,1666727,TCS.NS
2025-05-19,3401.255859375,3431.4135879367277,3386.660174789978,3431.4135879367277,2537377,TCS.NS
2025-05-20,3381.440185546875,3439.145874352896,3377.283778805233,3413.8211261851047,2038374,TCS.NS
2025-05-21,3408.021728515625,3418.8475485914832,3381.4403579795026,3390.8162851170264,1440153,TCS.NS
2025-05-22,3360.851806640625,3380.9570357698217,3336.0103550080185,3378.250521774226,2034383,TCS.NS
2025-05-23,3397.19580078125,3416.9142497236344,3349.8326329632987,3360.851724551366,1274331,TCS.NS
2025-05-26,3419.1376953125,3426.5804321288315,3392.846349631144,3403.3821442949547,967470,TCS.NS
2025-05-27,3381.826904296875,3421.747337093333,3366.7481593177404,3414.014574749619,2467680,TCS.NS
2025-05-28,3380.8603515625,3411.114831810162,3376.317400825417,3402.4154740639756,1222933,TCS.NS
2025-05-29,3381.2470703125,3414.4978538154573,3370.034470581059,3387.626457620242,3188072,TCS.NS
2025-05-30,3347.705810546875,3389.5594310198626,3337.750068509547,3373.417337946492,3404365,TCS.NS
2025-06-02,3334.560546875,3344.4197718377163,3304.4028204069105,3334.7538187399196,1877585,TCS.NS
2025-06-03,3291.449951171875,3357.4684509968274,3286.907000896707,3330.887082808426,2848125,TCS.NS
2025-06-04,3297.0087890625,3310.56402774214,3286.379348716646,3304.9078969735056,2544807,TCS.NS
2025-06-05,3287.4521484375,3324.4116310325603,3280.2356236372652,3324.4116310325603,3584683,TCS.NS
2025-06-06,3300.22705078125,3306.7607545858014,3275.359787909923,3287.4522468224686,2070390,TCS.NS
2025-06-09,3336.991455078125,3348.791310023286,3306.760665733127,3315.634960419095,1718678,TCS.NS
2025-06-10,3376.973876953125,3399.305794893864,3338.259013167141,3354.642197095073,2419874,TCS.NS
2025-06-11,3385.750732421875,3402.4265208353168,3363.516665314218,3383.8979728571367,2847013,TCS.NS
2025-06-12,3348.986328125,3388.4813919586536,3338.2592737504274,3385.750821410403,4060134,TCS.NS
2025-06-13,3360.200927734375,3364.8818717382055,3309.003623498393,3309.003623498393,2178493,TCS.NS
2025-06-16,3409.54541015625,3421.9302340050463,3341.1847251814343,3354.642349665819,1934088,TCS.NS
2025-06-17,3428.073974609375,3432.6573046439225,3401.5489430536663,3422.905437301184,2111940,TCS.NS
2025-06-18,3365.75927734375,3450.2105407013996,3357.665418209048,3431.7796073253016,2696327,TCS.NS
2025-06-19,3339.03955078125,3365.3695939679014,3328.3124961496515,3364.3944071832107,2672768,TCS.NS
2025-06-20,3350.448974609375,3360.786049100129,3326.2642962767654,3340.0145242959966,2351248,TCS.NS
2025-06-23,3309.39404296875,3340.014813470841,3286.379539093937,3330.262945402313,3123421,TCS.NS
2025-06-24,3306.27294921875,3356.690292940616,3298.081476031171,3349.376392565029,3403048,TCS.NS
2025-06-25,3359.3232421875,3364.3941654870573,3315.634829755361,3322.7537403887272,1757699,TCS.NS
2025-06-26,3356.397705078125,3365.759354753242,3330.555256962972,3359.3232652421043,2879106,TCS.NS
2025-06-27,3355.71533203125,3380.387367158931,3345.8658502962735,3369.2703330730474,1778433,TCS.NS
2025-06-30,3376.09619140625,3378.924137465807,3344.890218522079,3354.544471150048,1468351,TCS.NS
2025-07-01,3344.59765625,3398.525526423559,3328.7996798986564,3369.2699264830403,2375183,TCS.NS
2025-07-02,3338.356689453125,3403.3039810516498,3335.1385257152824,3400.671024568939,3090585,TCS.NS
2025-07-03,3316.4150390625,3350.058980842342,3313.294489180619,3344.8904436190446,2531870,TCS.NS
2025-07-04,3334.94384765625,3341.9651449605467,3305.9808474743313,3323.4365958638878,1109320,TCS.NS
2025-07-07,3327.04443359375,3341.0872649943594,3323.826269850942,3333.480761079366,1639174,TCS.NS
2025-07-08,3321.68115234375,3340.0147113686808,3309.1987139810713,3320.510975827842,2325242,TCS.NS
2025-07-09,3299.837158203125,3329.287752096043,3283.4539722634377,3325.387004876247,2034938,TCS.NS
2025-07-10,3298.08154296875,3314.659717489882,3272.7266878187834,3296.1311694956757,3035012,TCS.NS
2025-07-11,3184.9599609375,3252.2478474361797,3180.181641042415,3218.0186968972475,7635550,TCS.NS
2025-07-14,3142.734130859375,3190.8108827918168,3120.5974403831947,3184.9597625910983,3924009,TCS.NS
2025-07-15,3171.599853515625,3178.523536457564,3126.448660244279,3126.448660244279,2590889,TCS.NS
2025-07-16,3163.576171875,3175.1222359666176,3151.344969328223,3157.607249475903,2540733,TCS.NS
2025-07-17,3140.18994140625,3172.2846643823304,3135.199754145851,3154.7696780470374,2947640,TCS.NS
2025-07-18,3121.304931640625,3159.3685771406017,3118.46738821797,3155.6502438038765,3432645,TCS.NS
2025-07-21,3090.28662109375,3128.839514334287,3084.2199924907163,3121.4028477301345,3844346,TCS.NS
2025-07-22,3091.65673828125,3111.7159107005,3086.764257203384,3091.65673828125,3198036,TCS.NS
2025-07-23,3110.7373046875,3113.5748480562365,3089.6996367952283,3091.6566291573,1922875,TCS.NS
2025-07-24,3080.30615234375,3105.4534578423713,3072.478182452152,3097.0385335433134,2934778,TCS.NS
2025-07-25,3068.368408203125,3089.014534530361,3058.3877948178133,3072.4780444334683,2568917,TCS.NS
2025-07-28,3013.083251953125,3050.951005299135,3003.8852447797885,3043.123036074506,3374473,TCS.NS
2025-07-29,2990.284423828125,3007.8973556438664,2975.802632112602,2994.1984086760676,4785312,TCS.NS
2025-07-30,2987.93603515625,3003.0047807939304,2981.673516260727,2994.1983151611034,2880121,TCS.NS
2025-07-31,2971.497314453125,2994.0027271024683,2950.166049468222,2976.2918502873677,2968371,TCS.NS
2025-08-01,2938.424072265625,2971.4972914199097,2935.488583681943,2964.7455243430377,2053847,TCS.NS
2025-08-04,3008.28857421875,3013.181055141491,2927.2692812506943,2944.392964480288,2519252,TCS.NS
2025-08-05,2998.014404296875,3011.322048140622,2976.5854331255146,3008.2886143717656,1927996,TCS.NS
2025-08-06,2967.093994140625,3000.8521121202134,2960.9294204705666,2997.1337788834585,1487081,TCS.NS
2025-08-07,2981.47802734375,2985.9792055799644,2946.154217712285,2951.1446440658847,2543076,TCS.NS
2025-08-08,2971.105712890625,2994.002666894786,2959.9509519667536,2982.5543093380406,2762140,TCS.NS
2025-08-11,2975.411376953125,2984.3155492907413,2956.3307005130723,2971.1058502168585,1884215,TCS.NS
2025-08-12,2970.127197265625,3029.8154640054736,2961.809979769089,2975.6068714078456,3358232,TCS.NS
2025-08-13,2970.91015625,2978.9337774241835,2963.473728360306,2970.812449963036,2148166,TCS.NS
2025-08-14,2957.30908203125,2990.1864106721328,2954.1779420022144,2968.757439673081,3342174,TCS.NS
2025-08-18,2946.44775390625,2983.434958599791,2938.815435653507,2980.988718063058,2945609,TCS.NS
2025-08-19,2951.34033203125,2959.9511467818434,2946.350144506624,2946.4478507969,2650784,TCS.NS
2025-08-20,3031.96826171875,3036.664852119672,2946.1539583708727,2946.1539583708727,4952358,TCS.NS
2025-08-21,3035.882568359375,3062.693270119804,3016.801891436903,3062.693270119804,3230726,TCS.NS
2025-08-22,2988.327392578125,3029.1306363096523,2984.4134077810354,3019.639270954844,1593791,TCS.NS
2025-08-25,3073.065185546875,3084.2199463957195,3010.9306783780526,3020.9112915939663,3448370,TCS.NS
2025-08-26,3089.308349609375,3094.0051794435944,3052.9083364528824,3061.714802808035,5522097,TCS.NS
2025-08-28,3027.173583984375,3078.8382300613293,3020.1284592672155,3077.3704857914763,3116051,TCS.NS
2025-08-29,3018.3671875,3048.0156702082504,3011.028465982645,3026.4887537573413,2271789,TCS.NS
2025-09-01,3045.667236328125,3063.7694152474464,3023.5531276055535,3023.5531276055535,1246862,TCS.NS
2025-09-02,3044.5908203125,3087.1554035307527,3036.3715480748965,3053.98447906176,2185229,TCS.NS
2025-09-03,3030.891845703125,3074.3369795089966,3021.5961322134785,3062.595025627338,1799774,TCS.NS
2025-09-04,3029.130859375,3050.9513740037746,3024.336323201764,3048.9943814611165,1481391,TCS.NS
2025-09-05,2982.75,3036.664997028233,2963.47367273015,3030.5006621101975,2802055,TCS.NS
2025-09-08,2954.080078125,2998.9929589138555,2951.144589474992,2984.413460841752,2626187,TCS.NS
2025-09-09,2983.826171875,2994.19832699537,2965.62628616296,2966.898378981974,2489301,TCS.NS
2025-09-10,3043.123291015625,3055.550145422665,2987.740308555338,2990.675797260498,2079428,TCS.NS
2025-09-11,3057.017822265625,3071.4996140027415,3043.221168990462,3071.4996140027415,2263446,TCS.NS
2025-09-12,3066.02001953125,3080.991059765134,3053.8867617246956,3076.3921752202637,1447167,TCS.NS
2025-09-15,3044.982177734375,3066.6070389449774,3029.4241839737238,3066.6070389449774,1732539,TCS.NS
2025-09-16,3078.0556640625,3082.263245795216,3042.2428439695796,3060.7363278880744,2573429,TCS.NS
2025-09-17,3104.57275390625,3113.966173979194,3074.8263264485827,3084.2199854121977,2418271,TCS.NS
2025-09-18,3108.388916015625,3134.1234145595795,3093.4178759668794,3116.51048247651,2633138,TCS.NS
2025-09-19,3101.050048828125,3112.107103450778,3076.3919928468,3101.8328935510035,4901694,TCS.NS
2025-09-22,3007.70166015625,3040.089740964508,2999.090845838676,3028.445731768582,3634901,TCS.NS
2025-09-23,2996.546630859375,3014.453158879609,2986.3703660594774,3003.983297445149,3177741,TCS.NS
2025-09-24,2970.127197265625,2991.262810224855,2967.778901999341,2984.4133369924134,1625714,TCS.NS
2025-09-25,2893.804443359375,2964.4520571099356,2887.5421635017433,2957.015390749667,4974361,TCS.NS
2025-09-26,2836.758544921875,2891.260737711385,2829.126226471788,2877.7574418213358,3934636,TCS.NS
2025-09-29,2833.82275390625,2866.3087778304835,2831.7678164651984,2853.2947314486933,3110035,TCS.NS
2025-09-30,2826.288330078125,2852.610021207006,2823.0594837288886,2848.402439766557,2253458,TCS.NS
2025-10-01,2851.53369140625,2861.9058470940704,2804.957413772581,2828.8326264436423,1952902,TCS.NS
2025-10-03,2839.498046875,2861.1229086009284,2828.9304789544044,2861.1229086009284,2899519,TCS.NS
2025-10-06,2924.137939453125,2929.22631078988,2833.3336834873367,2839.5959635916415,2112774,TCS.NS
2025-10-07,2909.75390625,2939.891634958981,2891.9453243871753,2930.5959216848555,3062943,TCS.NS
2025-10-08,2962.103515625,2977.5638026677234,2904.176590968716,2911.0260640606234,4121889,TCS.NS
2025-10-09,2995.86181640625,3000.069397912704,2955.0585719818546,2968.757519004287,3211304,TCS.NS
2025-10-10,2963.179931640625,3003.983173218589,2942.239970746985,2984.413250266025,8817365,TCS.NS
2025-10-13,2942.533935546875,2970.2254277677166,2933.7274691163334,2961.908209472205,2866865,TCS.NS
2025-10-14,2896.642333984375,2962.1036338769445,2891.9455044700007,2956.0370052457697,3611416,TCS.NS
2025-10-15,2916.7763671875,2926.499513769408,2898.31197994854,2917.954894078994,4282226,TCS.NS
2025-10-16,2917.66015625,2921.883430677564,2890.553079047838,2916.87439174088,3251495,TCS.NS
2025-10-17,2909.311767578125,2935.4369375213087,2902.6331292681275,2916.972551528368,4374683,TCS.NS
2025-10-20,2961.365478515625,2969.0262624451843,2925.320781572273,2932.1958010354274,3133039,TCS.NS
2025-10-21,2953.017333984375,2977.669286180243,2942.508423286113,2976.981832168517,310644,TCS.NS
2025-10-23,3018.330078125,3042.687339125331,2981.892616996725,3000.4550745732363,5564758,TCS.NS
2025-10-24,3008.508544921875,3034.8300966289034,3003.6961270890743,3025.0086400055093,2684318,TCS.NS
2025-10-27,3029.821044921875,3038.9550474990237,3005.5620951218402,3011.7496607245316,1946312,TCS.NS
2025-10-28,3003.30322265625,3035.0265765381446,2985.919291823652,3021.0801556355614,3470737,TCS.NS
2025-10-29,3003.0087890625,3021.080174034828,2991.714113509379,3003.3032409472494,2895420,TCS.NS
2025-10-30,2981.106689453125,3009.0978400091353,2978.6513253692647,2994.6603471523654,2241536,TCS.NS
2025-10-31,3003.4013671875,3012.6334402910475,2971.088871543434,2980.8120174669925,1868085,TCS.NS
2025-11-03,2962.93701171875,3003.4013640895914,2956.2583734171585,2992.499451583931,2194877,TCS.NS
2025-11-04,2936.81201171875,2975.214004338424,2922.8655907942766,2965.6872390451917,2670720,TCS.NS
2025-11-06,2957.142333984375,2970.0085383136757,2936.61558517126,2936.7138956519902,2542721,TCS.NS
2025-11-07,2938.383544921875,2950.3656744717186,2907.6423366423182,2947.419237380036,1830520,TCS.NS
2025-11-10,2971.18701171875,2993.4816703122747,2938.579823663838,2939.5619693268272,1556656,TCS.NS
2025-11-11,2992.597900390625,3001.142519888641,2964.1156755427983,2990.633609021809,2806868,TCS.NS
2025-11-12,3075.8837890625,3080.4015151753365,3002.51755709654,3005.3656835637266,4460315,TCS.NS
2025-11-13,3050.249755859375,3075.9819244274895,3046.61586484088,3075.8838537295965,1740435,TCS.NS
2025-11-14,3050.54443359375,3057.517763723578,3022.356900982103,3034.830102963518,2210794,TCS.NS
2025-11-17,3046.812255859375,3067.7320066302495,3031.4909272444793,3050.544457369475,2232853,TCS.NS
2025-11-18,3031.98193359375,3049.5622448251693,3023.0443122614724,3046.6158078736476,2548350,TCS.NS
2025-11-19,3091.499755859375,3098.6694669245953,3028.4460542827223,3041.705020306013,3151053,TCS.NS
2025-11-20,3088.65185546875,3108.0000778660146,3082.0715272134535,3091.794673762747,2700767,TCS.NS
2025-11-21,3094.34814453125,3113.4016740052466,3079.2229578295533,3088.6516518716926,4177037,TCS.NS
2025-11-24,3085.115966796875,3122.1428110333977,3075.0981288018247,3101.616062202543,6703764,TCS.NS
2025-11-25,3063.5087890625,3093.562543096727,3059.3838251197944,3089.142887490615,2737920,TCS.NS
2025-11-26,3106.428466796875,3121.2589624366606,3061.348076121797,3063.115986297256,2508527,TCS.NS
2025-11-27,3080.59814453125,3123.223169867727,3069.205159068128,3123.223169867727,2836233,TCS.NS
2025-11-28,3081.48193359375,3091.1070087848907,3069.205113141185,3083.937297684263,1616690,TCS.NS
2025-12-01,3077.455078125,3097.687374390369,3066.4550948216056,3081.8747335418534,1747647,TCS.NS
2025-12-02,3079.714111328125,3087.8659682974553,3064.6872347092776,3075.0980746626374,2512003,TCS.NS
2025-12-03,3123.22314453125,3154.5534946281955,3082.9551731709416,3083.9373188138757,3952112,TCS.NS
2025-12-04,3171.544677734375,3191.9733551637537,3130.4909417024,3136.9731988901626,5025905,TCS.NS
2025-12-05,3180.384033203125,3213.187842167148,3164.866083794654,3172.330486734928,5244013,TCS.NS
2025-12-08,3178.71435546875,3201.6964674714213,3151.3125880977464,3185.0983021118977,2544725,TCS.NS
2025-12-09,3151.01806640625,3175.964471029267,3124.401822284255,3172.330579931189,2734893,TCS.NS
2025-12-10,3132.259033203125,3167.41989738469,3121.357359750894,3167.41989738469,1386849,TCS.NS
2025-12-11,3134.91064453125,3151.1160479641035,3096.8035846478047,3147.7768486239356,1914362,TCS.NS
2025-12-12,3163.0,3165.4553640739014,3128.8212841349605,3140.607031689688,1146554,TCS.NS
2025-12-15,3172.52685546875,3180.384020730158,3140.2143592438706,3153.7680172761306,1562190,TCS.NS
2025-12-16,3147.875244140625,3162.509118995985,3134.1252044928165,3162.509118995985,1734623,TCS.NS
2025-12-17,3160.348388671875,3179.107227122374,3143.3572206041695,3143.3572206041695,1376350,TCS.NS
2025-12-18,3222.2236328125,3229.09865265339,3163.4912725011322,3170.366292342023,2307422,TCS.NS
2025-12-19,3223.402099609375,3258.661033366418,3220.259281411304,3240.09857605464,3902511,TCS.NS
2025-12-22,3265.5361328125,3269.170263717588,3232.2414895890165,3250.9022578364156,2632816,TCS.NS
2025-12-23,3250.902099609375,3260.625245626059,3234.6966963938,3260.625245626059,2365420,TCS.NS
2025-12-24,3259.741455078125,3267.696930860065,3237.2504153109776,3245.107580613968,1367708,TCS.NS
2025-12-26,3221.437744140625,3260.7235702886815,3213.384197736604,3253.9468611908032,1176664,TCS.NS
2025-12-29,3193.446533203125,3229.294848891858,3184.9999848268185,3221.437683809396,2079473,TCS.NS
2025-12-30,3188.83056640625,3209.160933545371,3181.6608551553877,3191.973384551631,2807593,TCS.NS
