Date,Close,High,Low,Open,Volume,Ticker
2021-01-01,2195.604248046875,2210.7317142505094,2190.5003924062867,2202.823016815267,830096,HINDUNILVR.NS
2021-01-04,2231.422607421875,2234.64122647235,2207.696742090053,2211.6510903975313,1614486,HINDUNILVR.NS
2021-01-05,2253.538818359375,2259.424202488643,2211.6507519387637,2211.6507519387637,2356303,HINDUNILVR.NS
2021-01-06,2222.962158203125,2253.033209608352,2208.524398456405,2249.170911865916,1641627,HINDUNILVR.NS
2021-01-07,2178.407470703125,2237.1241442652704,2174.8668998980706,2236.4804653497285,2403881,HINDUNILVR.NS
2021-01-08,2198.96044921875,2207.053021868209,2171.0045340803035,2197.8569676104244,2797948,HINDUNILVR.NS
2021-01-11,2233.8134765625,2245.6302707665564,2208.9841317671244,2230.043004769843,2787672,HINDUNILVR.NS
2021-01-12,2184.890625,2237.4922393875277,2181.3042533431517,2234.457496324699,2036708,HINDUNILVR.NS
2021-01-13,2181.6259765625,2205.2137654410053,2174.4990346600116,2190.4080285867485,1702740,HINDUNILVR.NS
2021-01-14,2205.719970703125,2212.570987253143,2162.1305322563762,2175.7867646886684,2120413,HINDUNILVR.NS
2021-01-15,2162.130615234375,2213.490677766344,2154.4520431872,2200.1563965749806,2042957,HINDUNILVR.NS
2021-01-18,2145.0712890625,2183.602659108488,2134.0818267499117,2183.602659108488,1733797,HINDUNILVR.NS
2021-01-19,2173.165283203125,2190.5919841171044,2136.473119709546,2153.7157199439393,1495269,HINDUNILVR.NS
2021-01-20,2166.54443359375,2183.0973318356205,2157.6703307304124,2167.510064227136,1380562,HINDUNILVR.NS
2021-01-21,2177.3037109375,2206.960986114977,2161.0727648703937,2184.982506098747,1521133,HINDUNILVR.NS
2021-01-22,2215.651611328125,2227.2845311509177,2167.5101733784945,2169.3493843868764,2548089,HINDUNILVR.NS
2021-01-25,2206.68505859375,2236.8021334094797,2193.258730855422,2225.444917681393,2124424,HINDUNILVR.NS
2021-01-27,2199.052490234375,2230.0431480489833,2147.278660080155,2230.0431480489833,2460297,HINDUNILVR.NS
2021-01-28,2115.460205078125,2217.6744815770653,2105.8963985754003,2177.533570538317,3867335,HINDUNILVR.NS
2021-01-29,2081.894775390625,2135.599870621203,2070.031954395448,2128.9787560073123,4472694,HINDUNILVR.NS
2021-02-01,2067.82470703125,2101.298252406608,2047.2254122123138,2093.6194578278323,2717591,HINDUNILVR.NS
2021-02-02,2051.134033203125,2092.1025029435996,2027.7301182376427,2088.470106137804,4215607,HINDUNILVR.NS
2021-02-03,2053.341064453125,2075.549445677196,2039.3170817120626,2052.099507323289,2353429,HINDUNILVR.NS
2021-02-04,2065.06591796875,2077.3885401769826,2047.2254390026608,2058.996432694229,2908003,HINDUNILVR.NS
2021-02-05,2087.09033203125,2101.298189548129,2060.8355548259765,2065.0658291703194,4036942,HINDUNILVR.NS
2021-02-08,2056.83544921875,2104.700958009853,2050.9960892927293,2104.057279094558,2780672,HINDUNILVR.NS
2021-02-09,2038.0753173828125,2073.4340975014693,2032.7875867229359,2066.3531813464997,3131481,HINDUNILVR.NS
2021-02-10,2055.77783203125,2060.835661633653,2034.8568095849469,2041.5239486062962,2055520,HINDUNILVR.NS
2021-02-11,2081.06689453125,2085.6649212535904,2054.444364711504,2061.7551822974206,1824480,HINDUNILVR.NS
2021-02-12,2061.341552734375,2089.5733939330967,2052.5592761618095,2085.6650709386126,1222094,HINDUNILVR.NS
2021-02-15,2037.1097412109375,2079.9174154669126,2035.0866543288507,2070.0316578826223,2449407,HINDUNILVR.NS
2021-02-16,2019.545654296875,2049.8466095081026,2013.9819963232865,2047.9613733996232,2396356,HINDUNILVR.NS
2021-02-17,1989.93408203125,2024.5573608629459,1986.3477106921616,2019.4535058703643,2447956,HINDUNILVR.NS
2021-02-18,1974.2547607421875,1994.2101511794228,1970.898066633898,1990.0259020926599,3205806,HINDUNILVR.NS
2021-02-19,2005.7513427734375,2017.6141621256654,1977.151526239827,1979.8182919816372,3364030,HINDUNILVR.NS
2021-02-22,1993.3367919921875,2027.7299447879086,1987.819159489363,2027.7299447879086,2678023,HINDUNILVR.NS
2021-02-23,2004.050048828125,2016.0969692583926,1995.7275751349273,2009.3377798276715,2062144,HINDUNILVR.NS
2021-02-24,2003.68212890625,2012.556230384209,1982.255280180045,2012.556230384209,924143,HINDUNILVR.NS
2021-02-25,1989.38232421875,2009.3377156685506,1986.3475816219998,2001.9808727736543,2099460,HINDUNILVR.NS
2021-02-26,1960.6446533203125,2006.9466485033672,1949.5633638261481,1984.5083675173717,3413194,HINDUNILVR.NS
2021-03-01,1971.0819091796875,1980.8298151597735,1956.9200773723296,1963.54119062625,1229276,HINDUNILVR.NS
2021-03-02,2002.8543701171875,2008.3259768913292,1968.4612208114233,1988.186710104818,2095135,HINDUNILVR.NS
2021-03-03,2017.1544189453125,2027.729880909238,1998.7623111819635,2027.729880909238,2031893,HINDUNILVR.NS
2021-03-04,2020.28125,2026.3507361558625,1999.2223736795302,2009.3380342639252,2290915,HINDUNILVR.NS
2021-03-05,2024.1435546875,2032.281927845838,2000.3716650698236,2008.970065445504,2129837,HINDUNILVR.NS
2021-03-08,1999.7281494140625,2037.9378021631023,1994.6242940770906,2032.3281189075012,1440724,HINDUNILVR.NS
2021-03-09,2021.75244140625,2027.7298764160932,1988.2328699844275,2001.0613202183306,1711842,HINDUNILVR.NS
2021-03-10,2048.7431640625,2057.065414068962,2016.8786993849574,2032.7879191353597,2696085,HINDUNILVR.NS
2021-03-12,2027.5001220703125,2059.824163931164,2023.131996169492,2056.2377924704474,2038930,HINDUNILVR.NS
2021-03-15,2033.109619140625,2039.178879866063,2007.7744463310191,2028.741493639418,1632022,HINDUNILVR.NS
2021-03-16,2063.640869140625,2066.813463369768,2036.2826041638727,2042.7658681618186,2633605,HINDUNILVR.NS
2021-03-17,2047.3173828125,2080.1472480582966,2040.834120359582,2072.7904054480105,3703365,HINDUNILVR.NS
2021-03-18,2037.1097412109375,2069.0200021850656,2027.729811475425,2058.076788245806,2597091,HINDUNILVR.NS
2021-03-19,2126.174072265625,2138.31282071142,2015.3155775030973,2026.902697322719,5382214,HINDUNILVR.NS
2021-03-22,2164.015625,2167.050368062853,2116.9318681437253,2124.3807625240865,2471516,HINDUNILVR.NS
2021-03-23,2149.393798828125,2182.1776423337556,2145.807202972689,2173.027613282846,1970612,HINDUNILVR.NS
2021-03-24,2132.197265625,2161.9003417632807,2129.3924241269233,2149.3938424716484,1762743,HINDUNILVR.NS
2021-03-25,2057.20361328125,2135.324058816384,2051.6859800543343,2132.1974897930268,2495833,HINDUNILVR.NS
2021-03-26,2131.553466796875,2138.0827555545443,2068.0088624041427,2073.710371516343,1929236,HINDUNILVR.NS
2021-03-30,2205.903564453125,2212.570703939226,2138.0826627841648,2138.0826627841648,3327203,HINDUNILVR.NS
2021-03-31,2236.0205078125,2242.5497958926344,2190.1780892742186,2194.17846252956,2709756,HINDUNILVR.NS
2021-04-01,2206.225830078125,2250.0909712081952,2199.742565856213,2250.0909712081952,1532653,HINDUNILVR.NS
2021-04-05,2182.407470703125,2222.870107938357,2157.85405164708,2207.052940103555,2545447,HINDUNILVR.NS
2021-04-06,2214.685546875,2217.168436347402,2186.2238069974496,2190.7758084490224,3683538,HINDUNILVR.NS
2021-04-07,2211.880859375,2239.2391196666144,2195.420012735847,2222.686222683453,1713970,HINDUNILVR.NS
2021-04-08,2216.15673828125,2242.9173425050276,2203.006562008996,2212.5703673911835,1814515,HINDUNILVR.NS
2021-04-09,2276.943115234375,2283.380353443842,2229.1236313926192,2229.1236313926192,2604858,HINDUNILVR.NS
2021-04-12,2264.068359375,2288.2079996810903,2241.630078762358,2245.216449802625,2261945,HINDUNILVR.NS
2021-04-13,2257.079345703125,2304.4390225808465,2251.9296903038517,2271.425279378094,1811781,HINDUNILVR.NS
2021-04-15,2262.826904296875,2296.25464989857,2226.456690874267,2296.25464989857,3352379,HINDUNILVR.NS
2021-04-16,2261.2177734375,2279.655907793938,2243.8373200667934,2271.3334334869814,1225517,HINDUNILVR.NS
2021-04-19,2240.7568359375,2261.953789357289,2219.973884637187,2243.837604420933,1746316,HINDUNILVR.NS
2021-04-20,2204.7080078125,2258.5509509972294,2192.155483415311,2258.5509509972294,1589508,HINDUNILVR.NS
2021-04-22,2160.52099609375,2197.8570678890533,2144.519950760365,2197.8570678890533,1721265,HINDUNILVR.NS
2021-04-23,2122.2197265625,2161.073061389611,2115.0927834877043,2151.8770058092296,1949756,HINDUNILVR.NS
2021-04-26,2170.86669921875,2179.2812245052746,2125.208374572432,2137.163246432857,1946867,HINDUNILVR.NS
2021-04-27,2188.52294921875,2194.59221000734,2163.785429836172,2173.027508790129,1668456,HINDUNILVR.NS
2021-04-28,2213.076171875,2248.434950633692,2176.062058679496,2188.660606342817,1951215,HINDUNILVR.NS
2021-04-29,2214.04248046875,2252.068036429591,2192.4775500437568,2237.4003723560136,3151150,HINDUNILVR.NS
2021-04-30,2164.521484375,2246.504226362458,2142.9107547381172,2216.249294676049,4010778,HINDUNILVR.NS
2021-05-03,2214.409912109375,2220.847150225972,2151.876741833861,2154.6355581695457,1692239,HINDUNILVR.NS
2021-05-04,2214.087890625,2223.7897726690276,2181.487923521606,2215.513323922793,1453111,HINDUNILVR.NS
2021-05-05,2202.133056640625,2238.3196201737965,2178.2233154226633,2238.3196201737965,1256857,HINDUNILVR.NS
2021-05-06,2197.857177734375,2222.272749025627,2185.9483312346197,2207.053232871339,1377740,HINDUNILVR.NS
2021-05-07,2217.3525390625,2229.1235333159516,2204.432038036505,2215.1455758644333,1169518,HINDUNILVR.NS
2021-05-10,2237.307861328125,2250.22836194754,2221.7666200576045,2228.2038577812814,988495,HINDUNILVR.NS
2021-05-11,2208.984375,2230.9628557855767,2201.7653823019855,2230.0432503215266,1019077,HINDUNILVR.NS
2021-05-12,2141.715087890625,2196.937440581824,2138.128716407328,2196.937440581824,2053932,HINDUNILVR.NS
2021-05-14,2185.76416015625,2190.8677904582896,2139.0021362881585,2141.6689021128827,1388970,HINDUNILVR.NS
2021-05-17,2185.212646484375,2202.455250217813,2176.246492542987,2193.2591948933127,811243,HINDUNILVR.NS
2021-05-18,2183.373046875,2214.731679756315,2176.659882780149,2208.9841462013105,1153722,HINDUNILVR.NS
2021-05-19,2170.0390625,2188.6610737366245,2155.555275982625,2170.2689638732913,1323590,HINDUNILVR.NS
2021-05-20,2155.69287109375,2172.107917003328,2151.8765985553714,2170.268706235332,856235,HINDUNILVR.NS
2021-05-21,2172.337646484375,2175.9240173930175,2151.8764283092128,2151.8764283092128,771492,HINDUNILVR.NS
2021-05-24,2148.703857421875,2170.2225321254314,2138.3122723932447,2165.670530689643,1194864,HINDUNILVR.NS
2021-05-25,2155.601318359375,2179.281159997357,2150.0376601787125,2165.670953687283,1098457,HINDUNILVR.NS
2021-05-26,2164.7509765625,2179.64853821058,2156.7044298144447,2166.360285912111,811095,HINDUNILVR.NS
2021-05-27,2139.3701171875,2163.8317129702023,2136.151497979937,2163.8317129702023,3755182,HINDUNILVR.NS
2021-05-28,2135.048095703125,2161.072976880512,2132.8871574340847,2145.76163474316,1215325,HINDUNILVR.NS
2021-05-31,2151.922607421875,2156.474609135568,2133.6223257111574,2138.082501594966,1178704,HINDUNILVR.NS
2021-06-01,2168.70556640625,2173.0276670962567,2143.2325404757803,2158.3139799724563,1141451,HINDUNILVR.NS
2021-06-02,2169.165283203125,2182.821288816127,2161.072710702991,2166.59034315585,1113091,HINDUNILVR.NS
2021-06-03,2173.257568359375,2180.4305357345133,2156.4747689845485,2178.545299669252,868532,HINDUNILVR.NS
2021-06-04,2153.761962890625,2179.46489000303,2146.313069030966,2179.46489000303,1283795,HINDUNILVR.NS
2021-06-07,2151.233154296875,2164.751310013293,2143.6003838746756,2164.751310013293,1128300,HINDUNILVR.NS
2021-06-08,2169.349365234375,2172.108181722592,2147.4166843478283,2151.2331818643643,1106664,HINDUNILVR.NS
2021-06-09,2166.59033203125,2181.2579933238453,2157.0265256339503,2172.1079644557776,1072858,HINDUNILVR.NS
2021-06-10,2187.557373046875,2207.0069374749924,2165.9006209482873,2173.94716820794,1944339,HINDUNILVR.NS
2021-06-11,2176.246337890625,2196.523683342776,2170.268902354479,2189.5806171635654,1128097,HINDUNILVR.NS
2021-06-14,2190.23291015625,2199.9586331566993,2164.2976488217178,2184.489921379292,1761632,HINDUNILVR.NS
2021-06-15,2215.565673828125,2218.3908096482883,2185.97173727347,2185.97173727347,1215463,HINDUNILVR.NS
2021-06-16,2230.33984375,2240.4825647487182,2207.87805405588,2209.128594658817,2153668,HINDUNILVR.NS
2021-06-17,2239.4169921875,2247.012272975136,2210.4250318046466,2221.1697297932656,1555777,HINDUNILVR.NS
2021-06-18,2299.808837890625,2312.591259859503,2227.6533378997237,2241.5472256620924,3937751,HINDUNILVR.NS
2021-06-21,2328.940185546875,2342.509793977499,2285.081716782321,2291.5191737565333,2506277,HINDUNILVR.NS
2021-06-22,2306.6171875,2347.0946730801456,2298.6512671835317,2332.4135990761306,1945883,HINDUNILVR.NS
2021-06-23,2297.586669921875,2328.6163629040893,2276.931038022618,2311.017432555968,1035668,HINDUNILVR.NS
2021-06-24,2306.524169921875,2320.0940023754565,2291.657891229415,2306.385321502082,759681,HINDUNILVR.NS
2021-06-25,2268.0849609375,2306.339518905708,2264.704204624878,2304.5333583258475,1112942,HINDUNILVR.NS
2021-06-28,2278.783203125,2283.2292932236933,2257.571954507064,2269.4281193910674,694906,HINDUNILVR.NS
2021-06-29,2308.74755859375,2313.3324966930263,2264.703885651431,2273.9664782307827,1354397,HINDUNILVR.NS
2021-06-30,2289.064697265625,2320.2795910474197,2281.376699700517,2308.747707768522,1447245,HINDUNILVR.NS
2021-07-01,2295.27099609375,2300.828552985018,2281.3771038655796,2300.828552985018,735043,HINDUNILVR.NS
2021-07-02,2303.884765625,2308.8864753107655,2271.1877676254007,2295.270509043941,860231,HINDUNILVR.NS
2021-07-05,2314.7685546875,2328.0602411416858,2301.80092333461,2314.7221964908736,761700,HINDUNILVR.NS
2021-07-06,2290.17578125,2313.749031728392,2286.933874178463,2306.3853166076847,461782,HINDUNILVR.NS
2021-07-07,2298.6513671875,2307.126775707618,2265.491464208337,2276.7454245704653,623145,HINDUNILVR.NS
2021-07-08,2267.066162109375,2287.6290748581196,2258.6371114028316,2280.635771399949,1114426,HINDUNILVR.NS
2021-07-09,2270.678466796875,2282.766196693423,2258.6370950959154,2260.0728423339224,538094,HINDUNILVR.NS
2021-07-12,2263.916748046875,2278.5053331199697,2250.810268420349,2272.1142339239163,543898,HINDUNILVR.NS
2021-07-13,2257.01611328125,2274.4761924865784,2250.810220862757,2273.966704616489,994396,HINDUNILVR.NS
2021-07-14,2236.777587890625,2261.323461829811,2231.3588799811064,2259.8877145417077,1377829,HINDUNILVR.NS
2021-07-15,2234.4619140625,2246.1790048078196,2223.9487796055982,2246.1790048078196,693792,HINDUNILVR.NS
2021-07-16,2239.139404296875,2250.810363302352,2228.5801374919583,2241.547769214688,545405,HINDUNILVR.NS
2021-07-19,2231.034423828125,2238.7687796161094,2221.632982171799,2223.0687293473416,463873,HINDUNILVR.NS
2021-07-20,2255.3486328125,2278.597831220202,2225.801052204124,2225.801052204124,1061476,HINDUNILVR.NS
2021-07-22,2202.78369140625,2323.058564391675,2200.3291944626894,2269.3355194416285,3546044,HINDUNILVR.NS
2021-07-23,2184.21240234375,2215.380940994813,2181.062984671303,2206.3499117590236,1517589,HINDUNILVR.NS
2021-07-26,2175.505615234375,2185.9723926810825,2165.5946839357503,2183.425179087916,1311535,HINDUNILVR.NS
2021-07-27,2169.669921875,2185.4626898271626,2160.0369145976797,2175.505401305754,1656945,HINDUNILVR.NS
2021-07-28,2187.268798828125,2193.7989726528413,2170.318433166684,2176.709532402551,912373,HINDUNILVR.NS
2021-07-29,2162.583740234375,2196.531050605837,2158.184008885788,2187.268458293023,1012663,HINDUNILVR.NS
2021-07-30,2161.240966796875,2182.7764964872226,2147.0691536441072,2167.446859157554,1708251,HINDUNILVR.NS
2021-08-02,2160.777587890625,2179.858392442542,2153.182307393745,2169.2991276221856,1229936,HINDUNILVR.NS
2021-08-03,2210.841796875,2216.5382003322648,2154.571552131922,2158.1838724505546,1733476,HINDUNILVR.NS
2021-08-04,2201.81103515625,2218.159421069075,2192.965213763714,2210.842063178141,1588974,HINDUNILVR.NS
2021-08-05,2183.841552734375,2214.686033306552,2180.41443847914,2214.686033306552,921757,HINDUNILVR.NS
2021-08-06,2196.623779296875,2205.1916772342547,2183.6561499862464,2183.8413566060394,1432661,HINDUNILVR.NS
2021-08-09,2208.6650390625,2218.3907605597346,2199.726728331945,2203.9873849244254,921476,HINDUNILVR.NS
2021-08-10,2206.16455078125,2217.4648695506175,2185.1385088998186,2217.4648695506175,1061370,HINDUNILVR.NS
2021-08-11,2214.176513671875,2218.3910387433393,2188.0096882670737,2213.759742211516,1300594,HINDUNILVR.NS
2021-08-12,2215.890380859375,2235.5270346727034,2202.135338481883,2218.391235981406,1226064,HINDUNILVR.NS
2021-08-13,2227.1904296875,2231.960574505061,2211.9071516297568,2223.948522220706,1033159,HINDUNILVR.NS
2021-08-16,2247.4755859375,2257.1551770100336,2216.2143330203194,2226.7274670489633,1146309,HINDUNILVR.NS
2021-08-17,2300.642822265625,2304.023578149369,2251.782645726145,2253.588806076878,1921902,HINDUNILVR.NS
2021-08-18,2302.72705078125,2315.648323197184,2273.0403940503556,2301.754433258001,1545643,HINDUNILVR.NS
2021-08-20,2426.243896484375,2436.0623370430703,2293.418382706708,2306.386014919105,5779927,HINDUNILVR.NS
2021-08-23,2439.905517578125,2475.751928593043,2403.179431711154,2431.4303365742066,2163220,HINDUNILVR.NS
2021-08-24,2438.8408203125,2461.997303604491,2417.5368556838685,2439.76707964418,1482854,HINDUNILVR.NS
2021-08-25,2449.955810546875,2469.8240269965845,2427.401306486265,2437.914439833412,1746570,HINDUNILVR.NS
2021-08-26,2469.77783203125,2498.8625112053965,2436.988341607171,2436.988341607171,2117291,HINDUNILVR.NS
2021-08-27,2480.476318359375,2491.6377893719896,2455.606389118247,2472.186341945666,1176229,HINDUNILVR.NS
2021-08-30,2489.507080078125,2506.2261057021647,2474.5944410025118,2493.1196270374535,1168190,HINDUNILVR.NS
2021-08-31,2523.222900390625,2535.588325631961,2478.345459049141,2489.6921348032292,2535891,HINDUNILVR.NS
2021-09-01,2531.373779296875,2570.369383644284,2514.7938294033265,2542.581606523805,1775792,HINDUNILVR.NS
2021-09-02,2594.49853515625,2602.788510272855,2528.8266182003094,2545.3604363807135,1946183,HINDUNILVR.NS
2021-09-03,2562.681884765625,2601.6311384928686,2552.770954227449,2595.5640940816897,1561823,HINDUNILVR.NS
2021-09-06,2575.556396484375,2616.682214102347,2570.647177545462,2584.263142423203,1444978,HINDUNILVR.NS
2021-09-07,2572.870361328125,2601.584399058342,2565.7382100871555,2582.966723180294,1219915,HINDUNILVR.NS
2021-09-08,2594.359619140625,2602.7886693433315,2561.1997166476253,2583.244507385422,946711,HINDUNILVR.NS
2021-09-09,2603.390625,2615.431995964337,2576.85338636822,2576.85338636822,879454,HINDUNILVR.NS
2021-09-13,2580.883056640625,2614.320886425208,2570.369921641232,2591.2107588437284,1341412,HINDUNILVR.NS
2021-09-14,2558.83740234375,2597.230801018611,2548.185421526448,2595.378282615602,1755061,HINDUNILVR.NS
2021-09-15,2570.786376953125,2579.632198660778,2546.3332214316033,2569.443346170556,1362350,HINDUNILVR.NS
2021-09-16,2564.1171875,2591.0250641361094,2549.065474577802,2549.065474577802,1259196,HINDUNILVR.NS
2021-09-17,2521.50927734375,2577.7795275406947,2499.9737494905985,2565.830873509436,3095032,HINDUNILVR.NS
2021-09-20,2593.850341796875,2601.8623943504554,2510.2090811155267,2519.425315996169,2671330,HINDUNILVR.NS
2021-09-21,2605.058349609375,2648.4536953749325,2590.4234050455466,2602.7890591803066,2277437,HINDUNILVR.NS
2021-09-22,2579.1689453125,2630.48361857461,2569.4432229473423,2619.3685073001443,1580594,HINDUNILVR.NS
2021-09-23,2577.13134765625,2609.920837083342,2568.3782423220077,2592.599833051093,1054473,HINDUNILVR.NS
2021-09-24,2544.110107421875,2575.000946643274,2529.98465258867,2565.8310696983704,1635284,HINDUNILVR.NS
2021-09-27,2509.699462890625,2561.1068517780323,2505.068166594462,2561.1068517780323,1465932,HINDUNILVR.NS
2021-09-28,2522.991455078125,2551.3348536421627,2510.069957085121,2524.0565628055847,1078052,HINDUNILVR.NS
2021-09-29,2487.283935546875,2542.0720781058344,2479.595938772191,2514.747431040545,1503894,HINDUNILVR.NS
2021-09-30,2502.5673828125,2505.8092903117777,2484.181045540162,2487.2841046016215,1620199,HINDUNILVR.NS
2021-10-01,2504.651611328125,2512.0153278470725,2482.467745382351,2506.4577718120127,956111,HINDUNILVR.NS
2021-10-04,2488.11767578125,2523.130322398871,2482.0969903570235,2500.9000992940355,1025005,HINDUNILVR.NS
2021-10-05,2508.912353515625,2514.7478327774365,2487.9326692282666,2488.117875874863,562784,HINDUNILVR.NS
2021-10-06,2487.978759765625,2532.392846576655,2478.669808865812,2495.3888339326377,862471,HINDUNILVR.NS
2021-10-07,2472.556396484375,2504.8366223892344,2469.4072054320786,2499.0475019713986,1082816,HINDUNILVR.NS
2021-10-08,2445.370849609375,2481.0318317758874,2431.8010155180477,2473.575399368113,1579941,HINDUNILVR.NS
2021-10-11,2450.04833984375,2468.943937373146,2441.1561609255027,2447.3620524379758,1086252,HINDUNILVR.NS
2021-10-12,2478.809326171875,2489.831950152111,2431.43124213726,2431.43124213726,1174337,HINDUNILVR.NS
2021-10-13,2451.576904296875,2494.972244762773,2447.733018496922,2489.8778184007692,1660007,HINDUNILVR.NS
2021-10-14,2454.170166015625,2479.364371617675,2426.7991607876374,2451.576594967435,2158809,HINDUNILVR.NS
2021-10-18,2458.292236328125,2481.3560029509467,2448.1497419973066,2475.705956779055,1758177,HINDUNILVR.NS
2021-10-19,2358.997314453125,2530.540497692944,2334.6366487683254,2473.019702660064,5431133,HINDUNILVR.NS
2021-10-20,2295.87255859375,2393.4540677957752,2287.8605059812558,2379.5601780833385,4864654,HINDUNILVR.NS
2021-10-21,2265.398681640625,2320.279545133299,2248.9575790753092,2318.797439799162,3254632,HINDUNILVR.NS
2021-10-22,2273.133056640625,2314.0273146054406,2250.810116878303,2277.6716367916656,1845622,HINDUNILVR.NS
2021-10-25,2274.75390625,2281.88605736251,2232.284828497642,2273.132952536361,1560381,HINDUNILVR.NS
2021-10-26,2271.02587890625,2300.894739501823,2252.573195528012,2300.894739501823,1595060,HINDUNILVR.NS
2021-10-27,2233.51513671875,2288.1273600782697,2228.4358188382043,2287.941015276972,3083879,HINDUNILVR.NS
2021-10-28,2227.0380859375,2251.5951020054545,2206.8614244821674,2236.6838761643585,2015791,HINDUNILVR.NS
2021-10-29,2230.2998046875,2238.547667077929,2211.5210715969715,2236.683763941311,2453400,HINDUNILVR.NS
2021-11-01,2243.30029296875,2246.8415262464987,2207.0938902774,2230.1596872939167,1941114,HINDUNILVR.NS
2021-11-02,2254.297607421875,2262.7784578919227,2238.547716580065,2250.6630872359938,1350154,HINDUNILVR.NS
2021-11-03,2247.261474609375,2268.3700863328436,2223.8227564696685,2268.3700863328436,1591607,HINDUNILVR.NS
2021-11-04,2257.978759765625,2264.642121911803,2255.322607006816,2263.710170421304,245719,HINDUNILVR.NS
2021-11-08,2266.4130859375,2282.3495498773123,2236.777206021329,2282.3495498773123,2555533,HINDUNILVR.NS
2021-11-09,2265.7138671875,2279.7397831949247,2252.0142252258966,2273.775384424244,1696949,HINDUNILVR.NS
2021-11-10,2236.8232421875,2255.3225699810823,2232.9557345763114,2246.9816497834963,1794509,HINDUNILVR.NS
2021-11-11,2214.5029296875,2243.160435994706,2205.183415441254,2239.199642440052,1282647,HINDUNILVR.NS
2021-11-12,2241.297119140625,2249.3586375876625,2214.5035086773823,2225.500583868618,1651974,HINDUNILVR.NS
2021-11-15,2259.74951171875,2264.642257336452,2240.5048033000144,2240.5048033000144,1007999,HINDUNILVR.NS
2021-11-16,2242.881103515625,2268.975746877453,2236.7770028938417,2268.975746877453,1245209,HINDUNILVR.NS
2021-11-17,2228.43603515625,2246.0500573696754,2224.7548717461746,2240.411704537913,956809,HINDUNILVR.NS
2021-11-18,2236.12451171875,2242.6017571684697,2208.7252265021507,2227.3642579494262,1236943,HINDUNILVR.NS
2021-11-22,2226.012939453125,2245.9099687008593,2215.3885551751696,2245.443992921841,1629290,HINDUNILVR.NS
2021-11-23,2231.2783203125,2236.6836847226928,2177.5047622310713,2225.313921497465,1932539,HINDUNILVR.NS
2021-11-24,2213.152099609375,2242.2755876029714,2205.929474586963,2242.2755876029714,999070,HINDUNILVR.NS
2021-11-25,2189.200927734375,2224.5684450652166,2181.698671930319,2224.5684450652166,1363272,HINDUNILVR.NS
2021-11-26,2176.2001953125,2204.0654561574647,2166.9737382820094,2184.4944732486665,2450902,HINDUNILVR.NS
2021-11-29,2170.887939453125,2182.8636083774177,2129.229748948553,2175.5476973960804,1724612,HINDUNILVR.NS
2021-11-30,2159.844482421875,2200.3377340552224,2145.3525894939103,2163.9916215485923,3931035,HINDUNILVR.NS
2021-12-01,2185.28662109375,2196.3767532135435,2165.156377173381,2180.766565193462,1263139,HINDUNILVR.NS
2021-12-02,2221.120361328125,2225.5004884758723,2185.4265684572533,2196.609987997333,1673117,HINDUNILVR.NS
2021-12-03,2184.168212890625,2227.270973138719,2178.8094913462674,2221.120229273713,1890178,HINDUNILVR.NS
2021-12-06,2149.54638671875,2203.086961164305,2144.420652867914,2184.494572065359,1079171,HINDUNILVR.NS
2021-12-07,2163.618408203125,2182.303851293236,2154.671583971605,2169.4895198574186,895313,HINDUNILVR.NS
2021-12-08,2181.325927734375,2184.913804749343,2160.4967192105473,2160.4967192105473,839769,HINDUNILVR.NS
2021-12-09,2180.533935546875,2188.7817988965307,2163.572460536481,2181.698875142744,716666,HINDUNILVR.NS
2021-12-10,2174.056396484375,2187.29006162018,2162.1273723727386,2187.29006162018,724539,HINDUNILVR.NS
2021-12-13,2147.54248046875,2191.9498774079,2144.4203520049227,2191.9498774079,1804894,HINDUNILVR.NS
2021-12-14,2160.543701171875,2166.7410890507476,2147.216746174107,2148.148697886856,1219031,HINDUNILVR.NS
2021-12-15,2163.012939453125,2166.601043989555,2143.9545754528085,2158.399824711456,755122,HINDUNILVR.NS
2021-12-16,2152.34228515625,2167.0671663860862,2147.1699081147017,2163.0130857928384,926493,HINDUNILVR.NS
2021-12-17,2078.48486328125,2151.8294018987663,2074.5240693483074,2146.2843358980913,2439222,HINDUNILVR.NS
2021-12-20,2114.69140625,2119.584152010436,2051.3651148145655,2074.5242024248582,2175705,HINDUNILVR.NS
2021-12-21,2118.185791015625,2146.004403270738,2099.4534772139364,2134.168666216808,1591415,HINDUNILVR.NS
2021-12-22,2122.6591796875,2159.704250708184,2114.5978904636963,2143.4883861024687,1661605,HINDUNILVR.NS
2021-12-23,2144.093994140625,2148.148073924424,2119.816841096998,2142.509722194582,1423081,HINDUNILVR.NS
2021-12-24,2140.64599609375,2155.60386347937,2127.9249488700993,2152.808008922328,895503,HINDUNILVR.NS
2021-12-27,2144.79296875,2151.0372254656045,2123.2183837665043,2140.6458303169975,584302,HINDUNILVR.NS
2021-12-28,2151.96923828125,2160.6362049622685,2141.3914980470654,2152.8079035964406,783710,HINDUNILVR.NS
2021-12-29,2149.872802734375,2163.8520777959748,2142.60353419689,2157.3748316622896,1410236,HINDUNILVR.NS
2021-12-30,2167.346435546875,2171.446931015159,2140.3662583951077,2150.943998619308,963711,HINDUNILVR.NS
2021-12-31,2199.54541015625,2209.0514982060076,2171.4471612903626,2180.766677004055,1123597,HINDUNILVR.NS
2022-01-03,2200.6171875,2216.180732504574,2192.881944315922,2216.180732504574,879278,HINDUNILVR.NS
2022-01-04,2237.8486328125,2244.23259186494,2195.0721481873306,2207.746552600195,1484275,HINDUNILVR.NS
2022-01-05,2251.408447265625,2255.3225980046523,2229.227956374846,2240.2250294242795,1202512,HINDUNILVR.NS
2022-01-06,2228.6689453125,2247.867239111832,2206.5817380953326,2234.81991682843,1198901,HINDUNILVR.NS
2022-01-07,2251.734375,2257.0930957663277,2225.5000330418175,2225.5000330418175,1026186,HINDUNILVR.NS
2022-01-10,2243.254150390625,2259.9826361507035,2238.547749292367,2259.9826361507035,919447,HINDUNILVR.NS
2022-01-11,2240.08544921875,2253.738677143737,2229.228303716983,2252.6667962505976,1321335,HINDUNILVR.NS
2022-01-12,2248.93896484375,2251.5951179764356,2235.2859645970534,2243.39389820021,1487554,HINDUNILVR.NS
2022-01-13,2249.917236328125,2257.0932172786993,2239.7124130422185,2253.458697487188,1586299,HINDUNILVR.NS
2022-01-14,2202.853759765625,2256.254627305183,2200.1511913716477,2255.322675786263,1596037,HINDUNILVR.NS
2022-01-17,2226.945068359375,2231.278552438457,2185.426577636983,2203.1336586498196,912205,HINDUNILVR.NS
2022-01-18,2208.25927734375,2244.79173391548,2196.982572171275,2244.79173391548,1667579,HINDUNILVR.NS
2022-01-19,2152.714599609375,2207.4203326677316,2148.1947715170586,2203.1332649146266,2145255,HINDUNILVR.NS
2022-01-20,2107.88818359375,2167.3000983532907,2090.3674479317615,2166.7874794656022,2829711,HINDUNILVR.NS
2022-01-21,2167.16015625,2175.501305078791,2096.891096730464,2110.684025894407,4596050,HINDUNILVR.NS
2022-01-24,2129.13671875,2185.3798613564986,2112.4546485750116,2179.741508664749,2231103,HINDUNILVR.NS
2022-01-25,2168.884033203125,2174.8950746089126,2088.409933698486,2128.1111568672623,1843543,HINDUNILVR.NS
2022-01-27,2139.1552734375,2167.3468103571004,2120.1899666806853,2152.808273860388,2620474,HINDUNILVR.NS
2022-01-28,2128.158203125,2160.9162121076724,2123.03246912885,2138.4563142045336,1967721,HINDUNILVR.NS
2022-01-31,2119.025146484375,2154.532596739286,2116.4622793473404,2134.169361385033,1639875,HINDUNILVR.NS
2022-02-01,2148.75390625,2162.1275014183693,2123.3582276234265,2146.563956719639,1270508,HINDUNILVR.NS
2022-02-02,2169.48974609375,2174.242789623745,2140.2732038896747,2165.948512513049,1246111,HINDUNILVR.NS
2022-02-03,2141.7646484375,2173.2646605218774,2134.1693333058543,2170.515448589229,1448039,HINDUNILVR.NS
2022-02-04,2149.639404296875,2155.3708149666895,2127.6452580559735,2149.0801423903085,1014561,HINDUNILVR.NS
2022-02-07,2103.974365234375,2159.0525772326255,2084.7760681422237,2139.062257668055,1207402,HINDUNILVR.NS
2022-02-08,2110.2646484375,2113.6661806891766,2093.675864829641,2113.6661806891766,1190660,HINDUNILVR.NS
2022-02-09,2122.6591796875,2125.1756306842617,2102.109831746855,2113.2466063344223,1049611,HINDUNILVR.NS
2022-02-10,2127.784912109375,2129.509113343318,2102.342818947658,2124.8493559837048,1195100,HINDUNILVR.NS
2022-02-11,2104.3466796875,2123.9176629795447,2095.959115419481,2123.9176629795447,2100036,HINDUNILVR.NS
2022-02-14,2076.900634765625,2084.076616065637,2056.8170337202287,2068.9324036515213,1661501,HINDUNILVR.NS
2022-02-15,2134.26220703125,2147.355943497787,2071.308838117581,2094.9803150499783,1533070,HINDUNILVR.NS
2022-02-16,2130.90673828125,2146.9828988915065,2120.189297874412,2134.2618541151332,995668,HINDUNILVR.NS
2022-02-17,2150.524658203125,2155.6037482046927,2121.1215438451713,2126.7132526602286,869374,HINDUNILVR.NS
2022-02-18,2155.1845703125,2169.3968312380184,2137.896823812407,2137.896823812407,890713,HINDUNILVR.NS
2022-02-21,2138.642578125,2147.2631304287875,2129.276419035436,2141.624777740861,737919,HINDUNILVR.NS
2022-02-22,2115.483154296875,2124.849311900827,2096.9840544793274,2124.849311900827,902667,HINDUNILVR.NS
2022-02-23,2106.5830078125,2119.210995712677,2098.9876943571803,2115.5298329185475,1324411,HINDUNILVR.NS
2022-02-24,2023.6396484375,2089.435523553151,2013.295122013868,2050.2935556721377,2997629,HINDUNILVR.NS
2022-02-25,2022.9869384765625,2046.565355334445,2015.0187081860074,2045.6334038975897,2193728,HINDUNILVR.NS
2022-02-28,2024.292236328125,2031.5612770554924,1975.7374651592988,2016.7433370776994,2334036,HINDUNILVR.NS
2022-03-02,2002.8572998046875,2008.1693784861645,1978.5799148133701,1984.0783383117457,2034688,HINDUNILVR.NS
2022-03-03,1948.710693359375,2020.4243197114147,1944.6101975454092,2011.0581611173682,2372998,HINDUNILVR.NS
2022-03-04,1882.0760498046875,1936.5485693455835,1840.8371960270904,1933.7993579325212,6320118,HINDUNILVR.NS
2022-03-07,1811.667236328125,1845.4039519292721,1795.8707024837552,1844.7981606469089,2976453,HINDUNILVR.NS
2022-03-08,1816.3734130859375,1824.7609763069602,1772.15236138721,1793.5872451742684,3211938,HINDUNILVR.NS
2022-03-09,1861.9459228515625,1870.4733018212646,1818.2373747899483,1830.3527442785537,2879079,HINDUNILVR.NS
2022-03-10,1958.9154052734375,1970.1454663272466,1909.5686189709218,1912.271187303623,4879791,HINDUNILVR.NS
2022-03-11,1951.8792724609375,1966.604152736656,1929.1397452190097,1957.0982922511694,2481643,HINDUNILVR.NS
2022-03-14,1919.16796875,1952.4385952495188,1906.8661394143592,1952.4385952495188,1730325,HINDUNILVR.NS
2022-03-15,1899.503662109375,1939.2048903709785,1887.2019467765758,1905.8409783496777,2391023,HINDUNILVR.NS
2022-03-16,1931.1431884765625,1938.459098681995,1893.7720702538804,1919.820068886976,2808685,HINDUNILVR.NS
2022-03-17,1959.0087890625,1972.661788174635,1940.6493891465368,1955.3276259682223,2995889,HINDUNILVR.NS
2022-03-21,1911.6190185546875,1967.2564818852334,1906.772915886816,1963.1559859802433,1674982,HINDUNILVR.NS
2022-03-22,1857.845458984375,1913.9955412034915,1835.012645467888,1913.9955412034915,5356303,HINDUNILVR.NS
2022-03-23,1843.9127197265625,1879.3268773775708,1840.8372342145824,1875.0864524691758,3212162,HINDUNILVR.NS
2022-03-24,1832.1236572265625,1855.8417797344202,1818.5637160592823,1835.9446360005397,3054664,HINDUNILVR.NS
2022-03-25,1820.1015625,1842.4684019777267,1812.6459493407579,1840.5113262761513,2233647,HINDUNILVR.NS
2022-03-28,1840.6973876953125,1846.0095795115542,1799.8779801914297,1826.578299696128,1794533,HINDUNILVR.NS
2022-03-29,1851.8343505859375,1859.1035043300467,1839.7189805821397,1845.2640467322778,1249125,HINDUNILVR.NS
2022-03-30,1878.7210693359375,1881.6100962604849,1859.2899031302493,1863.903017593348,1476829,HINDUNILVR.NS
2022-03-31,1909.2425537109375,1914.2285857802215,1880.6783281910843,1881.9830831833865,2540524,HINDUNILVR.NS
2022-04-01,1936.7349853515625,1943.9111941702524,1899.6900257155633,1915.0671122310337,1714996,HINDUNILVR.NS
2022-04-04,1983.612060546875,1987.339866426369,1929.325887426742,1936.5951543971983,1693019,HINDUNILVR.NS
2022-04-05,1994.1900634765625,2011.151536957502,1982.261037585082,1998.5701904566095,1277652,HINDUNILVR.NS
2022-04-06,1996.287109375,2017.1160925698935,1976.949112327642,1989.7168046317706,1736115,HINDUNILVR.NS
2022-04-07,2017.4888916015625,2026.994752521732,1989.809974279474,1994.3298030733458,1824732,HINDUNILVR.NS
2022-04-08,2034.496826171875,2044.2356741218994,2016.277128316722,2029.5107944923936,1693462,HINDUNILVR.NS
2022-04-11,2015.85791015625,2044.7950522139772,1993.3511429881326,2039.1100565664012,1380107,HINDUNILVR.NS
2022-04-12,1987.1539306640625,2017.6753475848025,1980.397281116723,1995.2152215268802,1370233,HINDUNILVR.NS
2022-04-13,2005.6995849609375,2017.6752542708587,1985.709268247399,1992.232929577605,1071601,HINDUNILVR.NS
2022-04-18,2029.46435546875,2034.357101476611,1989.7633529498871,2001.8320809304937,1828131,HINDUNILVR.NS
2022-04-19,1969.2603759765625,2056.677481654838,1958.076956764687,2036.9665687775598,1775996,HINDUNILVR.NS
2022-04-20,2017.628173828125,2021.0763485640457,1950.29468397993,1970.5179842143627,1511804,HINDUNILVR.NS
2022-04-21,2048.382568359375,2053.787932075155,2020.47066896832,2036.3138430331087,2244813,HINDUNILVR.NS
2022-04-22,1982.2144775390625,2040.042121791504,1975.7374592041976,2033.5184603696034,3520828,HINDUNILVR.NS
2022-04-25,1957.797119140625,2014.8791486764399,1907.7047258745017,1957.0981555136557,2437310,HINDUNILVR.NS
2022-04-26,2002.157958984375,2011.1045562556303,1976.668996193254,1996.4263211353834,1447088,HINDUNILVR.NS
2022-04-27,1999.1292724609375,2005.932336453137,1960.3599986854579,2001.645496029156,2214481,HINDUNILVR.NS
2022-04-28,2089.2958984375,2096.891213377274,2017.6753230941329,2078.2521803694763,5865359,HINDUNILVR.NS
2022-04-29,2082.772216796875,2134.169258809261,2071.3091661021863,2091.672172950454,2678692,HINDUNILVR.NS
2022-05-02,2078.717529296875,2098.754483737531,2055.7914346004113,2068.9320399188805,1543544,HINDUNILVR.NS
2022-05-04,2023.7794189453125,2097.683221819358,2002.4375920917612,2089.3887165693423,1608395,HINDUNILVR.NS
2022-05-05,2019.1661376953125,2052.1104855094077,2007.0507686346195,2029.7902933991888,1101451,HINDUNILVR.NS
2022-05-06,2002.950439453125,2022.3350792667557,1962.8765185275624,1980.3972550423298,1585602,HINDUNILVR.NS
2022-05-09,1972.614990234375,1993.8168862012708,1966.557305672405,1977.1350458799618,1341414,HINDUNILVR.NS
2022-05-10,2032.0272216796875,2048.3363750332396,1974.8054832101245,1988.7847575131693,2162232,HINDUNILVR.NS
2022-05-11,2016.277099609375,2040.6941837594723,1972.0094027147852,2036.314057151137,1858636,HINDUNILVR.NS
2022-05-12,1993.258056640625,2017.535440461984,1965.6721992515734,2017.535440461984,1531515,HINDUNILVR.NS
2022-05-13,2044.794921875,2067.0684722011733,2007.5632766140677,2022.3347992229694,2057239,HINDUNILVR.NS
2022-05-16,2066.369384765625,2070.7495111435505,2024.4782119397046,2050.2932220021985,1396818,HINDUNILVR.NS
2022-05-17,2092.23095703125,2122.053402743945,2070.143753680726,2085.614010877864,2055096,HINDUNILVR.NS
2022-05-18,2135.4736328125,2145.352409985793,2083.936895515336,2083.936895515336,2137455,HINDUNILVR.NS
2022-05-19,2110.451171875,2128.3912412850877,2092.6508042026585,2092.7907334676647,1734602,HINDUNILVR.NS
2022-05-20,2167.6728515625,2188.222430540445,2127.365943504206,2134.1692359189183,2599505,HINDUNILVR.NS
2022-05-23,2217.858642578125,2225.5006008108,2149.4068375268134,2151.8764184556685,2363306,HINDUNILVR.NS
2022-05-24,2152.481689453125,2218.04456844299,2145.39899457443,2218.04456844299,3078655,HINDUNILVR.NS
2022-05-25,2142.277099609375,2171.400587139213,2130.9073355831756,2171.400587139213,1884260,HINDUNILVR.NS
2022-05-26,2125.035888671875,2139.760768735695,2104.3466096712536,2134.3087611319856,2299127,HINDUNILVR.NS
2022-05-27,2172.006591796875,2176.01380184294,2125.3157234370588,2140.6929255579585,1011303,HINDUNILVR.NS
2022-05-30,2189.107421875,2204.065288897061,2172.378938020739,2182.816749274554,939562,HINDUNILVR.NS
2022-05-31,2193.114990234375,2206.767989463334,2147.1230901219974,2199.4056632117813,3123979,HINDUNILVR.NS
2022-06-01,2151.36328125,2249.5444576097916,2145.3522398973455,2208.7249385563464,2197599,HINDUNILVR.NS
2022-06-02,2129.32275390625,2149.965387856446,2103.5541593685275,2138.828613349025,1460335,HINDUNILVR.NS
2022-06-03,2135.986572265625,2166.740977198737,2111.0102221478273,2128.5776020371914,1845303,HINDUNILVR.NS
2022-06-06,2125.3154296875,2145.3057441762653,2094.654315858785,2117.5801866085376,2131405,HINDUNILVR.NS
2022-06-07,2061.104248046875,2106.0709127136256,2056.863822764561,2096.891098449515,2034730,HINDUNILVR.NS
2022-06-08,2047.544189453125,2067.9538372977217,2037.246079365342,2064.2726741968127,1506843,HINDUNILVR.NS
2022-06-09,2048.14990234375,2058.0753229955944,2023.0338532527846,2047.497581755784,1497867,HINDUNILVR.NS
2022-06-10,2050.2001953125,2058.5413439975937,2015.6249281184046,2015.8112729294546,1641981,HINDUNILVR.NS
2022-06-13,2047.4041748046875,2066.1364911070755,2009.287449177652,2020.4708672621286,1519441,HINDUNILVR.NS
2022-06-14,2023.2669677734375,2063.2942443618927,2013.0154999496199,2041.7662984482267,1592475,HINDUNILVR.NS
2022-06-15,2018.14306640625,2029.7541496219887,2003.5232240960781,2029.5661595626098,1432377,HINDUNILVR.NS
2022-06-16,2018.2838134765625,2034.5489689786614,2007.3308112574412,2016.6855538166492,1353485,HINDUNILVR.NS
2022-06-17,1984.20263671875,2031.1645771164237,1974.377802608231,2030.7885969684662,3252189,HINDUNILVR.NS
2022-06-20,2064.540771484375,2071.1220302134116,1982.0399924168078,1984.7195967137795,2022000,HINDUNILVR.NS
2022-06-21,2073.096435546875,2098.481289859694,2042.2114376518462,2063.6946376532383,1606187,HINDUNILVR.NS
2022-06-22,2071.074951171875,2091.8057300002215,2055.2798862496575,2058.2413605005468,1741378,HINDUNILVR.NS
2022-06-23,2117.848876953125,2122.314730513193,2060.9680052933136,2075.9167706589064,1585753,HINDUNILVR.NS
2022-06-24,2166.080078125,2180.0888944056537,2124.853332973325,2129.507176922961,1930048,HINDUNILVR.NS
2022-06-27,2181.827880859375,2192.3580768959264,2160.5799578297406,2177.3152020277726,1450391,HINDUNILVR.NS
2022-06-28,2179.007568359375,2184.9778017577833,2141.5885968634702,2181.8281076903877,1404108,HINDUNILVR.NS
2022-06-29,2099.844482421875,2162.3193828566273,2091.9000091930543,2158.8407635800163,1682914,HINDUNILVR.NS
2022-06-30,2097.164794921875,2114.4640084679777,2080.993521499509,2091.8055873498342,2387212,HINDUNILVR.NS
2022-07-01,2145.8193359375,2155.832158421891,2071.780180911018,2092.840115415233,1235612,HINDUNILVR.NS
2022-07-04,2233.114990234375,2236.029639396416,2139.84920101813,2139.84920101813,2410245,HINDUNILVR.NS
2022-07-05,2257.841796875,2267.713684806371,2229.7305125801013,2241.8587402242088,2463079,HINDUNILVR.NS
2022-07-06,2348.945068359375,2359.0051756249095,2256.4314699075953,2256.4314699075953,4770394,HINDUNILVR.NS
2022-07-07,2325.017578125,2379.5950611316607,2318.013284559506,2355.1503864617976,3333262,HINDUNILVR.NS
2022-07-08,2347.488037109375,2354.0222408446275,2306.0730708063625,2328.308231372418,1346970,HINDUNILVR.NS
2022-07-11,2341.61181640625,2373.953908533825,2331.6458190748067,2338.227077435098,1587197,HINDUNILVR.NS
2022-07-12,2303.017333984375,2341.6117583184705,2298.222325483538,2326.9448625220853,1116476,HINDUNILVR.NS
2022-07-13,2348.333984375,2368.641958908877,2314.1583584470563,2316.6029176258635,2528792,HINDUNILVR.NS
2022-07-14,2348.380859375,2371.9792317094325,2320.5514489287234,2353.0347029011564,1663307,HINDUNILVR.NS
2022-07-15,2414.8515625,2419.9284410719883,2352.376667263305,2378.6546440042825,2996964,HINDUNILVR.NS
2022-07-18,2400.749267578125,2449.168530268657,2381.522635387842,2426.6042136750107,1566888,HINDUNILVR.NS
2022-07-19,2414.33447265625,2420.9627856075535,2371.838395103478,2397.411237650061,1473121,HINDUNILVR.NS
2022-07-20,2448.6982421875,2461.3906692443366,2383.919947022965,2420.9629386188567,4012897,HINDUNILVR.NS
2022-07-21,2451.471923828125,2472.5789157243375,2436.6640910707065,2460.450687375557,1990695,HINDUNILVR.NS
2022-07-22,2482.638916015625,2485.083245817612,2454.856556522425,2460.450580525075,1905780,HINDUNILVR.NS
2022-07-25,2466.65576171875,2495.237135205847,2455.749584460314,2487.2456070787753,1253821,HINDUNILVR.NS
2022-07-26,2394.732177734375,2467.9720959286383,2386.2705591197623,2467.9720959286383,1685576,HINDUNILVR.NS
2022-07-27,2427.4970703125,2435.5356531176712,2373.953879221046,2383.684831490896,1404133,HINDUNILVR.NS
2022-07-28,2463.364990234375,2467.9717790742206,2430.364590059756,2467.9717790742206,1442054,HINDUNILVR.NS
2022-07-29,2479.630126953125,2486.7755852886153,2440.7067748239115,2482.0746862616047,1463059,HINDUNILVR.NS
2022-08-01,2437.88623046875,2480.194321626133,2425.663893023284,2479.724231724384,1559918,HINDUNILVR.NS
2022-08-02,2477.608642578125,2481.2284263663405,2443.527127240507,2444.467306973959,1359934,HINDUNILVR.NS
2022-08-03,2469.240966796875,2504.638639539002,2442.4926715708543,2458.8048806510415,1767904,HINDUNILVR.NS
2022-08-04,2470.7451171875,2485.317902068479,2458.56983637157,2476.4332500966407,1189384,HINDUNILVR.NS
2022-08-05,2487.151611328125,2498.668814156996,2470.369539213423,2480.1943724540997,1176666,HINDUNILVR.NS
2022-08-08,2491.8056640625,2498.997947831553,2468.959248654791,2487.1515903501963,1024511,HINDUNILVR.NS
2022-08-10,2484.70703125,2516.579032217139,2473.8008545899643,2491.80543410414,1098949,HINDUNILVR.NS
2022-08-11,2457.34765625,2508.164415361328,2450.672518046582,2497.164358687816,810674,HINDUNILVR.NS
2022-08-12,2439.718994140625,2469.005726246526,2430.4583628514856,2467.877327103698,1473527,HINDUNILVR.NS
2022-08-16,2486.305419921875,2489.92520387724,2435.5827668671755,2451.9418031702107,1584117,HINDUNILVR.NS
2022-08-17,2524.0537109375,2532.8444842395543,2486.3055822462884,2492.416751194899,1711381,HINDUNILVR.NS
2022-08-18,2521.609375,2552.5882546883545,2505.2501081322753,2524.382859608925,1465489,HINDUNILVR.NS
2022-08-19,2476.95068359375,2537.4981695694582,2469.3821904627666,2528.1434266721417,1324508,HINDUNILVR.NS
2022-08-22,2469.570556640625,2507.271863349108,2463.3655068734993,2489.5964348980474,1410895,HINDUNILVR.NS
2022-08-23,2437.65087890625,2472.39047236866,2430.5995312669493,2446.394595886194,1305045,HINDUNILVR.NS
2022-08-24,2433.42041015625,2453.8693211659665,2408.08261000775,2421.9032074036513,1242489,HINDUNILVR.NS
2022-08-25,2420.2109375,2471.168639747808,2411.9843637664853,2445.595793591988,1106593,HINDUNILVR.NS
2022-08-26,2417.719482421875,2458.2881501826396,2408.7407191579205,2444.37344282205,1048791,HINDUNILVR.NS
2022-08-29,2421.71484375,2451.8944734834326,2397.458162318159,2397.458162318159,1450034,HINDUNILVR.NS
2022-08-30,2500.737060546875,2507.4592535704824,2430.9287179980906,2433.843137339098,2227943,HINDUNILVR.NS
2022-09-01,2450.108642578125,2496.177454353385,2438.826484592347,2491.4765551926444,1702269,HINDUNILVR.NS
2022-09-02,2447.85205078125,2466.091445832684,2430.3646158892443,2458.5700079498542,937600,HINDUNILVR.NS
2022-09-05,2445.03173828125,2465.527474783493,2431.399130854591,2441.6469991057124,1274074,HINDUNILVR.NS
2022-09-06,2419.1767578125,2463.2710990303262,2409.6808499292847,2436.193874629951,1250776,HINDUNILVR.NS
2022-09-07,2411.18505859375,2441.5526806371126,2407.612329666275,2417.9543068301887,1344964,HINDUNILVR.NS
2022-09-08,2422.984375,2440.706856741082,2409.680922121492,2425.6639793497657,1004533,HINDUNILVR.NS
2022-09-09,2433.84326171875,2488.6557867987513,2428.907318053962,2442.5869792607314,1785443,HINDUNILVR.NS
2022-09-12,2426.03955078125,2449.168062688624,2420.02249265279,2436.00554718857,1595709,HINDUNILVR.NS
2022-09-13,2431.868896484375,2452.9288298863,2424.7234389715472,2442.5868532175573,1342130,HINDUNILVR.NS
2022-09-14,2417.577880859375,2450.1081888418407,2394.3554892130956,2397.4581279918243,1610054,HINDUNILVR.NS
2022-09-15,2407.236328125,2443.3393710668047,2398.3987295990864,2425.663944478888,1199906,HINDUNILVR.NS
2022-09-16,2376.915283203125,2410.4798830604955,2367.9835758033796,2402.1592006684114,2516820,HINDUNILVR.NS
2022-09-19,2424.958740234375,2433.185313454129,2358.0179846277065,2379.5950650511595,1166725,HINDUNILVR.NS
2022-09-20,2429.001220703125,2464.6809931015428,2425.28755693162,2443.150970576072,1253333,HINDUNILVR.NS
2022-09-21,2466.65576171875,2488.4208318033448,2425.663831511336,2427.5441910706472,1960049,HINDUNILVR.NS
2022-09-22,2531.669189453125,2539.6607178573036,2463.31816300931,2466.1857573439092,2620240,HINDUNILVR.NS
2022-09-23,2521.609375,2560.8148282531884,2514.0408814131347,2536.511087678643,1789791,HINDUNILVR.NS
2022-09-26,2501.395263671875,2565.7505212379992,2484.94211815276,2508.869646729059,2678551,HINDUNILVR.NS
2022-09-27,2518.9765625,2551.4127634540914,2494.6728244634487,2515.9209783521505,1898501,HINDUNILVR.NS
2022-09-28,2540.4599609375,2546.712064870694,2493.4039154560223,2510.2330422705436,1526197,HINDUNILVR.NS
2022-09-29,2539.00244140625,2563.8701496087356,2530.1177887752156,2548.9213835651585,2019666,HINDUNILVR.NS
2022-09-30,2535.1474609375,2552.4937301858768,2508.305285074081,2545.0664025027845,1340054,HINDUNILVR.NS
2022-10-03,2465.62158203125,2570.451632134771,2460.9677378217643,2560.1096540976523,1683197,HINDUNILVR.NS
2022-10-04,2508.352294921875,2516.3908769763475,2476.574176292154,2491.476115818166,1327939,HINDUNILVR.NS
2022-10-06,2457.629638671875,2531.2457521797,2449.2150765966394,2520.903775888426,1752351,HINDUNILVR.NS
2022-10-07,2444.185546875,2456.6899849751667,2420.963150138176,2455.655695310182,1025923,HINDUNILVR.NS
2022-10-10,2449.732666015625,2454.5274454448854,2389.937136789768,2416.262172128129,1043728,HINDUNILVR.NS
2022-10-11,2398.069580078125,2454.3864893467826,2392.757655878528,2453.8693445355434,1129783,HINDUNILVR.NS
2022-10-12,2436.3349609375,2448.7923430031724,2401.4071444430424,2410.1038073945497,882873,HINDUNILVR.NS
2022-10-13,2412.877197265625,2451.1895217396013,2409.586568169701,2428.4842727921514,753331,HINDUNILVR.NS
2022-10-14,2421.71484375,2467.877527898887,2416.449745775194,2435.0653491780513,1001536,HINDUNILVR.NS
2022-10-17,2435.582275390625,2453.8216675668623,2414.381179793256,2419.6462772956916,778918,HINDUNILVR.NS
2022-10-18,2446.5830078125,2483.9551567453645,2441.6470636138197,2463.271200103276,1123374,HINDUNILVR.NS
2022-10-19,2428.484375,2460.9205774535426,2424.1594561917627,2458.852227841982,1241979,HINDUNILVR.NS
2022-10-20,2445.313720703125,2453.8694492948,2414.5228301037364,2414.5228301037364,1428125,HINDUNILVR.NS
2022-10-21,2495.14306640625,2507.2244685877413,2450.1085460353065,2450.1085460353065,2458302,HINDUNILVR.NS
2022-10-24,2419.1767578125,2482.07469520613,2397.458512415012,2453.9634107377374,719908,HINDUNILVR.NS
2022-10-25,2355.5263671875,2431.304950498523,2350.4494881076207,2431.304950498523,2923789,HINDUNILVR.NS
2022-10-27,2368.312744140625,2378.654721189274,2339.1671724580688,2344.8082508482407,1846329,HINDUNILVR.NS
2022-10-28,2373.248779296875,2398.3044782988304,2361.731577139249,2374.988203682049,1164951,HINDUNILVR.NS
2022-10-31,2398.1162109375,2418.1420835866993,2389.983748699422,2392.7572327869943,1324443,HINDUNILVR.NS
2022-11-01,2415.247802734375,2438.0108823159662,2411.272599879386,2431.5273479495604,1280132,HINDUNILVR.NS
2022-11-02,2383.540771484375,2426.79522677603,2367.5449856731047,2426.79522677603,1338284,HINDUNILVR.NS
2022-11-03,2410.08935546875,2412.597455763985,2374.075447663952,2381.0793651090025,730444,HINDUNILVR.NS
2022-11-04,2385.480712890625,2409.758033484079,2380.6535324905067,2408.764175039804,889055,HINDUNILVR.NS
2022-11-07,2397.2646484375,2415.4371702744916,2382.3100930959617,2395.655665189773,1283685,HINDUNILVR.NS
2022-11-09,2374.548828125,2408.716901782784,2359.262910290921,2375.6845673603025,1436444,HINDUNILVR.NS
2022-11-10,2379.092041015625,2402.1862529874106,2367.2135718394065,2370.0056648859245,1459152,HINDUNILVR.NS
2022-11-11,2369.106689453125,2410.5155369158833,2361.487415304746,2408.811812405041,1162847,HINDUNILVR.NS
2022-11-14,2326.2783203125,2379.2342792383424,2323.7699883938017,2372.6562336621487,2137131,HINDUNILVR.NS
2022-11-15,2325.993896484375,2336.8785067832846,2313.3581912286645,2326.277889055226,1558333,HINDUNILVR.NS
2022-11-16,2345.2548828125,2350.129202541975,2298.1671148598366,2331.7200610852537,1330395,HINDUNILVR.NS
2022-11-17,2328.3603515625,2364.3268935785063,2322.9180458627097,2347.2427399056714,960476,HINDUNILVR.NS
2022-11-18,2350.7919921875,2355.38255101336,2317.8070269404766,2337.8251539456232,1075675,HINDUNILVR.NS
2022-11-21,2367.544677734375,2377.5775416383053,2337.872421503324,2350.791888564652,1354881,HINDUNILVR.NS
2022-11-22,2381.07958984375,2388.935485714857,2363.3803121354986,2371.8039621071234,921265,HINDUNILVR.NS
2022-11-23,2373.176513671875,2389.8819325720688,2368.112711008046,2386.095980995717,734152,HINDUNILVR.NS
2022-11-24,2412.73974609375,2423.00923312555,2376.7732027895427,2382.310249912894,999929,HINDUNILVR.NS
2022-11-25,2401.666015625,2418.65542961983,2383.4461209707506,2418.2769268367074,783480,HINDUNILVR.NS
2022-11-28,2390.071533203125,2406.445822378894,2386.8535663234343,2391.775257876682,830905,HINDUNILVR.NS
2022-11-29,2493.238525390625,2498.680831133064,2391.964314183493,2391.964314183493,2542932,HINDUNILVR.NS
2022-11-30,2540.704833984375,2553.624301120372,2482.637710095899,2493.049076779488,3698270,HINDUNILVR.NS
2022-12-01,2520.355224609375,2539.4268620598414,2505.2114192448735,2536.5873985539974,1675569,HINDUNILVR.NS
2022-12-02,2475.16064453125,2517.657859580169,2467.635880729102,2517.657859580169,2101890,HINDUNILVR.NS
2022-12-05,2479.656494140625,2484.530814546321,2446.8131781312222,2460.8686163125462,1640511,HINDUNILVR.NS
2022-12-06,2512.49951171875,2517.610453969769,2464.512621202319,2467.3047143038234,1484562,HINDUNILVR.NS
2022-12-07,2562.474365234375,2574.2580945547784,2514.108736268077,2517.705436863666,2368561,HINDUNILVR.NS
2022-12-08,2560.675537109375,2565.975961560979,2542.029772464489,2550.832155786268,1314703,HINDUNILVR.NS
2022-12-09,2576.57666015625,2594.8912932696076,2566.1652933597697,2578.8955092729643,1883397,HINDUNILVR.NS
2022-12-12,2571.84423828125,2578.233031586393,2544.7745919949284,2557.5995492152956,1163204,HINDUNILVR.NS
2022-12-13,2565.2666015625,2574.447489408758,2553.4355009677906,2571.6080252660277,1265839,HINDUNILVR.NS
2022-12-14,2540.98876953125,2574.4472108229606,2528.400664721609,2574.4472108229606,886858,HINDUNILVR.NS
2022-12-15,2520.734130859375,2539.663890595482,2506.7260624394216,2525.56131202255,990722,HINDUNILVR.NS
2022-12-16,2528.353271484375,2543.875581215562,2511.3164886240284,2525.2298150780803,1793864,HINDUNILVR.NS
2022-12-19,2572.649169921875,2574.4474047226445,2528.3534845371473,2528.3534845371473,1546941,HINDUNILVR.NS
2022-12-20,2531.429443359375,2561.243814378814,2511.2692034071883,2561.1964437651377,827567,HINDUNILVR.NS
2022-12-21,2523.526123046875,2550.9269029512657,2508.2878057158546,2544.112235934674,779092,HINDUNILVR.NS
2022-12-22,2503.7919921875,2544.63285481951,2500.6211651229855,2533.2749994139554,852567,HINDUNILVR.NS
2022-12-23,2480.839599609375,2507.767134935955,2468.4878859382347,2491.1562255903627,1189702,HINDUNILVR.NS
2022-12-26,2477.384765625,2496.69325788262,2467.25739107319,2480.6974733525367,605144,HINDUNILVR.NS
2022-12-27,2454.47998046875,2493.901112828227,2437.4431966459647,2484.5309741561628,870960,HINDUNILVR.NS
2022-12-28,2445.346435546875,2463.802951141692,2440.1407516611575,2454.2433301210895,822651,HINDUNILVR.NS
2022-12-29,2430.628173828125,2445.062113566875,2403.511158230628,2442.175279403898,1345863,HINDUNILVR.NS
2022-12-30,2424.0029296875,2448.043630384934,2418.4658829342757,2441.8914589151973,696432,HINDUNILVR.NS
2023-01-02,2421.49462890625,2441.9862312468067,2402.233738166701,2436.16519182867,681703,HINDUNILVR.NS
2023-01-03,2406.019775390625,2424.902164059462,2399.3469890283905,2413.591679103535,821843,HINDUNILVR.NS
2023-01-04,2400.38818359375,2421.494680028095,2391.822421426849,2414.0175176499197,1672649,HINDUNILVR.NS
2023-01-05,2445.44091796875,2453.2494437087807,2401.7132200398096,2401.760590653467,2008493,HINDUNILVR.NS
2023-01-06,2438.578857421875,2472.131809376192,2437.111754869187,2441.9389358938606,991782,HINDUNILVR.NS
2023-01-09,2483.63134765625,2488.7422893249154,2432.473636060073,2450.7882673456825,1267078,HINDUNILVR.NS
2023-01-10,2502.3720703125,2511.3637051593632,2475.1605438022557,2483.6315641006513,1413088,HINDUNILVR.NS
2023-01-11,2454.47998046875,2506.1583171616658,2449.605659749921,2502.5142459691024,1471687,HINDUNILVR.NS
2023-01-12,2451.451171875,2463.3296419148805,2435.076884052882,2447.712590671319,1703829,HINDUNILVR.NS
2023-01-13,2483.58447265625,2498.0184144275945,2429.3032942856776,2451.593132547807,1348015,HINDUNILVR.NS
2023-01-16,2458.1240234375,2487.323038952813,2445.7249384783695,2487.323038952813,930068,HINDUNILVR.NS
2023-01-17,2524.803955078125,2531.8552440285057,2462.5723729118167,2466.026961468533,1892865,HINDUNILVR.NS
2023-01-18,2542.455810546875,2549.3652185945693,2517.6578731990176,2525.22977657706,2038075,HINDUNILVR.NS
2023-01-19,2507.956298828125,2535.925062330031,2472.1316395854597,2527.217419914552,1649842,HINDUNILVR.NS
2023-01-20,2412.361083984375,2465.601029437684,2400.340733626147,2413.5441938833374,4569549,HINDUNILVR.NS
2023-01-23,2457.46142578125,2464.6548272312907,2415.437449728976,2423.0093539601016,1388360,HINDUNILVR.NS
2023-01-24,2461.342041015625,2470.3336770047226,2442.6962736534674,2464.654749011608,1462462,HINDUNILVR.NS
2023-01-25,2482.022705078125,2500.6211003928256,2455.1896799466276,2461.3418514653836,1591810,HINDUNILVR.NS
2023-01-27,2472.368408203125,2504.9277323557003,2440.2351884893287,2494.4689942843343,1581382,HINDUNILVR.NS
2023-01-30,2430.722900390625,2470.3335129424054,2394.803729434912,2470.3335129424054,2744039,HINDUNILVR.NS
2023-01-31,2438.86279296875,2451.593009512975,2405.215100575178,2430.581023515572,2366794,HINDUNILVR.NS
2023-02-01,2436.49658203125,2463.708110334017,2410.5629048792493,2461.0578978840813,2014615,HINDUNILVR.NS
2023-02-02,2493.853515625,2498.4912134951937,2425.8482735820367,2432.0004443890143,1980667,HINDUNILVR.NS
2023-02-03,2507.009765625,2515.2441639443396,2490.3514865498996,2498.727996696555,1638238,HINDUNILVR.NS
2023-02-06,2496.45654296875,2503.460460901495,2460.6318840183976,2490.209630484625,1697446,HINDUNILVR.NS
2023-02-07,2462.00390625,2503.980730685609,2456.4197209165113,2503.4601162042572,1495745,HINDUNILVR.NS
2023-02-08,2444.589111328125,2467.9673173617275,2440.3772861867856,2453.9592495561014,1061956,HINDUNILVR.NS
2023-02-09,2448.2802734375,2460.773867852963,2428.688019572779,2448.564266030701,1102484,HINDUNILVR.NS
2023-02-10,2439.572509765625,2448.232781433851,2418.607895662112,2446.671168862906,1523011,HINDUNILVR.NS
2023-02-13,2442.885009765625,2452.11326580794,2413.5438879900594,2423.0087659821775,1146525,HINDUNILVR.NS
2023-02-14,2441.560302734375,2462.7615394676645,2432.663177743183,2446.671245013033,1944364,HINDUNILVR.NS
2023-02-15,2412.0771484375,2434.177734303244,2401.2399077219407,2413.54425096214,2009134,HINDUNILVR.NS
2023-02-16,2391.869873046875,2424.8074699775007,2387.8472991211815,2423.0092352411875,1982857,HINDUNILVR.NS
2023-02-17,2380.89013671875,2409.9946374955744,2372.7502489490885,2389.881771105086,1395341,HINDUNILVR.NS
2023-02-20,2377.05712890625,2406.918870108475,2373.9810430518055,2383.2566712281323,632091,HINDUNILVR.NS
2023-02-21,2381.505859375,2407.818273875194,2377.862018959667,2392.7218354089546,862797,HINDUNILVR.NS
2023-02-22,2360.58837890625,2388.5097741526906,2349.8930185796685,2381.5056244960197,885515,HINDUNILVR.NS
2023-02-23,2357.3701171875,2381.268937894084,2347.3848541888447,2358.647968348811,757215,HINDUNILVR.NS
2023-02-24,2351.265380859375,2376.8679267937805,2339.670903167698,2358.837284658021,732783,HINDUNILVR.NS
2023-02-27,2336.07421875,2353.915609629002,2324.574482207008,2353.915609629002,853991,HINDUNILVR.NS
2023-02-28,2328.97509765625,2341.942165293726,2305.312902808479,2337.5882290112872,1780454,HINDUNILVR.NS
2023-03-01,2334.276123046875,2337.8254531883554,2317.0027163583377,2326.4675967356184,967339,HINDUNILVR.NS
2023-03-02,2323.959228515625,2337.825184242716,2313.216498092793,2334.275854509554,827174,HINDUNILVR.NS
2023-03-03,2338.771728515625,2356.660258371258,2324.2430460274054,2334.0392887573985,1176008,HINDUNILVR.NS
2023-03-06,2351.880859375,2365.131691713863,2343.1258451511085,2349.1359054591003,1214503,HINDUNILVR.NS
2023-03-08,2352.1171875,2367.5447555060214,2335.1749153378546,2353.9154220908404,1448340,HINDUNILVR.NS
2023-03-09,2329.68505859375,2358.6003080932005,2325.4258633473014,2351.8803831278155,1038910,HINDUNILVR.NS
2023-03-10,2333.51904296875,2338.298854095214,2314.258148754384,2318.8958480199453,772024,HINDUNILVR.NS
2023-03-13,2323.722412109375,2355.3350138572746,2314.162792397443,2334.0390372401203,1314549,HINDUNILVR.NS
2023-03-14,2311.749267578125,2339.7180305419433,2309.1937965269844,2330.253151777615,1250763,HINDUNILVR.NS
2023-03-15,2277.34521484375,2327.887589283667,2264.9461277315772,2320.6941869615166,1738040,HINDUNILVR.NS
2023-03-16,2327.7451171875,2337.1626256092,2278.9062489514567,2295.1857946714217,1628035,HINDUNILVR.NS
2023-03-17,2316.434326171875,2350.318638214497,2309.24115698828,2339.386657074509,2127178,HINDUNILVR.NS
2023-03-20,2376.820556640625,2381.97886988922,2295.233339409627,2316.434577619481,1561128,HINDUNILVR.NS
2023-03-21,2330.821044921875,2388.2254399309595,2327.1769743110062,2380.4169152586396,1595161,HINDUNILVR.NS
2023-03-22,2343.835205078125,2348.614783707388,2323.0596125718507,2340.2858757537447,1063244,HINDUNILVR.NS
2023-03-23,2352.1171875,2366.2671354786817,2334.0391760659477,2342.557567219473,1578627,HINDUNILVR.NS
2023-03-24,2348.047119140625,2364.231922830893,2337.8250040816397,2339.9072311494,1449326,HINDUNILVR.NS
2023-03-27,2365.273193359375,2370.9521205943315,2332.146117822129,2352.0223631444765,1387736,HINDUNILVR.NS
2023-03-28,2349.9404296875,2378.9975647887627,2339.623571942456,2375.495605438165,1412387,HINDUNILVR.NS
2023-03-29,2395.419189453125,2403.8902106335704,2347.3375539976164,2352.0226232693785,2613254,HINDUNILVR.NS
2023-03-31,2423.340576171875,2431.0069901140273,2381.8843567038157,2421.8734735972384,2146167,HINDUNILVR.NS
2023-04-03,2400.38818359375,2432.4740326839024,2380.464566021321,2432.4740326839024,918048,HINDUNILVR.NS
2023-04-05,2444.541748046875,2450.0314243612925,2368.112846234936,2378.0509696903587,1489612,HINDUNILVR.NS
2023-04-06,2427.978271484375,2446.6714089414713,2416.3837938211127,2437.2065292163593,797414,HINDUNILVR.NS
2023-04-10,2396.6494140625,2431.480217475743,2389.8821175265043,2427.978258211828,853322,HINDUNILVR.NS
2023-04-11,2411.41455078125,2418.27658806637,2397.4538542356613,2404.0792695454325,913184,HINDUNILVR.NS
2023-04-12,2393.62060546875,2419.2231502023587,2383.871733569996,2419.2231502023587,1109809,HINDUNILVR.NS
2023-04-13,2400.482666015625,2425.233464279976,2389.8820473081432,2389.8820473081432,1261711,HINDUNILVR.NS
2023-04-17,2415.295166015625,2440.99221928254,2405.4041829028697,2435.3132920566018,1566977,HINDUNILVR.NS
2023-04-18,2405.072998046875,2423.0088965935415,2394.614261086586,2423.0088965935415,1474786,HINDUNILVR.NS
2023-04-19,2396.129150390625,2411.651461400883,2375.9215388467683,2411.651461400883,1320243,HINDUNILVR.NS
2023-04-20,2359.2158203125,2396.8858536854373,2347.289980400972,2383.0672690594097,1401364,HINDUNILVR.NS
2023-04-21,2364.27978515625,2375.211768380771,2352.6379358921654,2358.6482274576133,1206288,HINDUNILVR.NS
2023-04-24,2365.983154296875,2370.8574746055406,2342.6523197332685,2368.112752095522,1735797,HINDUNILVR.NS
2023-04-25,2357.180908203125,2365.9832925002665,2345.4445498577115,2357.5596420351417,1701098,HINDUNILVR.NS
2023-04-26,2376.44189453125,2383.2565612791695,2349.372247830502,2356.754899755811,1245903,HINDUNILVR.NS
2023-04-27,2336.83154296875,2387.0427784774947,2325.521057382714,2379.423503726675,2743893,HINDUNILVR.NS
2023-04-28,2325.8046875,2335.74281012788,2289.554155889742,2305.691820276909,3761927,HINDUNILVR.NS
2023-05-02,2320.50439453125,2345.397073120602,2318.895411277431,2339.5288942134157,1760370,HINDUNILVR.NS
2023-05-03,2352.968994140625,2356.7549458608837,2321.4035292425083,2325.4734735570173,1258140,HINDUNILVR.NS
2023-05-04,2372.608642578125,2375.0696036515333,2347.4319709544525,2353.8681351589257,1150227,HINDUNILVR.NS
2023-05-05,2366.9296875,2385.1495801259625,2361.2033893166094,2366.219821553534,1354871,HINDUNILVR.NS
2023-05-08,2381.647705078125,2391.6331992928026,2363.5223219595014,2371.6622108634474,972810,HINDUNILVR.NS
2023-05-09,2381.17431640625,2389.881958912603,2366.2671319100623,2389.881958912603,1651327,HINDUNILVR.NS
2023-05-10,2387.705078125,2399.3469259929784,2371.75689499437,2386.0960948435104,2025658,HINDUNILVR.NS
2023-05-11,2453.67529296875,2459.9222059298563,2388.5571062375384,2401.1925818470027,1749356,HINDUNILVR.NS
2023-05-12,2483.01611328125,2498.7279038952875,2447.9960631130207,2455.1894631455966,2170011,HINDUNILVR.NS
2023-05-15,2519.78759765625,2527.8327453997294,2482.685315454495,2496.787893774364,1561055,HINDUNILVR.NS
2023-05-16,2532.70703125,2535.073251142074,2508.761070803139,2527.1228447351696,1477905,HINDUNILVR.NS
2023-05-17,2519.314208984375,2530.9086859488,2505.4008828422952,2529.0157101178734,839404,HINDUNILVR.NS
2023-05-18,2486.944091796875,2526.365216659521,2481.5491574941975,2522.8632579771606,1434067,HINDUNILVR.NS
2023-05-19,2500.100341796875,2507.246371441466,2461.4835904269426,2487.9852508272297,1174757,HINDUNILVR.NS
2023-05-22,2496.9296875,2513.3511130385637,2482.6849991537706,2493.9954827369143,768232,HINDUNILVR.NS
2023-05-23,2487.654296875,2508.0037875682942,2484.530840460333,2491.1562560348934,703864,HINDUNILVR.NS
2023-05-24,2475.0185546875,2496.835147586533,2468.440509820196,2479.7983649267308,628872,HINDUNILVR.NS
2023-05-25,2458.265869140625,2485.6192789214074,2442.4595663272125,2470.3335907044107,1072231,HINDUNILVR.NS
2023-05-26,2510.41748046875,2514.5345645266775,2463.8029475598632,2464.418072314996,947073,HINDUNILVR.NS
2023-05-29,2508.476806640625,2536.1615763808218,2503.5077454052052,2527.122571156402,698267,HINDUNILVR.NS
2023-05-30,2514.392578125,2522.390354986555,2508.997643093168,2513.398719574783,948051,HINDUNILVR.NS
2023-05-31,2524.803955078125,2536.58768373697,2496.835190185868,2514.3925877195034,3388305,HINDUNILVR.NS
2023-06-01,2553.52978515625,2585.095251180072,2512.45229995698,2524.2833995047145,1541080,HINDUNILVR.NS
2023-06-02,2571.32373046875,2591.6732211002904,2547.6141614479334,2564.9823075104314,1509260,HINDUNILVR.NS
2023-06-05,2551.542236328125,2576.3401741550915,2540.515513175117,2571.0871198698524,1000190,HINDUNILVR.NS
2023-06-06,2547.14111328125,2562.9947874338136,2527.2648650899764,2555.517624592328,655372,HINDUNILVR.NS
2023-06-07,2570.8505859375,2581.072702260696,2535.9726427796395,2546.0526472611928,1428490,HINDUNILVR.NS
2023-06-08,2536.492919921875,2575.914280987985,2531.7604802555584,2562.1428353437727,923536,HINDUNILVR.NS
2023-06-09,2495.13134765625,2545.058584219,2479.893031161459,2545.058584219,1413808,HINDUNILVR.NS
2023-06-12,2501.9931640625,2514.818120149016,2492.102412627911,2503.4602663884634,775484,HINDUNILVR.NS
2023-06-13,2532.70703125,2552.67801956957,2486.8971065699093,2488.884823709716,1787924,HINDUNILVR.NS
2023-06-14,2554.334228515625,2557.5050554214995,2510.0859190452757,2528.069189204348,1536248,HINDUNILVR.NS
2023-06-15,2545.7685546875,2572.0809655177795,2534.8365728138583,2568.720887130483,1830192,HINDUNILVR.NS
2023-06-16,2570.32958984375,2578.23285567541,2539.6161058950015,2545.7682768061213,1748145,HINDUNILVR.NS
2023-06-19,2560.406005859375,2587.2671552212655,2552.5337056457015,2578.297597254088,1068263,HINDUNILVR.NS
2023-06-20,2553.583251953125,2557.686203575258,2526.86514409262,2547.7624281267213,1129279,HINDUNILVR.NS
2023-06-21,2554.060791015625,2582.9258945459865,2546.2837721045807,2562.9825923287567,1201840,HINDUNILVR.NS
2023-06-22,2532.829345703125,2555.396514492259,2527.437872726074,2546.474480526261,830052,HINDUNILVR.NS
2023-06-23,2520.662841796875,2538.7452297462055,2507.1605147486616,2529.918711566066,991214,HINDUNILVR.NS
2023-06-26,2530.682373046875,2551.77045708576,2521.1877148671288,2521.1877148671288,758700,HINDUNILVR.NS
2023-06-27,2529.966796875,2539.747534504064,2515.319452703655,2530.682460603956,687747,HINDUNILVR.NS
2023-06-28,2539.413330078125,2564.557074272448,2521.0446286769024,2531.4932719721824,1397573,HINDUNILVR.NS
2023-06-30,2555.539306640625,2562.9344974808137,2529.966445976903,2543.8978915235925,1160181,HINDUNILVR.NS
2023-07-03,2577.39111328125,2581.9714072296324,2537.6955430131725,2563.98430099116,980665,HINDUNILVR.NS
2023-07-04,2576.389404296875,2582.7826203000327,2552.533946849682,2577.3913801023473,721907,HINDUNILVR.NS
2023-07-05,2629.682373046875,2633.069661354906,2572.667834439286,2576.3414348058154,1717547,HINDUNILVR.NS
2023-07-06,2630.875244140625,2638.41347517002,2610.407076199385,2633.5468688839683,1265020,HINDUNILVR.NS
2023-07-07,2574.576416015625,2642.850547089924,2567.801373090765,2627.0584210397765,1178930,HINDUNILVR.NS
2023-07-10,2534.9287109375,2587.219921184591,2529.6327526973287,2585.836118257277,1518183,HINDUNILVR.NS
2023-07-11,2561.598876953125,2592.372415333359,2524.861474545714,2535.453390243356,2476367,HINDUNILVR.NS
2023-07-12,2551.24560546875,2581.1126841590863,2521.5217992981634,2581.1126841590863,2395826,HINDUNILVR.NS
2023-07-13,2533.163330078125,2564.4139800897906,2529.823565954741,2562.0284342873733,1495067,HINDUNILVR.NS
2023-07-14,2554.3466796875,2563.5072678557194,2529.680278287794,2533.449393693257,1419016,HINDUNILVR.NS
2023-07-17,2558.927001953125,2579.4426940677295,2547.7626951625157,2547.7626951625157,912701,HINDUNILVR.NS
2023-07-18,2559.9765625,2577.4388016680173,2554.728362545665,2562.6006624771676,1215904,HINDUNILVR.NS
2023-07-19,2549.289306640625,2573.43083950197,2539.0789860492114,2559.928745844099,1166542,HINDUNILVR.NS
2023-07-20,2579.490234375,2591.9428279236045,2536.5026597850565,2546.8560199797525,1430764,HINDUNILVR.NS
2023-07-21,2484.783935546875,2553.8217083546697,2473.3333183323734,2528.677968202465,5198952,HINDUNILVR.NS
2023-07-24,2462.121826171875,2486.6451904628643,2457.1121799796833,2484.7845113270273,1777469,HINDUNILVR.NS
2023-07-25,2450.575439453125,2468.180952061506,2444.9934026192527,2462.0738156481693,1653775,HINDUNILVR.NS
2023-07-26,2465.031982421875,2479.8223648804947,2454.5355819673705,2461.4059065812685,1300033,HINDUNILVR.NS
2023-07-27,2452.197998046875,2464.7458755402995,2436.1193264631765,2443.7530728837423,2276136,HINDUNILVR.NS
2023-07-28,2466.2724609375,2475.003464310564,2447.760488019154,2452.3407819867566,966450,HINDUNILVR.NS
2023-07-31,2443.561767578125,2464.6498479007455,2437.073037877548,2457.1593755615845,2003252,HINDUNILVR.NS
2023-08-01,2434.306396484375,2455.967105285392,2428.4855716733723,2452.341029155429,1758897,HINDUNILVR.NS
2023-08-02,2451.3388671875,2455.632849208174,2419.897423206584,2421.805859660217,2082908,HINDUNILVR.NS
2023-08-03,2434.496826171875,2443.800453185906,2421.042256996987,2440.842283719155,1475310,HINDUNILVR.NS
2023-08-04,2429.439453125,2441.7965317946764,2418.9908107892793,2434.4968560026655,1359318,HINDUNILVR.NS
2023-08-07,2451.577392578125,2456.15768660504,2422.521494509924,2423.7142672792547,803823,HINDUNILVR.NS
2023-08-08,2448.380615234375,2466.844595767983,2438.552122170893,2451.5771061046025,1002061,HINDUNILVR.NS
2023-08-09,2435.35546875,2451.3386224534675,2424.668272269319,2448.380686023708,1212549,HINDUNILVR.NS
2023-08-10,2420.565185546875,2434.5921460549325,2411.881939976849,2432.3498731332065,1313334,HINDUNILVR.NS
2023-08-11,2387.262939453125,2420.517301160485,2384.59108212417,2418.942934447687,1472199,HINDUNILVR.NS
2023-08-14,2417.13037109375,2423.714383911913,2374.190549331531,2387.263292919785,1060479,HINDUNILVR.NS
2023-08-16,2435.737548828125,2438.0753369006125,2408.8284083521016,2417.9889965520374,1155882,HINDUNILVR.NS
2023-08-17,2426.8154296875,2443.418733131073,2417.034693167576,2435.7374630154354,1532873,HINDUNILVR.NS
2023-08-18,2437.788818359375,2450.193654307578,2416.175870450372,2416.175870450372,1970819,HINDUNILVR.NS
2023-08-21,2445.422607421875,2457.0162649652852,2422.80768345719,2437.788862086054,977004,HINDUNILVR.NS
2023-08-22,2448.333251953125,2457.112013330394,2436.119211663105,2455.7762009551248,960025,HINDUNILVR.NS
2023-08-23,2456.205322265625,2465.222637361762,2445.1840558310487,2457.1117829326636,1136112,HINDUNILVR.NS
2023-08-24,2463.07568359375,2473.0949745100634,2449.4303169912287,2466.6540017781476,1143934,HINDUNILVR.NS
2023-08-25,2446.186279296875,2462.551029352658,2434.6879026134584,2449.4782857177142,802955,HINDUNILVR.NS
2023-08-28,2438.695556640625,2450.4324878127904,2422.7601583164624,2447.5698330373084,619841,HINDUNILVR.NS
2023-08-29,2410.498291015625,2441.748938080361,2406.6338935508866,2441.748938080361,958564,HINDUNILVR.NS
2023-08-30,2416.03271484375,2419.897345130354,2404.629853993885,2410.4982027140945,1227377,HINDUNILVR.NS
2023-08-31,2390.3642578125,2423.5233390044477,2377.0529610202148,2416.1281482350205,3235414,HINDUNILVR.NS
2023-09-01,2390.1259765625,2399.381847216979,2385.545682259872,2390.364531130726,813413,HINDUNILVR.NS
2023-09-04,2386.881103515625,2398.904344969331,2377.9115464055576,2398.904344969331,1143301,HINDUNILVR.NS
2023-09-05,2392.27294921875,2407.9220355882544,2387.549615397008,2395.087846509409,844088,HINDUNILVR.NS
2023-09-06,2407.96923828125,2410.450298385382,2392.6539920553587,2398.3793003294572,1094146,HINDUNILVR.NS
2023-09-07,2392.654052734375,2406.3949327187215,2385.545174706429,2395.0873554052546,1894798,HINDUNILVR.NS
2023-09-08,2398.7138671875,2405.631949453119,2387.0246937042134,2389.362481808183,1018234,HINDUNILVR.NS
2023-09-11,2420.13623046875,2422.6648158484695,2394.181538581895,2398.714075632551,1121083,HINDUNILVR.NS
2023-09-12,2384.4482421875,2432.302191730767,2374.0948815324236,2432.302191730767,3946716,HINDUNILVR.NS
2023-09-13,2391.795654296875,2394.1334422731693,2377.9117330190265,2379.820169401867,1231305,HINDUNILVR.NS
2023-09-14,2386.30908203125,2398.9047165277284,2378.9616479885913,2396.042061734736,2081195,HINDUNILVR.NS
2023-09-15,2356.6328125,2376.0034899545676,2353.102251497174,2361.4994188575743,3750697,HINDUNILVR.NS
2023-09-18,2374.715087890625,2378.8182728429147,2349.2852654286894,2358.207299000642,1499641,HINDUNILVR.NS
2023-09-20,2353.913330078125,2366.4612065970864,2333.0635686007568,2337.500590177752,1795159,HINDUNILVR.NS
2023-09-21,2360.11572265625,2369.323835274501,2331.0595915476433,2353.1021255686346,2223720,HINDUNILVR.NS
2023-09-22,2368.798828125,2376.003221836102,2345.4682406719435,2355.010422285743,1176741,HINDUNILVR.NS
2023-09-25,2362.501220703125,2385.259184966629,2347.3767690666537,2368.7989210371984,1122778,HINDUNILVR.NS
2023-09-26,2365.458984375,2375.048923164469,2348.5693700837887,2360.735651228966,1263548,HINDUNILVR.NS
2023-09-27,2387.215576171875,2390.1259885114714,2355.9649275780394,2362.64445552176,1086791,HINDUNILVR.NS
2023-09-28,2347.710693359375,2386.49956755551,2340.8878938819985,2385.5453494157437,1612346,HINDUNILVR.NS
2023-09-29,2352.720703125,2359.591028203127,2338.311913796658,2352.6729456179296,1249567,HINDUNILVR.NS
2023-10-03,2355.869384765625,2384.591447770082,2349.0945748521476,2376.0034833723507,1585626,HINDUNILVR.NS
2023-10-04,2393.0361328125,2396.0895843663584,2352.290830548836,2354.103984851398,1587335,HINDUNILVR.NS
2023-10-05,2404.20068359375,2409.2103295004617,2381.1086481021675,2402.7215986857464,1909928,HINDUNILVR.NS
2023-10-06,2384.97314453125,2404.6301348507286,2379.820458856237,2404.5823773426637,1083342,HINDUNILVR.NS
2023-10-09,2396.328125,2401.290012866647,2367.41526800006,2371.232140661084,1468771,HINDUNILVR.NS
2023-10-10,2401.00390625,2405.441160876135,2388.7423415554345,2397.187033262411,1092373,HINDUNILVR.NS
2023-10-11,2439.363525390625,2446.5679200197133,2401.0517545148923,2403.0557060945016,1697398,HINDUNILVR.NS
2023-10-12,2439.935791015625,2450.002839014336,2422.950661481965,2438.0273547301217,1625010,HINDUNILVR.NS
2023-10-13,2451.81591796875,2458.7339999485785,2426.290581008693,2436.1668326066474,1531977,HINDUNILVR.NS
2023-10-16,2441.176513671875,2463.7914388455088,2435.737516422029,2442.7986380497687,954899,HINDUNILVR.NS
2023-10-17,2439.125,2452.3410165625755,2429.8691291371815,2441.1767091109923,1253538,HINDUNILVR.NS
2023-10-18,2431.58642578125,2453.5334434572896,2423.2847743834313,2452.38842825818,1084689,HINDUNILVR.NS
2023-10-19,2431.443603515625,2437.4549920889817,2409.4010688685216,2409.4010688685216,1272343,HINDUNILVR.NS
2023-10-20,2380.917724609375,2427.10203062245,2371.2802594499785,2404.6301428141746,3608160,HINDUNILVR.NS
2023-10-23,2369.80078125,2395.03980478579,2366.7950872556053,2379.820071849205,922707,HINDUNILVR.NS
2023-10-25,2363.884765625,2376.003290029655,2352.1478353104817,2361.7377747002747,1435836,HINDUNILVR.NS
2023-10-26,2363.025634765625,2376.003094248893,2343.2256089802177,2348.3307690548295,2650560,HINDUNILVR.NS
2023-10-27,2368.417236328125,2380.7743149372195,2351.050512366958,2354.3425184342077,1784812,HINDUNILVR.NS
2023-10-30,2365.41162109375,2377.911973852754,2349.667019340712,2357.873389803433,875135,HINDUNILVR.NS
2023-10-31,2370.278076171875,2377.9118219888537,2354.8197874851803,2357.1098180449,920414,HINDUNILVR.NS
2023-11-01,2359.06591796875,2379.772406079239,2353.8654754309146,2371.232199879601,1267131,HINDUNILVR.NS
2023-11-02,2390.353759765625,2399.196906557308,2367.7651670957143,2379.011355660792,1595123,HINDUNILVR.NS
2023-11-03,2411.932861328125,2415.05681541772,2389.3923779852994,2400.1579574519587,1125583,HINDUNILVR.NS
2023-11-06,2400.542236328125,2420.1030879528025,2394.4867595025,2417.4597423101177,1338677,HINDUNILVR.NS
2023-11-07,2399.629150390625,2408.0397956975985,2388.8635713321037,2399.1966498520997,1473411,HINDUNILVR.NS
2023-11-08,2421.641357421875,2427.072137841694,2400.830875317947,2401.1192872588317,745022,HINDUNILVR.NS
2023-11-09,2380.6455078125,2424.188674071027,2377.1371604995797,2422.3143483193016,1823094,HINDUNILVR.NS
2023-11-10,2390.113037109375,2392.083577952951,2369.7352933732855,2380.933372207842,771062,HINDUNILVR.NS
2023-11-13,2382.038818359375,2390.7378755052937,2375.1662135527877,2381.1257095257197,760809,HINDUNILVR.NS
2023-11-15,2389.968994140625,2405.973392229623,2379.972434809914,2404.8678522745317,1457029,HINDUNILVR.NS
2023-11-16,2394.582763671875,2408.6166199984764,2379.3476212589244,2384.0093809981963,1420578,HINDUNILVR.NS
2023-11-17,2430.724609375,2435.242280505872,2369.3989427459933,2369.3989427459933,1756043,HINDUNILVR.NS
2023-11-20,2409.241455078125,2436.203629376514,2403.0416545438093,2436.1555216090155,944231,HINDUNILVR.NS
2023-11-21,2408.088134765625,2419.38243097698,2401.1193136990446,2407.8478305909152,1088806,HINDUNILVR.NS
2023-11-22,2424.09228515625,2426.3512382545014,2406.8866002136365,2410.4911628137966,816610,HINDUNILVR.NS
2023-11-23,2422.169921875,2429.7155670052152,2409.001299729014,2409.001299729014,1023670,HINDUNILVR.NS
2023-11-24,2417.652099609375,2422.0737901202465,2410.2026704841705,2417.5561187464655,735137,HINDUNILVR.NS
2023-11-28,2413.1826171875,2433.5603641585562,2403.041734135041,2433.5603641585562,1880641,HINDUNILVR.NS
2023-11-29,2427.120361328125,2430.5806007675874,2410.827784619846,2414.576436013944,1265214,HINDUNILVR.NS
2023-11-30,2446.8251953125,2455.4280377646614,2418.565283786909,2418.565283786909,3095684,HINDUNILVR.NS
2023-12-01,2464.222900390625,2481.81321151669,2443.412654382418,2448.6993458061406,1345599,HINDUNILVR.NS
2023-12-04,2501.3740234375,2507.237303937237,2475.1327631308727,2477.055196344955,2188039,HINDUNILVR.NS
2023-12-05,2463.8388671875,2534.728603442285,2457.1584576206137,2534.728603442285,3108717,HINDUNILVR.NS
2023-12-06,2468.06787109375,2483.495445470624,2463.5983074792334,2470.3268241208075,1573754,HINDUNILVR.NS
2023-12-07,2420.583984375,2460.5225856827965,2401.69616985785,2452.1600472249447,3925967,HINDUNILVR.NS
2023-12-08,2424.476806640625,2435.6748867600672,2411.019773521691,2421.304744756755,1605805,HINDUNILVR.NS
2023-12-11,2406.550048828125,2431.8300944655984,2402.0804851315706,2424.4768807268692,2012243,HINDUNILVR.NS
2023-12-12,2405.68505859375,2420.3436130412797,2400.1580626545174,2403.0417127097694,1677929,HINDUNILVR.NS
2023-12-13,2414.47998046875,2419.093867268127,2401.1672708282504,2410.5872408203054,1513205,HINDUNILVR.NS
2023-12-14,2418.757568359375,2426.879801973957,2404.19499556596,2423.5636515244564,2166569,HINDUNILVR.NS
2023-12-15,2425.053466796875,2433.8006324489797,2409.770215461924,2422.266032295193,2543337,HINDUNILVR.NS
2023-12-18,2437.164794921875,2445.81574469679,2417.459853767902,2422.410025603624,1969036,HINDUNILVR.NS
2023-12-19,2461.387451171875,2467.395055289173,2436.684229975954,2436.7323377432995,1656220,HINDUNILVR.NS
2023-12-20,2458.311767578125,2473.162519005037,2448.21899199276,2473.162519005037,1468642,HINDUNILVR.NS
2023-12-21,2454.17822265625,2479.9388749584405,2437.6453437575988,2443.652947621355,1945695,HINDUNILVR.NS
2023-12-22,2475.7099609375,2479.6989165904715,2448.0268715385837,2459.945865397533,1174984,HINDUNILVR.NS
2023-12-26,2484.5048828125,2491.137184220364,2467.4913940371575,2475.7098438144135,893776,HINDUNILVR.NS
2023-12-27,2507.1416015625,2510.6980564691835,2480.8041228009033,2485.706421910149,1073278,HINDUNILVR.NS
2023-12-28,2531.652587890625,2537.612084487968,2505.747844795886,2512.476361686574,1635216,HINDUNILVR.NS
2023-12-29,2560.63330078125,2563.661274331084,2519.5893927061984,2531.652709789761,1305681,HINDUNILVR.NS
2024-01-01,2551.7900390625,2565.8717698748246,2535.689659307609,2560.5372049175576,526353,HINDUNILVR.NS
2024-01-02,2512.42822265625,2551.020978758828,2505.8919022522155,2545.3017864073136,1310629,HINDUNILVR.NS
2024-01-03,2505.459228515625,2526.654101927123,2494.8858456925855,2498.2019960981333,1008270,HINDUNILVR.NS
2024-01-04,2492.002197265625,2521.2711964354744,2487.676722471893,2505.4592299572364,1376844,HINDUNILVR.NS
2024-01-05,2518.435791015625,2527.903634441405,2494.357266422686,2494.357266422686,1150738,HINDUNILVR.NS
2024-01-08,2478.257080078125,2524.155179786738,2466.962783291189,2523.1458552671106,1189828,HINDUNILVR.NS
2024-01-09,2479.69873046875,2488.589984759606,2471.816800626399,2482.390184107417,1017205,HINDUNILVR.NS
2024-01-10,2477.439697265625,2493.684399436957,2465.5207046868295,2479.93895442184,881278,HINDUNILVR.NS
2024-01-11,2437.837890625,2488.5901822968685,2433.656738537934,2479.9392314893475,2399600,HINDUNILVR.NS
2024-01-12,2445.33544921875,2455.9088336296804,2414.4324241047198,2435.242673190135,2979841,HINDUNILVR.NS
2024-01-15,2473.40283203125,2478.737631794146,2432.839533134652,2447.2577840224512,1391204,HINDUNILVR.NS
2024-01-16,2469.4619140625,2484.3607728897164,2457.206401156241,2473.402761723246,1599406,HINDUNILVR.NS
2024-01-17,2463.502197265625,2471.6246661535556,2441.250124432753,2450.1413789463877,3047652,HINDUNILVR.NS
2024-01-18,2449.179931640625,2470.326697141447,2439.13526496214,2470.326697141447,1273095,HINDUNILVR.NS
2024-01-19,2465.905029296875,2474.123478353003,2433.8004879767354,2465.5206365167164,1323064,HINDUNILVR.NS
2024-01-23,2283.418212890625,2384.2978512994473,2273.709831056434,2355.9419607074965,4369332,HINDUNILVR.NS
2024-01-24,2346.954345703125,2351.0395161281167,2275.343711194449,2295.385170559978,1551469,HINDUNILVR.NS
2024-01-25,2334.122314453125,2372.2825665017513,2326.3363661318594,2359.594554328448,2364765,HINDUNILVR.NS
2024-01-29,2349.597900390625,2354.019590877666,2316.5321412883522,2316.5321412883522,1587091,HINDUNILVR.NS
2024-01-30,2363.295654296875,2397.803479137763,2352.3859841300027,2358.8260899268466,1793711,HINDUNILVR.NS
2024-01-31,2385.307373046875,2389.488524931115,2347.050901063896,2354.9809389194415,1445004,HINDUNILVR.NS
2024-02-01,2377.665771484375,2414.143899058984,2372.6193837064475,2379.107596563783,1727534,HINDUNILVR.NS
2024-02-02,2357.480224609375,2390.4497704134455,2347.291233494428,2380.933818741072,1956115,HINDUNILVR.NS
2024-02-05,2325.66357421875,2369.158625565474,2319.1753621394046,2368.4377131122133,1315445,HINDUNILVR.NS
2024-02-06,2332.248046875,2346.666296218703,2324.2699019704123,2330.902202799705,1557511,HINDUNILVR.NS
2024-02-07,2331.3828125,2345.272345774969,2318.021995302354,2345.272345774969,1149076,HINDUNILVR.NS
2024-02-08,2323.30859375,2347.0987042291736,2305.9585874560375,2347.0987042291736,1758661,HINDUNILVR.NS
2024-02-09,2330.13330078125,2334.266579403876,2312.7835275950797,2323.3088032155542,886474,HINDUNILVR.NS
2024-02-12,2293.126220703125,2335.612180915358,2289.617874084773,2330.08518562737,1292460,HINDUNILVR.NS
2024-02-13,2301.152587890625,2307.8329964640893,2287.7917707436964,2297.307721411276,957865,HINDUNILVR.NS
2024-02-14,2295.337158203125,2301.152565631293,2278.083366978348,2292.5016161364383,1397975,HINDUNILVR.NS
2024-02-15,2259.67626953125,2292.213312532259,2255.735187373002,2276.4975610105416,2553695,HINDUNILVR.NS
2024-02-16,2283.1298828125,2289.618095299179,2266.1645025494804,2278.0353875552187,2363302,HINDUNILVR.NS
2024-02-19,2294.568115234375,2302.0656516566646,2281.7360144140926,2296.8270681155595,576683,HINDUNILVR.NS
2024-02-20,2310.861328125,2315.042480266737,2276.3535053161067,2278.179957980368,1032995,HINDUNILVR.NS
2024-02-21,2313.744873046875,2328.835928697773,2301.24905561955,2310.8612228713387,1127778,HINDUNILVR.NS
2024-02-22,2295.481689453125,2326.4328201820526,2273.9984023925185,2326.4328201820526,2258516,HINDUNILVR.NS
2024-02-23,2301.2490234375,2312.2068000824784,2291.492533010144,2295.914223752952,1210775,HINDUNILVR.NS
2024-02-26,2311.005126953125,2313.2159721788876,2287.6956232290477,2298.365221895274,831596,HINDUNILVR.NS
2024-02-27,2312.0146484375,2315.5229956344447,2296.490857439168,2310.8131275245664,1120424,HINDUNILVR.NS
2024-02-28,2327.634033203125,2330.9501834369107,2307.8809857451643,2317.589366975913,629152,HINDUNILVR.NS
2024-02-29,2318.742919921875,2334.6029942925143,2304.276562728189,2330.950324169719,2848084,HINDUNILVR.NS
2024-03-01,2316.24365234375,2344.2151499760976,2310.764764520349,2323.2124728690296,2326244,HINDUNILVR.NS
2024-03-04,2328.06689453125,2333.737979307242,2311.1493863999403,2322.491790623974,1501261,HINDUNILVR.NS
2024-03-05,2306.77587890625,2326.1443005982023,2298.365233191277,2311.726050801106,1587199,HINDUNILVR.NS
2024-03-06,2307.689208984375,2315.427050718229,2283.178181979929,2310.7650556348353,1354111,HINDUNILVR.NS
2024-03-07,2325.7119140625,2331.911714844805,2309.803730738692,2311.678056369801,1820704,HINDUNILVR.NS
2024-03-11,2297.16357421875,2319.4156445318367,2291.1078627337656,2315.5707781505157,2040761,HINDUNILVR.NS
2024-03-12,2285.917236328125,2292.5016641169373,2269.2402685894435,2287.695580963652,1012157,HINDUNILVR.NS
2024-03-13,2222.909423828125,2282.8892409640207,2214.4987792561524,2282.8892409640207,2322669,HINDUNILVR.NS
2024-03-14,2244.056396484375,2250.880893627091,2212.576552438003,2215.460202274312,2292515,HINDUNILVR.NS
2024-03-15,2237.424072265625,2246.315326766892,2226.0816682377067,2239.6830253861167,2751403,HINDUNILVR.NS
2024-03-18,2210.750244140625,2234.8287687773436,2207.914701884541,2230.791705677831,2487402,HINDUNILVR.NS
2024-03-19,2179.0302734375,2214.5471855616215,2159.7099574862964,2194.6981534613324,4220638,HINDUNILVR.NS
2024-03-20,2155.0,2177.58859524207,2153.125674137733,2162.7378423258474,2995013,HINDUNILVR.NS
2024-03-21,2155.38427734375,2171.5325295385032,2147.358024341876,2147.358024341876,3504486,HINDUNILVR.NS
2024-03-22,2169.033447265625,2178.116897542949,2145.4836396796577,2152.212156132791,3507809,HINDUNILVR.NS
2024-03-26,2153.12548828125,2171.5326949037612,2145.435754394531,2145.531969936937,3027027,HINDUNILVR.NS
2024-03-27,2152.837158203125,2175.233555934388,2149.280703079669,2162.737737893227,2168861,HINDUNILVR.NS
2024-03-28,2176.531005859375,2199.1674701311017,2153.2215021979396,2157.9313698937053,3186360,HINDUNILVR.NS
2024-04-01,2197.244873046875,2205.9920377407097,2174.271890792804,2181.9616233862357,1427873,HINDUNILVR.NS
2024-04-02,2198.013916015625,2208.875710350796,2188.7382698474935,2208.875710350796,1221495,HINDUNILVR.NS
2024-04-03,2177.34814453125,2193.3525442908262,2173.359188870415,2193.3525442908262,1175309,HINDUNILVR.NS
2024-04-04,2177.107421875,2193.496211317273,2162.0163686701912,2181.9616124847544,1890255,HINDUNILVR.NS
2024-04-05,2179.0302734375,2192.054807387964,2170.5236459682587,2177.1078399295957,1153449,HINDUNILVR.NS
2024-04-08,2180.95263671875,2200.1769711787706,2179.2705074534983,2188.6904782733186,1127294,HINDUNILVR.NS
2024-04-09,2176.33837890625,2186.38327968871,2168.264253676801,2182.9228062063685,1189343,HINDUNILVR.NS
2024-04-10,2173.214599609375,2188.5940657934834,2170.1387533069596,2188.5940657934834,2308993,HINDUNILVR.NS
2024-04-12,2145.72412109375,2177.011772119853,2142.1676661805636,2173.2147783557252,3388551,HINDUNILVR.NS
2024-04-15,2108.957275390625,2141.3502270656313,2105.064301323637,2141.302119302431,4909564,HINDUNILVR.NS
2024-04-16,2134.670166015625,2144.714833933699,2087.810850316233,2098.336126600455,2821129,HINDUNILVR.NS
2024-04-18,2128.90283203125,2150.9146009846795,2123.3758359077597,2129.1431362105322,3392171,HINDUNILVR.NS
2024-04-19,2145.05126953125,2156.7299585017845,2110.831861334783,2133.901062005108,2337694,HINDUNILVR.NS
2024-04-22,2154.567138671875,2166.149846333918,2142.600038215488,2162.7374802639833,1804108,HINDUNILVR.NS
2024-04-23,2174.992919921875,2185.3259986487164,2161.4877793956443,2165.6210578207865,1991778,HINDUNILVR.NS
2024-04-24,2172.590087890625,2180.3760371789404,2158.556229932344,2178.165191792081,1404398,HINDUNILVR.NS
2024-04-25,2144.330322265625,2152.981272376825,2129.1911595710244,2151.251035420177,4951866,HINDUNILVR.NS
2024-04-26,2136.447998046875,2167.543449157478,2132.5552585254745,2157.931283085826,2307512,HINDUNILVR.NS
2024-04-29,2139.764404296875,2147.357921699967,2133.900889066216,2147.357921699967,1395292,HINDUNILVR.NS
2024-04-30,2143.94580078125,2153.3657716357725,2138.7072165560066,2145.4838414125384,2119102,HINDUNILVR.NS
2024-05-02,2139.95703125,2156.2015014717845,2119.531174035471,2119.531174035471,2140383,HINDUNILVR.NS
2024-05-03,2131.065185546875,2148.9436724598663,2118.52126271482,2145.435325943502,2595307,HINDUNILVR.NS
2024-05-06,2168.69677734375,2173.7912720969075,2126.2110519028784,2138.706867307371,1619256,HINDUNILVR.NS
2024-05-07,2287.118896484375,2296.9234944521527,2171.3885009699343,2178.1170177945423,8277810,HINDUNILVR.NS
2024-05-08,2250.25634765625,2280.246261031328,2234.8287730626357,2274.623049604483,1813439,HINDUNILVR.NS
2024-05-09,2235.453369140625,2270.489903158512,2229.49387294917,2249.823745544639,1558987,HINDUNILVR.NS
2024-05-10,2270.922607421875,2279.0448417666416,2230.9840057951815,2230.9840057951815,2610266,HINDUNILVR.NS
2024-05-13,2269.095947265625,2289.2814965269827,2256.840435214087,2281.928283164871,1170617,HINDUNILVR.NS
2024-05-14,2258.474609375,2280.294179184719,2255.735048205718,2269.0479919382315,689430,HINDUNILVR.NS
2024-05-15,2233.194580078125,2264.4341196671453,2227.763565469436,2258.426515900026,812282,HINDUNILVR.NS
2024-05-16,2252.27490234375,2257.0331129272436,2212.0962304942204,2246.3635132828804,1880021,HINDUNILVR.NS
2024-05-17,2230.359130859375,2260.6853282003162,2225.3127434849703,2260.6853282003162,1264582,HINDUNILVR.NS
2024-05-21,2221.083251953125,2234.636500499877,2212.4804099252933,2217.5267973053774,1663959,HINDUNILVR.NS
2024-05-22,2275.103759765625,2281.928492343645,2221.083427058202,2221.3718390084937,1914851,HINDUNILVR.NS
2024-05-23,2290.098876953125,2294.232155858532,2263.6654166734984,2275.103801980224,1614718,HINDUNILVR.NS
2024-05-24,2277.17041015625,2290.819640002725,2272.9890237524455,2286.253860797852,974100,HINDUNILVR.NS
2024-05-27,2292.020751953125,2306.8714999936365,2270.8739888820537,2277.170003912613,1116934,HINDUNILVR.NS
2024-05-28,2303.027099609375,2315.571024447078,2286.3020229404683,2297.30790719324,1631747,HINDUNILVR.NS
2024-05-29,2281.351806640625,2302.1141829106496,2277.506939529292,2288.8493444421374,1592495,HINDUNILVR.NS
2024-05-30,2260.204833984375,2280.4384922700256,2243.52786519406,2276.161124928281,1837380,HINDUNILVR.NS
2024-05-31,2238.7216796875,2285.2444715554675,2227.7157960085565,2261.74277145962,5529186,HINDUNILVR.NS
2024-06-03,2264.5302734375,2294.8567065039656,2253.380300797559,2288.6569058773034,1207445,HINDUNILVR.NS
2024-06-04,2399.4853515625,2412.7020814982593,2251.2657798718847,2281.9284994540258,7826048,HINDUNILVR.NS
2024-06-05,2501.806640625,2618.306051895857,2427.072045942993,2435.2904952507906,11061076,HINDUNILVR.NS
2024-06-06,2450.718017578125,2499.1632419376433,2420.343478153456,2499.1632419376433,4102547,HINDUNILVR.NS
2024-06-07,2477.824462890625,2495.799168294792,2427.0721740590598,2456.197087082178,3974253,HINDUNILVR.NS
2024-06-10,2465.857177734375,2493.0594206488636,2447.2575420592607,2478.977690876211,1449122,HINDUNILVR.NS
2024-06-11,2457.20654296875,2476.7671631095104,2452.3523514266144,2466.482190776072,1402423,HINDUNILVR.NS
2024-06-12,2430.62841796875,2468.4042780366603,2419.3822304588293,2468.4042780366603,1754677,HINDUNILVR.NS
2024-06-13,2390.93017578125,2408.6167027553947,2351.568401318949,2391.4588918675045,3123098,HINDUNILVR.NS
2024-06-14,2406.79931640625,2436.5475426423045,2397.724285194477,2400.2478917119292,1729552,HINDUNILVR.NS
2024-06-18,2413.10791015625,2424.512241154475,2400.3931995365956,2406.944623727065,1820933,HINDUNILVR.NS
2024-06-19,2384.71875,2421.600847069597,2379.380551739927,2421.600847069597,986976,HINDUNILVR.NS
2024-06-20,2409.17724609375,2416.7478288529137,2374.6730278925506,2384.7186407596823,2163310,HINDUNILVR.NS
2024-06-21,2369.48046875,2405.1007594830376,2355.1643928006965,2402.189015222162,3646215,HINDUNILVR.NS
2024-06-24,2370.35400390625,2395.2495606319985,2355.6497895105103,2363.3658647573675,1945519,HINDUNILVR.NS
2024-06-25,2360.648193359375,2374.7216246112826,2356.474645665412,2367.5879930137835,833789,HINDUNILVR.NS
2024-06-26,2373.654052734375,2394.4244006645386,2360.8421882229086,2365.3069576082207,1738656,HINDUNILVR.NS
2024-06-27,2389.716796875,2410.1475818616186,2364.336189135392,2377.875751693822,3402726,HINDUNILVR.NS
2024-06-28,2400.29638671875,2417.232984813931,2390.396503797189,2390.5419962243377,2129791,HINDUNILVR.NS
2024-07-01,2431.40380859375,2448.777122647256,2378.021826134139,2388.649646159423,3312865,HINDUNILVR.NS
2024-07-02,2412.040283203125,2441.0122329179167,2406.411100622321,2441.0122329179167,1305210,HINDUNILVR.NS
2024-07-03,2436.499267578125,2445.71979146585,2401.5097584861905,2413.496297365214,1406405,HINDUNILVR.NS
2024-07-04,2422.522705078125,2462.2196282687923,2419.5623842855302,2441.060905421345,1977010,HINDUNILVR.NS
2024-07-05,2472.07080078125,2478.86487051249,2422.522573421036,2422.522573421036,1754286,HINDUNILVR.NS
2024-07-08,2511.03955078125,2518.6587094834504,2461.637052765858,2484.688360800629,2818809,HINDUNILVR.NS
2024-07-09,2513.951171875,2537.099631698892,2492.4528899015895,2511.039427844741,1479529,HINDUNILVR.NS
2024-07-10,2533.654296875,2548.746885802939,2497.3060689912268,2505.0707205854474,1764036,HINDUNILVR.NS
2024-07-11,2532.101318359375,2540.0600382534158,2513.8543410931525,2540.0114617929316,1432671,HINDUNILVR.NS
2024-07-12,2545.10693359375,2561.8494618059694,2524.482079998987,2524.482079998987,1912642,HINDUNILVR.NS
2024-07-15,2543.214599609375,2551.9012561227323,2536.760090845706,2550.688029320354,920101,HINDUNILVR.NS
2024-07-16,2609.359619140625,2644.834418084959,2547.3395600466733,2548.698279276291,3298003,HINDUNILVR.NS
2024-07-18,2657.840087890625,2670.2635775618123,2576.8936915714958,2620.5698558354193,5569762,HINDUNILVR.NS
2024-07-19,2646.775634765625,2662.3049380865823,2636.0506622679163,2658.4226122563427,1668862,HINDUNILVR.NS
2024-07-22,2654.831298828125,2669.050221276368,2626.0534187066073,2626.101995167326,1911629,HINDUNILVR.NS
2024-07-23,2684.96826171875,2728.595853311204,2651.6286919831223,2665.2168331572675,3906259,HINDUNILVR.NS
2024-07-24,2637.1181640625,2676.3295567061523,2596.402322900649,2667.1576101328446,3611927,HINDUNILVR.NS
2024-07-25,2627.55810546875,2644.6890105715133,2591.452522213848,2637.118427721687,2166670,HINDUNILVR.NS
2024-07-26,2631.294921875,2646.7756488135715,2608.1950356707994,2643.863904425438,2135309,HINDUNILVR.NS
2024-07-29,2631.82861328125,2639.9814022401224,2613.581635609391,2631.4402385470876,957011,HINDUNILVR.NS
2024-07-30,2612.22265625,2673.3209442701027,2606.399167914487,2635.7109154365803,1560399,HINDUNILVR.NS
2024-07-31,2626.0537109375,2629.9360368935118,2596.3540595490326,2625.4229277529967,1751085,HINDUNILVR.NS
2024-08-01,2635.66259765625,2644.785968827308,2615.9111696630976,2634.1581489635837,1886392,HINDUNILVR.NS
2024-08-02,2613.339111328125,2678.319491535029,2602.2743407046587,2632.2168729998184,1738872,HINDUNILVR.NS
2024-08-05,2636.001953125,2661.334222675603,2587.764104503914,2597.227273238811,3118731,HINDUNILVR.NS
2024-08-06,2669.1474609375,2690.20903019787,2628.96524828348,2640.0785950237046,2296031,HINDUNILVR.NS
2024-08-07,2663.323974609375,2700.0119994244997,2655.025456133828,2699.8662700374903,1713875,HINDUNILVR.NS
2024-08-08,2652.793212890625,2678.076907446923,2640.3697227462762,2672.9813547553963,1464161,HINDUNILVR.NS
2024-08-09,2666.38134765625,2676.8636748479075,2638.622859990569,2674.9225119219846,1284031,HINDUNILVR.NS
2024-08-12,2667.837158203125,2682.1046579872973,2642.3108189254185,2657.451984181087,1297178,HINDUNILVR.NS
2024-08-13,2660.751953125,2676.5239020483646,2649.7845720557543,2661.334396791671,1051237,HINDUNILVR.NS
2024-08-14,2641.97119140625,2661.8681104387065,2626.9757559173618,2660.363661851899,946995,HINDUNILVR.NS
2024-08-16,2667.400390625,2672.593096011396,2630.9550108698363,2657.3547781329457,1727926,HINDUNILVR.NS
2024-08-19,2661.8681640625,2678.562117366071,2656.5299661657655,2669.1475248307747,1130327,HINDUNILVR.NS
2024-08-20,2670.1181640625,2675.165140246076,2654.588860754042,2661.8682216798816,1097889,HINDUNILVR.NS
2024-08-21,2709.086669921875,2712.872079436205,2662.2561188648465,2668.613474223842,1417729,HINDUNILVR.NS
2024-08-22,2710.639892578125,2727.333845951709,2700.254718563504,2720.4911994091617,1552947,HINDUNILVR.NS
2024-08-23,2732.769287109375,2738.010332274373,2689.821056977102,2716.851608794936,2111401,HINDUNILVR.NS
2024-08-26,2738.15576171875,2751.549833114722,2721.1222468451892,2732.7692242402322,1152244,HINDUNILVR.NS
2024-08-27,2685.50146484375,2741.018908091678,2678.367834036984,2726.363034801577,1357212,HINDUNILVR.NS
2024-08-28,2683.02685546875,2699.9148774708824,2664.9739461905906,2678.804731489039,1723549,HINDUNILVR.NS
2024-08-29,2703.31201171875,2727.333902856005,2664.246107950083,2688.462067987683,2129934,HINDUNILVR.NS
2024-08-30,2696.275146484375,2733.4484617343433,2678.901834096344,2713.4543899828323,4029712,HINDUNILVR.NS
2024-09-02,2707.000244140625,2726.2661437739175,2697.245853163385,2711.804574932889,957950,HINDUNILVR.NS
2024-09-03,2712.095703125,2744.7556730503247,2693.363434369963,2698.216341458918,2022116,HINDUNILVR.NS
2024-09-04,2757.66455078125,2760.188157340057,2690.111986931693,2698.216436840079,1640986,HINDUNILVR.NS
2024-09-05,2754.94677734375,2771.0099471964018,2740.582124971867,2756.4998023952226,1945173,HINDUNILVR.NS
2024-09-06,2755.431884765625,2782.1228719736864,2744.9012192603564,2744.9012192603564,1672730,HINDUNILVR.NS
2024-09-09,2835.8447265625,2851.7621664284884,2759.5569352281223,2769.1658330755886,3342754,HINDUNILVR.NS
2024-09-10,2813.327392578125,2851.180067874474,2802.553844056592,2847.6858799868537,1536584,HINDUNILVR.NS
2024-09-11,2818.714111328125,2863.2153669847785,2812.8422829388005,2825.9451329233075,1913665,HINDUNILVR.NS
2024-09-12,2869.427001953125,2876.221072335061,2809.0568810938826,2825.3626974022027,2454564,HINDUNILVR.NS
2024-09-13,2846.666748046875,2869.426835111309,2832.641893822737,2869.426835111309,1902001,HINDUNILVR.NS
2024-09-16,2782.754150390625,2824.3919995176966,2724.810248668883,2824.3919995176966,1489057,HINDUNILVR.NS
2024-09-17,2788.965576171875,2828.176968869778,2775.9598805530186,2782.753950166105,1098661,HINDUNILVR.NS
2024-09-18,2791.246826171875,2808.42607086622,2777.512956142777,2789.451155662023,464796,HINDUNILVR.NS
2024-09-19,2826.090576171875,2847.9772355641235,2788.8203427591193,2791.6349342197495,1713010,HINDUNILVR.NS
2024-09-20,2890.00341796875,2901.4077499970376,2810.2214332765097,2838.7566700584757,3641632,HINDUNILVR.NS
2024-09-23,2939.454345703125,2945.7145483400527,2882.5781808925276,2892.332571352012,1300470,HINDUNILVR.NS
2024-09-24,2863.7490234375,2931.15585489431,2859.429983559541,2931.15585489431,1929308,HINDUNILVR.NS
2024-09-25,2862.196044921875,2873.260815338254,2819.636191624619,2863.749069984707,1055354,HINDUNILVR.NS
2024-09-26,2898.25341796875,2904.8048428813454,2854.674167856613,2864.2830665701063,1902889,HINDUNILVR.NS
2024-09-27,2878.9873046875,2940.8618738147916,2865.884454754662,2898.253441779502,2977081,HINDUNILVR.NS
2024-09-30,2871.271240234375,2909.706124674832,2856.0331583870834,2876.9975761841415,1627702,HINDUNILVR.NS
2024-10-01,2837.737548828125,2875.541649372102,2806.339143756762,2875.541649372102,1184642,HINDUNILVR.NS
2024-10-03,2808.23193359375,2837.106731735907,2776.9306818262016,2823.1787931428157,1233447,HINDUNILVR.NS
2024-10-04,2764.94384765625,2828.2742859395566,2734.176463728675,2805.9509130580846,2456486,HINDUNILVR.NS
2024-10-07,2750.04541015625,2782.1231747563133,2741.9411971515387,2761.3042498599384,1280975,HINDUNILVR.NS
2024-10-08,2735.875244140625,2801.0982750877915,2716.366460746994,2760.333851126015,1761488,HINDUNILVR.NS
2024-10-09,2687.49169921875,2742.7179308436193,2679.484401539292,2740.339816511498,1476282,HINDUNILVR.NS
2024-10-10,2673.66064453125,2705.398610217547,2652.793143577846,2688.5105879502285,2065078,HINDUNILVR.NS
2024-10-11,2701.322021484375,2707.92202219178,2656.529786044002,2683.4634190604256,679307,HINDUNILVR.NS
2024-10-14,2707.048583984375,2722.189511126188,2683.6574782692883,2709.4750374005316,874010,HINDUNILVR.NS
2024-10-15,2699.62353515625,2716.9485075927832,2683.9001641735904,2710.930950421438,1082666,HINDUNILVR.NS
2024-10-16,2699.429931640625,2715.2504582721194,2674.534609706107,2707.0974310900656,1170797,HINDUNILVR.NS
2024-10-17,2658.08251953125,2700.157315839255,2643.3297304021567,2697.6822860049597,1368242,HINDUNILVR.NS
2024-10-18,2637.1669921875,2659.3932129429836,2614.212598375217,2658.0828331824578,1137277,HINDUNILVR.NS
2024-10-21,2614.3095703125,2657.451866034502,2601.5948592234436,2635.128493894694,792345,HINDUNILVR.NS
2024-10-22,2602.80810546875,2630.275606612126,2595.0920306934213,2606.1082244195836,1272253,HINDUNILVR.NS
2024-10-23,2581.0673828125,2613.8245078342925,2543.8940646553547,2543.8940646553547,1431962,HINDUNILVR.NS
2024-10-24,2431.40380859375,2569.1292285561976,2380.4482798823033,2569.1292285561976,9216267,HINDUNILVR.NS
2024-10-25,2453.678466796875,2465.276867660535,2426.5507628298415,2428.6859946148834,2761166,HINDUNILVR.NS
2024-10-28,2500.023681640625,2513.4177526958706,2445.9623436655493,2469.159144937238,852829,HINDUNILVR.NS
2024-10-29,2472.70166015625,2509.632330583052,2461.394481395327,2509.632330583052,1695654,HINDUNILVR.NS
2024-10-30,2479.787109375,2487.891559530861,2458.871031051871,2481.776848804237,1200637,HINDUNILVR.NS
2024-10-31,2453.87255859375,2488.0855548126483,2449.8447403470686,2479.7870359976687,1901355,HINDUNILVR.NS
2024-11-01,2462.8505859375,2471.0519523196854,2437.4699741899085,2469.1107892962864,118532,HINDUNILVR.NS
2024-11-04,2450.52392578125,2472.0707851149646,2429.850494909821,2472.0707851149646,1097260,HINDUNILVR.NS
2024-11-05,2447.175537109375,2455.813616889939,2433.247599068502,2445.865157420273,702046,HINDUNILVR.NS
2024-11-06,2455.3740234375,2476.386285924596,2449.77738556988,2469.6112066402106,1219166,HINDUNILVR.NS
2024-11-07,2430.630859375,2464.407253718044,2421.401332931118,2455.374054274254,1322446,HINDUNILVR.NS
2024-11-08,2462.247314453125,2469.6605169147483,2422.579669604473,2438.927788649835,1700877,HINDUNILVR.NS
2024-11-11,2445.899169921875,2469.316739128912,2430.189173754933,2463.5237739285594,1175577,HINDUNILVR.NS
2024-11-12,2416.884765625,2451.692178555918,2411.484454346943,2449.7775706822567,1624222,HINDUNILVR.NS
2024-11-13,2420.272216796875,2427.980029788182,2405.985890652603,2417.4740174733843,1262017,HINDUNILVR.NS
2024-11-14,2345.89501953125,2420.026560463074,2340.4947086024417,2415.804451248359,2443393,HINDUNILVR.NS
2024-11-18,2378.984375,2381.0464079817834,2332.6890737165863,2357.62859793872,1374215,HINDUNILVR.NS
2024-11-19,2366.661865234375,2395.970682267616,2361.507022871615,2387.8210740176746,1133370,HINDUNILVR.NS
2024-11-21,2339.611328125,2380.800928160588,2333.0328148891485,2380.800928160588,1291829,HINDUNILVR.NS
2024-11-22,2400.92919921875,2407.6551370493976,2334.7509378705845,2347.613353088314,1696471,HINDUNILVR.NS
2024-11-25,2426.654296875,2460.2835069783887,2413.0554754508216,2425.2306264341637,4368045,HINDUNILVR.NS
2024-11-26,2434.263916015625,2449.7284438602323,2415.80462213737,2441.186181184411,982442,HINDUNILVR.NS
2024-11-27,2441.82421875,2447.7646089278323,2413.4481343744396,2430.2871904428803,948232,HINDUNILVR.NS
2024-11-28,2417.57177734375,2493.1269856575846,2408.7349052669156,2440.9404425567004,2540530,HINDUNILVR.NS
2024-11-29,2450.906494140625,2462.050868133835,2410.600728530422,2410.600728530422,1795164,HINDUNILVR.NS
2024-12-02,2434.21484375,2445.359218749969,2415.9521160801214,2439.9589072851527,1006993,HINDUNILVR.NS
2024-12-03,2437.847900390625,2446.291879693493,2421.3032144140357,2435.0494613734018,1641588,HINDUNILVR.NS
2024-12-04,2419.830322265625,2447.8137526509245,2412.024465943355,2436.12953900783,1321495,HINDUNILVR.NS
2024-12-05,2449.384765625,2469.414913971408,2405.642199026858,2420.910398823739,2071795,HINDUNILVR.NS
2024-12-06,2438.78076171875,2450.5632597319986,2430.1402152325936,2449.777711921342,1308086,HINDUNILVR.NS
2024-12-09,2357.23583984375,2432.054648922866,2340.1021731538126,2420.3212934353196,3385021,HINDUNILVR.NS
2024-12-10,2353.897705078125,2369.2639501866993,2345.0116899782884,2365.0418405006158,2063838,HINDUNILVR.NS
2024-12-11,2357.824951171875,2365.6799489199275,2341.77120363809,2361.4086980082207,1718225,HINDUNILVR.NS
2024-12-12,2302.447021484375,2356.450129788821,2295.623040287186,2341.8202926979993,3231056,HINDUNILVR.NS
2024-12-13,2346.779052734375,2351.1483476463695,2291.155701547438,2302.447261734775,2260902,HINDUNILVR.NS
2024-12-16,2323.262939453125,2349.626373461965,2320.170129749529,2346.975359470951,1247552,HINDUNILVR.NS
2024-12-17,2320.41552734375,2336.861929579234,2310.6950631027157,2310.6950631027157,2131569,HINDUNILVR.NS
2024-12-18,2316.43896484375,2339.8076328717684,2307.454906369584,2307.454906369584,988403,HINDUNILVR.NS
2024-12-19,2317.0771484375,2343.685809457716,2293.659340534284,2304.459962428923,1655915,HINDUNILVR.NS
2024-12-20,2291.597412109375,2330.479748587135,2282.515070557055,2309.467724557705,2069691,HINDUNILVR.NS
2024-12-23,2296.5068359375,2309.124022795506,2273.285593186901,2294.641369734494,1066199,HINDUNILVR.NS
2024-12-24,2293.217529296875,2314.229552226785,2288.848234775878,2288.848234775878,683646,HINDUNILVR.NS
2024-12-26,2290.46826171875,2299.403417590653,2282.564122249837,2289.9773243568984,1033769,HINDUNILVR.NS
2024-12-27,2298.814208984375,2303.134361905232,2286.049837508968,2300.5324897599107,556816,HINDUNILVR.NS
2024-12-30,2301.0234375,2316.389681190017,2282.8587549338595,2299.05968803339,924180,HINDUNILVR.NS
2024-12-31,2284.675537109375,2310.00771587375,2281.1406918459334,2297.5870951983143,1878762,HINDUNILVR.NS
2025-01-01,2280.011474609375,2294.7884979654154,2278.1949104183414,2282.8588155253287,559893,HINDUNILVR.NS
2025-01-02,2327.04296875,2336.517963432763,2273.5307992154535,2287.767981935654,1650744,HINDUNILVR.NS
2025-01-03,2362.635986328125,2370.834735922727,2321.9373281379058,2338.678339641274,1274239,HINDUNILVR.NS
2025-01-06,2333.130615234375,2375.10575867804,2318.8442903999216,2374.1730256557257,900419,HINDUNILVR.NS
2025-01-07,2347.46630859375,2358.708727057057,2332.1981075834215,2334.063573808319,922768,HINDUNILVR.NS
2025-01-08,2357.481201171875,2365.3361989267164,2325.0793354331527,2347.662453978323,953351,HINDUNILVR.NS
2025-01-09,2391.2578125,2428.814523921439,2343.1459468882217,2361.458055894267,2425267,HINDUNILVR.NS
2025-01-10,2397.787109375,2411.4842132129756,2370.049149674973,2391.257498926049,1651911,HINDUNILVR.NS
2025-01-13,2406.5751953125,2415.903006147045,2365.3855943599074,2373.2405929574184,2595013,HINDUNILVR.NS
2025-01-14,2325.0302734375,2423.2668904188554,2321.2501994677364,2420.3212661598373,2052741,HINDUNILVR.NS
2025-01-15,2329.989013671875,2341.6732284736895,2307.5041755449906,2330.8726051486196,1215150,HINDUNILVR.NS
2025-01-16,2302.496337890625,2336.861954874067,2283.8898589241226,2333.867188879549,2762596,HINDUNILVR.NS
2025-01-17,2311.3330078125,2336.1744852788183,2300.532386280666,2307.405509073651,1333005,HINDUNILVR.NS
2025-01-20,2302.692626953125,2325.079419305078,2293.315675101929,2313.7387179443335,1382273,HINDUNILVR.NS
2025-01-21,2298.077880859375,2334.2109200503423,2290.173741080801,2310.8422527675875,1842885,HINDUNILVR.NS
2025-01-22,2300.4833984375,2319.1881603751613,2289.928244871017,2300.0907444235577,2658047,HINDUNILVR.NS
2025-01-23,2279.618408203125,2298.8632479151706,2212.9983546557087,2273.0398957567777,3408925,HINDUNILVR.NS
2025-01-24,2325.177490234375,2337.6472505376432,2280.894846953598,2290.5664082907183,1688664,HINDUNILVR.NS
2025-01-27,2349.47900390625,2366.023448998165,2318.353383718259,2322.1336972511494,2477358,HINDUNILVR.NS
2025-01-28,2345.551513671875,2363.3724438998315,2336.321747502455,2357.48119559763,1892156,HINDUNILVR.NS
2025-01-29,2340.740234375,2352.5718729143537,2321.151881289454,2341.9184361178313,699576,HINDUNILVR.NS
2025-01-30,2365.0908203125,2381.0462851096263,2340.7894200830306,2340.7894200830306,1419960,HINDUNILVR.NS
2025-01-31,2424.052490234375,2434.0675649870627,2357.9722699945264,2357.9722699945264,2116148,HINDUNILVR.NS
2025-02-01,2460.627197265625,2554.838028984739,2391.0121355827387,2430.139939176491,2970999,HINDUNILVR.NS
2025-02-03,2397.68896484375,2474.3243359703793,2372.7003007430244,2459.5962149229367,2528480,HINDUNILVR.NS
2025-02-04,2393.85986328125,2405.5932189981568,2359.2979188534423,2405.5932189981568,1992474,HINDUNILVR.NS
2025-02-05,2347.711669921875,2408.538762766955,2343.735029239593,2408.538762766955,1357416,HINDUNILVR.NS
2025-02-06,2329.694091796875,2365.2870502684787,2317.518941198998,2356.499319499281,1132113,HINDUNILVR.NS
2025-02-07,2321.0048828125,2338.776673176707,2293.7578566318184,2336.8620652260356,855602,HINDUNILVR.NS
2025-02-10,2318.648193359375,2354.535765162653,2309.418666146116,2327.9268622556306,1326354,HINDUNILVR.NS
2025-02-11,2273.285400390625,2334.848896170445,2254.924391433907,2328.024914944897,1389260,HINDUNILVR.NS
2025-02-12,2290.222900390625,2297.4886778004043,2263.319627586285,2283.5461040133705,1341909,HINDUNILVR.NS
2025-02-13,2279.42236328125,2303.0856420040236,2271.4201794945166,2287.8665825033304,1334967,HINDUNILVR.NS
2025-02-14,2276.329345703125,2323.1155800749834,2271.4688740822953,2279.9130925334366,1135380,HINDUNILVR.NS
2025-02-17,2287.178955078125,2293.659424337889,2258.311933209394,2276.3294308235972,1409168,HINDUNILVR.NS
2025-02-18,2254.384521484375,2296.1633418095184,2246.5295231516766,2287.17904363718,1035705,HINDUNILVR.NS
2025-02-19,2209.611083984375,2263.9088115608124,2207.2546802120023,2257.084829242589,1521343,HINDUNILVR.NS
2025-02-20,2207.3037109375,2213.587613824965,2186.1442608736543,2209.6109729078917,2206196,HINDUNILVR.NS
2025-02-21,2201.019287109375,2212.7037396655705,2186.045698194655,2207.303428909442,1781509,HINDUNILVR.NS
2025-02-24,2200.822998046875,2210.1999493735907,2178.5836319813607,2189.5805806766357,1627949,HINDUNILVR.NS
2025-02-25,2218.349609375,2228.4629669638985,2197.3864881550335,2202.345003448744,1988040,HINDUNILVR.NS
2025-02-27,2204.259765625,2228.512025036238,2192.6246931729806,2228.512025036238,1699658,HINDUNILVR.NS
2025-02-28,2150.551025390625,2208.8253837386137,2146.230872669716,2204.3578059858905,3683249,HINDUNILVR.NS
2025-03-03,2137.394287109375,2159.1427183773503,2119.3767883663077,2159.1427183773503,1306470,HINDUNILVR.NS
2025-03-04,2118.24755859375,2140.4869254884225,2097.284437084069,2140.437783808497,1800330,HINDUNILVR.NS
2025-03-05,2131.10986328125,2152.1710273429244,2111.0305739051128,2112.9943232761875,1145673,HINDUNILVR.NS
2025-03-06,2178.73095703125,2189.3843940941274,2124.5315180663188,2135.5776091481193,1856868,HINDUNILVR.NS
2025-03-07,2164.592041015625,2186.340470972133,2149.5201676266793,2186.340470972133,1738356,HINDUNILVR.NS
2025-03-10,2207.0087890625,2226.0570617705903,2154.87114820946,2167.9792709376043,1242387,HINDUNILVR.NS
2025-03-11,2176.76708984375,2221.44238913751,2171.170451941259,2199.399349846657,1325891,HINDUNILVR.NS
2025-03-12,2153.153076171875,2189.5315841563634,2145.39636141498,2177.160105947309,1526212,HINDUNILVR.NS
2025-03-13,2135.38134765625,2169.894150742321,2125.2188476629813,2145.3964226012604,1845629,HINDUNILVR.NS
2025-03-17,2131.8955078125,2155.656828338742,2117.412855542962,2121.8312918285837,1111886,HINDUNILVR.NS
2025-03-18,2131.8955078125,2131.8955078125,2131.8955078125,2131.8955078125,0,HINDUNILVR.NS
2025-03-19,2160.173583984375,2172.7416286827006,2153.6931147712576,2166.9975655294597,1341405,HINDUNILVR.NS
2025-03-20,2201.755859375,2208.1380452959766,2148.783764173998,2163.9536812276774,1426689,HINDUNILVR.NS
2025-03-21,2205.487060546875,2214.32393347734,2185.45691112403,2204.308858765917,2152415,HINDUNILVR.NS
2025-03-24,2215.3056640625,2224.9280841258274,2200.3812164721885,2209.4635575040347,1454404,HINDUNILVR.NS
2025-03-25,2230.13232421875,2250.4570850278583,2202.6889709722714,2209.9547487462705,2229340,HINDUNILVR.NS
2025-03-26,2205.241455078125,2238.576053510754,2197.239272084734,2230.8193391946506,1416907,HINDUNILVR.NS
2025-03-27,2203.965087890625,2219.920552767721,2160.124475668381,2203.5232921909783,3752627,HINDUNILVR.NS
2025-03-28,2217.90771484375,2254.3842632873084,2199.6938916027498,2206.2724040098356,2280152,HINDUNILVR.NS
2025-04-01,2193.361083984375,2243.240131281449,2179.7620223282347,2218.0551389367038,2495962,HINDUNILVR.NS
2025-04-02,2197.33740234375,2203.0323238244255,2150.3548394880845,2203.0323238244255,1351493,HINDUNILVR.NS
2025-04-03,2203.866943359375,2212.0654534146915,2180.3510918370066,2185.1130403837997,1310088,HINDUNILVR.NS
2025-04-04,2203.866943359375,2225.959124485599,2181.7256205542135,2189.580618287982,1120226,HINDUNILVR.NS
2025-04-07,2208.62890625,2220.6079696442002,2111.0306546602815,2111.0306546602815,3435185,HINDUNILVR.NS
2025-04-08,2247.756591796875,2264.399319536186,2211.5255123036677,2227.18636537145,2774874,HINDUNILVR.NS
2025-04-09,2307.40576171875,2311.480446220256,2248.002336789395,2252.3716316716723,2989089,HINDUNILVR.NS
2025-04-11,2323.262939453125,2351.442937710442,2301.858260794508,2351.1974690128386,3836083,HINDUNILVR.NS
2025-04-15,2318.697265625,2356.4994442091893,2302.692658956642,2356.4994442091893,3042779,HINDUNILVR.NS
2025-04-16,2323.704833984375,2332.934360568433,2308.3874922964587,2308.3874922964587,1131979,HINDUNILVR.NS
2025-04-17,2331.952392578125,2336.763482680823,2300.630685801908,2314.3769314844735,1962402,HINDUNILVR.NS
2025-04-21,2308.387451171875,2329.3994741521456,2306.2273747455256,2325.177604656988,1478430,HINDUNILVR.NS
2025-04-22,2355.222900390625,2362.3906339646264,2312.413305383334,2327.043143182113,2352346,HINDUNILVR.NS
2025-04-23,2379.867919921875,2393.810492567148,2350.0187855371846,2366.3180012661305,2226066,HINDUNILVR.NS
2025-04-24,2283.153564453125,2442.31532877599,2275.102238880822,2379.8682341199365,7065430,HINDUNILVR.NS
2025-04-25,2289.92822265625,2299.4523596993467,2252.8133095091957,2289.633612290894,2859858,HINDUNILVR.NS
2025-04-28,2276.57470703125,2306.423601129874,2273.0398623310593,2302.4961024476606,1555660,HINDUNILVR.NS
2025-04-29,2279.618408203125,2290.22270274414,2270.6834923989963,2285.8042666616752,1896387,HINDUNILVR.NS
2025-04-30,2299.64892578125,2309.8603271969996,2274.0218991661004,2277.949398128391,2083807,HINDUNILVR.NS
2025-05-02,2276.57470703125,2302.4961024476606,2268.1304889782928,2291.7937644248273,1424284,HINDUNILVR.NS
2025-05-05,2306.03125,2312.21686946445,2277.0659434146482,2281.9753174121656,2074103,HINDUNILVR.NS
2025-05-06,2338.629150390625,2346.778758141565,2297.7830679976596,2297.7830679976596,1888125,HINDUNILVR.NS
2025-05-07,2327.82861328125,2343.6366523024376,2312.609555257485,2326.06119085797,1610400,HINDUNILVR.NS
2025-05-08,2312.216796875,2328.9086679425363,2298.5688334765755,2318.8935932451186,2323073,HINDUNILVR.NS
2025-05-09,2290.615478515625,2300.2378988832365,2260.57025538677,2287.768137663965,1805685,HINDUNILVR.NS
2025-05-12,2339.316650390625,2343.7350868761478,2303.5765044828277,2317.2244679630116,1274873,HINDUNILVR.NS
2025-05-13,2317.224609375,2354.5358530852754,2310.155158509844,2332.5419526791165,1929665,HINDUNILVR.NS
2025-05-14,2307.896728515625,2327.0432872078413,2296.1142308588765,2327.0432872078413,1568111,HINDUNILVR.NS
2025-05-15,2312.51123046875,2326.9447405218516,2297.586783068839,2308.976625401022,3236681,HINDUNILVR.NS
2025-05-16,2338.236572265625,2343.735167077532,2306.423924367458,2317.2245472572163,1473000,HINDUNILVR.NS
2025-05-19,2339.512939453125,2361.408794513757,2331.95255175475,2331.95255175475,936655,HINDUNILVR.NS
2025-05-20,2298.6669921875,2351.1972894631904,2296.1140220411703,2351.1972894631904,1617408,HINDUNILVR.NS
2025-05-21,2321.053466796875,2332.6396359970754,2302.496131178057,2303.478005860862,1570754,HINDUNILVR.NS
2025-05-22,2288.45556640625,2320.268454005645,2271.174713619723,2312.3151721769136,2423653,HINDUNILVR.NS
2025-05-23,2316.43896484375,2321.642949192319,2287.3756147859463,2294.5431090059574,844118,HINDUNILVR.NS
2025-05-26,2350.706298828125,2353.8482499032,2321.250058032729,2325.07927344993,892618,HINDUNILVR.NS
2025-05-27,2337.058349609375,2365.8273291751543,2317.5191369873537,2350.706553150472,1865258,HINDUNILVR.NS
2025-05-28,2319.18798828125,2344.716729896539,2309.3692415061387,2344.716729896539,897517,HINDUNILVR.NS
2025-05-29,2323.802978515625,2332.9344618523432,2312.8060289954524,2326.0613384377953,1111275,HINDUNILVR.NS
2025-05-30,2305.736328125,2331.8540504341177,2301.0232817809842,2317.224213784136,3288892,HINDUNILVR.NS
2025-06-02,2328.6142578125,2340.789408851528,2301.121764755519,2305.343634416857,1178205,HINDUNILVR.NS
2025-06-03,2309.6640625,2336.3710082209473,2300.139925202615,2322.2321074614806,1643913,HINDUNILVR.NS
2025-06-04,2321.642822265625,2324.686729845221,2299.6489239802295,2316.733448566607,3287896,HINDUNILVR.NS
2025-06-05,2333.3271484375,2336.861993557662,2306.3255917892498,2321.642934355921,1787978,HINDUNILVR.NS
2025-06-06,2346.484130859375,2353.0626431956043,2327.141247831911,2330.283198828193,997488,HINDUNILVR.NS
2025-06-09,2349.82275390625,2355.517675763248,2335.1929150826363,2350.608301699548,1293622,HINDUNILVR.NS
2025-06-10,2351.786376953125,2356.695750752591,2335.2908330438154,2350.0189544422137,1778782,HINDUNILVR.NS
2025-06-11,2333.3271484375,2359.346830298541,2328.319730852048,2351.7864423801357,1977707,HINDUNILVR.NS
2025-06-12,2290.419189453125,2344.7169112625684,2281.9752104026784,2343.6367531475557,3339584,HINDUNILVR.NS
2025-06-13,2276.967529296875,2282.760494395082,2260.2756586638234,2263.221282893185,1740682,HINDUNILVR.NS
2025-06-16,2285.215087890625,2294.248526930686,2271.1744714100378,2277.94931097458,1105297,HINDUNILVR.NS
2025-06-17,2286.3935546875,2290.8119909000766,2271.1744966219585,2277.949336261707,1119284,HINDUNILVR.NS
2025-06-18,2255.660888671875,2289.1426734843863,2244.0747187940665,2285.5097848886408,2056563,HINDUNILVR.NS
2025-06-19,2252.616943359375,2265.9705354890243,2248.7877278228257,2258.410148058999,1214549,HINDUNILVR.NS
2025-06-20,2264.3994140625,2271.0762100507136,2250.849495086671,2253.402465225416,2685864,HINDUNILVR.NS
2025-06-23,2257.35498046875,2268.169866753373,2241.082750343553,2265.590049100476,842856,HINDUNILVR.NS
2025-06-24,2245.44873046875,2283.053027199062,2242.6705210148793,2277.099825042089,2440747,HINDUNILVR.NS
2025-06-25,2260.9267578125,2272.6347697099336,2253.683647230803,2261.2244663474958,1047270,HINDUNILVR.NS
2025-06-26,2263.010498046875,2273.130892683563,2253.8823037125367,2271.0471751540676,1874722,HINDUNILVR.NS
2025-06-27,2288.90673828125,2292.4787561982344,2261.5221557844948,2263.0104562105053,1050745,HINDUNILVR.NS
2025-06-30,2276.702880859375,2298.928070446473,2270.1542620550413,2291.8833514974594,1403754,HINDUNILVR.NS
2025-07-01,2277.595703125,2284.6404218850275,2268.7652176811503,2282.060604307341,759914,HINDUNILVR.NS
2025-07-02,2289.10546875,2290.9905524746237,2269.7575623951902,2277.099747912196,1128034,HINDUNILVR.NS
2025-07-03,2295.356201171875,2308.750905945756,2286.029614742405,2291.9828168641297,1060039,HINDUNILVR.NS
2025-07-04,2321.05419921875,2323.1376744970185,2292.2803906553454,2299.920284481797,1242346,HINDUNILVR.NS
2025-07-07,2391.599609375,2396.858319639088,2322.7410024796927,2322.7410024796927,2701583,HINDUNILVR.NS
2025-07-08,2374.03759765625,2399.6364137173014,2367.3899041263103,2386.6384929568344,1471046,HINDUNILVR.NS
2025-07-09,2404.498046875,2420.670959786851,2378.4033734605428,2380.2884570863953,1741690,HINDUNILVR.NS
2025-07-10,2389.615234375,2415.0156603181044,2378.8996643467794,2404.4982396768783,1053695,HINDUNILVR.NS
2025-07-11,2499.947998046875,2510.2667843766285,2441.8049629845386,2480.50077507572,7242235,HINDUNILVR.NS
2025-07-14,2496.971435546875,2512.7473238245966,2470.5788099993074,2480.5008132523167,2427712,HINDUNILVR.NS
2025-07-15,2507.19091796875,2510.167518959921,2490.422829279717,2501.0393243676117,1700294,HINDUNILVR.NS
2025-07-16,2497.963623046875,2513.144094156912,2487.9423029182253,2506.5957173853917,1284379,HINDUNILVR.NS
2025-07-17,2490.224365234375,2505.702544596446,2486.652347254296,2493.3993577519996,807474,HINDUNILVR.NS
2025-07-18,2470.181884765625,2495.2843577635995,2462.144965698126,2495.2843577635995,771112,HINDUNILVR.NS
2025-07-21,2445.674560546875,2474.150904552474,2436.2486571651175,2471.471769802211,1169960,HINDUNILVR.NS
2025-07-22,2460.359130859375,2465.6178411005535,2433.470647028656,2450.734836023488,861632,HINDUNILVR.NS
2025-07-23,2431.28759765625,2467.6022267172193,2422.953211758524,2461.6490247227266,1320795,HINDUNILVR.NS
2025-07-24,2418.785888671875,2446.7658880933027,2402.1168755368553,2436.744568380519,693984,HINDUNILVR.NS
2025-07-25,2396.560546875,2409.657784838074,2386.638543712917,2407.1772840475533,769388,HINDUNILVR.NS
2025-07-28,2422.556396484375,2429.204090176368,2393.4848786817606,2396.5605543297306,987995,HINDUNILVR.NS
2025-07-29,2434.462890625,2438.3323751192297,2410.7491567723273,2425.7314790440246,732282,HINDUNILVR.NS
2025-07-30,2418.388916015625,2433.768020676373,2379.7924212132107,2422.9531342933756,1224146,HINDUNILVR.NS
2025-07-31,2501.535400390625,2529.1186177565537,2401.224093298107,2401.224093298107,5505507,HINDUNILVR.NS
2025-08-01,2533.781982421875,2706.2264515000306,2517.112968113841,2530.110889578397,4259653,HINDUNILVR.NS
2025-08-04,2523.85986328125,2563.0517752650835,2515.327086013953,2527.1341727297113,1293028,HINDUNILVR.NS
2025-08-05,2514.93017578125,2533.0874906124764,2497.6659866058358,2517.7083852053106,756361,HINDUNILVR.NS
2025-08-06,2515.8232421875,2543.1087511382634,2506.893439258159,2518.898917854651,885487,HINDUNILVR.NS
2025-08-07,2497.8642578125,2524.1575657894737,2475.539751039598,2515.922254843745,847151,HINDUNILVR.NS
2025-08-08,2479.11181640625,2510.16749263262,2467.2054125664436,2496.3760050794067,839794,HINDUNILVR.NS
2025-08-11,2498.757080078125,2504.8095986608714,2459.168385930271,2470.678006035155,992436,HINDUNILVR.NS
2025-08-12,2464.42724609375,2516.815472347512,2460.7561532932295,2498.3604491802103,1406211,HINDUNILVR.NS
2025-08-13,2475.63916015625,2481.9891454246754,2454.108219033236,2465.6178398482184,969803,HINDUNILVR.NS
2025-08-14,2461.252197265625,2489.430589305409,2453.909769595819,2479.4092692334916,1104362,HINDUNILVR.NS
2025-08-18,2548.06982421875,2576.744317534717,2501.6347992367637,2519.1966970429903,3089136,HINDUNILVR.NS
2025-08-19,2584.4833984375,2594.603793083701,2538.445159023351,2552.13757165593,1400717,HINDUNILVR.NS
2025-08-20,2648.9765625,2659.096957697686,2568.3106250001715,2578.7287287523454,3156954,HINDUNILVR.NS
2025-08-21,2627.346435546875,2646.2975584682295,2606.807937462502,2646.2975584682295,2235686,HINDUNILVR.NS
2025-08-22,2609.387451171875,2637.76447641911,2598.5725648830726,2626.3541730605166,1223445,HINDUNILVR.NS
2025-08-25,2611.074462890625,2622.385449660888,2594.8022322765755,2622.385449660888,667598,HINDUNILVR.NS
2025-08-26,2671.5986328125,2683.901819675416,2604.1290122069813,2604.1290122069813,4348648,HINDUNILVR.NS
2025-08-28,2633.696533203125,2726.5665836002318,2626.1559558246827,2726.5665836002318,3198743,HINDUNILVR.NS
2025-08-29,2639.054443359375,2701.7614547505946,2620.797812241766,2644.0154449288766,1972773,HINDUNILVR.NS
2025-09-01,2628.834716796875,2652.4491325813005,2618.714322099665,2639.054428419475,1096729,HINDUNILVR.NS
2025-09-02,2656.120361328125,2671.400149963799,2624.469266767194,2628.338751273143,1525106,HINDUNILVR.NS
2025-09-03,2643.916015625,2665.9428132100716,2637.5660307805015,2660.0889285014373,1010692,HINDUNILVR.NS
2025-09-04,2645.801513671875,2728.5509248247226,2634.787993044382,2728.5509248247226,2494678,HINDUNILVR.NS
2025-09-05,2612.860107421875,2652.0520182863465,2603.335130123233,2646.793550617698,944879,HINDUNILVR.NS
2025-09-08,2603.434326171875,2623.9730666119685,2598.3742498750744,2609.486845026385,903410,HINDUNILVR.NS
2025-09-09,2621.393310546875,2625.560503547093,2590.9328084136164,2616.4323088236597,1610956,HINDUNILVR.NS
2025-09-10,2622.881591796875,2632.2081780734443,2598.5726835316877,2621.393291290843,1031486,HINDUNILVR.NS
2025-09-11,2601.54931640625,2636.9708204363524,2593.6117136101975,2623.1793324727764,1212707,HINDUNILVR.NS
2025-09-12,2560.372802734375,2608.395199020342,2548.9624996026387,2604.5257148528326,1368380,HINDUNILVR.NS
2025-09-15,2560.868896484375,2573.1720829359647,2548.3670761897,2560.37279634945,752745,HINDUNILVR.NS
2025-09-16,2560.769775390625,2569.7988954313,2552.534706310226,2568.01288636171,1040928,HINDUNILVR.NS
2025-09-17,2549.656982421875,2570.8902135171456,2546.4819900088273,2566.8220955202946,970247,HINDUNILVR.NS
2025-09-18,2566.623779296875,2589.5434608386845,2550.847649216938,2550.847649216938,1550153,HINDUNILVR.NS
2025-09-19,2539.635986328125,2584.384074543658,2534.8733764379313,2579.7207815780857,2214708,HINDUNILVR.NS
2025-09-22,2552.1376953125,2567.0207005828506,2540.231291096219,2548.962702635441,1174161,HINDUNILVR.NS
2025-09-23,2502.527587890625,2555.2135215505277,2498.558786627699,2548.8632941880032,1430474,HINDUNILVR.NS
2025-09-24,2529.61474609375,2555.9080548882134,2490.4228329850216,2502.5276285865116,1882881,HINDUNILVR.NS
2025-09-25,2518.502197265625,2547.474399043097,2512.0528949895665,2526.142091514596,1624258,HINDUNILVR.NS
2025-09-26,2492.208740234375,2525.54652468155,2479.905311279923,2515.2277385461766,885612,HINDUNILVR.NS
2025-09-29,2478.4169921875,2497.7648977229896,2423.945293497526,2475.5397082588324,2403556,HINDUNILVR.NS
2025-09-30,2494.788330078125,2506.5956589551924,2472.1663570938695,2478.4170251763394,1678088,HINDUNILVR.NS
2025-10-01,2516.41845703125,2530.110870187784,2478.4171355140884,2495.780641485965,1483899,HINDUNILVR.NS
2025-10-03,2525.050537109375,2528.721872140129,2488.7361501691885,2516.4184426371576,1242611,HINDUNILVR.NS
2025-10-06,2521.974853515625,2529.714064556161,2500.5432294397424,2515.4262344267695,818923,HINDUNILVR.NS
2025-10-07,2497.566650390625,2539.4374563414676,2488.736164248618,2520.188866616989,1291750,HINDUNILVR.NS
2025-10-08,2480.60009765625,2505.305788537764,2466.7092932841597,2491.414984165673,1225128,HINDUNILVR.NS
2025-10-09,2497.963623046875,2503.3214078814285,2478.814108419605,2481.493000836882,1259173,HINDUNILVR.NS
2025-10-10,2509.17529296875,2515.12849489021,2486.9501026898624,2490.422803810714,1018875,HINDUNILVR.NS
2025-10-13,2473.35693359375,2511.854353327809,2466.0145060992772,2499.5509243788547,1114750,HINDUNILVR.NS
2025-10-14,2482.782958984375,2489.6290444351353,2462.9389521863327,2473.555447376003,1461017,HINDUNILVR.NS
2025-10-15,2499.3525390625,2512.0527512652384,2483.0805511453786,2483.0805511453786,881070,HINDUNILVR.NS
2025-10-16,2541.52099609375,2548.466397996017,2487.545398204978,2498.1618926654496,1446646,HINDUNILVR.NS
2025-10-17,2583.391845703125,2594.603757423401,2540.0327414928897,2545.4898430859407,2050690,HINDUNILVR.NS
2025-10-20,2574.164306640625,2604.228023538072,2565.4331379755677,2588.6505276068815,1011485,HINDUNILVR.NS
2025-10-21,2571.485595703125,2586.3686009360827,2564.9372187424715,2573.7677049527942,82020,HINDUNILVR.NS
2025-10-23,2581.308349609375,2646.396542743126,2575.8512480603545,2580.7129325458322,3386744,HINDUNILVR.NS
2025-10-24,2496.772705078125,2563.845541367595,2455.1996099512826,2563.845541367595,3110800,HINDUNILVR.NS
2025-10-27,2492.208740234375,2505.3057356327795,2486.453930097325,2496.7727162326983,2127832,HINDUNILVR.NS
2025-10-28,2477.62353515625,2506.298027731777,2462.541896386315,2499.3526254379835,2294976,HINDUNILVR.NS
2025-10-29,2468.693603515625,2493.994710552656,2464.6254854896224,2493.002510276694,1870143,HINDUNILVR.NS
2025-10-30,2450.337890625,2477.5240812054235,2435.752352825584,2471.5708795685664,1195631,HINDUNILVR.NS
2025-10-31,2446.269775390625,2460.160579225737,2433.7679550444664,2449.742476349403,1401937,HINDUNILVR.NS
2025-11-03,2440.812744140625,2455.5964317532575,2421.2664466287306,2436.943259855451,1049185,HINDUNILVR.NS
2025-11-04,2426.624267578125,2444.0870900572017,2422.2586830765586,2440.812780562824,1251588,HINDUNILVR.NS
2025-11-06,2417.0,2444.682292267998,2413.6266157779787,2444.682292267998,1329256,HINDUNILVR.NS
2025-11-07,2414.0,2425.0,2400.60009765625,2417.0,817896,HINDUNILVR.NS
2025-11-10,2408.800048828125,2429.300048828125,2404.0,2405.0,780558,HINDUNILVR.NS
2025-11-11,2427.5,2433.699951171875,2403.10009765625,2422.199951171875,1422399,HINDUNILVR.NS
2025-11-12,2424.5,2434.800048828125,2416.199951171875,2430.60009765625,1680827,HINDUNILVR.NS
2025-11-13,2407.60009765625,2431.0,2405.0,2429.0,1256059,HINDUNILVR.NS
2025-11-14,2427.699951171875,2430.199951171875,2392.0,2405.10009765625,975973,HINDUNILVR.NS
2025-11-17,2425.0,2438.39990234375,2416.0,2431.39990234375,920038,HINDUNILVR.NS
2025-11-18,2404.0,2422.89990234375,2401.89990234375,2415.800048828125,1229034,HINDUNILVR.NS
2025-11-19,2441.60009765625,2450.699951171875,2411.0,2412.0,1465143,HINDUNILVR.NS
2025-11-20,2428.39990234375,2459.0,2425.0,2445.10009765625,1396929,HINDUNILVR.NS
2025-11-21,2433.699951171875,2443.199951171875,2413.0,2436.199951171875,1840712,HINDUNILVR.NS
2025-11-24,2424.199951171875,2444.89990234375,2413.0,2441.89990234375,4092327,HINDUNILVR.NS
2025-11-25,2414.10009765625,2424.199951171875,2406.0,2422.0,1240672,HINDUNILVR.NS
2025-11-26,2425.199951171875,2427.699951171875,2409.0,2412.0,1242683,HINDUNILVR.NS
2025-11-27,2451.699951171875,2459.699951171875,2425.0,2426.10009765625,1872248,HINDUNILVR.NS
2025-11-28,2466.60009765625,2470.0,2447.199951171875,2450.0,973225,HINDUNILVR.NS
2025-12-01,2464.5,2488.0,2458.800048828125,2466.60009765625,1924828,HINDUNILVR.NS
2025-12-02,2477.800048828125,2484.39990234375,2460.0,2471.0,2179406,HINDUNILVR.NS
2025-12-03,2448.0,2484.89990234375,2403.10009765625,2478.199951171875,3535932,HINDUNILVR.NS
2025-12-04,2462.199951171875,2483.0,2423.199951171875,2440.0,2587753,HINDUNILVR.NS
2025-12-05,2338.60009765625,2422.0,2286.699951171875,2422.0,4008271,HINDUNILVR.NS
2025-12-08,2314.0,2355.10009765625,2302.0,2350.10009765625,1898154,HINDUNILVR.NS
2025-12-09,2306.5,2330.39990234375,2298.10009765625,2318.0,1471488,HINDUNILVR.NS
2025-12-10,2301.699951171875,2316.89990234375,2295.0,2306.5,2857290,HINDUNILVR.NS
2025-12-11,2305.60009765625,2313.0,2292.0,2296.300048828125,1108032,HINDUNILVR.NS
2025-12-12,2260.60009765625,2309.0,2244.699951171875,2306.89990234375,3203114,HINDUNILVR.NS
2025-12-15,2293.5,2299.0,2252.0,2260.60009765625,1274115,HINDUNILVR.NS
2025-12-16,2281.10009765625,2302.699951171875,2276.0,2293.39990234375,1256042,HINDUNILVR.NS
2025-12-17,2275.60009765625,2286.199951171875,2268.300048828125,2281.199951171875,808100,HINDUNILVR.NS
2025-12-18,2265.5,2278.300048828125,2255.300048828125,2270.0,1057295,HINDUNILVR.NS
2025-12-19,2280.0,2284.800048828125,2263.699951171875,2263.699951171875,1237214,HINDUNILVR.NS
2025-12-22,2289.5,2295.0,2280.0,2280.0,790773,HINDUNILVR.NS
2025-12-23,2302.60009765625,2310.0,2280.699951171875,2289.300048828125,1128801,HINDUNILVR.NS
2025-12-24,2282.199951171875,2305.0,2278.10009765625,2302.60009765625,519380,HINDUNILVR.NS
2025-12-26,2285.39990234375,2290.0,2275.0,2282.300048828125,533626,HINDUNILVR.NS
2025-12-29,2293.300048828125,2298.699951171875,2280.0,2288.89990234375,1086695,HINDUNILVR.NS
2025-12-30,2290.199951171875,2298.0,2283.0,2293.300048828125,1556717,HINDUNILVR.NS
