Price,Close,High,Low,Open,Volume
Ticker,INFY.NS,INFY.NS,INFY.NS,INFY.NS,INFY.NS
Date,,,,,
2021-01-01,1109.599609375,1114.0452695948306,1105.5062062061872,1107.3548572277425,4253550
2021-01-04,1134.072509765625,1135.6130701320833,1110.2158535829499,1117.1263457345842,7208454
2021-01-05,1138.95849609375,1143.5361188661745,1122.4524897590766,1128.5706731227374,8145280
2021-01-06,1128.65869140625,1146.1770877418114,1116.2902550512151,1144.416447054036,7161715
2021-01-07,1111.096435546875,1142.3478103430095,1105.242283283007,1140.895260163104,10954918
2021-01-08,1155.068115234375,1159.2056846592145,1125.2692978970617,1125.2692978970617,13186251
2021-01-11,1211.4967041015625,1217.791015480157,1179.6291535352227,1181.4778045970766,20528626
2021-01-12,1207.5792236328125,1213.0812248339826,1197.2354613746127,1213.0812248339826,8309868
2021-01-13,1221.1363525390625,1226.1101838358318,1197.2356343753304,1209.4280493067367,14442997
2021-01-14,1206.4791259765625,1218.3634515516692,1160.6584054970342,1197.2357616403685,27521697
2021-01-15,1183.98681640625,1201.153063298787,1179.6292736409982,1197.235680710267,15018441
2021-01-18,1155.024169921875,1179.629076709147,1149.6981896881687,1177.8684362961483,8861765
2021-01-19,1159.0738525390625,1171.7064285295091,1154.98034127026,1162.022904326786,5585744
2021-01-20,1179.1448974609375,1187.0238280519566,1162.506930964582,1162.506930964582,8225838
2021-01-21,1179.364990234375,1198.1599134497121,1175.227528063781,1188.4323317498906,6142421
2021-01-22,1180.3773193359375,1193.714191865566,1167.7888049454957,1168.1849060513318,9646591
2021-01-25,1166.5125732421875,1186.583921909131,1155.8607175958405,1184.030971185381,6542611
2021-01-27,1145.2967529296875,1168.669300749039,1131.2996381464989,1161.6706896269554,8133665
2021-01-28,1123.464599609375,1141.2910837125905,1120.2515168385528,1137.1976807391404,4660690
2021-01-29,1090.7608642578125,1136.6255284428273,1083.6742431601515,1132.311937664293,12183519
2021-02-01,1109.995849609375,1125.005245731887,1092.4774547493232,1100.8845563097436,8880279
2021-02-02,1119.107177734375,1139.4866141052723,1112.3727059690884,1126.8099803343166,6892490
2021-02-03,1130.9033203125,1147.9374939957827,1120.6475689084598,1124.7410791637496,8182968
2021-02-04,1126.2376708984375,1138.6062131817557,1119.8113976609816,1131.2115017172475,5032240
2021-02-05,1119.8553466796875,1134.5127000483542,1110.9641338203862,1132.4439689934175,5477481
2021-02-08,1147.5413818359375,1153.2194038552698,1122.8483584865623,1131.6515600427094,6921922
2021-02-09,1149.3021240234375,1172.5865512190387,1142.523593747769,1150.490534846669,7965949
2021-02-10,1141.335205078125,1148.2456975542023,1129.9790523514478,1140.7190238869975,5951207
2021-02-11,1137.9461669921875,1140.8952187892994,1129.4951127896488,1134.7329760952214,4673317
2021-02-12,1153.043701171875,1165.3241277490283,1145.7810578827875,1148.8181202738297,5797875
2021-02-15,1152.911376953125,1169.4173807823101,1150.6665174479708,1162.0226695746428,4363513
2021-02-16,1135.9652099609375,1161.8025863930768,1132.0917795806,1156.7407452324326,6896421
2021-02-17,1127.954345703125,1139.574529672526,1122.408285308977,1135.9652382472548,4575741
2021-02-18,1137.77001953125,1149.6984035323842,1122.4084720549693,1123.2887924252084,6437551
2021-02-19,1136.757568359375,1143.976151339578,1123.992924885405,1140.9830410327988,5389696
2021-02-22,1113.7811279296875,1151.9430964143678,1109.2035056526506,1140.014714143002,7371303
2021-02-23,1114.7935791015625,1136.4934957685794,1107.0468250167494,1119.0191594830774,6612942
2021-02-24,1121.792236328125,1123.8169086048074,1102.1610500403006,1109.2476716611327,4537258
2021-02-25,1122.01220703125,1144.1962341374683,1119.7673474305518,1134.2485724219769,8788221
2021-02-26,1103.305419921875,1121.792145299428,1095.7786387480553,1117.1264049578488,15132388
2021-03-01,1115.36572265625,1130.7713265603418,1108.3231608715223,1112.1085808151993,5756286
2021-03-02,1148.3775634765625,1153.2193239971614,1126.1054220974286,1128.790441370504,10461434
2021-03-03,1182.7545166015625,1185.7915789976744,1151.459083391951,1161.3186288892,9056399
2021-03-04,1171.1339111328125,1200.6246366884466,1167.2165293792084,1175.2274213961591,12041941
2021-03-05,1159.11767578125,1179.6291813973996,1148.8620304341473,1169.5054981242129,6486176
2021-03-08,1175.887939453125,1184.999233830919,1159.5579535326617,1166.2484743431805,5119392
2021-03-09,1184.51513671875,1188.8286206353612,1160.922507422379,1170.3859515587133,6518173
2021-03-10,1204.4100341796875,1209.5598855627088,1192.8338027201385,1194.5064324965867,7925984
2021-03-12,1210.308349609375,1225.1417252536396,1206.0828766227546,1208.6797785376261,9462061
2021-03-15,1209.207763671875,1214.7538237256626,1195.9149506008914,1206.0386325529785,6658635
2021-03-16,1218.36328125,1237.7303276282514,1215.2821602352783,1220.1679808287263,9352771
2021-03-17,1221.00439453125,1232.448559728731,1216.6027925322187,1225.6260766302328,7626744
2021-03-18,1177.0762939453125,1226.9464622249845,1156.3007556107748,1226.9464622249845,10961755
2021-03-19,1183.5465087890625,1193.009951409885,1160.2620813250076,1170.8259242505767,12767112
2021-03-22,1206.7431640625,1211.3207868423383,1176.1959838130717,1188.5204685629212,4862758
2021-03-23,1207.4034423828125,1217.7031476926572,1196.8835495202284,1208.1956447443526,7165335
2021-03-24,1191.733642578125,1206.4349490534235,1185.1312401261687,1195.3429344263322,6134303
2021-03-25,1174.17138671875,1190.6333351332403,1168.7133357890523,1185.5714928581822,8749994
2021-03-26,1176.283935546875,1194.3305015997794,1172.586633291157,1183.7666580566158,4922071
2021-03-30,1219.5078125,1232.4484785402813,1176.240046207622,1185.7034898821278,10546381
2021-03-31,1204.3221435546875,1221.8844893034448,1200.1406224277484,1216.6025678799429,8220987
2021-04-01,1219.419677734375,1225.0537493367353,1206.9191720368383,1214.8420550042574,5675155
2021-04-05,1241.16357421875,1254.4563888469693,1221.004218477717,1224.5254995692171,9479572
2021-04-06,1242.176025390625,1255.336771135885,1238.1264659665671,1252.6958101867913,5793571
2021-04-07,1259.0341796875,1263.2157015429689,1238.2586399609468,1241.471830878925,5879234
2021-04-08,1267.5291748046875,1277.9609489690665,1250.935158480307,1258.858041257452,5654434
2021-04-09,1268.5858154296875,1280.8662426063622,1258.902290571495,1280.8662426063622,6052712
2021-04-12,1255.1165771484375,1300.7172083820185,1245.653134606375,1297.59202855816,20384532
2021-04-13,1229.939453125,1263.4796330036042,1210.4403381849543,1261.4989124502106,14855206
2021-04-15,1197.895751953125,1202.8695827405857,1162.022702611152,1172.850684415324,25342491
2021-04-16,1191.733642578125,1206.78709867639,1185.4393307483979,1201.6372462560596,10879878
2021-04-19,1199.480712890625,1214.5781231523458,1172.8949699206378,1179.6294430841758,12508028
2021-04-20,1189.6207275390625,1213.9616035180388,1181.7419044237488,1213.9616035180388,8560766
2021-04-22,1189.4007568359375,1201.4612096354417,1184.1628939428558,1193.3182467166828,6622446
2021-04-23,1174.17138671875,1187.0240430032222,1171.7064466265012,1182.2702913744486,7316262
2021-04-26,1182.7545166015625,1189.5769997026998,1162.9032485938587,1172.8068530955097,7088606
2021-04-27,1187.11181640625,1191.0732573953699,1179.761164063076,1184.911015856739,3636115
2021-04-28,1193.714599609375,1196.7957213635289,1183.6789244036452,1195.4752406117486,4879234
2021-04-29,1194.0223388671875,1205.1584114218251,1189.6647966532266,1204.2780911797347,5412357
2021-04-30,1192.26171875,1209.4720227612527,1184.8230555616503,1185.1752051566957,8354677
2021-05-03,1190.2371826171875,1198.11600683424,1177.8686386070633,1180.333578593025,4560337
2021-05-04,1170.2977294921875,1192.7898467813673,1165.6319893117732,1191.953585551371,4887060
2021-05-05,1180.949951171875,1183.0627418648294,1168.889603301966,1180.5978014795494,3939788
2021-05-06,1198.64404296875,1201.3730142790157,1177.340335688776,1184.0307481639024,4810090
2021-05-07,1190.67724609375,1208.7238119609947,1187.1119059502223,1201.90132974289,4991435
2021-05-10,1179.2330322265625,1190.9852860554715,1175.2715911070898,1188.3002663123307,7195348
2021-05-11,1171.3983154296875,1180.5096097171875,1166.5124944185009,1176.9003177121128,6420988
2021-05-12,1168.1849365234375,1170.8258971937994,1157.1809337302627,1170.8258971937994,5241898
2021-05-14,1158.8536376953125,1168.0529416338368,1154.3640257610134,1168.0529416338368,4824609
2021-05-17,1170.2977294921875,1175.183442268053,1162.2868369308226,1162.2868369308226,5017129
2021-05-18,1179.629150390625,1183.6786021012647,1170.385787645027,1177.868509867654,5620150
2021-05-19,1176.9881591796875,1194.990665077294,1173.6869582844565,1181.389760373329,4435878
2021-05-20,1179.0130615234375,1187.640136285022,1175.227641118216,1187.0239550381152,4490092
2021-05-21,1192.393798828125,1195.0347596228717,1185.2191671768692,1186.2315569737161,4969733
2021-05-24,1186.7159423828125,1199.8766892029557,1184.1189327608447,1194.2866762296803,4225371
2021-05-25,1198.64404296875,1204.2781141176345,1192.3497316257221,1195.4749115290554,4099340
2021-05-26,1230.0274658203125,1232.4483465009394,1199.040236092676,1204.1900880483613,6850024
2021-05-27,1234.4290771484375,1246.7535607141913,1225.141655477,1236.1456586607087,15365391
2021-05-28,1236.89404296875,1244.772866430296,1229.0151120462333,1241.0315052688188,4261312
2021-05-31,1240.1861572265625,1247.0822596254905,1230.620595834501,1247.0822596254905,4429904
2021-06-01,1234.3577880859375,1246.637342834027,1226.7498951703167,1245.7475231746166,4791325
2021-06-02,1226.7501220703125,1238.584660557052,1214.6040597487086,1228.6187219765782,9272276
2021-06-03,1236.5380859375,1244.8578792030544,1225.3263783707234,1235.1588218225315,5115645
2021-06-04,1232.9788818359375,1242.9893550263232,1225.8603231227744,1240.364321328493,4194328
2021-06-07,1236.5380859375,1238.6291407081142,1225.5488333169712,1237.7393209231227,5154576
2021-06-08,1257.27099609375,1265.1014547357097,1241.788216584457,1242.1885920949892,7360630
2021-06-09,1259.362060546875,1267.9932695298262,1249.8409231050714,1257.6713811300513,5394317
2021-06-10,1267.370361328125,1271.552470863138,1262.6542730264473,1267.1033719447926,3496575
2021-06-11,1287.4803466796875,1291.6624564744493,1271.952925317914,1272.531329937339,6140828
2021-06-14,1300.7386474609375,1314.2638651845425,1293.3085651180995,1308.9249463009223,7132294
2021-06-15,1311.5054931640625,1313.3740931171444,1301.806435115435,1302.6962549617203,5403104
2021-06-16,1317.4674072265625,1325.3422921255774,1305.810787508528,1310.4378078388531,7661710
2021-06-17,1330.547607421875,1337.0877613114858,1312.5731820594183,1312.5731820594183,7677951
2021-06-18,1337.6661376953125,1348.7888851030746,1323.5179812685233,1342.73806706502,13533974
2021-06-21,1334.9967041015625,1339.8907130555006,1320.6705182672051,1328.500976041739,5454052
2021-06-22,1345.2738037109375,1353.8160505479764,1336.5980622035183,1343.360669756984,6427862
2021-06-23,1337.5328369140625,1356.9753804774398,1333.5286472667522,1356.9753804774398,5529809
2021-06-24,1387.4071044921875,1395.9049277395711,1344.6957505278851,1349.8567492468076,10785137
2021-06-25,1400.7542724609375,1404.135631117183,1372.9919384117954,1398.7967123676879,9780240
2021-06-28,1398.618896484375,1406.0488705757884,1388.6528489007708,1399.5976766042195,5019178
2021-06-29,1390.8328857421875,1400.2649539245465,1387.4069926061065,1389.0087116988348,5913567
2021-06-30,1406.627197265625,1415.7033158675802,1398.8412739382577,1398.8412739382577,6058722
2021-07-01,1388.4749755859375,1403.1124693019067,1387.2737404607137,1403.1124693019067,4814317
2021-07-02,1395.0595703125,1396.527686132786,1372.6360454660967,1387.1845779352639,5166064
2021-07-05,1404.9808349609375,1410.3642878359224,1389.0531485121203,1396.260666681678,4058338
2021-07-06,1390.0765380859375,1411.9216590381186,1385.538478536323,1400.3094664482746,4089574
2021-07-07,1392.212158203125,1397.506651645048,1374.4602951004547,1393.502462197475,4797120
2021-07-08,1388.786376953125,1402.3561301157295,1378.330993368823,1395.237571079609,3326813
2021-07-09,1390.6993408203125,1396.928079212835,1380.110463828909,1384.5595626807105,3436594
2021-07-12,1377.3074951171875,1404.1355826311178,1364.7610582132302,1397.5064688609696,4588982
2021-07-13,1374.727294921875,1384.9157985707798,1367.0304392138037,1384.9157985707798,4456160
2021-07-14,1403.1568603515625,1408.4068188807405,1368.631808761568,1382.7799652654269,5657716
2021-07-15,1406.627197265625,1420.9087400251894,1384.5596225581112,1386.2503019190274,10021355
2021-07-16,1384.070068359375,1401.1546725054604,1378.8646446149278,1400.3538130169516,6265593
2021-07-19,1371.835205078125,1381.8012524671824,1368.142539635368,1374.5046646004569,5669162
2021-07-20,1379.26513671875,1386.0721708593665,1368.5427653624465,1368.8097547336988,5069939
2021-07-22,1414.9915771484375,1417.349621633581,1389.3648289179616,1389.3648289179616,7854575
2021-07-23,1415.214111328125,1422.3772054512997,1410.4091704426617,1413.523540301329,4179719
2021-07-26,1427.1820068359375,1434.0781103240706,1418.4617292994851,1418.4617292994851,4586710
2021-07-27,1425.980712890625,1431.9869963256106,1421.8430292446305,1428.1607278743518,5892859
2021-07-28,1428.6947021484375,1430.4743418144471,1410.8093452291575,1428.249792231935,4686788
2021-07-29,1438.838623046875,1441.5080824588358,1423.8006466353795,1423.8006466353795,4660873
2021-07-30,1433.0546875,1444.5333838399172,1429.1839933652975,1432.6097776311703,6234257
2021-08-02,1451.78564453125,1454.6330246516857,1440.796282299438,1448.1372961874185,5553389
2021-08-03,1472.8297119140625,1475.8996554431062,1455.389265292903,1465.5332328913128,5513668
2021-08-04,1467.5352783203125,1494.8082764158198,1458.4591599744758,1485.1981793032805,6740391
2021-08-05,1471.3614501953125,1482.4396623268976,1465.577621980952,1467.7576368596744,5420536
2021-08-06,1468.380615234375,1477.6792974732823,1462.8637758297223,1474.431433424483,3754855
2021-08-09,1480.0374755859375,1483.73014125567,1464.999497628351,1477.9908463781162,5018477
2021-08-10,1492.450439453125,1494.897444198092,1478.035400403738,1484.2196053109628,6846517
2021-08-11,1492.71728515625,1498.456579557271,1484.2194624118335,1490.2702806468778,4899639
2021-08-12,1503.439453125,1509.5792312272279,1489.5582865159915,1494.1408800295676,5659579
2021-08-13,1523.549560546875,1532.7147487919517,1504.9524118847114,1510.0243417706486,5612790
2021-08-16,1516.60888671875,1530.4455194170107,1503.8844201483496,1519.5452268822864,4564109
2021-08-17,1549.7547607421875,1556.205954643305,1500.7257088178133,1516.164061463956,9510390
2021-08-18,1542.4580078125,1562.0785768197593,1536.7187138523066,1538.4983533587945,6686090
2021-08-20,1542.0133056640625,1552.735678583318,1527.0198625262155,1527.0198625262155,6206972
2021-08-23,1547.1741943359375,1559.9876213215564,1541.1679106196082,1544.5047349064578,6189051
2021-08-24,1531.2462158203125,1563.4132198422624,1523.9941635089963,1557.184481914604,7602939
2021-08-25,1544.326904296875,1554.4263380022362,1528.7105222770665,1528.7105222770665,6153253
2021-08-26,1537.3416748046875,1553.6254211203336,1530.4901055710045,1542.9475831744894,5302248
2021-08-27,1520.5242919921875,1537.341801243583,1517.3208534484993,1534.9393309564102,6698514
2021-08-30,1510.9586181640625,1529.2888850881866,1504.151474684652,1515.4077173505289,6559667
2021-08-31,1518.4329833984375,1526.0409862826573,1500.1027168908208,1512.8271837232185,12255438
2021-09-01,1492.8951416015625,1521.1469197245544,1488.8019923220322,1521.1469197245544,7801974
2021-09-02,1502.9947509765625,1507.6218795661478,1479.4590583890802,1492.539367293398,6830050
2021-09-03,1513.2720947265625,1517.988074588119,1498.8125226886418,1509.1789452891753,5339139
2021-09-06,1539.744384765625,1541.1680748889787,1512.1154332773742,1517.2764321726995,4876026
2021-09-07,1518.611083984375,1543.748494999435,1516.2530396340658,1539.3883559665105,3520341
2021-09-08,1506.6875,1513.450109310874,1497.522311859604,1513.450109310874,4584896
2021-09-09,1505.218994140625,1508.1554426209843,1496.8102413604763,1500.1470652606256,3331674
2021-09-13,1505.4862060546875,1514.0284547777442,1490.6261495836065,1497.5667877701696,4662374
2021-09-14,1500.369873046875,1509.0900430510817,1493.651689233019,1509.0900430510817,4945167
2021-09-15,1522.882080078125,1526.1299441294327,1503.9734089951633,1506.6874028811862,4062344
2021-09-16,1514.6959228515625,1529.8228611323534,1505.0858244955284,1526.2190470936926,3246568
2021-09-17,1504.9522705078125,1528.7104157088386,1498.8569179841036,1510.024199917287,7454864
2021-09-20,1501.8822021484375,1519.545101977702,1493.0729651407742,1499.3462376545606,5660743
2021-09-21,1529.1109619140625,1536.4965105236413,1499.035114501679,1512.693828226547,4672222
2021-09-22,1527.731689453125,1547.3077257336527,1524.3059048281496,1527.8206497121014,4553892
2021-09-23,1550.555419921875,1552.7354348205286,1531.4687214676399,1541.167778286049,3826090
2021-09-24,1569.5086669921875,1590.9978373584784,1559.3646993251812,1564.3032427719265,8280446
2021-09-27,1531.5135498046875,1574.0914104956141,1528.799555648699,1573.868955519569,5045337
2021-09-28,1501.215087890625,1521.591984731913,1490.448289137985,1521.591984731913,6557197
2021-09-29,1505.7977294921875,1513.939603321405,1472.6519381353644,1476.4336727196999,7792548
2021-09-30,1490.626220703125,1515.3632568348667,1486.088161035665,1515.3632568348667,6914031
2021-10-01,1481.68359375,1493.963042912064,1478.2132744965895,1481.6390593077983,5733906
2021-10-04,1493.78515625,1502.0159903201786,1481.906082316077,1488.2237818782576,2947154
2021-10-05,1506.2869873046875,1515.3185712967768,1479.7703140555798,1486.8888723913853,4373310
2021-10-06,1489.157958984375,1520.702027218349,1485.9990552689544,1514.562248918571,4271698
2021-10-07,1504.6851806640625,1516.4307577863626,1491.9162891164272,1501.125901703296,5476108
2021-10-08,1533.9158935546875,1540.7230369842214,1511.2700223097372,1517.3652664264184,4738376
2021-10-11,1504.640869140625,1539.3883785911644,1480.393277628134,1496.6770247342997,8840633
2021-10-12,1499.47998046875,1502.9057652551307,1478.8806286879972,1492.2279267808492,7439300
2021-10-13,1520.8798828125,1524.8396458972372,1494.9417238334045,1509.0897710508837,7104171
2021-10-14,1526.70849609375,1587.082754690168,1511.0921133732145,1560.7441073282457,19655776
2021-10-18,1594.690673828125,1600.7859181068043,1548.286546695853,1548.286546695853,13438109
2021-10-19,1621.38525390625,1632.3745072788313,1585.9259547717893,1614.1332004381575,10324260
2021-10-20,1603.7667236328125,1644.3870199570588,1596.3812843324115,1627.8363931036856,5876115
2021-10-21,1560.4324951171875,1614.133097673442,1554.3816771021532,1614.133097673442,8779629
2021-10-22,1530.3121337890625,1568.9302261697185,1518.9223969134766,1557.0956880152075,7369809
2021-10-25,1519.4119873046875,1539.1659452933711,1501.3040657577042,1532.3143756306038,5905209
2021-10-26,1529.4212646484375,1549.9787485385702,1522.419225446703,1535.1217839102844,5871709
2021-10-27,1552.08837890625,1556.7565147555208,1527.1322237405088,1534.2689409244713,5090259
2021-10-28,1529.6009521484375,1548.318096377301,1518.9631602125999,1543.4704630848398,5329972
2021-10-29,1497.148681640625,1537.4107603815037,1491.1340972820406,1525.2019847743497,5875091
2021-11-01,1526.1446533203125,1532.5631615525838,1504.5547869181817,1505.901345498359,3636806
2021-11-02,1524.214599609375,1531.8899179452385,1513.8460544672046,1521.6112310437475,3471772
2021-11-03,1528.3441162109375,1541.7647740148589,1525.202145927978,1534.1792038792905,3530713
2021-11-04,1533.90966796875,1541.3606690256308,1530.5882007505536,1539.5652576464513,483407
2021-11-08,1559.763671875,1562.9056418615107,1528.792824865108,1553.0308790467627,5245903
2021-11-09,1564.252197265625,1570.9849900802546,1549.4400530734397,1557.294978023841,4016134
2021-11-10,1562.142578125,1571.83773382555,1545.8042688196354,1549.4400206968505,4780368
2021-11-11,1555.993408203125,1561.7835664122908,1534.179114814545,1555.679123526493,4731349
2021-11-12,1598.095703125,1600.4746452356892,1560.257494120251,1564.7010936682932,5069009
2021-11-15,1604.3349609375,1615.8704586842389,1593.8766663299257,1599.801502761789,4354074
2021-11-16,1608.9580078125,1623.9047204027208,1595.2230664459416,1606.8932408206165,6034233
2021-11-17,1604.60400390625,1617.6656656279301,1598.5444904528713,1609.182390626486,4732492
2021-11-18,1597.3778076171875,1606.3996856383449,1579.0645864039852,1599.352716649209,4326924
2021-11-22,1579.423583984375,1602.7639344525808,1572.017511239656,1601.5071244338014,6621839
2021-11-23,1559.225341796875,1568.5165756006263,1535.0770320658585,1557.6094274035113,8436160
2021-11-24,1522.5089111328125,1562.4568159355308,1515.3272653255822,1562.0079630725788,7333061
2021-11-25,1546.20849609375,1549.6197123932054,1523.3618176709108,1526.0998642017403,4476260
2021-11-26,1518.603759765625,1542.572456393175,1511.7362897394191,1528.388773106352,4494181
2021-11-29,1522.8231201171875,1536.8722369569487,1498.4055676623748,1518.0204162933412,3942776
2021-11-30,1537.455810546875,1552.9412350958905,1526.1447397494564,1530.1844157187647,14808963
2021-12-01,1539.4755859375,1563.7136407678477,1537.769923125387,1539.5653345943017,5193264
2021-12-02,1569.4140625,1571.4339004182755,1536.288698723639,1539.5653465965966,5559574
2021-12-03,1558.013427734375,1603.8861746330003,1555.3203101914041,1589.9268048686408,6754012
2021-12-06,1521.880615234375,1556.5768551113895,1518.4692895209917,1553.030961200896,3991449
2021-12-07,1536.55810546875,1548.452706939299,1520.7135766875624,1527.0872657475893,4202122
2021-12-08,1573.9921875,1579.7824547218154,1555.3647951679527,1555.723899346417,3029169
2021-12-09,1583.059326171875,1588.4007416916018,1563.8035796586253,1579.0645790008737,2082171
2021-12-10,1579.2886962890625,1583.3283717947045,1567.3940961891165,1579.9619755400029,1823469
2021-12-13,1566.1824951171875,1590.151196897316,1560.9309379387585,1586.2911275859171,4040584
2021-12-14,1572.915283203125,1582.6553694878078,1535.3911358845291,1553.8390344217205,4768144
2021-12-15,1556.80126953125,1569.144723607344,1545.1310947683974,1566.4965354752162,3053149
2021-12-16,1590.37548828125,1595.7617227930966,1578.166711971042,1582.3410656343676,4481031
2021-12-17,1634.58740234375,1653.5738998202182,1621.9297738871765,1633.8243744151991,18887243
2021-12-20,1614.8828125,1642.4872628921498,1604.46944825245,1617.3963227207378,5773891
2021-12-21,1626.2838134765625,1649.98326863144,1616.7681538657364,1616.7681538657364,5353584
2021-12-22,1638.0438232421875,1642.038680030921,1626.957177893869,1638.3131788309054,4156428
2021-12-23,1667.578125,1671.1689478831108,1640.1083518608461,1643.9236011741514,4112933
2021-12-24,1672.8748779296875,1683.8717747660912,1664.3466722198232,1681.3581545130478,3780347
2021-12-27,1675.253662109375,1682.7494834505653,1656.3120920810711,1669.732749649534,2647733
2021-12-28,1694.8685302734375,1701.9604279258667,1686.2505766124211,1688.3152341779669,3340933
2021-12-29,1692.6690673828125,1700.0751395868292,1684.4550381126232,1690.8287268200424,3236635
2021-12-30,1699.2222900390625,1714.4384680998746,1682.6147338295473,1691.7264690178984,4584738
2021-12-31,1694.64404296875,1704.1597020773836,1680.191002196057,1696.6638809222288,4619420
2022-01-03,1704.24951171875,1718.2538096972232,1694.6441036073452,1694.6441036073452,3329616
2022-01-04,1704.8780517578125,1711.610845493857,1685.891551505521,1704.2495919258429,3921999
2022-01-05,1655.953125,1708.2444909797823,1651.7787708635078,1705.6411220873179,6995719
2022-01-06,1631.8494873046875,1641.0060417349105,1615.8702817958638,1641.0060417349105,6449205
2022-01-07,1628.7076416015625,1648.1878132075997,1621.9748482469563,1629.7399155826886,4834389
2022-01-10,1661.428955078125,1678.6200425032102,1627.5405622351159,1629.3359737764672,7857560
2022-01-11,1665.78271484375,1678.7096991495666,1660.8902624950238,1665.2441133275113,5142287
2022-01-12,1685.397705078125,1695.7662508688193,1669.7327827506638,1677.7223862621913,5362535
2022-01-13,1702.768310546875,1716.8622469895265,1675.4331047076187,1710.1294538640775,14277630
2022-01-14,1731.988525390625,1735.2651732163426,1688.5844753336473,1689.4821810621609,7688506
2022-01-17,1741.1004638671875,1754.027449784704,1733.0211113666437,1740.2476871587562,5262464
2022-01-18,1724.2685546875,1746.0379220966745,1715.919846239553,1725.480435698786,3690315
2022-01-19,1676.0615234375,1720.0041749935306,1672.2910936296498,1720.0041749935306,5747770
2022-01-20,1637.1458740234375,1658.9601668033267,1629.7847309693936,1655.369343931458,5533463
2022-01-21,1603.033203125,1623.0520862970209,1594.3255006988436,1611.3819108977614,8252758
2022-01-24,1559.13525390625,1587.7271576234307,1551.235400164719,1584.450510006209,7116712
2022-01-25,1545.98388671875,1562.0079114802231,1526.5485364782296,1549.9786332337899,9137653
2022-01-27,1506.8887939453125,1534.8074198145066,1494.6800181163808,1527.8951296300781,11231734
2022-01-28,1513.7113037109375,1550.8315219794274,1507.6967193693058,1509.0432779159291,10998502
2022-01-31,1558.5966796875,1570.536209998629,1539.8795367121913,1542.2584788669017,8788872
2022-02-01,1590.779541015625,1597.9162579975496,1557.2501431039855,1585.4381259763172,5119935
2022-02-02,1604.2900390625,1609.4070279547248,1590.7347031811576,1605.995702026575,4253717
2022-02-03,1560.706298828125,1597.0184507985493,1556.6216940329873,1597.0184507985493,3832922
2022-02-04,1562.995361328125,1574.5308575751117,1535.2114139423968,1554.8262614323921,4700077
2022-02-07,1539.5655517578125,1554.826551396228,1521.9705387972274,1546.028990124318,4310209
2022-02-08,1541.630126953125,1548.5424173887602,1522.5089506616448,1535.0768311505972,6053401
2022-02-09,1559.584228515625,1564.701107408803,1548.5424040620683,1557.5194614769207,3867244
2022-02-10,1588.5799560546875,1592.4401343281156,1569.8628144650563,1576.0570055996025,4334630
2022-02-11,1545.2657470703125,1567.3492862638898,1537.769926089788,1562.00798096686,7551371
2022-02-14,1510.1204833984375,1542.7521732317396,1506.5745897197955,1517.1226316856573,7459637
2022-02-15,1560.43701171875,1568.0675105535606,1517.5266332614685,1525.2020612168308,4669915
2022-02-16,1555.993408203125,1575.8775027443555,1550.2031404107388,1560.4370077977667,5350642
2022-02-17,1548.363037109375,1570.0874740490895,1544.3233609325764,1565.5989449637575,3937950
2022-02-18,1532.3387451171875,1546.2981129893628,1529.2417041958663,1535.076791414694,5602215
2022-02-21,1553.6593017578125,1559.5842473898958,1518.469280099005,1526.997484746324,5120890
2022-02-22,1556.935791015625,1571.8826121857755,1518.065201649821,1526.0098748318906,8878515
2022-02-23,1564.5662841796875,1578.3909732299805,1556.083009544595,1570.9849015512389,5478811
2022-02-24,1506.48486328125,1539.5203677498448,1499.6173926642882,1517.212402711859,13592379
2022-02-25,1521.2520751953125,1551.3701456178273,1505.4524766061313,1539.5652936073436,9737281
2022-02-28,1540.1038818359375,1551.2803835859368,1494.6799951900482,1510.1204894452117,15076542
2022-03-02,1528.613525390625,1539.0268910626946,1518.0205528032943,1535.0769635089493,6771489
2022-03-03,1544.81689453125,1556.5319982242845,1531.0820625145825,1544.2333638859598,7344147
2022-03-04,1547.016357421875,1558.4171765738909,1509.043360495801,1521.8356673887606,9074499
2022-03-07,1561.873291015625,1571.8827318127442,1522.508916707261,1523.4066224364515,9742588
2022-03-08,1596.3004150390625,1615.8704453774808,1542.66249331056,1542.66249331056,10984500
2022-03-09,1627.854736328125,1644.2378666327916,1607.7910342826165,1607.7910342826165,10193515
2022-03-10,1639.120849609375,1656.042580035143,1625.0268044548918,1656.042580035143,6547182
2022-03-11,1635.6199951171875,1644.0584516957992,1625.7452311510574,1628.4383485963656,4758657
2022-03-14,1697.2921142578125,1701.1522925808597,1644.192910047784,1644.192910047784,10289724
2022-03-15,1651.1500244140625,1695.1824202242353,1642.8013181443082,1695.1824202242353,7140443
2022-03-16,1696.1253662109375,1700.2098618649063,1659.8580298508234,1674.221322699722,5233979
2022-03-17,1664.885009765625,1726.5574586044008,1645.5395172103943,1726.5574586044008,17731459
2022-03-21,1663.4937744140625,1693.8810937888873,1652.766124367728,1670.6304916817223,8362085
2022-03-22,1694.329833984375,1696.6638469895154,1650.880854292973,1660.7556174235997,5709382
2022-03-23,1680.8643798828125,1705.6410383121752,1667.0396884977417,1702.9479208832613,6192824
2022-03-24,1693.701416015625,1700.7933134465572,1666.2765707577757,1666.2765707577757,3784303
2022-03-25,1684.5897216796875,1700.2546427439086,1667.9372366516275,1698.4592312943375,3438588
2022-03-28,1682.2108154296875,1688.4947556370578,1663.1345683715988,1675.118918136154,4008555
2022-03-29,1693.072998046875,1696.125219429775,1670.2264311695085,1682.2107806865477,3917785
2022-03-30,1709.1868896484375,1722.6974055786316,1701.1524666865591,1714.6180534941045,7795839
2022-03-31,1711.790283203125,1717.3111957910278,1700.4342829138939,1705.6410203883704,5399145
2022-04-01,1708.827880859375,1714.887394872627,1686.1608099209134,1693.8361285877643,6171518
2022-04-04,1690.3350830078125,1699.3570700816317,1681.4029541800826,1696.43952624763,7364074
2022-04-05,1670.7203369140625,1696.3049536604358,1667.1744426368937,1691.0983254760263,5472024
2022-04-06,1641.76904296875,1667.488333118964,1635.7544586287402,1665.244068875197,5407453
2022-04-07,1625.7451171875,1641.1407927539321,1622.6480761757875,1634.7671038301394,5797544
2022-04-08,1628.9769287109375,1649.9832664242795,1623.0520923259508,1636.5176793751152,5131446
2022-04-11,1585.8421630859375,1628.4382578043667,1582.2513400257294,1628.4382578043667,8248407
2022-04-12,1564.2071533203125,1577.7176670764984,1551.0109242056446,1577.7176670764984,6456184
2022-04-13,1569.683349609375,1577.7177718117732,1554.8262764028398,1575.4285784375936,6257693
2022-04-18,1455.5401611328125,1481.2145243041055,1427.3521779657744,1441.26661743651,30523965
2022-04-19,1402.2161865234375,1469.2299333593967,1391.4437190213368,1469.2299333593967,17044923
2022-04-20,1425.287353515625,1433.007710513435,1403.114065665019,1413.8865344992996,10678747
2022-04-21,1453.2059326171875,1460.7465723201449,1426.6786871446875,1431.8404945702541,7766514
2022-04-22,1423.267578125,1445.9346489594298,1420.5296412592907,1440.2342392008813,8134245
2022-04-25,1401.408447265625,1411.9116704618677,1395.1245069131328,1411.9116704618677,7000570
2022-04-26,1419.2728271484375,1429.1475906516841,1406.3010225615533,1415.8615013776625,5345435
2022-04-27,1393.9576416015625,1411.8668288833383,1391.7581965918794,1411.8668288833383,8819356
2022-04-28,1420.7091064453125,1437.9451226972992,1398.131784782489,1409.3980358449844,9245177
2022-04-29,1407.19873046875,1433.9054772566708,1401.1392164916588,1427.3521812703787,9831395
2022-05-02,1383.364501953125,1393.9125440673035,1374.387444834675,1392.2518104170338,7072627
2022-05-04,1378.4722900390625,1409.3982133717925,1373.624656433111,1388.9754048659274,6220959
2022-05-05,1422.9981689453125,1426.8134180541488,1398.1316560624994,1400.465778478004,6144870
2022-05-06,1385.0252685546875,1402.0816774855332,1378.0232295856404,1391.4438864637286,6171472
2022-05-09,1409.712158203125,1424.4794830755254,1366.4427862489936,1382.4668114652425,6832202
2022-05-10,1394.1368408203125,1408.634808634731,1387.897830536595,1398.6253689620391,6212545
2022-05-11,1370.572265625,1391.39899537121,1356.9720014786396,1391.39899537121,7846080
2022-05-12,1354.45849609375,1371.24554999195,1350.4188201690602,1359.1265222178802,7034979
2022-05-13,1350.5086669921875,1372.8166348589282,1344.8530764532477,1363.8845057206029,6723761
2022-05-16,1336.7734375,1357.1962406708608,1327.3924574591954,1355.5355071648169,6145331
2022-05-17,1363.121337890625,1369.0013547558183,1329.4125506103449,1341.9804318999065,6516378
2022-05-18,1354.8175048828125,1391.1745885847754,1351.3165400447583,1366.3081825774632,6594126
2022-05-19,1281.160888671875,1332.8237930944929,1272.6326833436513,1329.502325378898,16561140
2022-05-20,1306.296630859375,1316.7099963349126,1298.7109510177181,1304.3665414519367,10488908
2022-05-23,1318.1912841796875,1335.7862968179004,1301.7184038472692,1306.2517526127397,5887569
2022-05-24,1293.593994140625,1319.2235373026542,1288.4321860446441,1318.3706510846894,5693167
2022-05-25,1266.1689453125,1294.940456480411,1256.1146854282254,1288.207663812402,9630092
2022-05-26,1278.2879638671875,1283.719127084291,1263.1168254863983,1272.9466588849823,13040065
2022-05-27,1311.8624267578125,1316.9344867454283,1290.3624154053166,1296.2423229942874,8284860
2022-05-30,1370.6171875,1373.4898020762826,1333.093043191686,1334.888454697668,10904213
2022-05-31,1364.085205078125,1377.1490921324805,1350.0688109873222,1370.5263940981097,16033857
2022-06-01,1341.3594970703125,1374.2005553330084,1335.5079082065708,1372.612932971673,8738508
2022-06-02,1368.0770263671875,1373.3841995793427,1338.6833068349495,1346.3039171942348,7205840
2022-06-03,1380.5057373046875,1410.715969239275,1377.1490940869578,1383.408884845195,9395707
2022-06-06,1388.080810546875,1394.02298717696,1354.4685363290907,1375.3344280474894,6624883
2022-06-07,1366.8974609375,1378.827331227114,1363.1779106621018,1378.827331227114,4904592
2022-06-08,1360.819091796875,1379.144744602243,1353.5613899739583,1379.144744602243,4697608
2022-06-09,1374.4276123046875,1376.196633250741,1344.0359786332638,1347.2112239422186,4361061
2022-06-10,1339.77197265625,1355.3305843397889,1336.868825108461,1348.208985661335,6516436
2022-06-13,1292.3245849609375,1309.6523266400254,1280.7122172604907,1309.6523266400254,6987685
2022-06-14,1306.8856201171875,1314.4608258731198,1272.9558346588265,1279.1702210306835,6090247
2022-06-15,1290.2379150390625,1312.1925298019619,1287.1987745076133,1306.567744365499,4651958
2022-06-16,1267.5576171875,1309.7884152368779,1262.8401551582572,1304.5719418948088,6641772
2022-06-17,1258.576416015625,1267.3309313181774,1240.2960551585052,1261.9784641623437,9692047
2022-06-20,1282.9351806640625,1290.3742823551895,1253.7682629623148,1261.0713713096377,4595194
2022-06-21,1315.3680419921875,1320.9020186854545,1290.7371889318204,1291.871205087972,6270787
2022-06-22,1303.8917236328125,1324.167909536378,1301.850494634257,1302.8031124644206,6253366
2022-06-23,1317.681396484375,1322.7164726221101,1300.0361490174787,1306.2052413354454,6254281
2022-06-24,1307.3843994140625,1331.334840499222,1296.3164470818606,1322.716318533469,6114340
2022-06-27,1337.7760009765625,1346.3038236253658,1329.202884133053,1331.8338234573516,4511097
2022-06-28,1342.8111572265625,1350.1595593551679,1318.1803055555579,1332.6957115355226,4412178
2022-06-29,1327.479248046875,1339.9534251599073,1321.8091675409512,1328.7946624267454,5060038
2022-06-30,1326.2545166015625,1344.4894731370582,1319.9947256507555,1329.1122592903828,9165177
2022-07-01,1342.130615234375,1347.2109846776757,1308.518337278756,1319.087388364539,4651635
2022-07-04,1349.932861328125,1353.788516341999,1326.3453247726604,1342.9019610087078,4800224
2022-07-05,1339.00048828125,1369.845718883694,1335.4170425528712,1359.7303862664087,7379669
2022-07-06,1353.243896484375,1360.8191006626487,1333.6027186493957,1344.6706697039551,5209162
2022-07-07,1359.6397705078125,1373.4747656207644,1356.9181321249366,1363.5862347579819,3323472
2022-07-08,1373.928466796875,1376.1964989390626,1360.7738803721873,1374.427478165659,3652582
2022-07-11,1336.460693359375,1360.7286382087686,1330.3370063413038,1356.2832728913424,4702638
2022-07-12,1305.1163330078125,1332.332717447335,1302.757601838471,1326.1637367539608,4710356
2022-07-13,1310.4237060546875,1324.530911775558,1305.1165324268063,1315.4587822428487,5264025
2022-07-14,1296.2711181640625,1318.134926705403,1282.799028870994,1316.3659058640824,6157606
2022-07-15,1297.632080078125,1311.8299855420478,1279.7600284453588,1311.8299855420478,5620018
2022-07-18,1351.6563720703125,1355.0130151308297,1313.6895385614898,1315.4585592229448,5835171
2022-07-19,1346.4398193359375,1348.8892494530244,1333.6934359551399,1335.0089608832923,3418540
2022-07-20,1374.69970703125,1384.225442171951,1360.8193058144393,1361.953321902618,5079392
2022-07-21,1390.66650390625,1392.9798300677912,1363.631518545163,1376.2417984383378,5008061
2022-07-22,1366.5347900390625,1397.1078194529648,1353.6977057829995,1391.664542234317,7020642
2022-07-25,1364.085205078125,1376.3779833666647,1342.765703322451,1342.765703322451,7859626
2022-07-26,1316.501953125,1357.780137915972,1310.9225719330734,1357.780137915972,7268273
2022-07-27,1334.555419921875,1336.3244405660616,1310.9224824290286,1316.3657591726785,4517285
2022-07-28,1376.604736328125,1383.0005201751158,1351.6109791825675,1357.5532673695334,6636841
2022-07-29,1405.9075927734375,1411.3508694220957,1386.221119858289,1390.5757854747144,7009465
2022-08-01,1407.132568359375,1418.8809307454737,1395.202696952757,1418.8809307454737,2983249
2022-08-02,1400.3736572265625,1403.4582028981656,1386.5386620137654,1403.050001435288,4374635
2022-08-03,1420.7860107421875,1424.3241629773152,1397.017078561979,1405.2726932814403,6011955
2022-08-04,1451.4498291015625,1455.0332754831431,1428.8148025431328,1440.200367858984,7402209
2022-08-05,1466.645751953125,1474.8559622239864,1453.6272690310873,1459.161245553542,5361971
2022-08-08,1469.140380859375,1471.4991119109761,1447.9115799074712,1466.9630480641483,3763409
2022-08-10,1453.76318359375,1470.7734244892295,1440.744701377161,1470.7734244892295,4423829
2022-08-11,1469.639404296875,1479.981652880995,1466.0559578558064,1478.7569376887157,3462090
2022-08-12,1446.1881103515625,1464.2416698171442,1442.604663573618,1463.6066650633047,3562286
2022-08-16,1448.31982421875,1459.7053891087387,1443.4662579077537,1459.7053891087387,3004430
2022-08-17,1457.21044921875,1462.4269224221791,1437.9321786843386,1448.3197201571484,4067324
2022-08-18,1436.072509765625,1449.9075054695088,1427.9529992074047,1446.187955002789,4635706
2022-08-19,1448.90966796875,1455.985972727663,1438.023113412736,1438.2046224349253,4739884
2022-08-22,1429.4500732421875,1450.6334729783907,1427.9531497610926,1438.8397049053958,3950555
2022-08-23,1399.2850341796875,1410.262286827083,1390.757211776081,1404.3654036721289,5551574
2022-08-24,1394.8397216796875,1402.5510307101117,1388.9428383034808,1392.5716896119156,2888426
2022-08-25,1377.2852783203125,1405.0005658088057,1373.2935194346403,1404.3655610799822,4331088
2022-08-26,1380.369873046875,1401.5985669386262,1376.650211452045,1392.7079467023948,3079136
2022-08-29,1326.118408203125,1332.2874999956043,1315.458657016953,1332.2874999956043,8079050
2022-08-30,1354.42333984375,1357.281082385042,1329.9739985606177,1336.4151874553734,6725875
2022-09-01,1328.3409423828125,1331.8790944646682,1316.4111826136234,1324.576097843867,8140604
2022-09-02,1318.1802978515625,1340.8606195627042,1313.644233509334,1340.8606195627042,5175653
2022-09-05,1325.710205078125,1330.8812741156314,1312.1473062882924,1316.3658682629728,3669352
2022-09-06,1320.08544921875,1333.6029433786189,1311.330822713805,1325.7102355622496,3428442
2022-09-07,1322.3988037109375,1329.7472054847017,1304.6174543928623,1306.386475113744,3600574
2022-09-08,1338.9554443359375,1343.6729067769502,1327.7966821761806,1338.13893063629,4061475
2022-09-09,1371.3883056640625,1378.9635106957787,1342.674997256416,1349.9326999442885,4816910
2022-09-12,1393.6602783203125,1402.4603090481628,1380.0067919378967,1384.2253536649393,5494819
2022-09-13,1401.5985107421875,1408.9016188074963,1398.287272287198,1407.903706776797,4947158
2022-09-14,1338.5018310546875,1359.8666267473366,1335.4172852850338,1358.097606026967,14332197
2022-09-15,1299.8546142578125,1338.3203504578364,1296.45256607429,1338.138952185551,12784100
2022-09-16,1249.277587890625,1292.7784028322828,1241.3847690902326,1292.7784028322828,20464045
2022-09-19,1261.2979736328125,1275.5411699960084,1252.4979432114847,1262.8401910629045,6595241
2022-09-20,1259.7105712890625,1282.3908947738407,1256.580620201903,1277.310413718237,7219797
2022-09-21,1249.4588623046875,1259.9372147231684,1241.4300509581421,1251.8629984379054,7917054
2022-09-22,1241.021728515625,1255.5371335852622,1233.80943091915,1239.5702101574118,9168498
2022-09-23,1238.753662109375,1265.3804461403417,1235.6238222755599,1240.6134926298298,10426200
2022-09-26,1252.180419921875,1269.5988607267132,1229.273297586771,1233.8093614155043,9414587
2022-09-27,1264.24658203125,1275.9949447974686,1250.1393771282699,1264.1557721461727,8561254
2022-09-28,1265.289794921875,1275.405240966301,1249.232170793064,1251.0465966039471,7022098
2022-09-29,1268.873291015625,1279.0340307679621,1263.7475161988737,1274.5433714005803,6119965
2022-09-30,1282.300048828125,1287.607332969342,1248.324969500773,1260.0733324380312,8120130
2022-10-03,1264.427734375,1280.9843665919284,1257.3968357623319,1280.9843665919284,4943169
2022-10-04,1296.7701416015625,1299.3556762181945,1282.7990407907328,1287.9701100239968,6631341
2022-10-06,1320.130859375,1324.3494214633474,1310.106112640393,1310.922626390357,6180672
2022-10-07,1316.5472412109375,1322.580228801138,1306.5226056830536,1312.1472810452483,3994466
2022-10-10,1326.93505859375,1329.066986901801,1294.0031838358084,1294.0031838358084,5274677
2022-10-11,1291.689697265625,1342.3575126771138,1288.3329432818086,1326.9348942612842,12824774
2022-10-12,1296.1348876953125,1307.3843486042717,1282.3907023211864,1303.664798259727,5481467
2022-10-13,1288.1517333984375,1304.5268612532213,1283.7063676444127,1298.2217753350917,4821514
2022-10-14,1337.45849609375,1355.37594923796,1331.1080063717516,1347.2110338811046,14990688
2022-10-17,1351.70166015625,1356.2831290703418,1338.5924795607286,1339.8625996229894,4286396
2022-10-18,1364.176025390625,1370.7533190697093,1358.3245463460491,1369.8915110920248,4692004
2022-10-19,1347.619140625,1365.309789321347,1343.8542962923113,1364.4479815028687,3553171
2022-10-20,1361.6357421875,1364.448079777653,1337.4130934739194,1338.138908026621,4583939
2022-10-21,1361.2728271484375,1366.26249762449,1352.9718077531638,1361.0914288831727,3594485
2022-10-24,1377.012939453125,1380.5964964935235,1370.7985538626567,1377.6026499274944,982837
2022-10-25,1384.678955078125,1390.6665374705215,1379.9160878294856,1386.3118716885508,3914341
2022-10-27,1397.6561279296875,1407.698739208656,1387.1550649469032,1403.9385396052235,6760137
2022-10-28,1387.843017578125,1401.3247453776467,1382.1109714126776,1399.5363917556376,3053981
2022-10-31,1410.220947265625,1418.245811891941,1403.4341822194212,1403.4341822194212,4542336
2022-11-01,1442.641357421875,1444.4756121674845,1418.887736075427,1424.3447111160303,4542692
2022-11-02,1424.573974609375,1442.4120569990462,1416.9617727315378,1441.7242114783025,2938906
2022-11-03,1403.8927001953125,1415.9529473175025,1395.546863646527,1411.2297190433037,3174027
2022-11-04,1388.53076171875,1394.4461881478994,1376.7456980540148,1394.4461881478994,4509682
2022-11-07,1382.5235595703125,1401.2788807869697,1367.528549999092,1395.3175530956448,4898592
2022-11-09,1385.962646484375,1402.2875562107472,1376.6996837098866,1402.2875562107472,3334755
2022-11-10,1377.4796142578125,1386.6967904841151,1361.934347796899,1361.934347796899,3435763
2022-11-11,1439.981689453125,1443.0999449630117,1418.4750969869554,1418.4750969869554,7214098
2022-11-14,1453.9222412109375,1459.5166964573084,1438.4685535843537,1444.6133748828577,4908813
2022-11-15,1461.9010009765625,1465.4319188955194,1442.4120447213857,1447.0893718318237,3497614
2022-11-16,1469.971923828125,1475.658069244969,1461.4425937488243,1464.7901313371106,4497697
2022-11-17,1455.8480224609375,1469.9718064752024,1451.7667384557692,1464.8358035943602,3469515
2022-11-18,1461.350830078125,1465.5695937519367,1444.9342271315247,1459.7916463166098,3126064
2022-11-21,1438.2391357421875,1456.2607114407933,1434.4331466169938,1450.9872289206992,3071764
2022-11-22,1453.69287109375,1456.3983522183364,1432.5530391467516,1438.972931127563,3399329
2022-11-23,1451.9501953125,1460.0667500182162,1448.419277384479,1457.2236776068496,3245067
2022-11-24,1494.734375,1500.4205204548284,1453.4177382584287,1457.3155299527643,5282215
2022-11-25,1500.0994873046875,1507.7574788728768,1480.0602755632722,1496.201695768672,4563255
2022-11-28,1488.86474609375,1516.4702603442256,1485.74649032818,1493.0835100335044,3825766
2022-11-29,1494.0465087890625,1502.9426002223424,1481.2067245613812,1486.8469687838856,3131710
2022-11-30,1499.4573974609375,1509.3624181599896,1479.4640873185208,1485.7004864644923,11868134
2022-12-01,1519.771728515625,1533.9872026204164,1515.369584352362,1518.9462914993808,5407928
2022-12-02,1502.1629638671875,1524.0823307242517,1498.540243529846,1518.7629471181933,4283343
2022-12-05,1503.859619140625,1508.5369463809327,1488.77291854345,1502.2546462279884,3824966
2022-12-06,1479.23486328125,1491.2492102968945,1474.3282538915594,1490.3320828612875,4822398
2022-12-07,1472.4481201171875,1489.2315972240235,1464.3773537802756,1474.7409387408518,4898087
2022-12-08,1485.884033203125,1489.3232610774244,1466.0282018846967,1472.4480939167222,4206837
2022-12-09,1439.2479248046875,1493.0832528373005,1431.72741372978,1493.0832528373005,8880658
2022-12-12,1418.9793701171875,1436.1755076749384,1403.2507258609144,1421.5473714407533,8037679
2022-12-13,1441.86181640625,1446.7684254424607,1413.4308679506453,1418.9794213639211,6135067
2022-12-14,1448.510986328125,1456.8568229798866,1442.641348786504,1450.8954950923392,4976020
2022-12-15,1412.8345947265625,1439.8898498673827,1408.0196764387892,1439.2479055439524,6443866
2022-12-16,1396.05126953125,1421.0888920823663,1386.7425160776045,1398.6192710071691,9630453
2022-12-19,1382.43212890625,1391.1907414026555,1371.1515277130306,1382.9823830210828,6222740
2022-12-20,1382.3861083984375,1390.3650716135553,1359.5954040399706,1376.608161274371,7396259
2022-12-21,1384.44970703125,1394.9507709461102,1377.8463225999167,1389.4480065636799,6236361
2022-12-22,1395.913818359375,1403.159035330933,1386.467361260263,1395.4093535025568,6302640
2022-12-23,1373.0313720703125,1384.7706472634532,1369.2711722199242,1383.6700272399569,6283822
2022-12-26,1377.8922119140625,1384.7706673330085,1372.3435464278352,1376.1496474837907,4115459
2022-12-27,1389.3104248046875,1395.363443276997,1373.3982867447278,1384.8164781367202,4860076
2022-12-28,1384.9998779296875,1398.573295419047,1374.3153220044476,1380.36834007092,5029860
2022-12-29,1391.7867431640625,1395.2259709449818,1376.6082397759933,1379.3596220007287,4624745
2022-12-30,1383.2115478515625,1403.57184400983,1379.405558572839,1401.3707157827157,5060544
2023-01-02,1397.7021484375,1399.9949669224698,1379.4055017090532,1388.5308744976214,3801140
2023-01-03,1396.372314453125,1405.6352784494222,1389.5396484110163,1393.8960033950495,4551130
2023-01-04,1370.9219970703125,1394.9506886748184,1367.5285587288681,1394.9506886748184,7059590
2023-01-05,1352.9464111328125,1381.1022918875108,1347.48954741884,1381.1022918875108,9868404
2023-01-06,1328.4591064453125,1352.7629837810398,1326.6248515520501,1348.1773465478836,6443714
2023-01-09,1361.4296875,1365.9236340298328,1328.183820144947,1328.183820144947,11498717
2023-01-10,1347.9478759765625,1360.9252499203978,1333.5490218618731,1359.1826856249468,7158624
2023-01-11,1349.3236083984375,1370.1882555291525,1342.674435137001,1348.177199215431,6173092
2023-01-12,1357.89892578125,1361.9343090878735,1334.4204846618559,1359.1370254896133,6591385
2023-01-13,1379.038818359375,1393.4835768048276,1346.3431998682242,1360.5586764335903,11610426
2023-01-16,1399.077880859375,1401.370699412078,1377.8005694719036,1384.8624058326163,6073063
2023-01-17,1411.9176025390625,1414.393801685257,1397.7021281387017,1400.453510280707,5922644
2023-01-18,1417.3287353515625,1423.24416242099,1412.0093515411083,1416.7325801385587,5843098
2023-01-19,1411.367431640625,1421.1348612109173,1399.6740568482828,1412.2845590753184,6165284
2023-01-20,1399.1239013671875,1416.961986447319,1397.7023089616273,1410.5420939520884,6496429
2023-01-23,1419.7132568359375,1424.574076980102,1401.4623986498889,1407.7906002862817,4855020
2023-01-24,1423.2899169921875,1438.7893911638814,1421.3180708541106,1430.7186259283192,5200802
2023-01-25,1415.127685546875,1427.050342651288,1411.2298938012013,1418.796195425156,4158617
2023-01-27,1393.2540283203125,1422.4186107141427,1382.47778201832,1417.8788751387417,6209955
2023-01-30,1411.275634765625,1416.0446522844554,1394.0335955131943,1402.104361110933,6964719
2023-01-31,1406.64404296875,1420.5385444147953,1387.6136508633863,1420.5385444147953,9448126
2023-02-01,1422.5562744140625,1426.1789947825198,1401.4165552146444,1414.3938182397721,6194199
2023-02-02,1452.50048828125,1455.4352511160564,1423.3816939621152,1423.3816939621152,6916834
2023-02-03,1466.853515625,1471.668434244157,1442.6413310350065,1465.1109512577386,7040194
2023-02-06,1439.7523193359375,1465.5694761151274,1432.1860188491103,1465.5694761151274,4570612
2023-02-07,1432.9197998046875,1445.4386105734359,1426.224725341101,1438.9728179482734,4336238
2023-02-08,1458.6912841796875,1470.1553778937687,1435.7630967515252,1435.7630967515252,7983338
2023-02-09,1482.9949951171875,1485.5170954490195,1454.6099470732718,1463.9187005529932,6904911
2023-02-10,1475.2452392578125,1482.3529761992756,1464.1479087924397,1479.2805100226515,4786762
2023-02-13,1437.5513916015625,1464.6525528112115,1436.2216015669112,1464.6525528112115,4001199
2023-02-14,1461.2132568359375,1463.7353572321708,1447.3646552328803,1453.3717726405816,5043736
2023-02-15,1464.698486328125,1466.4868401320366,1445.3929080976172,1452.7299279356762,3465747
2023-02-16,1469.0548095703125,1480.656382371035,1465.4320889324677,1467.4039353614166,4290289
2023-02-17,1452.54638671875,1462.8181685754123,1444.934184696277,1461.901041196995,2857734
2023-02-20,1460.4794921875,1470.1552310976708,1451.3541192838827,1453.6010366458702,2417716
2023-02-21,1448.6025390625,1468.9169307095449,1445.3925935818297,1466.2113380605717,2723288
2023-02-22,1432.3697509765625,1444.4757889979776,1426.408422323555,1433.4702591770406,3656244
2023-02-23,1422.189453125,1439.7524657040512,1419.850845363736,1439.7524657040512,4766854
2023-02-24,1422.1435546875,1438.972819252259,1416.96176274362,1430.7186730615194,2790986
2023-02-27,1384.2203369140625,1412.376101427138,1377.525262560754,1412.376101427138,4920268
2023-02-28,1364.27294921875,1397.7021991611691,1358.5409027983055,1389.9983063812856,9679811
2023-03-01,1372.068603515625,1376.4707482224333,1358.7243539750916,1368.7210658416523,5125043
2023-03-02,1350.1492919921875,1365.2359948143765,1345.7012459405366,1361.9343581551118,4644499
2023-03-03,1356.7064208984375,1366.3362572732274,1350.9284742919583,1363.5389743065641,4615015
2023-03-06,1382.5235595703125,1394.400425758518,1369.4087058218104,1370.6927064845922,6561742
2023-03-08,1368.99609375,1372.0226591031646,1358.3574377680816,1367.0243593044893,4137080
2023-03-09,1357.7154541015625,1374.177846498556,1352.3960702873087,1371.105492034302,5104656
2023-03-10,1349.598876953125,1352.1209773156488,1336.850783639018,1339.0060106489143,3699580
2023-03-13,1316.1695556640625,1355.7895279106722,1309.6579732857313,1342.8579415523982,8798403
2023-03-14,1302.3209228515625,1328.321462547265,1294.066776157433,1321.5805984711983,7402784
2023-03-15,1301.9998779296875,1323.277187882345,1299.4318765422183,1318.829142580857,7556182
2023-03-16,1287.738525390625,1300.3032376058475,1282.786015172728,1300.3032376058475,7323117
2023-03-17,1302.962890625,1323.3231866747517,1294.4336727271848,1311.4922204768466,9090018
2023-03-20,1287.3258056640625,1302.0456322126888,1270.0837669911443,1302.0456322126888,8221829
2023-03-21,1275.4490966796875,1288.5640639628448,1274.8071522479388,1283.0612992768824,8536755
2023-03-22,1274.1192626953125,1290.6275561835369,1267.60768043243,1286.7297646654838,8356487
2023-03-23,1260.637451171875,1269.258358749589,1256.4644769231124,1269.258358749589,7607718
2023-03-24,1266.2318115234375,1283.0151737075835,1263.3428381778178,1272.9726746938736,7559127
2023-03-27,1273.843994140625,1280.0805049322928,1260.2246753182865,1271.3677950652989,4170193
2023-03-28,1263.4346923828125,1282.1441138599873,1261.8297194219722,1276.7330397726337,6633366
2023-03-29,1268.8916015625,1274.715337897841,1251.466181751986,1264.7186272999518,8813966
2023-03-31,1309.612060546875,1311.4463153951938,1278.3839389266645,1287.6469035198686,8711975
2023-04-03,1293.9290771484375,1316.0777246615953,1288.7014961247696,1316.0777246615953,5242764
2023-04-05,1305.5767822265625,1309.199390750354,1283.978386725391,1283.978386725391,7506334
2023-04-06,1304.0634765625,1310.024804681296,1293.4706102774894,1298.6524024946332,6948465
2023-04-10,1309.2908935546875,1315.1605305868823,1297.73511212025,1305.9433565637157,4993788
2023-04-11,1289.6187744140625,1314.564596044306,1273.8900163996034,1310.4834237107443,6942255
2023-04-12,1309.93310546875,1312.8678683565352,1283.9783553609145,1295.946912669283,5831169
2023-04-13,1274.0732421875,1294.1125639133095,1268.3870975225138,1292.920253602577,11267238
2023-04-17,1154.021484375,1156.6352751470652,1087.071182308468,1146.6844649704485,53171705
2023-04-18,1154.984375,1164.7059031013866,1149.2523287192262,1164.7059031013866,12430884
2023-04-19,1130.0841064453125,1150.3984965927084,1127.5162174227512,1150.3984965927084,11307230
2023-04-20,1122.0135498046875,1135.26599437336,1120.179295223334,1128.7085118542184,8621249
2023-04-21,1125.6363525390625,1131.047426880891,1118.8954881773257,1126.324198126057,8691352
2023-04-24,1124.6734619140625,1128.0667887734735,1117.0612591269032,1126.2325338323785,8313774
2023-04-25,1123.389404296875,1133.110932602619,1114.3098204064606,1124.3523209198693,6808576
2023-04-26,1125.8197021484375,1130.818001330537,1119.3998108189048,1126.232364666585,5680192
2023-04-27,1142.969970703125,1144.3915628906238,1123.8478876663187,1128.0666511252507,8020704
2023-04-28,1148.931396484375,1154.6634429645405,1141.7777576955154,1151.6368776414001,10118277
2023-05-02,1171.5843505859375,1173.6937883843755,1150.5822227207543,1150.5822227207543,8886401
2023-05-03,1163.972412109375,1167.0447669045234,1157.5066183244755,1161.0834380362487,5549783
2023-05-04,1168.0076904296875,1170.0712271598577,1157.8733874843501,1163.788814662558,4505401
2023-05-05,1154.7550048828125,1173.0058612365624,1150.3069596997327,1173.0058612365624,5373791
2023-05-08,1160.7164306640625,1165.0269966744686,1151.1782831849423,1157.8274569243922,5260842
2023-05-09,1165.393798828125,1166.5861092874693,1156.2225243840412,1161.083344621019,4969897
2023-05-10,1158.561279296875,1170.6215279475311,1154.8010790515318,1170.6215279475311,6515734
2023-05-11,1152.003662109375,1170.1628287388498,1149.2064908153254,1164.9810367298412,6888461
2023-05-12,1142.007080078125,1151.9121015289375,1136.366835704728,1149.4816913442992,8292212
2023-05-15,1154.0672607421875,1163.7429997559711,1142.419787348579,1146.3175788639087,5534710
2023-05-16,1159.524169921875,1168.3743594123644,1158.1025777274938,1160.1661142944206,5236469
2023-05-17,1143.5662841796875,1156.4518581798793,1139.4849996963649,1156.1308859507287,10465667
2023-05-18,1142.7408447265625,1155.2596572702737,1139.4849973777084,1154.2966286307426,6948732
2023-05-19,1163.742919921875,1167.7783026634847,1148.9771919381424,1151.9578558336234,11094136
2023-05-22,1185.6622314453125,1188.2301207415426,1164.9809658180477,1167.4571647740581,7625947
2023-05-23,1192.3115234375,1205.2429974114864,1189.560141232225,1191.5318755827825,7436031
2023-05-24,1191.0274658203125,1196.851202152626,1184.2866021300276,1188.8722389198845,4824077
2023-05-25,1196.255126953125,1198.6855370050355,1182.4065253127328,1187.2214442639772,4334121
2023-05-26,1208.2694091796875,1213.7721734013032,1197.7683455717138,1197.7683455717138,5521606
2023-05-29,1205.4720458984375,1222.25540692916,1201.2990722466584,1222.25540692916,4419365
2023-05-30,1214.1390380859375,1216.4777576450638,1200.6573106206852,1206.0224833077132,6274719
2023-05-31,1209.049072265625,1220.7882355808035,1205.24297124017,1210.4705525350664,17800782
2023-06-01,1210.1494140625,1219.3206866207606,1208.8654135135414,1212.9466969743737,4277841
2023-06-02,1207.3612060546875,1220.2806442692772,1204.619361093427,1216.655749596294,10909311
2023-06-05,1212.4732666015625,1217.0740205048828,1205.7812402951347,1212.008539400872,5002553
2023-06-06,1188.772216796875,1197.6949566393228,1183.195490212996,1197.6949566393228,10008100
2023-06-07,1198.020263671875,1202.7140540111552,1192.025327874271,1199.4609634477556,5397578
2023-06-08,1192.30419921875,1200.8551346703464,1190.7240585978548,1195.4642535429527,5034942
2023-06-09,1176.6427001953125,1192.0252152176977,1174.83030957908,1192.0252152176977,5339073
2023-06-12,1200.80859375,1204.2940478285252,1183.1954778567024,1183.6602050671725,4785588
2023-06-13,1212.7987060546875,1214.3323287023295,1205.5490288839856,1208.1979515705652,4846587
2023-06-14,1208.6624755859375,1214.5179699939283,1201.970336101225,1214.1926836588375,3457981
2023-06-15,1196.0218505859375,1202.6673581303833,1192.1645925106025,1202.6673581303833,6161155
2023-06-16,1200.5296630859375,1209.6847652018955,1190.6774702485802,1196.2076779215056,8536287
2023-06-19,1202.714111328125,1207.826111028515,1196.2544479993342,1202.714111328125,4451787
2023-06-20,1211.450927734375,1212.9380321318201,1200.018592852604,1202.7140333935445,4009180
2023-06-21,1207.6864013671875,1211.822541006744,1203.643297923062,1208.2440512458988,4041529
2023-06-22,1191.142333984375,1198.4385283465883,1183.6601806665321,1198.4385283465883,6676607
2023-06-23,1175.759765625,1189.0974130017955,1174.2261432389498,1186.4019726655229,7239467
2023-06-26,1180.732421875,1184.1249532633137,1173.2038636237187,1180.6394991230175,3403244
2023-06-27,1188.9114990234375,1191.5604211055906,1184.3106321303296,1189.7015124923214,3240024
2023-06-28,1202.10986328125,1205.2235129272265,1191.0029282361302,1198.9962136352735,5662358
2023-06-30,1241.286376953125,1244.446544670447,1212.4267718508554,1215.9122259231685,12821692
2023-07-03,1239.6131591796875,1251.0454924961123,1234.7335240863706,1236.1742236402893,7732412
2023-07-04,1250.2554931640625,1251.0455066392037,1237.4754963466114,1249.4654796889213,5797775
2023-07-05,1252.25390625,1262.1525044299242,1246.3982983908247,1262.0595816855596,5414936
2023-07-06,1249.0938720703125,1252.3933673295787,1242.8200544623764,1247.8391312404847,5963897
2023-07-07,1236.3602294921875,1250.8598092744526,1231.8523982272873,1239.8922016871068,6295647
2023-07-10,1235.3843994140625,1247.2349435988492,1226.229295814045,1242.262385005227,3940315
2023-07-11,1253.4622802734375,1255.600070946012,1233.3860863375473,1239.381022308118,6126128
2023-07-12,1239.2415771484375,1256.52940602109,1233.3859691382677,1255.6928743826675,8102770
2023-07-13,1268.7982177734375,1279.6729026631901,1236.9644035943056,1240.728739413603,9977644
2023-07-14,1325.35546875,1329.1198044888868,1283.251252109647,1283.251252109647,12833381
2023-07-17,1322.5670166015625,1356.027373066275,1314.5273272735951,1325.3553796402884,11569884
2023-07-18,1371.1312255859375,1373.687225447086,1328.1904733021659,1332.8377457769811,16743977
2023-07-19,1370.89892578125,1393.0665072851195,1357.654198611449,1381.1694438122322,13687062
2023-07-20,1347.2442626953125,1367.2275339253567,1339.0650179246122,1367.2275339253567,8347221
2023-07-21,1237.6614990234375,1254.7634832648805,1212.9380338227177,1227.065695806331,45548305
2023-07-24,1242.3087158203125,1254.670504599167,1240.1245206940966,1246.398337830829,8859789
2023-07-25,1240.44970703125,1248.117705135712,1230.82987755559,1242.6804200806673,6801982
2023-07-26,1253.6944580078125,1254.7633531856156,1244.9111599190257,1248.2571728357643,5528885
2023-07-27,1257.6912841796875,1267.5899965472738,1252.0216348505492,1262.7567654377913,9191861
2023-07-28,1245.93359375,1267.6363307852569,1241.7510490488623,1258.3417870049511,6122735
2023-07-31,1260.061279296875,1261.7343425932213,1239.1950734898064,1253.6016166280715,7902180
2023-08-01,1268.89111328125,1272.4230854175687,1261.2696325139816,1265.9169045571427,6064652
2023-08-02,1261.1302490234375,1275.1649885403967,1253.322808944047,1272.7020250125254,7419145
2023-08-03,1268.0546875,1270.145959906921,1253.8339897494227,1254.7634441524986,6503741
2023-08-04,1281.113525390625,1288.1309519095748,1265.9169677427412,1272.3302261741662,5712345
2023-08-07,1294.72998046875,1296.5888892705716,1279.8587100541772,1289.9897857158628,3729093
2023-08-08,1292.1275634765625,1295.241326729345,1286.7367956063742,1294.5906405227167,4161877
2023-08-09,1296.03125,1297.5183543619519,1284.970719846274,1286.3649014591272,4090828
2023-08-10,1291.10498046875,1297.3323925229795,1287.8518903304866,1293.4286162817955,3873025
2023-08-11,1275.0718994140625,1298.3082576548654,1270.6105867070967,1293.8004268479058,5783517
2023-08-14,1295.2413330078125,1296.5889966171926,1269.2630122762964,1275.0721027629324,4304135
2023-08-16,1318.43115234375,1319.7788159280838,1306.2553216018096,1311.274398380743,7735313
2023-08-17,1311.9715576171875,1319.825402835044,1306.8130397085015,1319.825402835044,5618346
2023-08-18,1290.826416015625,1309.322469240219,1288.3633389732208,1304.6751968805124,5134103
2023-08-21,1306.2552490234375,1307.742353385992,1289.2927060601864,1291.709264831686,3032722
2023-08-22,1304.7215576171875,1306.8593480283198,1298.1224543541218,1305.6044938755163,2890714
2023-08-23,1308.625244140625,1316.665047189912,1306.4875671497327,1316.1073972557133,2559125
2023-08-24,1323.171142578125,1324.5189194126233,1314.6666128884629,1321.2193112047876,5171963
2023-08-25,1319.9180908203125,1322.148803936989,1311.8318834134902,1313.3189876716804,4307172
2023-08-28,1315.7822265625,1324.2867575475643,1311.83204511479,1319.9182535183484,3133464
2023-08-29,1317.64111328125,1323.914930768979,1315.4569180328365,1323.5431263001694,3074444
2023-08-30,1333.906494140625,1335.30067572943,1323.5430549720845,1326.3314181496944,3070887
2023-08-31,1334.185302734375,1342.968715084765,1327.8650807492497,1333.906534483456,9792735
2023-09-01,1341.9927978515625,1343.991147630047,1327.4468128773617,1330.002812639452,3582133
2023-09-04,1361.74365234375,1366.2980017078678,1333.4882151949037,1341.2027322887438,4609014
2023-09-05,1374.570068359375,1375.6389635594269,1353.750268114738,1361.650630132572,5496840
2023-09-06,1373.2222900390625,1378.2878843440208,1360.070601695981,1377.3584299899496,5075786
2023-09-07,1362.7659912109375,1369.4581309432015,1358.9088462312307,1366.855613248634,4411743
2023-09-08,1365.9261474609375,1370.7128602563196,1357.1892535120792,1360.25649837947,3125838
2023-09-11,1372.2928466796875,1373.7800644251438,1361.1859124430616,1365.9261069950462,4182226
2023-09-12,1395.2039794921875,1397.8994199484737,1372.8970738547118,1377.9161503149019,6793161
2023-09-13,1392.64794921875,1398.8288435447748,1383.6322871056639,1398.8288435447748,4804686
2023-09-14,1400.6412353515625,1405.846270656975,1393.3915592483722,1398.8288446904617,6444213
2023-09-15,1404.9635009765625,1411.283837416546,1402.5469417937957,1410.9120328979336,8657816
2023-09-18,1386.5601806640625,1398.7360111511314,1383.0282084042437,1398.7360111511314,3991916
2023-09-20,1385.119384765625,1389.6272158004997,1372.0605053905272,1372.0605053905272,4169337
2023-09-21,1395.80810546875,1398.4106230981856,1371.8746553500082,1381.6804443744052,6779195
2023-09-22,1390.60302734375,1400.641065374319,1380.4254350222948,1386.652846700251,5455613
2023-09-25,1370.1551513671875,1384.7475392640083,1367.7385927513728,1384.7475392640083,4217863
2023-09-26,1357.6075439453125,1375.4995405113145,1356.0739215478982,1374.8024497360157,3996528
2023-09-27,1363.5096435546875,1365.9262023716149,1347.7554364104253,1353.2856448640935,3863586
2023-09-28,1337.903076171875,1368.7145118891362,1333.7670495202924,1364.346121640076,5814602
2023-09-29,1334.185302734375,1344.7347011757531,1316.1074596363055,1331.0716531169655,6068968
2023-10-03,1332.837646484375,1335.626009761539,1320.1041662355099,1334.7430734406207,4181867
2023-10-04,1342.4573974609375,1347.6623192444497,1318.1521429784143,1324.4724780818983,4510406
2023-10-05,1360.2099609375,1371.5493723980028,1347.8946904576385,1349.5677537176623,7384621
2023-10-06,1374.38427734375,1379.775158645182,1360.07076929426,1365.8333416160965,3598672
2023-10-09,1371.3634033203125,1385.8164641413844,1359.0481329313968,1361.5577278028998,3567552
2023-10-10,1389.6739501953125,1391.3934183679341,1365.461614532242,1379.2175868308238,5688951
2023-10-11,1388.9766845703125,1411.144149422588,1376.940181958551,1391.3932433298958,7220129
2023-10-12,1362.1153564453125,1398.2711535251433,1349.5677226602481,1386.6529740945282,11081662
2023-10-13,1330.188720703125,1336.555460811477,1301.2361927232737,1305.8834648401426,17973439
2023-10-16,1332.9769287109375,1341.7602266052431,1329.119670611463,1331.0715019814445,4850745
2023-10-17,1340.6915283203125,1350.8226045344618,1336.6020195003289,1338.6467739103207,3923764
2023-10-18,1338.9256591796875,1351.4267762032766,1336.880791305478,1340.2733227545561,4264837
2023-10-19,1332.512451171875,1338.0891781072362,1325.495024394692,1325.495024394692,6795691
2023-10-20,1326.5638427734375,1337.0202051704955,1324.7049339028495,1329.1198424704962,3928622
2023-10-23,1309.2760009765625,1331.304025507751,1306.1158332337493,1325.0302081269804,2636516
2023-10-25,1289.88134765625,1320.4796048766234,1281.643355327688,1317.1372877323818,6940777
2023-10-26,1279.901611328125,1293.600262701033,1273.923205151914,1275.7591696776637,6357656
2023-10-27,1299.57861328125,1303.9565408986182,1283.8558619720413,1283.8558619720413,4634358
2023-10-30,1296.4718017578125,1299.578632909673,1283.3380187073392,1299.578632909673,2667696
2023-10-31,1288.3277587890625,1300.3316893879341,1283.2437181381906,1299.2018387281082,3451595
2023-11-01,1274.9117431640625,1296.848271394198,1272.5580310195833,1292.7058299617952,3090672
2023-11-02,1289.9754638671875,1295.7656185619023,1281.972842805629,1289.8342181571022,3758060
2023-11-03,1307.76953125,1310.54686548969,1297.1307068451297,1299.2961678955407,3349045
2023-11-06,1321.185791015625,1324.9046103571086,1309.4172299003549,1312.3358100714709,2736381
2023-11-07,1322.127197265625,1323.6335500133118,1313.2300966352614,1318.078766511828,2272209
2023-11-08,1309.60546875,1322.7862570767434,1305.3216665728671,1322.7862570767434,3550635
2023-11-09,1294.353515625,1315.7251773651033,1289.8814622493405,1314.2188244766687,5498051
2023-11-10,1288.75146484375,1292.7998955154703,1281.3608320382564,1289.7870751538298,2943649
2023-11-13,1293.1763916015625,1301.5555137226065,1290.634313884503,1299.1076764200318,3462092
2023-11-15,1327.96435546875,1331.2595523805833,1311.4883709095843,1317.1372799012984,8551860
2023-11-16,1360.3515625,1368.3541841941474,1328.0585842809098,1333.2367512594758,6673907
2023-11-17,1353.4315185546875,1366.0944431282537,1351.0778065575678,1356.726715350655,4901251
2023-11-20,1352.5369873046875,1367.0358756378293,1349.7596532252571,1357.6210280094697,3584210
2023-11-21,1354.796630859375,1365.152963687348,1352.6782900536532,1357.621085267004,3793135
2023-11-22,1372.49658203125,1373.5791976051314,1352.1604184890853,1352.1604184890853,3108786
2023-11-23,1364.4468994140625,1382.0056146017555,1362.9875519464238,1382.0056146017555,3186928
2023-11-24,1353.29052734375,1367.648173226221,1349.9482097083599,1360.963652882806,2973195
2023-11-28,1358.280029296875,1360.4454902349669,1343.545884614403,1359.5040054666383,3755373
2023-11-29,1374.1912841796875,1375.226894544369,1364.964801471109,1366.1886628376049,3875778
2023-11-30,1370.001708984375,1375.179875684024,1364.729416784748,1368.21286477539,10120867
2023-12-01,1367.3184814453125,1374.4737432561005,1361.5283266839235,1374.4737432561005,3489187
2023-12-04,1378.6632080078125,1385.7714640337215,1364.493931093046,1374.9913943979213,5511948
2023-12-05,1368.871826171875,1381.0641237085301,1357.621128395019,1380.0285133783032,5123039
2023-12-06,1388.0311279296875,1390.5730909944189,1366.1416056780827,1371.5080232268922,5269178
2023-12-07,1380.1226806640625,1386.6659544767813,1376.2626157196041,1386.6659544767813,4424453
2023-12-08,1403.895263671875,1407.237466186765,1380.4522661411922,1384.359451550866,6323433
2023-12-11,1401.400146484375,1410.3442522227704,1395.2804951896835,1402.812373706227,3862018
2023-12-12,1389.6787109375,1402.812378171591,1381.7702154844862,1391.0438179520306,6103494
2023-12-13,1364.2115478515625,1389.6787590187653,1349.2890359623277,1389.6316388053183,8549258
2023-12-14,1413.5924072265625,1422.5836336750658,1375.8388870549381,1377.7689770027378,12489858
2023-12-15,1486.0396728515625,1495.5957668241965,1431.9984208352303,1433.9285107001285,18395389
2023-12-18,1472.811767578125,1499.7853308836295,1468.9988229814394,1476.2010899731836,6467243
2023-12-19,1467.115966796875,1481.8501135515992,1452.9465730697686,1478.2254196692145,4221721
2023-12-20,1446.497314453125,1490.8412269194432,1440.4717885612556,1473.470877793026,6592367
2023-12-21,1446.1207275390625,1456.1475641627426,1432.2338260213533,1432.2338260213533,5319038
2023-12-22,1471.4466552734375,1474.3652352440706,1433.8813877884545,1445.1320854708788,6741060
2023-12-26,1453.60546875,1457.4185283124546,1433.8814073771757,1445.1792254261095,6878067
2023-12-27,1475.40087890625,1478.131207944611,1453.6526019531718,1453.6526019531718,4225849
2023-12-28,1471.2113037109375,1477.1425892283842,1464.0089217215004,1477.1425892283842,5702253
2023-12-29,1452.6170654296875,1468.1985714635211,1449.8867362525718,1450.875341361868,4388990
2024-01-01,1460.572509765625,1465.8919221925776,1445.4146265550125,1448.9451947683858,2808451
2024-01-02,1444.6143798828125,1458.5012814497022,1433.8814295846275,1455.5355811804557,5396313
2024-01-03,1402.8126220703125,1431.0100512879606,1400.929652107802,1431.0100512879606,7550363
2024-01-04,1424.1839599609375,1430.8214735340546,1405.5426305452575,1416.8874530223693,7056038
2024-01-05,1442.87255859375,1449.6040828896844,1418.1114626851406,1418.582205079393,8895403
2024-01-08,1433.6932373046875,1446.120791889042,1424.7020106289667,1439.4832774397032,4440136
2024-01-09,1439.8128662109375,1462.1260117914826,1436.5646744337396,1451.6755526579025,4412074
2024-01-10,1430.962890625,1445.6029115375234,1416.9347429419645,1435.7173203076957,4096845
2024-01-11,1406.7666015625,1435.7643805973064,1399.6113397659765,1435.6702550988025,11296088
2024-01-12,1518.379638671875,1523.3224339613043,1464.3855074004339,1470.5992842073904,26754401
2024-01-15,1555.4271240234375,1567.5251815652139,1540.2692406673768,1548.6954842465418,13228305
2024-01-16,1536.07958984375,1552.0377114243083,1529.9128183588118,1548.5542635934448,6500917
2024-01-17,1544.223388671875,1551.0962739751476,1525.4408120839046,1525.4408120839046,9209876
2024-01-18,1546.4830322265625,1552.5085584102292,1532.9727472598277,1546.5301524412396,6375464
2024-01-19,1562.1114501953125,1568.0428500873222,1547.9421736735917,1554.956189085515,4522736
2024-01-23,1546.0594482421875,1576.7047127157934,1541.8697714896578,1553.5442072103745,9401255
2024-01-24,1577.3636474609375,1581.694454529538,1548.7424867268392,1562.770633148314,8999681
2024-01-25,1571.4322509765625,1582.2123208537434,1560.9817927200572,1575.0569444579046,8865304
2024-01-29,1559.663818359375,1581.0825992301918,1551.1904544983925,1567.7135599982494,4253785
2024-01-30,1554.8150634765625,1591.1093493392334,1551.8023580167996,1565.171396519599,4995943
2024-01-31,1563.712158203125,1569.6905638157846,1542.2462583680392,1551.8023522623284,6763779
2024-02-01,1560.0875244140625,1578.8701012939357,1553.7795069313138,1562.4412365507558,5760011
2024-02-02,1594.2633056640625,1617.941672001784,1567.5722338568344,1568.5608388941694,7858483
2024-02-05,1588.4732666015625,1601.2304328815121,1583.4363454059862,1595.5815235195898,3634135
2024-02-06,1628.2508544921875,1631.5931715300217,1575.9984476716934,1588.0494991796102,7694265
2024-02-07,1594.6400146484375,1627.827356650715,1588.143745994436,1627.827356650715,4613877
2024-02-08,1593.08642578125,1606.50258433862,1584.3306859949523,1598.6412091518757,5919715
2024-02-09,1571.667724609375,1593.8397389846994,1562.6766131725003,1586.1194941932167,4600004
2024-02-12,1581.7886962890625,1593.8867538003944,1572.6092188693096,1572.6092188693096,3555808
2024-02-13,1585.978271484375,1590.2619583832927,1566.1599704025425,1584.518924068217,2696481
2024-02-14,1568.7021484375,1571.761974467885,1539.7986069829612,1563.053238842943,3768579
2024-02-15,1578.258056640625,1588.9910065851047,1564.3711555313787,1578.870044759722,4834391
2024-02-16,1602.0777587890625,1608.9976496273255,1589.1793470591608,1590.1679521477781,4880654
2024-02-19,1600.288818359375,1611.3512649637125,1588.943880338882,1605.2316136506747,3690993
2024-02-20,1586.6373291015625,1595.1106926748687,1571.1028292171682,1586.401957891193,3706389
2024-02-21,1558.67529296875,1576.04564252021,1549.0250732340833,1576.04564252021,4300508
2024-02-22,1582.9654541015625,1586.0252797181995,1548.1776365233488,1567.5722005233338,5841277
2024-02-23,1578.728759765625,1599.0648084069708,1574.0684559887509,1597.6997014214783,5373072
2024-02-26,1563.006103515625,1576.9400103998594,1548.742584990576,1576.9400103998594,2782438
2024-02-27,1566.254150390625,1573.315286661556,1556.0861831168934,1563.8063128021718,5159088
2024-02-28,1573.4566650390625,1589.0382863616267,1564.7950497873524,1572.2798088946804,3188916
2024-02-29,1575.951416015625,1583.8127910418666,1556.5568522895687,1567.5721783829442,7814722
2024-03-01,1557.875,1574.115614336737,1554.391551881323,1571.3382798848747,6387291
2024-03-04,1541.39892578125,1567.0543875331723,1538.0567235736469,1560.8406106080845,4445156
2024-03-05,1512.495361328125,1541.5401450012134,1508.2586796437324,1538.386193843857,4596579
2024-03-06,1522.8988037109375,1525.3466412368123,1483.7800637991031,1509.0119027331223,6420684
2024-03-07,1521.8631591796875,1533.1609775234701,1510.3299696204092,1522.004404894455,6348359
2024-03-11,1506.940673828125,1519.3683431830998,1495.0779873422402,1514.0489306330928,6752895
2024-03-12,1518.5679931640625,1529.9129319534898,1504.1633434380817,1506.375809923436,4614222
2024-03-13,1517.108642578125,1529.4420705773052,1505.0105857809417,1518.5208697901078,5688997
2024-03-14,1556.5570068359375,1560.7465686045769,1513.9076955609466,1519.9332218123318,8803799
2024-03-15,1538.38623046875,1549.4957975654736,1523.6519697189988,1545.0707498555741,11809997
2024-03-18,1508.8707275390625,1537.1152732206572,1505.2930391151203,1534.6203153666463,4958904
2024-03-19,1470.08154296875,1505.4343467383314,1466.8334660527332,1499.1734492026353,6870411
2024-03-20,1463.9617919921875,1482.7914886121835,1461.5139544170574,1471.540790852675,4759059
2024-03-21,1463.7264404296875,1484.6744782005846,1453.087730653012,1472.4822954464403,11062497
2024-03-22,1420.559326171875,1439.4361424981196,1410.5324900051585,1431.9983895472183,14673890
2024-03-26,1405.307373046875,1419.2412797585116,1400.8353200453062,1404.6953849138222,8351081
2024-03-27,1397.0223388671875,1411.285858016063,1394.85699256447,1408.4614033302403,6857402
2024-03-28,1410.391357421875,1423.3367734843898,1400.129150066849,1400.129150066849,12499530
2024-04-01,1407.9434814453125,1440.4247089660325,1405.4486385196594,1435.7644049013911,6580002
2024-04-02,1396.0806884765625,1405.7780277192792,1394.1977189092265,1397.9636580438985,7279400
2024-04-03,1394.009521484375,1407.613931160152,1388.690109266799,1392.4560485461666,8736248
2024-04-04,1399.70556640625,1408.1319252871788,1382.09984460195,1403.3303752430386,11186915
2024-04-05,1392.5501708984375,1399.7054325276108,1389.678711160811,1393.4446504316754,5072482
2024-04-08,1390.2906494140625,1403.706808694374,1387.8428117589144,1396.2220500141934,6610887
2024-04-09,1407.3785400390625,1425.2197460789992,1400.2703987062528,1402.8123617129154,9423230
2024-04-10,1418.62939453125,1421.5008543199363,1397.6813569645744,1412.5567483925915,6744595
2024-04-12,1397.86962890625,1418.6294157880386,1392.926833451286,1415.993212241118,12275616
2024-04-15,1382.2410888671875,1404.6483606920185,1375.5565690145563,1393.397662027,8531224
2024-04-16,1331.68310546875,1370.0016050968616,1330.3651187142993,1366.0944202615754,16173541
2024-04-18,1336.202392578125,1360.1631363842591,1325.1399454315383,1337.9441165902024,22107945
2024-04-19,1328.67041015625,1343.3575498977523,1298.0721544750609,1303.9564344137511,20603621
2024-04-22,1348.9122314453125,1352.7722958085985,1330.3650284478476,1336.814175788956,5859087
2024-04-23,1357.997802734375,1362.1873644449943,1349.1478219496535,1358.562670672261,4856174
2024-04-24,1347.0294189453125,1359.7865843478146,1343.54597104933,1359.7865843478146,4268213
2024-04-25,1354.27880859375,1360.351454707475,1336.9084594402714,1336.9084594402714,9089398
2024-04-26,1346.5587158203125,1360.8222343797577,1343.4988900371166,1355.4557017420498,8062444
2024-04-29,1350.7952880859375,1355.549832195807,1344.675637016024,1346.276115171065,5055957
2024-04-30,1337.42626953125,1352.4900262289832,1334.601815150425,1350.7481874189334,6936588
2024-05-02,1331.68310546875,1340.6743311181829,1329.235268018188,1330.3179985042082,10076354
2024-05-03,1333.425048828125,1341.4276701119534,1321.0915052605797,1338.8855920418562,8842345
2024-05-06,1342.4632568359375,1361.1045877183944,1334.1781442699464,1336.9084732924218,6445422
2024-05-07,1356.6324462890625,1358.8920327440642,1332.7658301275853,1341.5686898255074,6080661
2024-05-08,1343.7813720703125,1355.5028124792066,1342.1807788692665,1351.2661306551702,6234983
2024-05-09,1355.314453125,1365.1058028380908,1341.474557983215,1344.0166358308118,6088406
2024-05-10,1341.521728515625,1351.9250667078657,1330.3180362931507,1351.0778223208927,8777481
2024-05-13,1340.156494140625,1341.615841553252,1328.6233053272724,1341.615841553252,3735954
2024-05-14,1341.33349609375,1349.8539804416741,1335.072713427135,1342.9340893861715,3463230
2024-05-15,1336.861328125,1348.0180152167325,1335.5433413149956,1342.5573572737128,4327544
2024-05-16,1368.30712890625,1370.5667157714074,1343.4990234626814,1350.0422978933243,9249145
2024-05-17,1359.78662109375,1371.7434327729238,1355.0320766083944,1371.7434327729238,7542860
2024-05-21,1350.2303466796875,1360.1629416112855,1344.8168094895457,1346.3231620700312,6752663
2024-05-22,1369.672119140625,1374.52067386965,1344.4402807852039,1345.1463943780532,7173285
2024-05-23,1386.2423095703125,1391.6558474322132,1365.153026044568,1369.5779588477037,8641428
2024-05-24,1379.3695068359375,1389.1609728015073,1374.5679568215526,1382.3352072624964,5277938
2024-05-27,1385.253662109375,1393.0209118473929,1374.8032036291474,1385.7244045177397,5821844
2024-05-28,1381.205322265625,1389.6315652574615,1374.8502998635329,1389.1608228573064,6186922
2024-05-29,1366.04736328125,1379.7460134801906,1365.1529986668554,1379.6518879829935,7401634
2024-05-30,1343.9224853515625,1365.011768697552,1338.3678167520543,1358.3743695494225,9663150
2024-05-31,1351.0770263671875,1379.742614221291,1344.4507812144127,1353.8619835736356,37113815
2024-06-03,1350.11669921875,1382.8636553906256,1348.2920640058599,1382.8636553906256,10589244
2024-06-04,1338.3526611328125,1358.8555105856897,1304.4532506211224,1353.09357909204,13736134
2024-06-05,1373.3564453125,1380.9430124283645,1344.594848794161,1344.594848794161,9233424
2024-06-06,1413.833984375,1415.8026912541518,1380.4627967662166,1387.6171483700416,12660930
2024-06-07,1472.749755859375,1478.607696455328,1418.6356360706318,1422.2368434730788,24075302
2024-06-10,1440.2427978515625,1469.1005184048513,1437.8900560410068,1464.7790697698574,6810606
2024-06-11,1436.4014892578125,1446.6768867495505,1434.67286293827,1440.530920339611,4853054
2024-06-12,1426.2701416015625,1448.8857708643502,1423.9173996680136,1447.205207418443,9564320
2024-06-13,1434.6728515625,1445.2844554182486,1430.2553942803347,1435.68123644537,7307565
2024-06-14,1429.8233642578125,1444.0360586769375,1427.0864701658527,1444.0360586769375,4237727
2024-06-18,1438.7542724609375,1447.2051523581276,1436.0654413858667,1437.6019330325926,5420939
2024-06-19,1451.382568359375,1455.5119996711499,1437.3138282236787,1445.2845473689924,5493456
2024-06-20,1455.27197265625,1457.2886253976005,1439.6186772686704,1456.1362858959162,7927010
2024-06-21,1471.885498046875,1495.94161129154,1463.2425999556383,1483.6975056622882,17301941
2024-06-24,1466.5556640625,1468.428244941943,1455.271881344855,1464.0588504809766,5564989
2024-06-25,1480.7684326171875,1482.6411308173647,1460.0255012602715,1465.4513439015984,4551525
2024-06-26,1479.568115234375,1487.394763279802,1474.0943265152384,1479.8562587361448,4851004
2024-06-27,1510.922607421875,1515.7722804516513,1471.261378838573,1477.40734590662,14757754
2024-06-28,1504.5843505859375,1525.4713521019703,1502.1835458139797,1510.1542645475977,8197544
2024-07-01,1527.68017578125,1536.4190819140294,1497.6220524294586,1497.6220524294586,6801771
2024-07-02,1556.7301025390625,1568.9742086490014,1523.550928895523,1532.86600586883,10493173
2024-07-03,1562.8280029296875,1571.086748455425,1542.2770892539197,1560.5232067482063,7269965
2024-07-04,1585.155517578125,1594.13450474685,1563.4042010408868,1563.5962185483268,8008311
2024-07-05,1582.082275390625,1599.7522218867455,1568.5417599764332,1585.9235630103558,7065022
2024-07-08,1595.718994140625,1599.8963711842514,1574.9280004454815,1577.904975049744,5880533
2024-07-09,1591.3975830078125,1600.61665051487,1585.491579421059,1594.0384684368905,5191182
2024-07-10,1582.8507080078125,1607.5789990626897,1572.575309683498,1591.2535253565572,9852770
2024-07-11,1587.1240234375,1598.9360301908912,1576.896688557358,1590.2931327303997,8857679
2024-07-12,1643.8311767578125,1651.5137527263023,1600.5206781808122,1613.3409533828683,17078316
2024-07-15,1639.317626953125,1659.4363248574064,1635.092186939841,1657.7076984616265,6942230
2024-07-16,1657.563720703125,1668.943512173137,1632.547287437264,1650.4092519603355,6886281
2024-07-18,1688.2940673828125,1695.3524103380762,1650.7934479826547,1650.7934479826547,11248896
2024-07-19,1721.8092041015625,1770.8336868455729,1715.5671113876276,1770.8336868455729,29819116
2024-07-22,1738.9990234375,1750.6669588687384,1721.8092366549201,1728.7236252048558,8462126
2024-07-23,1764.015380859375,1766.9442924167647,1712.494085746934,1738.1826974355533,7113056
2024-07-24,1761.182373046875,1769.249100779416,1747.4017766683005,1764.5915628208677,6002845
2024-07-25,1752.4434814453125,1758.2534761150766,1740.1033678723722,1747.7859434479678,5815599
2024-07-26,1804.3489990234375,1808.2862957121283,1752.923709894062,1752.923709894062,11369047
2024-07-29,1796.8583984375,1827.4926924499405,1790.040135957272,1818.4656425678857,4635931
2024-07-30,1802.66845703125,1805.3572882821682,1786.1989113655025,1796.8584620686129,2721265
2024-07-31,1794.121337890625,1810.3508009775471,1791.0483547900394,1802.5241542730917,5004209
2024-08-01,1779.092529296875,1793.7855029159562,1771.8901142339544,1782.453656326238,7475014
2024-08-02,1748.9383544921875,1785.7187334567977,1744.0887987976403,1769.8734206834515,7400938
2024-08-05,1682.3880615234375,1726.1787193591779,1650.3613476722035,1714.1266318965754,10736703
2024-08-06,1681.619873046875,1725.6506144088735,1675.617860395926,1690.3587800212945,7690163
2024-08-07,1720.5609130859375,1726.5629255103806,1692.183351452448,1724.7382902879888,5094329
2024-08-08,1673.9853515625,1709.3251315403352,1658.572136260406,1709.3251315403352,6227910
2024-08-09,1700.4901123046875,1710.0933319139192,1686.325363381071,1700.9702732851492,4258524
2024-08-12,1726.082763671875,1731.9407043499043,1697.9452825491308,1702.698946723047,4315329
2024-08-13,1726.130615234375,1738.1827024097588,1718.0640047615366,1738.1827024097588,4176918
2024-08-14,1750.906982421875,1752.5875458219782,1726.1306294039184,1730.5001411349067,7450718
2024-08-16,1785.1904296875,1787.9753867685558,1756.9089953467567,1776.5955951852964,7335657
2024-08-19,1790.8084716796875,1793.449357119504,1775.8273550396493,1786.1988792940135,2585989
2024-08-20,1797.9146728515625,1810.8790189238414,1794.0733851264426,1805.405230806265,3870333
2024-08-21,1798.3948974609375,1804.4449727328276,1793.0171179008144,1800.6996936229339,1966902
2024-08-22,1805.6453857421875,1818.513723597305,1795.51394205871,1809.2465931329778,4300287
2024-08-23,1788.215576171875,1807.9021772094957,1783.3179574078772,1803.6767369560596,5015935
2024-08-26,1801.7081298828125,1813.8081635443523,1790.0401942272256,1795.8021261828926,3728589
2024-08-27,1824.707763671875,1827.2526403543604,1799.5473747842314,1801.7080992308468,3830679
2024-08-28,1862.1602783203125,1873.588133022963,1822.1148997127973,1831.2379582795415,6514531
2024-08-29,1856.6385498046875,1873.1080958565294,1844.6825875729226,1856.3024605437945,7228284
2024-08-30,1866.5777587890625,1872.6278340667684,1851.5007508106305,1861.1039704725115,13466759
2024-09-02,1886.5526123046875,1897.3562350526781,1865.7136713170646,1866.241778093103,5573739
2024-09-03,1864.2249755859375,1888.95326566776,1859.6153833595768,1888.95326566776,4694322
2024-09-04,1846.1708984375,1850.7324277310104,1824.6597803927025,1844.8744872415468,4778310
2024-09-05,1856.4464111328125,1863.0245930805459,1833.8307821972226,1849.8201661965988,4081810
2024-09-06,1826.3883056640625,1859.6634851962026,1821.5866958391305,1845.7388167038994,5848106
2024-09-09,1819.4739990234375,1844.634387126065,1814.0481565814205,1815.0084785277315,4772612
2024-09-10,1836.423828125,1858.2230908792164,1820.770532458395,1829.3174217997903,6909600
2024-09-11,1834.35888671875,1849.5799652721262,1829.4132055261682,1838.728280994298,5312946
2024-09-12,1873.06005859375,1878.774045014654,1834.9833838435984,1848.6199097939516,8555092
2024-09-13,1866.9619140625,1880.886582594913,1858.8472403257115,1873.0599351123685,3843127
2024-09-16,1872.867919921875,1874.548483367517,1856.3504289468578,1868.5464710616527,1570181
2024-09-17,1875.07666015625,1880.7424658489679,1865.0892884852562,1870.467067930622,2793127
2024-09-18,1817.0732421875,1861.8242226231127,1806.6537722399733,1861.8242226231127,6385468
2024-09-19,1819.041748046875,1848.5237015550497,1804.2528841458939,1834.7910511020839,7976570
2024-09-20,1830.1336669921875,1839.0166455673825,1793.305341425795,1829.4134254860905,15242974
2024-09-23,1821.2025146484375,1842.761812755645,1803.9167195535472,1833.2546020080952,3636672
2024-09-24,1823.2672119140625,1835.0792186672709,1797.1465020357018,1813.0878227950013,7277616
2024-09-25,1820.0982666015625,1826.1482246431408,1802.3323102544668,1811.5033146813457,4268341
2024-09-26,1824.8516845703125,1841.8493352545952,1817.8893508178405,1822.498942813643,8952803
2024-09-27,1831.093994140625,1896.2518191297418,1827.7809300940019,1855.438133669678,14908931
2024-09-30,1801.179931640625,1825.8122145485347,1796.282312853667,1805.40537191387,6986955
2024-10-01,1828.7890625,1833.2065199774477,1800.6036370139677,1800.6036370139677,4029072
2024-10-03,1818.273681640625,1835.9915754881,1806.3656655040093,1814.528402429466,7503887
2024-10-04,1842.04150390625,1876.565029844856,1811.1671309069884,1814.5763205944831,10001483
2024-10-07,1857.55078125,1864.9452133204372,1840.0249057901142,1846.8911139011777,6112575
2024-10-08,1871.2354736328125,1880.2624066206963,1830.7098150344227,1861.008020922201,5637391
2024-10-09,1875.2686767578125,1898.5564839074102,1867.9221904384558,1875.07665925967,4857163
2024-10-10,1842.8577880859375,1886.07227503949,1838.1521871723023,1880.2143346978125,4782119
2024-10-11,1858.3189697265625,1869.7468243014484,1834.3109211351211,1841.8974879353766,4709431
2024-10-14,1881.1746826171875,1891.354071794841,1854.477685639696,1855.4860705732615,3751378
2024-10-15,1881.558837890625,1912.433094709219,1874.3083602991192,1882.2310163628915,5353705
2024-10-16,1843.9141845703125,1881.7989564876755,1840.312977195666,1877.42944464905,3111512
2024-10-17,1890.0096435546875,1899.516854492198,1853.5654717255002,1858.415027332384,8162822
2024-10-18,1805.0211181640625,1859.9995499352583,1795.0818094027522,1818.6577602233042,10526196
2024-10-21,1779.2364501953125,1823.4593218230411,1765.071701772492,1816.0647726492866,4654601
2024-10-22,1778.132080078125,1803.2925852339904,1773.666559613223,1784.4701814346959,4125240
2024-10-23,1799.067138671875,1811.1671716222952,1770.8336503030287,1772.034052723245,4311910
2024-10-24,1789.4158935546875,1809.2465653946333,1786.198838446931,1787.5433126309072,2906475
2024-10-25,1788.1676025390625,1801.9001366151979,1773.1385399992107,1789.5119595392343,4689120
2024-10-28,1791.3365478515625,1807.2299232087717,1783.3178829165497,1785.9107053224764,7018940
2024-10-29,1786.4317626953125,1798.378144066303,1776.4277753656768,1792.9391324904534,4621252
2024-10-30,1750.3009033203125,1786.1402834543007,1744.716179758669,1779.3414895531696,5919715
2024-10-31,1706.7401123046875,1736.5091412479787,1696.2991072073619,1736.5091412479787,7395236
2024-11-01,1710.236572265625,1715.2385657478123,1701.6895882617994,1713.7816813488193,371966
2024-11-04,1712.956298828125,1716.2099839138373,1668.6184223904768,1674.9315887150042,7336722
2024-11-05,1703.77783203125,1717.6182349398387,1694.8423210868225,1709.4111662537578,3160880
2024-11-06,1771.280029296875,1774.6794262747362,1711.9849045771186,1713.296076841982,10421494
2024-11-07,1751.2237548828125,1773.22261567757,1735.6350435250165,1760.8390975998175,4550965
2024-11-08,1777.350341796875,1787.6942446562714,1761.0333078003775,1765.7438769390867,4210960
2024-11-11,1806.6337890625,1814.306737413767,1770.163186757311,1776.427742360696,3804234
2024-11-12,1815.0838623046875,1826.9331420105937,1807.5080155670998,1817.3176807087516,5012450
2024-11-13,1814.6953125,1819.3572716489662,1802.943134866599,1807.605094015565,4257495
2024-11-14,1810.9560546875,1822.0768923467604,1802.6517655626797,1811.9758027067253,4311431
2024-11-18,1759.3822021484375,1796.047127993138,1743.4050832115965,1796.047127993138,4839244
2024-11-19,1772.300048828125,1806.2454112988496,1768.2208195271305,1773.0284911005574,4669769
2024-11-21,1781.3326416015625,1813.3354888516371,1768.26917339711,1789.0540816629436,5436504
2024-11-22,1847.572265625,1859.0331371970146,1781.2840242640295,1800.80625185363,6301486
2024-11-25,1835.3829345703125,1864.1322151458903,1827.9043086809907,1860.9270220152914,12764638
2024-11-26,1868.8428955078125,1882.8775020849253,1842.764686697864,1850.1947027907097,6850495
2024-11-27,1869.182861328125,1885.5971174937745,1856.799342761259,1874.6218732216507,4447143
2024-11-28,1803.282958984375,1859.8586361338635,1798.4266776839897,1859.8586361338635,8468790
2024-11-29,1804.448486328125,1823.0480681141644,1791.9678666332622,1797.8925063282472,5244346
2024-12-02,1825.7677001953125,1828.6814691911163,1782.4495729417774,1805.5655210664468,2868263
2024-12-03,1837.714111328125,1845.1442460985531,1817.3663382733384,1832.7607276683614,4715792
2024-12-04,1834.946044921875,1858.9360291550868,1821.105642042353,1829.8469491241563,4705573
2024-12-05,1879.2352294921875,1893.8526842407528,1834.654541582606,1845.386971128795,9050038
2024-12-06,1867.1431884765625,1882.2461532385446,1857.4306251975142,1877.2442779990854,3573331
2024-12-09,1868.3572998046875,1874.7189577548504,1842.667498232043,1868.8914196597946,4274645
2024-12-10,1892.54150390625,1909.101352624084,1876.4671647750902,1883.2659588503623,6174921
2024-12-11,1917.4056396484375,1921.1449526741415,1895.8922889888395,1898.806057875605,5025612
2024-12-12,1929.8863525390625,1941.3472248051385,1913.9092331296335,1918.4254802729865,6462130
2024-12-13,1942.22119140625,1948.7771714843159,1897.6406217246506,1913.132112410419,5362693
2024-12-16,1923.1361083984375,1942.1240981650324,1920.7564592966078,1938.0933607570853,3119221
2024-12-17,1919.78515625,1925.029963920521,1901.7198129951464,1911.432375880719,5811050
2024-12-18,1922.261962890625,1927.8951783904936,1905.216367108079,1910.2669710918078,3064095
2024-12-19,1890.2589111328125,1903.4194810568974,1864.8120442042316,1878.4096320265542,5323592
2024-12-20,1866.900390625,1923.038935729017,1856.313672846486,1918.3769764514818,11056720
2024-12-23,1868.988525390625,1884.2372017118134,1854.1282567360063,1874.5732490554924,2781793
2024-12-24,1854.1768798828125,1886.1797274213886,1787.111585198432,1871.6594932162752,2360544
2024-12-26,1852.5743408203125,1864.5693327398988,1847.6209572676305,1854.1769374712999,3623321
2024-12-27,1861.655517578125,1868.8428379280153,1849.1748978049127,1854.5168074679777,3937500
2024-12-30,1851.214599609375,1860.9271630910612,1832.2751008200871,1860.6357387619842,7789055
2024-12-31,1825.9617919921875,1842.473148621904,1792.0164326986576,1837.9082915665463,3613063
2025-01-01,1828.389892578125,1838.5394729768454,1820.134214444306,1820.134214444306,1838368
2025-01-02,1901.5740966796875,1906.236174279187,1831.10952423594,1832.760612498252,7083645
2025-01-03,1883.0230712890625,1896.8148627360356,1866.754528958132,1896.8148627360356,6218003
2025-01-06,1882.1490478515625,1916.288731426852,1872.5821967516326,1895.8923485784164,7164403
2025-01-07,1875.3502197265625,1902.2540906114118,1868.357221729347,1889.0935202054077,4294832
2025-01-08,1877.5841064453125,1882.8774057609294,1834.460303784991,1874.5246254427705,5482050
2025-01-09,1862.1898193359375,1895.74665458795,1855.6338390718154,1878.4583629543145,6833503
2025-01-10,1910.4124755859375,1920.9507009797642,1876.709930393327,1881.3233976824297,8036913
2025-01-13,1905.799072265625,1925.8070469770787,1892.9785364775742,1899.7773306055078,5804152
2025-01-14,1884.285888671875,1915.1232771204202,1875.5930733895989,1912.2579998126723,5792162
2025-01-15,1893.60986328125,1901.7684398888914,1881.420549328485,1891.036010381721,2985439
2025-01-16,1873.0191650390625,1910.41253260361,1861.7526156669912,1909.4412763032324,7533579
2025-01-17,1763.2672119140625,1804.5942151264314,1759.9164250856263,1797.7954209897873,16409953
2025-01-20,1761.1790771484375,1775.407886940151,1741.6082392029957,1770.5516054927243,4333011
2025-01-21,1748.941162109375,1779.0016155615642,1741.5111463055791,1766.7638099629812,7169109
2025-01-22,1803.0887451171875,1812.1700865447272,1753.2633671133483,1755.448693830049,8373913
2025-01-23,1811.8299560546875,1825.5247642701754,1799.446438649042,1804.5941442893445,5907471
2025-01-24,1821.5426025390625,1840.4336089404926,1810.6645792715367,1811.8786496612856,4887027
2025-01-27,1769.62890625,1809.4504129219265,1759.9163436470913,1795.6100112127813,7652371
2025-01-28,1777.15625,1809.9361507719634,1772.4456805643415,1777.3990640797924,6999495
2025-01-29,1827.1759033203125,1834.36322360914,1787.5972093347696,1791.9678626583263,5145155
2025-01-30,1806.4881591796875,1832.9548941080284,1790.9966681783667,1819.3088138415467,7336056
2025-01-31,1825.7677001953125,1842.910279604707,1817.2205970496623,1817.2205970496623,5820470
2025-02-01,1798.1353759765625,1836.2571867836969,1792.9391783431893,1826.2533177597818,1701402
2025-02-03,1809.741943359375,1822.6110895629577,1779.7300994439906,1783.2265984737837,4823228
2025-02-04,1844.2215576171875,1856.2650411997822,1821.1056096540206,1834.703198206104,7334787
2025-02-05,1842.5218505859375,1864.5207114002724,1839.8508957040453,1851.2145472314708,4996744
2025-02-06,1860.587158203125,1868.6971246106148,1845.3869733680706,1861.898330498206,4765255
2025-02-07,1848.93212890625,1868.405747107761,1835.14021793859,1864.13231412214,4126260
2025-02-10,1826.2532958984375,1850.2432794461592,1824.6020890265615,1850.2432794461592,3828734
2025-02-11,1821.7369384765625,1848.3007750893653,1816.249316561804,1828.9727506286142,4411601
2025-02-12,1809.59619140625,1840.142154487476,1793.9103785152583,1830.8181177592105,5633947
2025-02-13,1790.2681884765625,1819.6486917731397,1782.8866642532057,1814.7924102365155,5237744
2025-02-14,1803.0401611328125,1805.8568280246752,1775.796375368045,1800.709122375355,5292961
2025-02-17,1789.3455810546875,1799.495162260814,1769.7747423270973,1785.7033698235564,4428956
2025-02-18,1798.7181396484375,1808.1393973263787,1784.780634818134,1789.3456107739096,4365260
2025-02-19,1758.7509765625,1796.0471240806544,1753.9917969230971,1794.2989338566194,4611411
2025-02-20,1772.6884765625,1778.3703022593725,1753.6518766132701,1753.6518766132701,2218020
2025-02-21,1762.8302001953125,1777.2533326664163,1754.2830972545896,1769.4347905187403,3379879
2025-02-24,1713.3931884765625,1756.0313630959042,1699.9413126430345,1748.309923055587,7594720
2025-02-25,1716.8896484375,1727.3306532632726,1694.987890846883,1694.987890846883,5092963
2025-02-27,1713.5875244140625,1724.8054634563641,1700.7668702151418,1704.748997302386,5757079
2025-02-28,1639.189208984375,1704.6519072727174,1634.0901134127998,1704.6034155946859,12182167
2025-03-03,1659.4884033203125,1678.9135283002097,1643.6569975986285,1643.6569975986285,7504969
2025-03-04,1639.7720947265625,1650.1644899401717,1621.9980566215932,1646.2794646548505,6759673
2025-03-05,1662.30517578125,1683.1385762213686,1643.8026956375877,1643.8026956375877,8180782
2025-03-06,1666.5301513671875,1672.794825837321,1642.4915571816716,1665.7046071983816,10610547
2025-03-07,1637.5382080078125,1655.9920786793123,1627.340016320931,1654.146667899849,8019331
2025-03-10,1652.5440673828125,1669.5896637303404,1628.01984457351,1637.5382042171923,7558981
2025-03-11,1613.8394775390625,1631.7106175387037,1589.995206020896,1631.7106175387037,12671234
2025-03-12,1545.123046875,1589.84944650162,1518.850635339536,1589.84944650162,14870008
2025-03-13,1534.439208984375,1559.886194636392,1525.163782654934,1553.2816045131979,7822888
2025-03-17,1544.34619140625,1548.1826065260266,1500.736758011993,1500.736758011993,7526032
2025-03-18,1544.34619140625,1544.34619140625,1544.34619140625,1544.34619140625,0
2025-03-19,1540.94677734375,1556.9238965430377,1527.5920028100838,1556.9238965430377,7387068
2025-03-20,1569.1131591796875,1584.9931759348294,1546.2400259441436,1546.2400259441436,7186750
2025-03-21,1546.7742919921875,1557.7980274559397,1518.7049607743006,1532.59385494289,10074677
2025-03-24,1546.968505859375,1560.9060103586978,1527.4947691913153,1552.0189913058653,8857726
2025-03-25,1581.6422119140625,1589.1209562659596,1558.8663000022038,1558.8663000022038,9890140
2025-03-26,1553.475830078125,1590.6749935166006,1549.1537869998338,1579.2627320763197,6651302
2025-03-27,1557.4581298828125,1573.3866387891755,1540.4125339270274,1549.688079270318,9426573
2025-03-28,1525.5037841796875,1552.504639118573,1515.1598805138667,1544.2975705237486,6799047
2025-04-01,1482.6226806640625,1502.92196020728,1474.2212903040318,1495.0061979771754,12680733
2025-04-02,1505.593017578125,1510.9349273715397,1491.0726643663595,1491.0726643663595,6193478
2025-04-03,1453.485107421875,1490.5385603678294,1442.3642697947264,1490.5385603678294,10459504
2025-04-04,1409.92431640625,1429.6893595876932,1406.3792069857197,1418.5199114659142,9590254
2025-04-07,1356.602294921875,1365.489314158466,1269.4320382766355,1313.1385736419368,21715252
2025-04-08,1387.7310791015625,1414.6348317731379,1374.3276944448953,1389.8677955834949,12805001
2025-04-09,1363.3524169921875,1368.9371407012397,1342.1791008495861,1364.663707842691,8546854
2025-04-11,1368.9371337890625,1397.4436008179698,1356.893650613513,1370.6854425398662,12567440
2025-04-15,1385.011474609375,1406.087688754894,1368.5001176189407,1404.0480742507405,10178530
2025-04-16,1372.482177734375,1386.4682913913693,1356.6507720589223,1384.0401507759727,12022740
2025-04-17,1378.6983642578125,1388.7023519091767,1338.6826507754836,1357.8163531049115,14264227
2025-04-21,1409.29296875,1429.4951483248678,1369.4714582615436,1369.4714582615436,15648970
2025-04-22,1381.903564453125,1398.6091260339042,1378.5041672717928,1398.6091260339042,9399738
2025-04-23,1432.5059814453125,1445.0352117850275,1398.2205856526791,1404.4366498623076,11136642
2025-04-24,1429.1065673828125,1440.2760150192205,1419.4911061400271,1427.6496829084983,7114292
2025-04-25,1437.653564453125,1458.535575435,1421.4336312546193,1433.0887071514799,8329979
2025-04-28,1439.4989013671875,1446.7833234291916,1423.1818670852326,1437.6534907325017,5886253
2025-04-29,1454.456298828125,1466.4027986571466,1431.7288778586658,1439.4018262859975,8056743
2025-04-30,1456.9815673828125,1465.431568419441,1439.984581952398,1453.7764926957282,7704183
2025-05-02,1463.586181640625,1479.4175886205041,1453.1936678135066,1456.5930649551544,7402310
2025-05-05,1465.2371826171875,1479.2232965927526,1459.6039673980883,1471.4532464465005,4282493
2025-05-06,1468.053955078125,1472.0360823521305,1456.0103527730441,1462.7120452184295,4270530
2025-05-07,1464.9459228515625,1475.1441139885928,1453.5821530190785,1456.8844481471906,5691799
2025-05-08,1467.956787109375,1472.910170498641,1458.0499017692832,1464.654491996011,8424409
2025-05-09,1464.2659912109375,1467.9568126185206,1451.1540310083215,1457.5642989506216,4478653
2025-05-12,1580.136962890625,1585.0903465111594,1487.96471253376,1492.8209942326298,11372857
2025-05-13,1523.5125732421875,1565.859323230766,1519.627548132014,1562.7513505672503,12846210
2025-05-14,1546.6285400390625,1549.1537826809642,1524.3867472838704,1528.75740058924,4870057
2025-05-15,1566.636474609375,1572.075486394776,1525.843708376521,1544.1033749720434,11151167
2025-05-16,1544.200439453125,1566.2479103864578,1536.0418626920532,1566.2479103864578,4576751
2025-05-19,1514.9656982421875,1539.4413107743521,1510.9834523682187,1531.1856318206726,8855798
2025-05-20,1515.7425537109375,1537.9843466293191,1513.2173110505078,1524.8723866170074,7143998
2025-05-21,1523.41552734375,1525.8436681268927,1507.4869000940212,1522.832797268108,4157309
2025-05-22,1503.0191650390625,1515.9369216042496,1495.7347425913772,1510.7892156499267,6158990
2025-05-23,1519.8218994140625,1541.5779455953386,1505.447258808557,1505.447258808557,5038421
2025-05-26,1535.070556640625,1538.275749801986,1517.782147363295,1521.5700705826603,3170102
2025-05-27,1524.969482421875,1537.4016104009331,1511.6633186280806,1534.4878415209876,7775714
2025-05-28,1526.6207275390625,1542.063608140773,1524.8724187426308,1535.556238237006,3623370
2025-05-29,1540.02392578125,1562.6542444112208,1531.2826193070812,1543.3262208282474,8609500
2025-05-30,1539.1375732421875,1548.297396005105,1531.652190030095,1547.3124739974683,13148092
2025-06-02,1530.371826171875,1536.4782943781508,1515.7949327230604,1536.4782943781508,4374509
2025-06-03,1519.734619140625,1543.6682714095227,1512.4461724234918,1535.4933708621093,6853403
2025-06-04,1527.8109130859375,1533.8190332918903,1518.158749909477,1519.7346010168856,4548307
2025-06-05,1530.8642578125,1544.0621159555858,1518.3556767230737,1524.5607331925255,6948539
2025-06-06,1540.2210693359375,1545.2441474823067,1519.8331118292815,1531.2581829658582,3960020
2025-06-09,1549.183837890625,1564.0561360451065,1547.3124620446238,1554.2069160448225,2903202
2025-06-10,1571.935546875,1583.2621501262925,1553.7144894707471,1560.116482612782,8591925
2025-06-11,1606.5062255859375,1609.9534525332194,1566.1244242034918,1566.1244242034918,10597410
2025-06-12,1584.345458984375,1603.452969273507,1574.0037782857437,1592.6188275892266,10483574
2025-06-13,1577.844970703125,1584.7394243828517,1546.5244044661895,1552.2369998927122,6968315
2025-06-16,1599.31640625,1610.1505483486199,1573.01891647278,1575.875214344727,5591842
2025-06-17,1615.173583984375,1622.5604988569514,1591.2399317053334,1596.2630097727385,7622083
2025-06-18,1608.2791748046875,1619.9011823893957,1596.5585788351507,1596.5585788351507,5629707
2025-06-19,1593.997802734375,1605.4228739879738,1587.2018168292147,1599.4148737815738,5147760
2025-06-20,1598.429931640625,1606.1122510729595,1584.6410236941556,1594.58871180959,9202821
2025-06-23,1560.116455078125,1576.8601291540897,1551.6461498856431,1576.8601291540897,7943676
2025-06-24,1557.7525634765625,1584.739449496533,1552.827953627288,1576.860073737694,8083992
2025-06-25,1590.550537109375,1595.4751470327865,1561.199813873949,1566.025955644839,7813533
2025-06-26,1591.6339111328125,1599.5132869304996,1582.3756205245834,1584.5425210067874,6519233
2025-06-27,1583.7545166015625,1605.0288069577266,1578.238977654369,1594.5886581952298,8912268
2025-06-30,1577.6480712890625,1590.648993297183,1570.064099926214,1590.648993297183,6294505
2025-07-01,1582.57275390625,1593.308307768125,1576.3676970723639,1584.7395342639384,4178937
2025-07-02,1586.2169189453125,1624.1364168524187,1579.2239966239758,1593.6038341220215,8653641
2025-07-03,1594.293212890625,1607.786716594206,1590.6490495377586,1594.0962765801005,5259695
2025-07-04,1615.96142578125,1618.6207872342948,1587.9897380569496,1600.4981989662078,4411273
2025-07-07,1602.4681396484375,1619.2118141254034,1598.5284515362102,1615.2721260131761,3294523
2025-07-08,1613.9915771484375,1621.378491891406,1597.0509674297891,1603.4529602070286,4590681
2025-07-09,1609.0670166015625,1613.3022292758048,1599.1193284889714,1613.1052929685202,4580828
2025-07-10,1591.43701171875,1614.1886858160015,1582.868118202301,1614.1886858160015,5330179
2025-07-11,1570.85205078125,1582.8680505457567,1539.433016356687,1555.2902357933656,11391755
2025-07-14,1546.623046875,1567.7988696310574,1536.2813659941348,1567.7988696310574,9173426
2025-07-15,1561.6922607421875,1579.4208563061295,1540.4179701114037,1541.5013602388092,7614807
2025-07-16,1583.6561279296875,1587.6942841349517,1554.6993967165145,1555.1918577227598,6223491
2025-07-17,1559.6240234375,1585.7244570472844,1556.2752645133157,1573.9053927711557,7374814
2025-07-18,1562.1846923828125,1575.1857343566385,1556.176692489401,1568.0942241264431,5161833
2025-07-21,1560.4119873046875,1565.041072656143,1543.1758521432762,1556.1767745731315,3682661
2025-07-22,1547.2139892578125,1561.889351060241,1541.4029254290974,1541.4029254290974,8473741
2025-07-23,1550.7596435546875,1567.897309898412,1526.629055261839,1552.5325511946266,8035026
2025-07-24,1529.0914306640625,1558.1466301517212,1524.8562179010848,1556.1767861186595,14169664
2025-07-25,1492.84619140625,1526.1366022975346,1488.512630894258,1520.12860228797,10851259
2025-07-28,1493.1417236328125,1496.392014262957,1460.14683725966,1491.0734115180542,6439855
2025-07-29,1490.8763427734375,1494.3235696797126,1473.5417400906863,1490.0884773327002,7070448
2025-07-30,1496.0965576171875,1498.7557989957106,1483.2925712781332,1496.9830114866083,5719051
2025-07-31,1486.247314453125,1504.0743788045277,1474.428250322285,1486.936711768862,6851407
2025-08-01,1447.4412841796875,1476.1024890867666,1443.4031282013243,1471.3749358302919,8702978
2025-08-04,1458.177001953125,1460.4423706154291,1429.1218033326475,1439.4634841975633,8610216
2025-08-05,1438.2816162109375,1456.4040844682859,1433.0614816224124,1456.4040844682859,10213323
2025-08-06,1415.037353515625,1434.14486387826,1408.7339490588547,1430.1067078263497,10566934
2025-08-07,1415.234375,1420.2574529025999,1392.876574581379,1408.4383894942564,9892020
2025-08-08,1401.6424560546875,1411.590144080286,1395.7329241309972,1403.5138318764698,10048009
2025-08-11,1406.66552734375,1411.7871937906966,1392.6796832838538,1398.4907470266712,6625368
2025-08-12,1402.62744140625,1419.2726477892124,1399.5742071536924,1406.6655976905836,9899184
2025-08-13,1405.0897216796875,1412.3781686321047,1400.953097311154,1403.5138705026145,10318063
2025-08-14,1425.8714599609375,1447.835267553816,1404.6956380205245,1404.6956380205245,12902347
2025-08-18,1414.1510009765625,1442.6151494914589,1408.0444126749926,1442.6151494914589,7254561
2025-08-19,1418.2877197265625,1427.5460108318366,1411.0977408332749,1411.0977408332749,3986094
2025-08-20,1473.6402587890625,1476.3980885005715,1418.9770874002822,1418.9770874002822,10413061
2025-08-21,1473.8372802734375,1485.262351237006,1461.9197483180794,1485.262351237006,6565539
2025-08-22,1465.0714111328125,1481.6181481033814,1463.6924963469764,1475.5115598317454,5543397
2025-08-25,1508.9989013671875,1515.7948868943363,1483.981859694785,1483.981859694785,10694531
2025-08-26,1506.53662109375,1515.2039825206518,1495.7024794249892,1500.03616013844,15994798
2025-08-28,1477.4814453125,1506.5366438633127,1475.413133190423,1506.5366438633127,5443364
2025-08-29,1447.4412841796875,1479.254311487481,1445.5699084151588,1479.254311487481,8169075
2025-09-01,1476.7921142578125,1480.7318023736236,1453.941851048263,1454.4343120627393,4546057
2025-09-02,1476.1025390625,1489.9900353122632,1463.8896025641538,1476.7920565936874,5218763
2025-09-03,1456.798095703125,1479.2543652339205,1450.7900955921732,1477.3829894013984,4623483
2025-09-04,1440.94091796875,1461.6242804276317,1438.0846200594328,1461.6242804276317,5787724
2025-09-05,1422.8182373046875,1450.4945202945664,1411.3931666312185,1447.835279098319,5466487
2025-09-08,1411.2947998046875,1436.0163186937275,1406.7641825159365,1429.1218644887508,3811567
2025-09-09,1481.6181640625,1484.474341584966,1450.297597398603,1458.6694341238242,13072640
2025-09-10,1509.491455078125,1511.756823802922,1486.5428442826578,1487.330709756259,7281071
2025-09-11,1486.9366455078125,1504.4683046125388,1483.7849433052634,1500.922609577238,8003662
2025-09-12,1502.596923828125,1519.6361218926327,1498.1647749913177,1513.8250582606502,12856963
2025-09-15,1485.6563720703125,1504.4683582651935,1478.5648615170796,1502.5969824151846,6167414
2025-09-16,1488.5126953125,1491.1719366717366,1480.8302554728903,1485.656397411633,8923112
2025-09-17,1499.4453125,1503.680405062861,1491.1719434573272,1494.028241371192,4795698
2025-09-18,1517.370849609375,1531.5537508334592,1515.302537400178,1526.6291407021617,9331945
2025-09-19,1516.976806640625,1527.9095369547413,1497.179898612735,1521.3104874589542,12988129
2025-09-22,1476.8905029296875,1491.8612688721596,1459.6543683506482,1460.3437656419162,15655204
2025-09-23,1474.920654296875,1490.186944875574,1470.4885054191882,1470.4885054191882,9832164
2025-09-24,1472.0643310546875,1474.1326431158677,1460.3437357350242,1464.7758845360097,4937004
2025-09-25,1462.4122314453125,1480.04223903444,1454.2373307659764,1466.5488557470633,9491867
2025-09-26,1427.053466796875,1456.404069373631,1419.4694954878144,1452.7599061754568,8597058
2025-09-29,1420.060546875,1442.9106885263222,1414.8404123331482,1437.9860786678707,10513117
2025-09-30,1420.060546875,1430.303639196793,1416.416263441906,1421.2424051491353,7556305
2025-10-01,1424.000244140625,1427.6444073679875,1405.877655696216,1424.197180444367,6250692
2025-10-03,1424.7880859375,1426.4625254104503,1411.5901076030302,1417.3027030735375,6877533
2025-10-06,1453.744873046875,1456.5027027407555,1420.5530497148675,1424.7881421800753,4630590
2025-10-07,1436.5086669921875,1460.5407866669368,1432.0765182081868,1455.4191203786977,5570320
2025-10-08,1472.4583740234375,1475.4131399913774,1433.061494450904,1435.0313384295307,4657192
2025-10-09,1486.5428466796875,1491.171932062491,1464.5790376333712,1479.352867871771,7028753
2025-10-10,1492.058349609375,1498.755747016607,1476.2011295853695,1487.2322078030077,3738353
2025-10-13,1470.6854248046875,1482.0120273618204,1461.0332617199265,1474.4281763502415,5859355
2025-10-14,1467.435302734375,1491.5658915845438,1464.0865439092208,1476.3980688327763,5600789
2025-10-15,1452.1690673828125,1466.1549121391147,1445.373081319078,1461.5258266826634,6986098
2025-10-16,1449.312744140625,1452.267510183725,1438.478601982591,1451.6765810210527,8005748
2025-10-17,1419.37109375,1436.410292725158,1412.3781714796953,1432.9630656678505,16959378
2025-10-20,1438.87255859375,1444.8805586841174,1428.136884861602,1431.781048131079,6994246
2025-10-21,1450.19921875,1463.5941342911037,1447.8353818357486,1455.7147580634262,1698704
2025-10-23,1505.4532470703125,1522.6893817276436,1483.292502510887,1487.2321904325627,20358624
2025-10-24,1502.4000244140625,1519.7346273554492,1495.111577657532,1516.2874003977408,8652257
2025-10-27,1504.5,1515.300048828125,1498.0999755859375,1510.0,7273211
2025-10-28,1500.199951171875,1506.5,1490.5,1499.699951171875,8211019
2025-10-29,1510.4000244140625,1520.199951171875,1496.9000244140625,1500.199951171875,4884976
2025-10-30,1493.800048828125,1508.199951171875,1489.0999755859375,1507.0,5608867
2025-10-31,1482.300048828125,1497.0999755859375,1480.699951171875,1490.0,4819814
2025-11-03,1485.5,1491.4000244140625,1474.199951171875,1482.300048828125,5470600
2025-11-04,1467.9000244140625,1481.9000244140625,1462.9000244140625,1479.699951171875,8691330
2025-11-06,1466.699951171875,1483.0,1461.9000244140625,1478.5999755859375,7944752
2025-11-07,1476.800048828125,1480.9000244140625,1449.0999755859375,1470.0,8765759
2025-11-10,1513.5,1520.0,1490.0,1490.0999755859375,9787975
2025-11-11,1530.300048828125,1533.4000244140625,1511.0999755859375,1525.0,13692989
2025-11-12,1551.699951171875,1559.199951171875,1538.0999755859375,1540.0,14635417
2025-11-13,1541.800048828125,1557.5,1530.300048828125,1557.0999755859375,19655689
2025-11-14,1502.800048828125,1530.0,1488.800048828125,1520.0,9739549
2025-11-17,1507.5999755859375,1510.199951171875,1492.5,1496.0,7910354
2025-11-18,1486.4000244140625,1506.0,1483.199951171875,1506.0,7525119
2025-11-19,1541.0999755859375,1543.0,1490.5,1490.5,10981126
2025-11-20,1536.5,1555.0,1534.0,1555.0,7387584
2025-11-21,1545.0,1551.5,1526.300048828125,1531.0,9186302
2025-11-24,1548.0,1585.0,1541.0,1563.5999755859375,19270381
2025-11-25,1530.5999755859375,1550.5999755859375,1525.9000244140625,1549.0,8107952
2025-11-26,1557.9000244140625,1560.300048828125,1532.0999755859375,1532.0999755859375,7575038
2025-11-27,1566.4000244140625,1574.300048828125,1552.199951171875,1564.0,7552252
2025-11-28,1560.0999755859375,1568.4000244140625,1557.0,1565.0,4453221
2025-12-01,1564.0,1574.0,1556.0,1562.5,5341800
2025-12-02,1561.0,1579.9000244140625,1556.0999755859375,1567.0,6335969
2025-12-03,1578.699951171875,1586.0,1554.0999755859375,1555.0999755859375,12895312
2025-12-04,1597.5999755859375,1599.0,1568.0,1568.0,12609619
2025-12-05,1616.199951171875,1631.800048828125,1600.0,1610.0,10344725
2025-12-08,1610.800048828125,1630.0,1600.199951171875,1617.0999755859375,7550413
2025-12-09,1599.0,1606.9000244140625,1582.4000244140625,1601.199951171875,6957599
2025-12-10,1584.800048828125,1608.0,1582.800048828125,1608.0,5116140
2025-12-11,1598.0,1607.4000244140625,1580.5,1598.0,5159319
2025-12-12,1598.199951171875,1601.800048828125,1582.5999755859375,1601.4000244140625,4633912
2025-12-15,1606.800048828125,1610.800048828125,1585.0,1585.0,4190558
2025-12-16,1592.9000244140625,1603.0,1585.5999755859375,1600.0,5499258
2025-12-17,1602.0,1606.9000244140625,1586.0,1587.199951171875,4817628
2025-12-18,1626.800048828125,1630.0,1606.699951171875,1610.5,6577293
2025-12-19,1638.699951171875,1654.9000244140625,1629.800048828125,1650.0,13149023
2025-12-22,1689.5999755859375,1693.199951171875,1664.0,1664.0,23098923
2025-12-23,1668.300048828125,1679.0,1656.4000244140625,1679.0,6593060
2025-12-24,1663.4000244140625,1667.5999755859375,1652.5,1661.0,4271167
2025-12-26,1656.0999755859375,1668.800048828125,1651.699951171875,1663.4000244140625,2006491
2025-12-29,1644.699951171875,1673.0999755859375,1637.0999755859375,1658.0,4062817
2025-12-30,1621.5999755859375,1647.9000244140625,1616.800048828125,1647.0,9395937
