Date,Close,High,Low,Open,Volume,Ticker
2021-01-01,1109.5997314453125,1114.0453921542232,1105.5063278261723,1107.3549790511033,4253550,INFY.NS
2021-01-04,1134.07275390625,1135.6133146043567,1110.2160925877665,1117.1265862270766,7208454,INFY.NS
2021-01-05,1138.95849609375,1143.5361188661745,1122.4524897590766,1128.5706731227374,8145280,INFY.NS
2021-01-06,1128.65869140625,1146.1770877418114,1116.2902550512151,1144.416447054036,7161715,INFY.NS
2021-01-07,1111.09619140625,1142.3475593355365,1105.2420404287118,1140.8950094747993,10954918,INFY.NS
2021-01-08,1155.0682373046875,1159.205807166795,1125.2694168181652,1125.2694168181652,13186251,INFY.NS
2021-01-11,1211.496826171875,1217.7911381846839,1179.6292723945633,1181.477923642687,20528626,INFY.NS
2021-01-12,1207.579345703125,1213.0813474604747,1197.2355823993075,1213.0813474604747,8309868,INFY.NS
2021-01-13,1221.1361083984375,1226.1099387007935,1197.235395013153,1209.4278075069415,14442997,INFY.NS
2021-01-14,1206.47900390625,1218.3633282789128,1160.6582880628148,1197.2356405052901,27521697,INFY.NS
2021-01-15,1183.98681640625,1201.153063298787,1179.6292736409982,1197.235680710267,15018441,INFY.NS
2021-01-18,1155.0242919921875,1179.629201379863,1149.6983111955979,1177.8685607807886,8861765,INFY.NS
2021-01-19,1159.0738525390625,1171.7064285295091,1154.98034127026,1162.022904326786,5585744,INFY.NS
2021-01-20,1179.1448974609375,1187.0238280519566,1162.506930964582,1162.506930964582,8225838,INFY.NS
2021-01-21,1179.3653564453125,1198.1602854967618,1175.2278929899728,1188.432700776377,6142421,INFY.NS
2021-01-22,1180.37744140625,1193.7143153151292,1167.78892571395,1168.1850268607495,9646591,INFY.NS
2021-01-25,1166.512451171875,1186.5837977384417,1155.8605966401967,1184.0308472818467,6542611,INFY.NS
2021-01-27,1145.2967529296875,1168.669300749039,1131.2996381464989,1161.6706896269554,8133665,INFY.NS
2021-01-28,1123.464599609375,1141.2910837125905,1120.2515168385528,1137.1976807391404,4660690,INFY.NS
2021-01-29,1090.760986328125,1136.6256556459916,1083.6743644373792,1132.3120643847108,12183519,INFY.NS
2021-02-01,1109.99609375,1125.0054931737886,1092.477695036824,1100.884798446364,8880279,INFY.NS
2021-02-02,1119.107177734375,1139.4866141052723,1112.3727059690884,1126.8099803343166,6892490,INFY.NS
2021-02-03,1130.9036865234375,1147.9378657227537,1120.6479317983633,1124.7414433792203,8182968,INFY.NS
2021-02-04,1126.237548828125,1138.6060897708453,1119.8112762871979,1131.2113791078327,5032240,INFY.NS
2021-02-05,1119.8553466796875,1134.5127000483542,1110.9641338203862,1132.4439689934175,5477481,INFY.NS
2021-02-08,1147.5416259765625,1153.2196492039,1122.8485973737208,1131.6518008027583,6921922,INFY.NS
2021-02-09,1149.30224609375,1172.5866757624497,1142.5237150981163,1150.4906570432056,7965949,INFY.NS
2021-02-10,1141.335205078125,1148.2456975542023,1129.9790523514478,1140.7190238869975,5951207,INFY.NS
2021-02-11,1137.946044921875,1140.8950964026346,1129.494991625902,1134.7328543695958,4673317,INFY.NS
2021-02-12,1153.04345703125,1165.3238810081975,1145.7808152799241,1148.8178770279114,5797875,INFY.NS
2021-02-15,1152.9114990234375,1169.4175046002792,1150.6666392805976,1162.0227926096593,4363513,INFY.NS
2021-02-16,1135.96533203125,1161.8027112398622,1132.0919012346753,1156.7408695352747,6896421,INFY.NS
2021-02-17,1127.9544677734375,1139.574653000407,1122.4084067790798,1135.9653611845283,4575741,INFY.NS
2021-02-18,1137.77001953125,1149.6984035323842,1122.4084720549693,1123.2887924252084,6437551,INFY.NS
2021-02-19,1136.7574462890625,1143.9760284941008,1123.9928041858193,1140.9829185087353,5389696,INFY.NS
2021-02-22,1113.78125,1151.9432226672286,1109.2036272212563,1140.0148390885133,7371303,INFY.NS
2021-02-23,1114.7935791015625,1136.4934957685794,1107.0468250167494,1119.0191594830774,6612942,INFY.NS
2021-02-24,1121.792236328125,1123.8169086048074,1102.1610500403006,1109.2476716611327,4537258,INFY.NS
2021-02-25,1122.01220703125,1144.1962341374683,1119.7673474305518,1134.2485724219769,8788221,INFY.NS
2021-02-26,1103.305419921875,1121.792145299428,1095.7786387480553,1117.1264049578488,15132388,INFY.NS
2021-03-01,1115.365966796875,1130.771574073075,1108.3234034706122,1112.1088242428739,5756286,INFY.NS
2021-03-02,1148.3779296875,1153.2196917521082,1126.1057812059096,1128.7908013352219,10461434,INFY.NS
2021-03-03,1182.75439453125,1185.7914566139111,1151.458964551593,1161.3185090312531,9056399,INFY.NS
2021-03-04,1171.134033203125,1200.6247618326536,1167.216651041202,1175.227543893149,12041941,INFY.NS
2021-03-05,1159.11767578125,1179.6291813973996,1148.8620304341473,1169.5054981242129,6486176,INFY.NS
2021-03-08,1175.8878173828125,1184.9991108147522,1159.5578331575844,1166.2483532735523,5119392,INFY.NS
2021-03-09,1184.5152587890625,1188.8287431502001,1160.9226270613512,1170.3860721729413,6518173,INFY.NS
2021-03-10,1204.4102783203125,1209.5601307472373,1192.8340445141969,1194.5066746296966,7925984,INFY.NS
2021-03-12,1210.3084716796875,1225.1418488200293,1206.0829982668909,1208.679900443683,9462061,INFY.NS
2021-03-15,1209.2080078125,1214.7540689860443,1195.9151920576803,1206.038876053752,6658635,INFY.NS
2021-03-16,1218.3634033203125,1237.7304516389881,1215.282281996887,1220.1681030798554,9352771,INFY.NS
2021-03-17,1221.00439453125,1232.448559728731,1216.6027925322187,1225.6260766302328,7626744,INFY.NS
2021-03-18,1177.0762939453125,1226.9464622249845,1156.3007556107748,1226.9464622249845,10961755,INFY.NS
2021-03-19,1183.54638671875,1193.0098283635184,1160.2619616562376,1170.825803492258,12767112,INFY.NS
2021-03-22,1206.7431640625,1211.3207868423383,1176.1959838130717,1188.5204685629212,4862758,INFY.NS
2021-03-23,1207.4034423828125,1217.7031476926572,1196.8835495202284,1208.1956447443526,7165335,INFY.NS
2021-03-24,1191.7335205078125,1206.4348254772435,1185.131118732146,1195.342811986317,6134303,INFY.NS
2021-03-25,1174.1712646484375,1190.6332113514952,1168.713214286175,1185.5713696026812,8749994,INFY.NS
2021-03-26,1176.283935546875,1194.3305015997794,1172.586633291157,1183.7666580566158,4922071,INFY.NS
2021-03-30,1219.5078125,1232.4484785402813,1176.240046207622,1185.7034898821278,10546381,INFY.NS
2021-03-31,1204.322265625,1221.8846131538799,1200.1407440742212,1216.6026911950014,8220987,INFY.NS
2021-04-01,1219.4195556640625,1225.0536267024227,1206.919051217892,1214.841933392189,5675155,INFY.NS
2021-04-05,1241.1636962890625,1254.4565122246502,1221.0043385653262,1224.52562000315,9479572,INFY.NS
2021-04-06,1242.176025390625,1255.336771135885,1238.1264659665671,1252.6958101867913,5793571,INFY.NS
2021-04-07,1259.0340576171875,1263.2155790672348,1238.2585199049374,1241.4717105113793,5879234,INFY.NS
2021-04-08,1267.529052734375,1277.9608258941146,1250.9350380080934,1258.857920022219,5654434,INFY.NS
2021-04-09,1268.585693359375,1280.8661193543594,1258.9021694329847,1280.8661193543594,6052712,INFY.NS
2021-04-12,1255.1165771484375,1300.7172083820185,1245.653134606375,1297.59202855816,20384532,INFY.NS
2021-04-13,1229.9393310546875,1263.4795076044609,1210.4402180499103,1261.498787247652,14855206,INFY.NS
2021-04-15,1197.8958740234375,1202.869705317751,1162.0228210258588,1172.850803933445,25342491,INFY.NS
2021-04-16,1191.7335205078125,1206.786975064139,1185.439209322817,1201.6371231713124,10879878,INFY.NS
2021-04-19,1199.48046875,1214.577875938815,1172.8947311912377,1179.6292029840504,12508028,INFY.NS
2021-04-20,1189.6207275390625,1213.9616035180388,1181.7419044237488,1213.9616035180388,8560766,INFY.NS
2021-04-22,1189.4007568359375,1201.4612096354417,1184.1628939428558,1193.3182467166828,6622446,INFY.NS
2021-04-23,1174.1712646484375,1187.0239195967097,1171.7063248124512,1182.2701684621502,7316262,INFY.NS
2021-04-26,1182.75439453125,1189.576876928249,1162.9031285723656,1172.8067320518805,7088606,INFY.NS
2021-04-27,1187.1119384765625,1191.073379873036,1179.7612853775233,1184.911137700744,3636115,INFY.NS
2021-04-28,1193.71435546875,1196.7954765927475,1183.6786823155342,1195.4749961110342,4879234,INFY.NS
2021-04-29,1194.0224609375,1205.1585346306288,1189.6649182780477,1204.278214298539,5412357,INFY.NS
2021-04-30,1192.261962890625,1209.472270426049,1184.823298179053,1185.1754478462083,8354677,INFY.NS
2021-05-03,1190.237060546875,1198.1158839558777,1177.8685178052642,1180.3334575384226,4560337,INFY.NS
2021-05-04,1170.2978515625,1192.7899711977664,1165.632110895416,1191.953709880542,4887060,INFY.NS
2021-05-05,1180.94970703125,1183.0624972874223,1168.8893616546059,1180.5975574117253,3939788,INFY.NS
2021-05-06,1198.64404296875,1201.3730142790157,1177.340335688776,1184.0307481639024,4810090,INFY.NS
2021-05-07,1190.6771240234375,1208.723688040517,1187.1117842454348,1201.9012065218649,4991435,INFY.NS
2021-05-10,1179.23291015625,1190.9851627686044,1175.2714694468525,1188.3001433034078,7195348,INFY.NS
2021-05-11,1171.3983154296875,1180.5096097171875,1166.5124944185009,1176.9003177121128,6420988,INFY.NS
2021-05-12,1168.1851806640625,1170.8261418863624,1157.1811755711456,1170.8261418863624,5241898,INFY.NS
2021-05-14,1158.8536376953125,1168.0529416338368,1154.3640257610134,1168.0529416338368,4824609,INFY.NS
2021-05-17,1170.2978515625,1175.18356484798,1162.2869581655425,1162.2869581655425,5017129,INFY.NS
2021-05-18,1179.6292724609375,1183.6787245906223,1170.3859087588182,1177.868631755772,5620150,INFY.NS
2021-05-19,1176.98828125,1194.9907890147208,1173.6870800123877,1181.3898829001496,4435878,INFY.NS
2021-05-20,1179.012939453125,1187.6400133214966,1175.227519439831,1187.0238321383868,4490092,INFY.NS
2021-05-21,1192.393798828125,1195.0347596228717,1185.2191671768692,1186.2315569737161,4969733,INFY.NS
2021-05-24,1186.7156982421875,1199.8764423547975,1184.1186891544971,1194.286430531544,4225371,INFY.NS
2021-05-25,1198.64404296875,1204.2781141176345,1192.3497316257221,1195.4749115290554,4099340,INFY.NS
2021-05-26,1230.0274658203125,1232.4483465009394,1199.040236092676,1204.1900880483613,6850024,INFY.NS
2021-05-27,1234.42919921875,1246.753684003248,1225.1417766288973,1236.1457809007707,15365391,INFY.NS
2021-05-28,1236.8941650390625,1244.7729892781776,1229.015233338966,1241.0316277474617,4261312,INFY.NS
2021-05-31,1240.1865234375,1247.082627872758,1230.620959220852,1247.082627872758,4429904,INFY.NS
2021-06-01,1234.358154296875,1246.6377126880795,1226.7502591241341,1245.7478927646762,4791325,INFY.NS
2021-06-02,1226.750244140625,1238.584783804985,1214.604180610402,1228.6188442328298,9272276,INFY.NS
2021-06-03,1236.5384521484375,1244.8582478779672,1225.3267412612215,1235.1591876249886,5115645,INFY.NS
2021-06-04,1232.9788818359375,1242.9893550263232,1225.8603231227744,1240.364321328493,4194328,INFY.NS
2021-06-07,1236.5384521484375,1238.6295075383348,1225.549196273351,1237.7396874898159,5154576,INFY.NS
2021-06-08,1257.2708740234375,1265.1013319051262,1241.7880960173904,1242.1884714890496,7360630,INFY.NS
2021-06-09,1259.3619384765625,1267.9931466228882,1249.8408019576455,1257.671259223617,5394317,INFY.NS
2021-06-10,1267.370361328125,1271.552470863138,1262.6542730264473,1267.1033719447926,3496575,INFY.NS
2021-06-11,1287.4803466796875,1291.6624564744493,1271.952925317914,1272.531329937339,6140828,INFY.NS
2021-06-14,1300.73876953125,1314.2639885241551,1293.3086864911218,1308.9250691394936,7132294,INFY.NS
2021-06-15,1311.505615234375,1313.3742153613796,1301.8065562829934,1302.6963762121,5403104,INFY.NS
2021-06-16,1317.4671630859375,1325.3420465256531,1305.8105455279979,1310.4375650008872,7661710,INFY.NS
2021-06-17,1330.547607421875,1337.0877613114858,1312.5731820594183,1312.5731820594183,7677951,INFY.NS
2021-06-18,1337.666259765625,1348.7890081884066,1323.518102047729,1342.7381895981773,13533974,INFY.NS
2021-06-21,1334.9967041015625,1339.8907130555006,1320.6705182672051,1328.500976041739,5454052,INFY.NS
2021-06-22,1345.274169921875,1353.8164190842874,1336.598426052742,1343.3610354471275,6427862,INFY.NS
2021-06-23,1337.5325927734375,1356.9751327879565,1333.5284038570142,1356.9751327879565,5529809,INFY.NS
2021-06-24,1387.406982421875,1395.9048049215821,1344.6956322155095,1349.8566304803442,10785137,INFY.NS
2021-06-25,1400.7542724609375,1404.135631117183,1372.9919384117954,1398.7967123676879,9780240,INFY.NS
2021-06-28,1398.618896484375,1406.0488705757884,1388.6528489007708,1399.5976766042195,5019178,INFY.NS
2021-06-29,1390.8328857421875,1400.2649539245465,1387.4069926061065,1389.0087116988348,5913567,INFY.NS
2021-06-30,1406.627197265625,1415.7033158675802,1398.8412739382577,1398.8412739382577,6058722,INFY.NS
2021-07-01,1388.4747314453125,1403.1122225875179,1387.2734965313064,1403.1122225875179,4814317,INFY.NS
2021-07-02,1395.0594482421875,1396.5275639340105,1372.6359253578846,1387.184456554028,5166064,INFY.NS
2021-07-05,1404.98095703125,1410.3644103739707,1389.053269198572,1396.2607879943475,4058338,INFY.NS
2021-07-06,1390.0765380859375,1411.9216590381186,1385.538478536323,1400.3094664482746,4089574,INFY.NS
2021-07-07,1392.2122802734375,1397.506774179586,1374.460415614269,1393.5025843809224,4797120,INFY.NS
2021-07-08,1388.786376953125,1402.3561301157295,1378.330993368823,1395.237571079609,3326813,INFY.NS
2021-07-09,1390.6993408203125,1396.928079212835,1380.110463828909,1384.5595626807105,3436594,INFY.NS
2021-07-12,1377.3074951171875,1404.1355826311178,1364.7610582132302,1397.5064688609696,4588982,INFY.NS
2021-07-13,1374.7271728515625,1384.9156755957686,1367.0303178269412,1384.9156755957686,4456160,INFY.NS
2021-07-14,1403.156982421875,1408.406941407783,1368.6319278283077,1382.7800855630126,5657716,INFY.NS
2021-07-15,1406.627197265625,1420.9087400251894,1384.5596225581112,1386.2503019190274,10021355,INFY.NS
2021-07-16,1384.070068359375,1401.1546725054604,1378.8646446149278,1400.3538130169516,6265593,INFY.NS
2021-07-19,1371.8349609375,1381.8010065529354,1368.1422961519136,1374.5044199847575,5669162,INFY.NS
2021-07-20,1379.2652587890625,1386.072293532128,1368.5428864837877,1368.8098758786696,5069939,INFY.NS
2021-07-22,1414.991455078125,1417.3494993598415,1389.3647090584504,1389.3647090584504,7854575,INFY.NS
2021-07-23,1415.2138671875,1422.3769600749592,1410.408927130944,1413.5232964523468,4179719,INFY.NS
2021-07-26,1427.1822509765625,1434.0783556443762,1418.4619719483774,1418.4619719483774,4586710,INFY.NS
2021-07-27,1425.9808349609375,1431.9871189100877,1421.843150960739,1428.1608501312835,5892859,INFY.NS
2021-07-28,1428.6947021484375,1430.4743418144471,1410.8093452291575,1428.249792231935,4686788,INFY.NS
2021-07-29,1438.8387451171875,1441.5082047556239,1423.800767429878,1423.800767429878,4660873,INFY.NS
2021-07-30,1433.054931640625,1444.5336299360965,1429.1842368464966,1432.610021695999,6234257,INFY.NS
2021-08-02,1451.78564453125,1454.6330246516857,1440.796282299438,1448.1372961874185,5553389,INFY.NS
2021-08-03,1472.8297119140625,1475.8996554431062,1455.389265292903,1465.5332328913128,5513668,INFY.NS
2021-08-04,1467.535400390625,1494.8084007547138,1458.4592812898322,1485.198302842802,6740391,INFY.NS
2021-08-05,1471.3616943359375,1482.4399083057124,1465.5778651618755,1467.7578804023244,5420536,INFY.NS
2021-08-06,1468.380615234375,1477.6792974732823,1462.8637758297223,1474.431433424483,3754855,INFY.NS
2021-08-09,1480.0374755859375,1483.73014125567,1464.999497628351,1477.9908463781162,5018477,INFY.NS
2021-08-10,1492.4503173828125,1494.8973219276345,1478.0352795124588,1484.2194839138658,6846517,INFY.NS
2021-08-11,1492.71728515625,1498.456579557271,1484.2194624118335,1490.2702806468778,4899639,INFY.NS
2021-08-12,1503.4395751953125,1509.5793537960537,1489.5584074592362,1494.1410013448915,5659579,INFY.NS
2021-08-13,1523.54931640625,1532.7145031826544,1504.9521707241793,1510.024099797367,5612790,INFY.NS
2021-08-16,1516.6087646484375,1530.4453962330017,1503.8842991022166,1519.5451045756308,4564109,INFY.NS
2021-08-17,1549.7548828125,1556.2060772217617,1500.7258270262296,1516.1641808884128,9510390,INFY.NS
2021-08-18,1542.458251953125,1562.0788240659326,1536.7189570845148,1538.4985968726844,6686090,INFY.NS
2021-08-20,1542.01318359375,1552.7355556641908,1527.0197416428282,1527.0197416428282,6206972,INFY.NS
2021-08-23,1547.1741943359375,1559.9876213215564,1541.1679106196082,1544.5047349064578,6189051,INFY.NS
2021-08-24,1531.2464599609375,1563.4134691115678,1523.9944064933602,1557.1847301908044,7602939,INFY.NS
2021-08-25,1544.326904296875,1554.4263380022362,1528.7105222770665,1528.7105222770665,6153253,INFY.NS
2021-08-26,1537.3416748046875,1553.6254211203336,1530.4901055710045,1542.9475831744894,5302248,INFY.NS
2021-08-27,1520.5240478515625,1537.3415544026807,1517.3206098222295,1534.939084501257,6698514,INFY.NS
2021-08-30,1510.958740234375,1529.289008639401,1504.1515962050153,1515.407839780284,6559667,INFY.NS
2021-08-31,1518.4329833984375,1526.0409862826573,1500.1027168908208,1512.8271837232185,12255438,INFY.NS
2021-09-01,1492.8951416015625,1521.1469197245544,1488.8019923220322,1521.1469197245544,7801974,INFY.NS
2021-09-02,1502.99462890625,1507.6217571200289,1479.4589382302909,1492.5392460722514,6830050,INFY.NS
2021-09-03,1513.27197265625,1517.987952137385,1498.812401784732,1509.1788235490428,5339139,INFY.NS
2021-09-06,1539.744140625,1541.1678305226144,1512.1151935175735,1517.276191594575,4876026,INFY.NS
2021-09-07,1518.611083984375,1543.748494999435,1516.2530396340658,1539.3883559665105,3520341,INFY.NS
2021-09-08,1506.6875,1513.450109310874,1497.522311859604,1513.450109310874,4584896,INFY.NS
2021-09-09,1505.2193603515625,1508.1558095463424,1496.8106055256137,1500.1474302375927,3331674,INFY.NS
2021-09-13,1505.4862060546875,1514.0284547777442,1490.6261495836065,1497.5667877701696,4662374,INFY.NS
2021-09-14,1500.369873046875,1509.0900430510817,1493.651689233019,1509.0900430510817,4945167,INFY.NS
2021-09-15,1522.882080078125,1526.1299441294327,1503.9734089951633,1506.6874028811862,4062344,INFY.NS
2021-09-16,1514.69580078125,1529.8227378429513,1505.0857031997,1526.2189240947241,3246568,INFY.NS
2021-09-17,1504.9521484375,1528.7102917114455,1498.8567964082,1510.024077435578,7454864,INFY.NS
2021-09-20,1501.8822021484375,1519.545101977702,1493.0729651407742,1499.3462376545606,5660743,INFY.NS
2021-09-21,1529.1107177734375,1536.4962652038262,1499.0348751630181,1512.6935867071113,4672222,INFY.NS
2021-09-22,1527.731689453125,1547.3077257336527,1524.3059048281496,1527.8206497121014,4553892,INFY.NS
2021-09-23,1550.5555419921875,1552.7355570624668,1531.4688420353173,1541.1678996173023,3826090,INFY.NS
2021-09-24,1569.5086669921875,1590.9978373584784,1559.3646993251812,1564.3032427719265,8280446,INFY.NS
2021-09-27,1531.5133056640625,1574.0911595675952,1528.7993119407154,1573.868704627012,5045337,INFY.NS
2021-09-28,1501.2152099609375,1521.5921084591596,1490.4484103328025,1521.5921084591596,6557197,INFY.NS
2021-09-29,1505.797607421875,1513.9394805910563,1472.6518187520774,1476.4335530298395,7792548,INFY.NS
2021-09-30,1490.6260986328125,1515.3631327387895,1486.088039336983,1515.3631327387895,6914031,INFY.NS
2021-10-01,1481.68359375,1493.963042912064,1478.2132744965895,1481.6390593077983,5733906,INFY.NS
2021-10-04,1493.78515625,1502.0159903201786,1481.906082316077,1488.2237818782576,2947154,INFY.NS
2021-10-05,1506.2869873046875,1515.3185712967768,1479.7703140555798,1486.8888723913853,4373310,INFY.NS
2021-10-06,1489.157958984375,1520.702027218349,1485.9990552689544,1514.562248918571,4271698,INFY.NS
2021-10-07,1504.685302734375,1516.4308808095564,1491.9164101508402,1501.1260234848555,5476108,INFY.NS
2021-10-08,1533.9158935546875,1540.7230369842214,1511.2700223097372,1517.3652664264184,4738376,INFY.NS
2021-10-11,1504.6407470703125,1539.3882537018142,1480.3931575250094,1496.6769033100875,8840633,INFY.NS
2021-10-12,1499.4798583984375,1502.9056429059303,1478.8805082946456,1492.227805300915,7439300,INFY.NS
2021-10-13,1520.8800048828125,1524.839768285372,1494.9418438218438,1509.089892174887,7104171,INFY.NS
2021-10-14,1526.70849609375,1587.082754690168,1511.0921133732145,1560.7441073282457,19655776,INFY.NS
2021-10-18,1594.690673828125,1600.7859181068043,1548.286546695853,1548.286546695853,13438109,INFY.NS
2021-10-19,1621.38525390625,1632.3745072788313,1585.9259547717893,1614.1332004381575,10324260,INFY.NS
2021-10-20,1603.766845703125,1644.3871451191753,1596.381405840583,1627.8365170060551,5876115,INFY.NS
2021-10-21,1560.4324951171875,1614.133097673442,1554.3816771021532,1614.133097673442,8779629,INFY.NS
2021-10-22,1530.312255859375,1568.9303513205284,1518.9225180752499,1557.095812221997,7369809,INFY.NS
2021-10-25,1519.4119873046875,1539.1659452933711,1501.3040657577042,1532.3143756306038,5905209,INFY.NS
2021-10-26,1529.4212646484375,1549.9787485385702,1522.419225446703,1535.1217839102844,5871709,INFY.NS
2021-10-27,1552.08837890625,1556.7565147555208,1527.1322237405088,1534.2689409244713,5090259,INFY.NS
2021-10-28,1529.600830078125,1548.3179728132604,1518.9630389912397,1543.4703399076664,5329972,INFY.NS
2021-10-29,1497.148681640625,1537.4107603815037,1491.1340972820406,1525.2019847743497,5875091,INFY.NS
2021-11-01,1526.144775390625,1532.5632841362876,1504.5549072616056,1505.9014659494887,3636806,INFY.NS
2021-11-02,1524.214599609375,1531.8899179452385,1513.8460544672046,1521.6112310437475,3471772,INFY.NS
2021-11-03,1528.34423828125,1541.764897157092,1525.2022677473385,1534.1793264156572,3530713,INFY.NS
2021-11-04,1533.909912109375,1541.3609143521744,1530.5884443625262,1539.565502687233,483407,INFY.NS
2021-11-08,1559.7637939453125,1562.9057641777204,1528.792944511578,1553.0310005901529,5245903,INFY.NS
2021-11-09,1564.2523193359375,1570.9851126759775,1549.4401739878497,1557.2950995512297,4016134,INFY.NS
2021-11-10,1562.1427001953125,1571.83785665347,1545.8043896132256,1549.4401417745487,4780368,INFY.NS
2021-11-11,1555.9935302734375,1561.783688936851,1534.1792351734894,1555.6792455721493,4731349,INFY.NS
2021-11-12,1598.0958251953125,1600.474767487717,1560.2576133002974,1564.7012131877632,5069009,INFY.NS
2021-11-15,1604.334716796875,1615.8702127881927,1593.8764237807977,1599.8012593110454,4354074,INFY.NS
2021-11-16,1608.9581298828125,1623.904843607028,1595.2231874741956,1606.8933627342767,6034233,INFY.NS
2021-11-17,1604.6041259765625,1617.665788691909,1598.544612062206,1609.1825130450993,4732492,INFY.NS
2021-11-18,1597.3775634765625,1606.3994401188306,1579.0643450623231,1599.352472206742,4326924,INFY.NS
2021-11-22,1579.423583984375,1602.7639344525808,1572.017511239656,1601.5071244338014,6621839,INFY.NS
2021-11-23,1559.22509765625,1568.5163300051972,1535.0767917063313,1557.6091835159034,8436160,INFY.NS
2021-11-24,1522.5089111328125,1562.4568159355308,1515.3272653255822,1562.0079630725788,7333061,INFY.NS
2021-11-25,1546.20849609375,1549.6197123932054,1523.3618176709108,1526.0998642017403,4476260,INFY.NS
2021-11-26,1518.6038818359375,1542.5725803901694,1511.736411257702,1528.3888959632156,4494181,INFY.NS
2021-11-29,1522.8232421875,1536.872360153446,1498.4056877753633,1518.0205379786664,3942776,INFY.NS
2021-11-30,1537.4556884765625,1552.9411117960724,1526.1446185772156,1530.1842942257836,14808963,INFY.NS
2021-12-01,1539.4755859375,1563.7136407678477,1537.769923125387,1539.5653345943017,5193264,INFY.NS
2021-12-02,1569.4141845703125,1571.4340226456925,1536.2888182174336,1539.5654663452515,5559574,INFY.NS
2021-12-03,1558.013427734375,1603.8861746330003,1555.3203101914041,1589.9268048686408,6754012,INFY.NS
2021-12-06,1521.8807373046875,1556.5769799646932,1518.469411317681,1553.0310857697832,3991449,INFY.NS
2021-12-07,1536.55810546875,1548.452706939299,1520.7135766875624,1527.0872657475893,4202122,INFY.NS
2021-12-08,1573.9921875,1579.7824547218154,1555.3647951679527,1555.723899346417,3029169,INFY.NS
2021-12-09,1583.0592041015625,1588.4006192094105,1563.8034590731309,1579.0644572385977,2082171,INFY.NS
2021-12-10,1579.288818359375,1583.3284941772615,1567.394217340042,1579.962097662356,1823469,INFY.NS
2021-12-13,1566.1824951171875,1590.151196897316,1560.9309379387585,1586.2911275859171,4040584,INFY.NS
2021-12-14,1572.9151611328125,1582.6552466615897,1535.3910167263787,1553.8389138318717,4768144,INFY.NS
2021-12-15,1556.80126953125,1569.144723607344,1545.1310947683974,1566.4965354752162,3053149,INFY.NS
2021-12-16,1590.3753662109375,1595.7616003093601,1578.1665908378222,1582.3409441807426,4481031,INFY.NS
2021-12-17,1634.5875244140625,1653.5740233084343,1621.9298950122225,1633.824496428529,18887243,INFY.NS
2021-12-20,1614.8828125,1642.4872628921498,1604.46944825245,1617.3963227207378,5773891,INFY.NS
2021-12-21,1626.2838134765625,1649.98326863144,1616.7681538657364,1616.7681538657364,5353584,INFY.NS
2021-12-22,1638.0435791015625,1642.0384352948865,1626.956935405642,1638.3129346501346,4156428,INFY.NS
2021-12-23,1667.578125,1671.1689478831108,1640.1083518608461,1643.9236011741514,4112933,INFY.NS
2021-12-24,1672.8746337890625,1683.871529020571,1664.346429323811,1681.357909134367,3780347,INFY.NS
2021-12-27,1675.2537841796875,1682.749606067074,1656.3122127711727,1669.7328713175555,2647733,INFY.NS
2021-12-28,1694.86865234375,1701.9605505069624,1686.2506980620387,1688.3153557762882,3340933,INFY.NS
2021-12-29,1692.6690673828125,1700.0751395868292,1684.4550381126232,1690.8287268200424,3236635,INFY.NS
2021-12-30,1699.22216796875,1714.4383449364482,1682.614612952304,1691.7263474860777,4584738,INFY.NS
2021-12-31,1694.64404296875,1704.1597020773836,1680.191002196057,1696.6638809222288,4619420,INFY.NS
2022-01-03,1704.24951171875,1718.2538096972232,1694.6441036073452,1694.6441036073452,3329616,INFY.NS
2022-01-04,1704.8780517578125,1711.610845493857,1685.891551505521,1704.2495919258429,3921999,INFY.NS
2022-01-05,1655.9530029296875,1708.2443650547573,1651.7786491009124,1705.640996354203,6995719,INFY.NS
2022-01-06,1631.849609375,1641.0061644901782,1615.8704026708538,1641.0061644901782,6449205,INFY.NS
2022-01-07,1628.7076416015625,1648.1878132075997,1621.9748482469563,1629.7399155826886,4834389,INFY.NS
2022-01-10,1661.4288330078125,1678.6199191698154,1627.5404426546881,1629.3358540641252,7857560,INFY.NS
2022-01-11,1665.7828369140625,1678.7098221671822,1660.890384206812,1665.2442353583547,5142287,INFY.NS
2022-01-12,1685.3975830078125,1695.7661280475315,1669.7326618149332,1677.7222647477881,5362535,INFY.NS
2022-01-13,1702.768310546875,1716.8622469895265,1675.4331047076187,1710.1294538640775,14277630,INFY.NS
2022-01-14,1731.9886474609375,1735.2652955175927,1688.5845943448485,1689.482300136632,7688506,INFY.NS
2022-01-17,1741.1002197265625,1754.0272038314308,1733.020868358922,1740.2474431377093,5262464,INFY.NS
2022-01-18,1724.2684326171875,1746.0377984851907,1715.9197247602908,1725.480313542678,3690315,INFY.NS
2022-01-19,1676.0615234375,1720.0041749935306,1672.2910936296498,1720.0041749935306,5747770,INFY.NS
2022-01-20,1637.1458740234375,1658.9601668033267,1629.7847309693936,1655.369343931458,5533463,INFY.NS
2022-01-21,1603.033203125,1623.0520862970209,1594.3255006988436,1611.3819108977614,8252758,INFY.NS
2022-01-24,1559.1353759765625,1587.7272819323061,1551.2355216165236,1584.450634058544,7116712,INFY.NS
2022-01-25,1545.9840087890625,1562.0080348157867,1526.548657013934,1549.978755619526,9137653,INFY.NS
2022-01-27,1506.888916015625,1534.807544146456,1494.6801391976826,1527.8952534020755,11231734,INFY.NS
2022-01-28,1513.71142578125,1550.8316470432278,1507.6968409545839,1509.0433996097977,10998502,INFY.NS
2022-01-31,1558.5965576171875,1570.5360869932047,1539.8794161078179,1542.2583580762077,8788872,INFY.NS
2022-02-01,1590.779541015625,1597.9162579975496,1557.2501431039855,1585.4381259763172,5119935,INFY.NS
2022-02-02,1604.2899169921875,1609.4069054950608,1590.7345821422696,1605.9955798264787,4253717,INFY.NS
2022-02-03,1560.7064208984375,1597.0185757090092,1556.6218157838234,1597.0185757090092,3832922,INFY.NS
2022-02-04,1562.9954833984375,1574.530980546349,1535.2115338427761,1554.826382864696,4700077,INFY.NS
2022-02-07,1539.5654296875,1554.8264281158893,1521.9704181220025,1546.0288675415272,4310209,INFY.NS
2022-02-08,1541.630126953125,1548.5424173887602,1522.5089506616448,1535.0768311505972,6053401,INFY.NS
2022-02-09,1559.5843505859375,1564.701229879619,1548.5425252681255,1557.519583385622,3867244,INFY.NS
2022-02-10,1588.580078125,1592.4402566950537,1569.8629350970984,1576.0571267076214,4334630,INFY.NS
2022-02-11,1545.2657470703125,1567.3492862638898,1537.769926089788,1562.00798096686,7551371,INFY.NS
2022-02-14,1510.1207275390625,1542.752422647918,1506.5748332871572,1517.1228769583172,7459637,INFY.NS
2022-02-15,1560.43701171875,1568.0675105535606,1517.5266332614685,1525.2020612168308,4669915,INFY.NS
2022-02-16,1555.9935302734375,1575.8776263746088,1550.2032620267948,1560.437130216687,5350642,INFY.NS
2022-02-17,1548.36279296875,1570.0872264830289,1544.3231174289137,1565.5986981054332,3937950,INFY.NS
2022-02-18,1532.3388671875,1546.298236171717,1529.24182601946,1535.0769137031268,5602215,INFY.NS
2022-02-21,1553.6593017578125,1559.5842473898958,1518.469280099005,1526.997484746324,5120890,INFY.NS
2022-02-22,1556.93603515625,1571.8828586701877,1518.0654396952104,1526.0101141230716,8878515,INFY.NS
2022-02-23,1564.56640625,1578.3910963789203,1556.083130953027,1570.9850241223437,5478811,INFY.NS
2022-02-24,1506.4847412109375,1539.5202430026688,1499.6172711504462,1517.2122797722955,13592379,INFY.NS
2022-02-25,1521.252197265625,1551.3702701049137,1505.4525974086314,1539.5654171471692,9737281,INFY.NS
2022-02-28,1540.104248046875,1551.2807524544594,1494.6803505999455,1510.1208485266002,15076542,INFY.NS
2022-03-02,1528.61328125,1539.0266452589117,1518.0203103545127,1535.0767183360242,6771489,INFY.NS
2022-03-03,1544.81689453125,1556.5319982242845,1531.0820625145825,1544.2333638859598,7344147,INFY.NS
2022-03-04,1547.016357421875,1558.4171765738909,1509.043360495801,1521.8356673887606,9074499,INFY.NS
2022-03-07,1561.8734130859375,1571.8828546653579,1522.5090357009976,1523.4067415003497,9742588,INFY.NS
2022-03-08,1596.3004150390625,1615.8704453774808,1542.66249331056,1542.66249331056,10984500,INFY.NS
2022-03-09,1627.854736328125,1644.2378666327916,1607.7910342826165,1607.7910342826165,10193515,INFY.NS
2022-03-10,1639.12109375,1656.0428266961933,1625.027046496264,1656.0428266961933,6547182,INFY.NS
2022-03-11,1635.6199951171875,1644.0584516957992,1625.7452311510574,1628.4383485963656,4758657,INFY.NS
2022-03-14,1697.2921142578125,1701.1522925808597,1644.192910047784,1644.192910047784,10289724,INFY.NS
2022-03-15,1651.1502685546875,1695.1826708755325,1642.8015610504856,1695.1826708755325,7140443,INFY.NS
2022-03-16,1696.1253662109375,1700.2098618649063,1659.8580298508234,1674.221322699722,5233979,INFY.NS
2022-03-17,1664.8848876953125,1726.5573320122294,1645.539396558504,1726.5573320122294,17731459,INFY.NS
2022-03-21,1663.4937744140625,1693.8810937888873,1652.766124367728,1670.6304916817223,8362085,INFY.NS
2022-03-22,1694.3299560546875,1696.663969227985,1650.8809732329441,1660.755737075012,5709382,INFY.NS
2022-03-23,1680.8643798828125,1705.6410383121752,1667.0396884977417,1702.9479208832613,6192824,INFY.NS
2022-03-24,1693.7012939453125,1700.7931908651096,1666.2764506640567,1666.2764506640567,3784303,INFY.NS
2022-03-25,1684.58984375,1700.2547659493473,1667.937357515252,1698.4593543696753,3438588,INFY.NS
2022-03-28,1682.2108154296875,1688.4947556370578,1663.1345683715988,1675.118918136154,4008555,INFY.NS
2022-03-29,1693.072998046875,1696.125219429775,1670.2264311695085,1682.2107806865477,3917785,INFY.NS
2022-03-30,1709.186767578125,1722.6972825433968,1701.152345190066,1714.6179310358978,7795839,INFY.NS
2022-03-31,1711.790283203125,1717.3111957910278,1700.4342829138939,1705.6410203883704,5399145,INFY.NS
2022-04-01,1708.8280029296875,1714.8875173758017,1686.160930372001,1693.8362495871393,6171518,INFY.NS
2022-04-04,1690.3349609375,1699.3569473597815,1681.4028327548183,1696.439403736475,7364074,INFY.NS
2022-04-05,1670.7200927734375,1696.3047057811573,1667.1741990144267,1691.0980783575872,5472024,INFY.NS
2022-04-06,1641.7691650390625,1667.4884571015807,1635.7545802518507,1665.244192690946,5407453,INFY.NS
2022-04-07,1625.7451171875,1641.1407927539321,1622.6480761757875,1634.7671038301394,5797544,INFY.NS
2022-04-08,1628.9769287109375,1649.9832664242795,1623.0520923259508,1636.5176793751152,5131446,INFY.NS
2022-04-11,1585.8421630859375,1628.4382578043667,1582.2513400257294,1628.4382578043667,8248407,INFY.NS
2022-04-12,1564.2073974609375,1577.7179133258371,1551.011166286609,1577.7179133258371,6456184,INFY.NS
2022-04-13,1569.683349609375,1577.7177718117732,1554.8262764028398,1575.4285784375936,6257693,INFY.NS
2022-04-18,1455.5401611328125,1481.2145243041055,1427.3521779657744,1441.26661743651,30523965,INFY.NS
2022-04-19,1402.2164306640625,1469.2301891678217,1391.4439612863616,1469.2301891678217,17044923,INFY.NS
2022-04-20,1425.287353515625,1433.007710513435,1403.114065665019,1413.8865344992996,10678747,INFY.NS
2022-04-21,1453.2060546875,1460.7466950238763,1426.6788069866927,1431.8406148458548,7766514,INFY.NS
2022-04-22,1423.267578125,1445.9346489594298,1420.5296412592907,1440.2342392008813,8134245,INFY.NS
2022-04-25,1401.408447265625,1411.9116704618677,1395.1245069131328,1411.9116704618677,7000570,INFY.NS
2022-04-26,1419.272705078125,1429.1474677320525,1406.3009016069334,1415.861379600755,5345435,INFY.NS
2022-04-27,1393.9573974609375,1411.866581606061,1391.7579528364697,1411.866581606061,8819356,INFY.NS
2022-04-28,1420.708984375,1437.9449991460317,1398.1316646520672,1409.3979147465427,9245177,INFY.NS
2022-04-29,1407.1986083984375,1433.9053528696272,1401.1390949469912,1427.352057451814,9831395,INFY.NS
2022-05-02,1383.3646240234375,1393.9126670683922,1374.3875661128377,1392.2519332715767,7072627,INFY.NS
2022-05-04,1378.4720458984375,1409.3979637538907,1373.6244131510482,1388.9751588651002,6220959,INFY.NS
2022-05-05,1422.998291015625,1426.8135404517482,1398.1317759996657,1400.4658986154006,6144870,INFY.NS
2022-05-06,1385.025390625,1402.081801059126,1378.0233510388225,1391.4440090997512,6171472,INFY.NS
2022-05-09,1409.712158203125,1424.4794830755254,1366.4427862489936,1382.4668114652425,6832202,INFY.NS
2022-05-10,1394.136962890625,1408.6349319744825,1387.8979520606213,1398.6254914253664,6212545,INFY.NS
2022-05-11,1370.572265625,1391.39899537121,1356.9720014786396,1391.39899537121,7846080,INFY.NS
2022-05-12,1354.4586181640625,1371.2456735751925,1350.4189418752976,1359.1266447088979,7034979,INFY.NS
2022-05-13,1350.508544921875,1372.8165107722343,1344.852954894135,1363.8843824412697,6723761,INFY.NS
2022-05-16,1336.7735595703125,1357.196364606125,1327.3925786728635,1355.5356309484275,6145331,INFY.NS
2022-05-17,1363.1212158203125,1369.0012321589384,1329.4124315587235,1341.9803117228055,6516378,INFY.NS
2022-05-18,1354.8175048828125,1391.1745885847754,1351.3165400447583,1366.3081825774632,6594126,INFY.NS
2022-05-19,1281.160888671875,1332.8237930944929,1272.6326833436513,1329.502325378898,16561140,INFY.NS
2022-05-20,1306.2965087890625,1316.709873291496,1298.7108296562692,1304.3664195619865,10488908,INFY.NS
2022-05-23,1318.191162109375,1335.7861731182122,1301.718283302418,1306.2516316480803,5887569,INFY.NS
2022-05-24,1293.59375,1319.223288324953,1288.4319428782096,1318.3704022679538,5693167,INFY.NS
2022-05-25,1266.1690673828125,1294.9405813245614,1256.114806529215,1288.2077880074494,9630092,INFY.NS
2022-05-26,1278.2880859375,1283.7192496732532,1263.1169461079405,1272.946780445226,13040065,INFY.NS
2022-05-27,1311.8623046875,1316.934364203155,1290.362295335605,1296.2422023774436,8284860,INFY.NS
2022-05-30,1370.616943359375,1373.4895574239742,1333.0928057350338,1334.888216921209,10904213,INFY.NS
2022-05-31,1364.0853271484375,1377.1492153718643,1350.0689318033246,1370.5265167448363,16033857,INFY.NS
2022-06-01,1341.359619140625,1374.2006803920185,1335.50802974436,1372.613057886202,8738508,INFY.NS
2022-06-02,1368.0767822265625,1373.3839544916243,1338.6830679397901,1346.3036769391372,7205840,INFY.NS
2022-06-03,1380.5057373046875,1410.715969239275,1377.1490940869578,1383.408884845195,9395707,INFY.NS
2022-06-06,1388.0809326171875,1394.0231097698384,1354.4686554434797,1375.3345489968622,6624883,INFY.NS
2022-06-07,1366.8974609375,1378.827331227114,1363.1779106621018,1378.827331227114,4904592,INFY.NS
2022-06-08,1360.819091796875,1379.144744602243,1353.5613899739583,1379.144744602243,4697608,INFY.NS
2022-06-09,1374.427490234375,1376.196511023312,1344.0358592621958,1347.2111042891397,4361061,INFY.NS
2022-06-10,1339.77197265625,1355.3305843397889,1336.868825108461,1348.208985661335,6516436,INFY.NS
2022-06-13,1292.32470703125,1309.6524503470807,1280.712338233923,1309.6524503470807,6987685,INFY.NS
2022-06-14,1306.8857421875,1314.4609486509983,1272.95595355991,1279.170340512225,6090247,INFY.NS
2022-06-15,1290.2381591796875,1312.1927780968697,1287.1990180731677,1306.5679915960773,4651958,INFY.NS
2022-06-16,1267.5577392578125,1309.7885413741665,1262.8402767742612,1304.5720675297325,6641772,INFY.NS
2022-06-17,1258.576416015625,1267.3309313181774,1240.2960551585052,1261.9784641623437,9692047,INFY.NS
2022-06-20,1282.9349365234375,1290.3740367989146,1253.7680243721102,1261.0711313296624,4595194,INFY.NS
2022-06-21,1315.367919921875,1320.9018961015715,1290.737069147329,1291.8710851982403,6270787,INFY.NS
2022-06-22,1303.8916015625,1324.1677855678092,1301.8503727550444,1302.8029904960238,6253366,INFY.NS
2022-06-23,1317.6812744140625,1322.7163500853471,1300.036028581826,1306.2051203282867,6254281,INFY.NS
2022-06-24,1307.3843994140625,1331.334840499222,1296.3164470818606,1322.716318533469,6114340,INFY.NS
2022-06-27,1337.7760009765625,1346.3038236253658,1329.202884133053,1331.8338234573516,4511097,INFY.NS
2022-06-28,1342.811279296875,1350.1596820934983,1318.180425386765,1332.695832686275,4412178,INFY.NS
2022-06-29,1327.479248046875,1339.9534251599073,1321.8091675409512,1328.7946624267454,5060038,INFY.NS
2022-06-30,1326.25439453125,1344.489349388375,1319.994604156603,1329.1121369570396,9165177,INFY.NS
2022-07-01,1342.1307373046875,1347.2111072100613,1308.5184562919433,1319.0875083390094,4651635,INFY.NS
2022-07-04,1349.9327392578125,1353.7883939230314,1326.345204835297,1342.901839574178,4800224,INFY.NS
2022-07-05,1339.000732421875,1369.8459686483452,1335.4172860401247,1359.7306341867263,7379669,INFY.NS
2022-07-06,1353.2440185546875,1360.8192234162877,1333.602838947962,1344.6707910009138,5209162,INFY.NS
2022-07-07,1359.6397705078125,1373.4747656207644,1356.9181321249366,1363.5862347579819,3323472,INFY.NS
2022-07-08,1373.928466796875,1376.1964989390626,1360.7738803721873,1374.427478165659,3652582,INFY.NS
2022-07-11,1336.460693359375,1360.7286382087686,1330.3370063413038,1356.2832728913424,4702638,INFY.NS
2022-07-12,1305.116455078125,1332.3328420632538,1302.7577236881664,1326.163860792882,4710356,INFY.NS
2022-07-13,1310.4234619140625,1324.530665006667,1305.116289274943,1315.4585371641556,5264025,INFY.NS
2022-07-14,1296.2711181640625,1318.134926705403,1282.799028870994,1316.3659058640824,6157606,INFY.NS
2022-07-15,1297.6319580078125,1311.8298621361157,1279.7599080562986,1311.8298621361157,5620018,INFY.NS
2022-07-18,1351.6566162109375,1355.0132598777427,1313.6897758444204,1315.4587968254018,5835171,INFY.NS
2022-07-19,1346.43994140625,1348.8893717454062,1333.6935568698457,1335.0090819172656,3418540,INFY.NS
2022-07-20,1374.6995849609375,1384.2253192557744,1360.819184976676,1361.9532009641566,5079392,INFY.NS
2022-07-21,1390.6666259765625,1392.9799523411634,1363.6316382423909,1376.2419192424743,5008061,INFY.NS
2022-07-22,1366.5347900390625,1397.1078194529648,1353.6977057829995,1391.664542234317,7020642,INFY.NS
2022-07-25,1364.0853271484375,1376.3781065370429,1342.7658234849073,1342.7658234849073,7859626,INFY.NS
2022-07-26,1316.501953125,1357.780137915972,1310.9225719330734,1357.780137915972,7268273,INFY.NS
2022-07-27,1334.5555419921875,1336.3245627981846,1310.9226023376623,1316.3658795792028,4517285,INFY.NS
2022-07-28,1376.6048583984375,1383.000642812574,1351.6110990365607,1357.5533877504583,6636841,INFY.NS
2022-07-29,1405.9078369140625,1411.3511145079642,1386.2213605802913,1390.5760269529192,7009465,INFY.NS
2022-08-01,1407.132568359375,1418.8809307454737,1395.202696952757,1418.8809307454737,2983249,INFY.NS
2022-08-02,1400.373779296875,1403.4583252373575,1386.538782878084,1403.050123738897,4374635,INFY.NS
2022-08-03,1420.785888671875,1424.3240406030138,1397.0169585338326,1405.2725725439927,6011955,INFY.NS
2022-08-04,1451.4498291015625,1455.0332754831431,1428.8148025431328,1440.200367858984,7402209,INFY.NS
2022-08-05,1466.645751953125,1474.8559622239864,1453.6272690310873,1459.161245553542,5361971,INFY.NS
2022-08-08,1469.140380859375,1471.4991119109761,1447.9115799074712,1466.9630480641483,3763409,INFY.NS
2022-08-10,1453.7633056640625,1470.7735479878663,1440.744822354331,1470.7735479878663,4423829,INFY.NS
2022-08-11,1469.63916015625,1479.9814070222867,1466.0557143104736,1478.7566920334602,3462090,INFY.NS
2022-08-12,1446.1878662109375,1464.2414226287779,1442.6044200379383,1463.6064179821378,3562286,INFY.NS
2022-08-16,1448.3199462890625,1459.7055121386732,1443.4663795689878,1459.7055121386732,3004430,INFY.NS
2022-08-17,1457.2108154296875,1462.4272899440662,1437.932540050462,1448.3200841337605,4067324,INFY.NS
2022-08-18,1436.072509765625,1449.9075054695088,1427.9529992074047,1446.187955002789,4635706,INFY.NS
2022-08-19,1448.90966796875,1455.985972727663,1438.023113412736,1438.2046224349253,4739884,INFY.NS
2022-08-22,1429.449951171875,1450.633349099086,1427.9530278186126,1438.8395820332398,3950555,INFY.NS
2022-08-23,1399.2850341796875,1410.262286827083,1390.757211776081,1404.3654036721289,5551574,INFY.NS
2022-08-24,1394.8397216796875,1402.5510307101117,1388.9428383034808,1392.5716896119156,2888426,INFY.NS
2022-08-25,1377.28515625,1405.0004412820567,1373.2933977181217,1404.3654366095145,4331088,INFY.NS
2022-08-26,1380.3697509765625,1401.5984429909956,1376.6500897106735,1392.7078235409888,3079136,INFY.NS
2022-08-29,1326.118408203125,1332.2874999956043,1315.458657016953,1332.2874999956043,8079050,INFY.NS
2022-08-30,1354.42333984375,1357.281082385042,1329.9739985606177,1336.4151874553734,6725875,INFY.NS
2022-09-01,1328.3409423828125,1331.8790944646682,1316.4111826136234,1324.576097843867,8140604,INFY.NS
2022-09-02,1318.1802978515625,1340.8606195627042,1313.644233509334,1340.8606195627042,5175653,INFY.NS
2022-09-05,1325.710205078125,1330.8812741156314,1312.1473062882924,1316.3658682629728,3669352,INFY.NS
2022-09-06,1320.0853271484375,1333.602820058323,1311.330701453046,1325.7101129718044,3428442,INFY.NS
2022-09-07,1322.39892578125,1329.7473282333433,1304.6175748217827,1306.3865957059622,3600574,INFY.NS
2022-09-08,1338.9554443359375,1343.6729067769502,1327.7966821761806,1338.13893063629,4061475,INFY.NS
2022-09-09,1371.38818359375,1378.9633879511803,1342.6748777419386,1349.9325797837869,4816910,INFY.NS
2022-09-12,1393.660400390625,1402.4604318892673,1380.0069128123039,1384.2254749088493,5494819,INFY.NS
2022-09-13,1401.5985107421875,1408.9016188074963,1398.287272287198,1407.903706776797,4947158,INFY.NS
2022-09-14,1338.501708984375,1359.8665027285715,1335.4171634960296,1358.0974821695354,14332197,INFY.NS
2022-09-15,1299.8546142578125,1338.3203504578364,1296.45256607429,1338.138952185551,12784100,INFY.NS
2022-09-16,1249.277587890625,1292.7784028322828,1241.3847690902326,1292.7784028322828,20464045,INFY.NS
2022-09-19,1261.2979736328125,1275.5411699960084,1252.4979432114847,1262.8401910629045,6595241,INFY.NS
2022-09-20,1259.7103271484375,1282.3906462376121,1256.5803766678841,1277.3101661666406,7219797,INFY.NS
2022-09-21,1249.458984375,1259.9373378172006,1241.4301722440514,1251.8631207430983,7917054,INFY.NS
2022-09-22,1241.0218505859375,1255.5372570833497,1233.809552280041,1239.5703320849489,9168498,INFY.NS
2022-09-23,1238.7537841796875,1265.3805708345333,1235.623944037449,1240.6136148834153,10426200,INFY.NS
2022-09-26,1252.1806640625,1269.5991082634534,1229.2735372611394,1233.80960197428,9414587,INFY.NS
2022-09-27,1264.24658203125,1275.9949447974686,1250.1393771282699,1264.1557721461727,8561254,INFY.NS
2022-09-28,1265.2896728515625,1275.4051179200892,1249.2320502719297,1251.046475907764,7022098,INFY.NS
2022-09-29,1268.873046875,1279.0337846723357,1263.7472730444858,1274.54312616899,6119965,INFY.NS
2022-09-30,1282.300048828125,1287.607332969342,1248.324969500773,1260.0733324380312,8120130,INFY.NS
2022-10-03,1264.427978515625,1280.9846139293722,1257.3970785454037,1280.9846139293722,4943169,INFY.NS
2022-10-04,1296.7701416015625,1299.3556762181945,1282.7990407907328,1287.9701100239968,6631341,INFY.NS
2022-10-06,1320.130615234375,1324.3491765425556,1310.1058703537112,1310.9223839526721,6180672,INFY.NS
2022-10-07,1316.547119140625,1322.5801061714467,1306.5224845422258,1312.1471593829003,3994466,INFY.NS
2022-10-10,1326.9349365234375,1329.0668646353636,1294.003064795037,1294.003064795037,5274677,INFY.NS
2022-10-11,1291.6898193359375,1342.3576395357559,1288.3330650348933,1326.9350196624216,12824774,INFY.NS
2022-10-12,1296.135009765625,1307.3844717340612,1282.3908230970678,1303.6649210392081,5481467,INFY.NS
2022-10-13,1288.1514892578125,1304.5266140090537,1283.7061243463083,1298.2215292859132,4821514,INFY.NS
2022-10-14,1337.4583740234375,1355.375825532315,1331.1078848810505,1347.2109109206747,14990688,INFY.NS
2022-10-17,1351.7017822265625,1356.2832515544005,1338.5926004471692,1339.8627206241326,4286396,INFY.NS
2022-10-18,1364.1759033203125,1370.753196410842,1358.3244247993434,1369.8913885102745,4692004,INFY.NS
2022-10-19,1347.6192626953125,1365.3099129941174,1343.854418021596,1364.4481050975749,3553171,INFY.NS
2022-10-20,1361.6357421875,1364.448079777653,1337.4130934739194,1338.138908026621,4583939,INFY.NS
2022-10-21,1361.2728271484375,1366.26249762449,1352.9718077531638,1361.0914288831727,3594485,INFY.NS
2022-10-24,1377.0130615234375,1380.5966188815135,1370.7986753820724,1377.602772050084,982837,INFY.NS
2022-10-25,1384.6790771484375,1390.6666600686863,1379.916209479914,1386.3119939028177,3914341,INFY.NS
2022-10-27,1397.65625,1407.6988621560834,1387.1551861000603,1403.9386622242373,6760137,INFY.NS
2022-10-28,1387.8431396484375,1401.3248686337695,1382.1110929788172,1399.5365148544627,3053981,INFY.NS
2022-10-31,1410.220947265625,1418.245811891941,1403.4341822194212,1403.4341822194212,4542336,INFY.NS
2022-11-01,1442.6414794921875,1444.475734393004,1418.8878561358067,1424.3448316381566,4542692,INFY.NS
2022-11-02,1424.573974609375,1442.4120569990462,1416.9617727315378,1441.7242114783025,2938906,INFY.NS
2022-11-03,1403.8927001953125,1415.9529473175025,1395.546863646527,1411.2297190433037,3174027,INFY.NS
2022-11-04,1388.5308837890625,1394.4463107382567,1376.7458190882635,1394.4463107382567,4509682,INFY.NS
2022-11-07,1382.523681640625,1401.2790045132888,1367.528670745416,1395.3176762956068,4898592,INFY.NS
2022-11-09,1385.962890625,1402.2878032270442,1376.6999262188187,1402.2878032270442,3334755,INFY.NS
2022-11-10,1377.4794921875,1386.6966675969895,1361.934227104186,1361.934227104186,3435763,INFY.NS
2022-11-11,1439.981689453125,1443.0999449630117,1418.4750969869554,1418.4750969869554,7214098,INFY.NS
2022-11-14,1453.922119140625,1459.516573917289,1438.468432811522,1444.613253594111,4908813,INFY.NS
2022-11-15,1461.9010009765625,1465.4319188955194,1442.4120447213857,1447.0893718318237,3497614,INFY.NS
2022-11-16,1469.971923828125,1475.658069244969,1461.4425937488243,1464.7901313371106,4497697,INFY.NS
2022-11-17,1455.8480224609375,1469.9718064752024,1451.7667384557692,1464.8358035943602,3469515,INFY.NS
2022-11-18,1461.350830078125,1465.5695937519367,1444.9342271315247,1459.7916463166098,3126064,INFY.NS
2022-11-21,1438.2392578125,1456.2608350406842,1434.4332683642735,1450.987352073004,3071764,INFY.NS
2022-11-22,1453.6927490234375,1456.3982299208378,1432.552918851605,1438.9728102933216,3399329,INFY.NS
2022-11-23,1451.9501953125,1460.0667500182162,1448.419277384479,1457.2236776068496,3245067,INFY.NS
2022-11-24,1494.734375,1500.4205204548284,1453.4177382584287,1457.3155299527643,5282215,INFY.NS
2022-11-25,1500.099365234375,1507.7573561793968,1480.0601551236466,1496.2015740155414,4563255,INFY.NS
2022-11-28,1488.864501953125,1516.4700116769118,1485.7462466988793,1493.083265201096,3825766,INFY.NS
2022-11-29,1494.04638671875,1502.9424774251793,1481.2066035401367,1486.8468473018079,3131710,INFY.NS
2022-11-30,1499.4573974609375,1509.3624181599896,1479.4640873185208,1485.7004864644923,11868134,INFY.NS
2022-12-01,1519.771728515625,1533.9872026204164,1515.369584352362,1518.9462914993808,5407928,INFY.NS
2022-12-02,1502.1629638671875,1524.0823307242517,1498.540243529846,1518.7629471181933,4283343,INFY.NS
2022-12-05,1503.859619140625,1508.5369463809327,1488.77291854345,1502.2546462279884,3824966,INFY.NS
2022-12-06,1479.23486328125,1491.2492102968945,1474.3282538915594,1490.3320828612875,4822398,INFY.NS
2022-12-07,1472.4481201171875,1489.2315972240235,1464.3773537802756,1474.7409387408518,4898087,INFY.NS
2022-12-08,1485.884033203125,1489.3232610774244,1466.0282018846967,1472.4480939167222,4206837,INFY.NS
2022-12-09,1439.2481689453125,1493.0835061100495,1431.7276565946954,1493.0835061100495,8880658,INFY.NS
2022-12-12,1418.9793701171875,1436.1755076749384,1403.2507258609144,1421.5473714407533,8037679,INFY.NS
2022-12-13,1441.86181640625,1446.7684254424607,1413.4308679506453,1418.9794213639211,6135067,INFY.NS
2022-12-14,1448.5111083984375,1456.8569457535275,1442.6414703621647,1450.895617363601,4976020,INFY.NS
2022-12-15,1412.8348388671875,1439.8900986832095,1408.019919747387,1439.2481542488501,6443866,INFY.NS
2022-12-16,1396.05126953125,1421.0888920823663,1386.7425160776045,1398.6192710071691,9630453,INFY.NS
2022-12-19,1382.431884765625,1391.1904957152399,1371.1512855645854,1382.9821387832817,6222740,INFY.NS
2022-12-20,1382.3861083984375,1390.3650716135553,1359.5954040399706,1376.608161274371,7396259,INFY.NS
2022-12-21,1384.4498291015625,1394.9508939423272,1377.8464440879927,1389.4481290747046,6236361,INFY.NS
2022-12-22,1395.913818359375,1403.159035330933,1386.467361260263,1395.4093535025568,6302640,INFY.NS
2022-12-23,1373.031494140625,1384.7707703774543,1369.2712939559335,1383.6701502561066,6283822,INFY.NS
2022-12-26,1377.89208984375,1384.7705446533193,1372.3434248490905,1376.1495255678556,4115459,INFY.NS
2022-12-27,1389.310302734375,1395.3633206748425,1373.398166072519,1384.816356461264,4860076,INFY.NS
2022-12-28,1385.0001220703125,1398.573541952324,1374.3155642616541,1380.3685833951215,5029860,INFY.NS
2022-12-29,1391.78662109375,1395.2258485730229,1376.6081190369514,1379.3595010203696,4624745,INFY.NS
2022-12-30,1383.2115478515625,1403.57184400983,1379.405558572839,1401.3707157827157,5060544,INFY.NS
2023-01-02,1397.7021484375,1399.9949669224698,1379.4055017090532,1388.5308744976214,3801140,INFY.NS
2023-01-03,1396.372314453125,1405.6352784494222,1389.5396484110163,1393.8960033950495,4551130,INFY.NS
2023-01-04,1370.9219970703125,1394.9506886748184,1367.5285587288681,1394.9506886748184,7059590,INFY.NS
2023-01-05,1352.9462890625,1381.1021672768188,1347.489425840876,1381.1021672768188,9868404,INFY.NS
2023-01-06,1328.458984375,1352.7628594774767,1326.6247296502847,1348.1772226656885,6443714,INFY.NS
2023-01-09,1361.4296875,1365.9236340298328,1328.183820144947,1328.183820144947,11498717,INFY.NS
2023-01-10,1347.947998046875,1360.9253731659428,1333.5491426282238,1359.182808712685,7158624,INFY.NS
2023-01-11,1349.3236083984375,1370.1882555291525,1342.674435137001,1348.177199215431,6173092,INFY.NS
2023-01-12,1357.8988037109375,1361.9341866547945,1334.4203647021723,1359.136903308,6591385,INFY.NS
2023-01-13,1379.03857421875,1393.4833301069489,1346.342961515927,1360.5584355646306,11610426,INFY.NS
2023-01-16,1399.077880859375,1401.370699412078,1377.8005694719036,1384.8624058326163,6073063,INFY.NS
2023-01-17,1411.9176025390625,1414.393801685257,1397.7021281387017,1400.453510280707,5922644,INFY.NS
2023-01-18,1417.3287353515625,1423.24416242099,1412.0093515411083,1416.7325801385587,5843098,INFY.NS
2023-01-19,1411.3673095703125,1421.1347382958118,1399.6739357893398,1412.284436925683,6165284,INFY.NS
2023-01-20,1399.123779296875,1416.9618628206752,1397.7021870153455,1410.5419708855652,6496429,INFY.NS
2023-01-23,1419.7132568359375,1424.574076980102,1401.4623986498889,1407.7906002862817,4855020,INFY.NS
2023-01-24,1423.2900390625,1438.7895145635266,1421.3181927553053,1430.7187486357645,5200802,INFY.NS
2023-01-25,1415.12744140625,1427.0500964537428,1411.2296503330313,1418.7959506516324,4158617,INFY.NS
2023-01-27,1393.2542724609375,1422.4188599652925,1382.4780242706179,1417.8791235943916,6209955,INFY.NS
2023-01-30,1411.2757568359375,1416.0447747672706,1394.0337160921317,1402.104482387963,6964719,INFY.NS
2023-01-31,1406.6441650390625,1420.53866769089,1387.6137712822178,1420.53866769089,9448126,INFY.NS
2023-02-01,1422.5562744140625,1426.1789947825198,1401.4165552146444,1414.3938182397721,6194199,INFY.NS
2023-02-02,1452.50048828125,1455.4352511160564,1423.3816939621152,1423.3816939621152,6916834,INFY.NS
2023-02-03,1466.853515625,1471.668434244157,1442.6413310350065,1465.1109512577386,7040194,INFY.NS
2023-02-06,1439.75244140625,1465.569600374364,1432.186140277909,1465.569600374364,4570612,INFY.NS
2023-02-07,1432.919677734375,1445.438487436647,1426.2246038411415,1438.9726953623049,4336238,INFY.NS
2023-02-08,1458.6912841796875,1470.1553778937687,1435.7630967515252,1435.7630967515252,7983338,INFY.NS
2023-02-09,1482.9949951171875,1485.5170954490195,1454.6099470732718,1463.9187005529932,6904911,INFY.NS
2023-02-10,1475.2452392578125,1482.3529761992756,1464.1479087924397,1479.2805100226515,4786762,INFY.NS
2023-02-13,1437.5511474609375,1464.6523040679722,1436.2213576521256,1464.6523040679722,4001199,INFY.NS
2023-02-14,1461.2132568359375,1463.7353572321708,1447.3646552328803,1453.3717726405816,5043736,INFY.NS
2023-02-15,1464.6983642578125,1466.48671791268,1445.3927876362625,1452.7298068628425,3465747,INFY.NS
2023-02-16,1469.0545654296875,1480.6561363023575,1465.4318453938986,1467.4036914951487,4290289,INFY.NS
2023-02-17,1452.5462646484375,1462.818045641871,1444.9340632656852,1461.9009183405283,2857734,INFY.NS
2023-02-20,1460.4796142578125,1470.1553539767042,1451.354240591475,1453.6011581412652,2417716,INFY.NS
2023-02-21,1448.602783203125,1468.9171782738615,1445.3928371814657,1466.2115851689005,2723288,INFY.NS
2023-02-22,1432.3695068359375,1444.475542793936,1426.4081791990102,1433.4700148488394,3656244,INFY.NS
2023-02-23,1422.189453125,1439.7524657040512,1419.850845363736,1439.7524657040512,4766854,INFY.NS
2023-02-24,1422.1435546875,1438.972819252259,1416.96176274362,1430.7186730615194,2790986,INFY.NS
2023-02-27,1384.2203369140625,1412.376101427138,1377.525262560754,1412.376101427138,4920268,INFY.NS
2023-02-28,1364.27294921875,1397.7021991611691,1358.5409027983055,1389.9983063812856,9679811,INFY.NS
2023-03-01,1372.0684814453125,1376.4706257604705,1358.7242330919914,1368.7209440691638,5125043,INFY.NS
2023-03-02,1350.149169921875,1365.235871380038,1345.7011242723827,1361.9342350192826,4644499,INFY.NS
2023-03-03,1356.70654296875,1366.336380209989,1350.9285958423973,1363.539096991639,4615015,INFY.NS
2023-03-06,1382.523681640625,1394.400548877502,1369.4088267341433,1370.6928275102962,6561742,INFY.NS
2023-03-08,1368.9959716796875,1372.02253676298,1358.3573166463943,1367.0242374099919,4137080,INFY.NS
2023-03-09,1357.7154541015625,1374.177846498556,1352.3960702873087,1371.105492034302,5104656,INFY.NS
2023-03-10,1349.598876953125,1352.1209773156488,1336.850783639018,1339.0060106489143,3699580,INFY.NS
2023-03-13,1316.16943359375,1355.78940216574,1309.6578518193462,1342.8578170068272,8798403,INFY.NS
2023-03-14,1302.32080078125,1328.3213380398465,1294.0666548608056,1321.5804745956207,7402784,INFY.NS
2023-03-15,1301.9998779296875,1323.277187882345,1299.4318765422183,1318.829142580857,7556182,INFY.NS
2023-03-16,1287.738525390625,1300.3032376058475,1282.786015172728,1300.3032376058475,7323117,INFY.NS
2023-03-17,1302.962890625,1323.3231866747517,1294.4336727271848,1311.4922204768466,9090018,INFY.NS
2023-03-20,1287.3258056640625,1302.0456322126888,1270.0837669911443,1302.0456322126888,8221829,INFY.NS
2023-03-21,1275.4490966796875,1288.5640639628448,1274.8071522479388,1283.0612992768824,8536755,INFY.NS
2023-03-22,1274.119384765625,1290.6276798354693,1267.6078018788835,1286.7298879439784,8356487,INFY.NS
2023-03-23,1260.637451171875,1269.258358749589,1256.4644769231124,1269.258358749589,7607718,INFY.NS
2023-03-24,1266.2318115234375,1283.0151737075835,1263.3428381778178,1272.9726746938736,7559127,INFY.NS
2023-03-27,1273.843994140625,1280.0805049322928,1260.2246753182865,1271.3677950652989,4170193,INFY.NS
2023-03-28,1263.434814453125,1282.1442377379633,1261.8298413372156,1276.7331631278034,6633366,INFY.NS
2023-03-29,1268.8916015625,1274.715337897841,1251.466181751986,1264.7186272999518,8813966,INFY.NS
2023-03-31,1309.612060546875,1311.4463153951938,1278.3839389266645,1287.6469035198686,8711975,INFY.NS
2023-04-03,1293.9290771484375,1316.0777246615953,1288.7014961247696,1316.0777246615953,5242764,INFY.NS
2023-04-05,1305.57666015625,1309.1992683413307,1283.97826667451,1283.97826667451,7506334,INFY.NS
2023-04-06,1304.0633544921875,1310.0246820529576,1293.4704891987503,1298.6522809308385,6948465,INFY.NS
2023-04-10,1309.2911376953125,1315.160775822006,1297.7353541060936,1305.943600080133,4993788,INFY.NS
2023-04-11,1289.6187744140625,1314.564596044306,1273.8900163996034,1310.4834237107443,6942255,INFY.NS
2023-04-12,1309.93310546875,1312.8678683565352,1283.9783553609145,1295.946912669283,5831169,INFY.NS
2023-04-13,1274.0733642578125,1294.1126879036105,1268.3872190480308,1292.9203774786417,11267238,INFY.NS
2023-04-17,1154.021484375,1156.6352751470652,1087.071182308468,1146.6844649704485,53171705,INFY.NS
2023-04-18,1154.9842529296875,1164.7057800036057,1149.2522072547338,1164.7057800036057,12430884,INFY.NS
2023-04-19,1130.0843505859375,1150.3987451220048,1127.5164610086156,1150.3987451220048,11307230,INFY.NS
2023-04-20,1122.013671875,1135.2661178854821,1120.1794170940875,1128.7086346529145,8621249,INFY.NS
2023-04-21,1125.6363525390625,1131.047426880891,1118.8954881773257,1126.324198126057,8691352,INFY.NS
2023-04-24,1124.6734619140625,1128.0667887734735,1117.0612591269032,1126.2325338323785,8313774,INFY.NS
2023-04-25,1123.3892822265625,1133.1108094759409,1114.3096993227584,1124.3521987449237,6808576,INFY.NS
2023-04-26,1125.81982421875,1130.8181239428047,1119.3999321931217,1126.2324867816417,5680192,INFY.NS
2023-04-27,1142.969970703125,1144.3915628906238,1123.8478876663187,1128.0666511252507,8020704,INFY.NS
2023-04-28,1148.931396484375,1154.6634429645405,1141.7777576955154,1151.6368776414001,10118277,INFY.NS
2023-05-02,1171.584228515625,1173.6936660942754,1150.5821028387063,1150.5821028387063,8886401,INFY.NS
2023-05-03,1163.9722900390625,1167.044644512001,1157.506496932256,1161.0833162689144,5549783,INFY.NS
2023-05-04,1168.0074462890625,1170.0709825879057,1157.8731454620288,1163.7885714037757,4505401,INFY.NS
2023-05-05,1154.7548828125,1173.0057372369336,1150.3068380996276,1173.0057372369336,5373791,INFY.NS
2023-05-08,1160.7164306640625,1165.0269966744686,1151.1782831849423,1157.8274569243922,5260842,INFY.NS
2023-05-09,1165.3936767578125,1166.5859870922673,1156.2224032743827,1161.0832230022093,4969897,INFY.NS
2023-05-10,1158.5611572265625,1170.621404606506,1154.800957377408,1170.621404606506,6515734,INFY.NS
2023-05-11,1152.0037841796875,1170.162952733371,1149.20661258924,1164.9811601752815,6888461,INFY.NS
2023-05-12,1142.0069580078125,1151.9119783998672,1136.3667142373067,1149.4815684750179,8292212,INFY.NS
2023-05-15,1154.067138671875,1163.742876662217,1142.4196665102663,1146.317457613311,5534710,INFY.NS
2023-05-16,1159.524169921875,1168.3743594123644,1158.1025777274938,1160.1661142944206,5236469,INFY.NS
2023-05-17,1143.5660400390625,1156.4516112883057,1139.4847564270556,1156.1306391276796,10465667,INFY.NS
2023-05-18,1142.74072265625,1155.2595338626716,1139.4848756551935,1154.2965053260136,6948732,INFY.NS
2023-05-19,1163.7430419921875,1167.778425157087,1148.9773124596102,1151.9579766677468,11094136,INFY.NS
2023-05-22,1185.6622314453125,1188.2301207415426,1164.9809658180477,1167.4571647740581,7625947,INFY.NS
2023-05-23,1192.3114013671875,1205.2428740172338,1189.5600194436024,1191.5317535922914,7436031,INFY.NS
2023-05-24,1191.0274658203125,1196.851202152626,1184.2866021300276,1188.8722389198845,4824077,INFY.NS
2023-05-25,1196.2552490234375,1198.685659323356,1182.4066459698827,1187.2215654124593,4334121,INFY.NS
2023-05-26,1208.2694091796875,1213.7721734013032,1197.7683455717138,1197.7683455717138,5521606,INFY.NS
2023-05-29,1205.47216796875,1222.2555306990143,1201.299193894401,1222.2555306990143,4419365,INFY.NS
2023-05-30,1214.1390380859375,1216.4777576450638,1200.6573106206852,1206.0224833077132,6274719,INFY.NS
2023-05-31,1209.049072265625,1220.7882355808035,1205.24297124017,1210.4705525350664,17800782,INFY.NS
2023-06-01,1210.149658203125,1219.3209326116369,1208.8656573951266,1212.9469416793345,4277841,INFY.NS
2023-06-02,1207.361328125,1220.28076764581,1204.619482886525,1216.6558726063317,10909311,INFY.NS
2023-06-05,1212.4732666015625,1217.0740205048828,1205.7812402951347,1212.008539400872,5002553,INFY.NS
2023-06-06,1188.772216796875,1197.6949566393228,1183.195490212996,1197.6949566393228,10008100,INFY.NS
2023-06-07,1198.020263671875,1202.7140540111552,1192.025327874271,1199.4609634477556,5397578,INFY.NS
2023-06-08,1192.30419921875,1200.8551346703464,1190.7240585978548,1195.4642535429527,5034942,INFY.NS
2023-06-09,1176.6427001953125,1192.0252152176977,1174.83030957908,1192.0252152176977,5339073,INFY.NS
2023-06-12,1200.8087158203125,1204.2941702531577,1183.1955981365227,1183.6603253942353,4785588,INFY.NS
2023-06-13,1212.7987060546875,1214.3323287023295,1205.5490288839856,1208.1979515705652,4846587,INFY.NS
2023-06-14,1208.66259765625,1214.5180926556236,1201.970457495657,1214.19280628768,3457981,INFY.NS
2023-06-15,1196.02197265625,1202.6674808789603,1192.1647141872293,1202.6674808789603,6161155,INFY.NS
2023-06-16,1200.5296630859375,1209.6847652018955,1190.6774702485802,1196.2076779215056,8536287,INFY.NS
2023-06-19,1202.714111328125,1207.826111028515,1196.2544479993342,1202.714111328125,4451787,INFY.NS
2023-06-20,1211.4508056640625,1212.9379099116616,1200.018471934256,1202.7139122035937,4009180,INFY.NS
2023-06-21,1207.6866455078125,1211.822785983513,1203.6435412463507,1208.244295499256,4041529,INFY.NS
2023-06-22,1191.142333984375,1198.4385283465883,1183.6601806665321,1198.4385283465883,6676607,INFY.NS
2023-06-23,1175.759765625,1189.0974130017955,1174.2261432389498,1186.4019726655229,7239467,INFY.NS
2023-06-26,1180.7322998046875,1184.1248308422635,1173.2037423317481,1180.6393770623117,3403244,INFY.NS
2023-06-27,1188.91162109375,1191.5605434478787,1184.3107537282526,1189.7016346437479,3240024,INFY.NS
2023-06-28,1202.10986328125,1205.2235129272265,1191.0029282361302,1198.9962136352735,5662358,INFY.NS
2023-06-30,1241.286376953125,1244.446544670447,1212.4267718508554,1215.9122259231685,12821692,INFY.NS
2023-07-03,1239.61328125,1251.0456156922185,1234.7336456761632,1236.1743453719541,7732412,INFY.NS
2023-07-04,1250.2557373046875,1251.0457509340968,1237.4757379916534,1249.4657236752782,5797775,INFY.NS
2023-07-05,1252.2540283203125,1262.152627465157,1246.3984198903297,1262.059704711734,5414936,INFY.NS
2023-07-06,1249.09375,1252.3932449368162,1242.819933005186,1247.8390092927943,5963897,INFY.NS
2023-07-07,1236.3602294921875,1250.8598092744526,1231.8523982272873,1239.8922016871068,6295647,INFY.NS
2023-07-10,1235.3843994140625,1247.2349435988492,1226.229295814045,1242.262385005227,3940315,INFY.NS
2023-07-11,1253.4622802734375,1255.600070946012,1233.3860863375473,1239.381022308118,6126128,INFY.NS
2023-07-12,1239.2415771484375,1256.52940602109,1233.3859691382677,1255.6928743826675,8102770,INFY.NS
2023-07-13,1268.7982177734375,1279.6729026631901,1236.9644035943056,1240.728739413603,9977644,INFY.NS
2023-07-14,1325.35546875,1329.1198044888868,1283.251252109647,1283.251252109647,12833381,INFY.NS
2023-07-17,1322.5670166015625,1356.027373066275,1314.5273272735951,1325.3553796402884,11569884,INFY.NS
2023-07-18,1371.131103515625,1373.6871031492155,1328.1903550548216,1332.8376271158952,16743977,INFY.NS
2023-07-19,1370.8988037109375,1393.0663832409173,1357.6540777205,1381.1693208273919,13687062,INFY.NS
2023-07-20,1347.244140625,1367.2274100444117,1339.0648965954,1367.2274100444117,8347221,INFY.NS
2023-07-21,1237.6614990234375,1254.7634832648805,1212.9380338227177,1227.065695806331,45548305,INFY.NS
2023-07-24,1242.3087158203125,1254.670504599167,1240.1245206940966,1246.398337830829,8859789,INFY.NS
2023-07-25,1240.44970703125,1248.117705135712,1230.82987755559,1242.6804200806673,6801982,INFY.NS
2023-07-26,1253.694580078125,1254.7634753600048,1244.9112811341217,1248.2572943766568,5528885,INFY.NS
2023-07-27,1257.691162109375,1267.5898735162018,1252.0215133305276,1262.756642875828,9191861,INFY.NS
2023-07-28,1245.93359375,1267.6363307852569,1241.7510490488623,1258.3417870049511,6122735,INFY.NS
2023-07-31,1260.061279296875,1261.7343425932213,1239.1950734898064,1253.6016166280715,7902180,INFY.NS
2023-08-01,1268.89111328125,1272.4230854175687,1261.2696325139816,1265.9169045571427,6064652,INFY.NS
2023-08-02,1261.130126953125,1275.1648651116004,1253.322687629451,1272.7019018221301,7419145,INFY.NS
2023-08-03,1268.0546875,1270.145959906921,1253.8339897494227,1254.7634441524986,6503741,INFY.NS
2023-08-04,1281.1134033203125,1288.13082917061,1265.9168471204257,1272.3301049407662,5712345,INFY.NS
2023-08-07,1294.72998046875,1296.5888892705716,1279.8587100541772,1289.9897857158628,3729093,INFY.NS
2023-08-08,1292.1275634765625,1295.241326729345,1286.7367956063742,1294.5906405227167,4161877,INFY.NS
2023-08-09,1296.03125,1297.5183543619519,1284.970719846274,1286.3649014591272,4090828,INFY.NS
2023-08-10,1291.10498046875,1297.3323925229795,1287.8518903304866,1293.4286162817955,3873025,INFY.NS
2023-08-11,1275.0718994140625,1298.3082576548654,1270.6105867070967,1293.8004268479058,5783517,INFY.NS
2023-08-14,1295.2412109375,1296.5888744198694,1269.2628926543166,1275.0719825934739,4304135,INFY.NS
2023-08-16,1318.4310302734375,1319.7786937329943,1306.2552006588273,1311.2742769730567,7735313,INFY.NS
2023-08-17,1311.971435546875,1319.825280033983,1306.812918118155,1319.825280033983,5618346,INFY.NS
2023-08-18,1290.826416015625,1309.322469240219,1288.3633389732208,1304.6751968805124,5134103,INFY.NS
2023-08-21,1306.2552490234375,1307.742353385992,1289.2927060601864,1291.709264831686,3032722,INFY.NS
2023-08-22,1304.7216796875,1306.8594702986447,1298.1225758070195,1305.6046160284368,2890714,INFY.NS
2023-08-23,1308.625244140625,1316.665047189912,1306.4875671497327,1316.1073972557133,2559125,INFY.NS
2023-08-24,1323.1710205078125,1324.5187972179706,1314.6664916027432,1321.219189314543,5171963,INFY.NS
2023-08-25,1319.9180908203125,1322.148803936989,1311.8318834134902,1313.3189876716804,4307172,INFY.NS
2023-08-28,1315.7822265625,1324.2867575475643,1311.83204511479,1319.9182535183484,3133464,INFY.NS
2023-08-29,1317.64111328125,1323.914930768979,1315.4569180328365,1323.5431263001694,3074444,INFY.NS
2023-08-30,1333.9063720703125,1335.3005535315312,1323.5429338501656,1326.3312967726029,3070887,INFY.NS
2023-08-31,1334.185302734375,1342.968715084765,1327.8650807492497,1333.906534483456,9792735,INFY.NS
2023-09-01,1341.9927978515625,1343.991147630047,1327.4468128773617,1330.002812639452,3582133,INFY.NS
2023-09-04,1361.7435302734375,1366.2978792292915,1333.4880956574837,1341.2026120597739,4609014,INFY.NS
2023-09-05,1374.5701904296875,1375.639085724664,1353.7503883361237,1361.6507510555587,5496840,INFY.NS
2023-09-06,1373.2222900390625,1378.2878843440208,1360.070601695981,1377.3584299899496,5075786,INFY.NS
2023-09-07,1362.765869140625,1369.458008273438,1358.9087245064234,1366.855490811992,4411743,INFY.NS
2023-09-08,1365.9261474609375,1370.7128602563196,1357.1892535120792,1360.25649837947,3125838,INFY.NS
2023-09-11,1372.2928466796875,1373.7800644251438,1361.1859124430616,1365.9261069950462,4182226,INFY.NS
2023-09-12,1395.2039794921875,1397.8994199484737,1372.8970738547118,1377.9161503149019,6793161,INFY.NS
2023-09-13,1392.64794921875,1398.8288435447748,1383.6322871056639,1398.8288435447748,4804686,INFY.NS
2023-09-14,1400.6412353515625,1405.846270656975,1393.3915592483722,1398.8288446904617,6444213,INFY.NS
2023-09-15,1404.96337890625,1411.2837147970909,1402.546819933446,1410.9119103107828,8657816,INFY.NS
2023-09-18,1386.56005859375,1398.7358880088802,1383.0280866448797,1398.7358880088802,3991916,INFY.NS
2023-09-20,1385.119384765625,1389.6272158004997,1372.0605053905272,1372.0605053905272,4169337,INFY.NS
2023-09-21,1395.80810546875,1398.4106230981856,1371.8746553500082,1381.6804443744052,6779195,INFY.NS
2023-09-22,1390.6031494140625,1400.641188325793,1380.4255561991947,1386.6529684238076,5455613,INFY.NS
2023-09-25,1370.1551513671875,1384.7475392640083,1367.7385927513728,1384.7475392640083,4217863,INFY.NS
2023-09-26,1357.607666015625,1375.4996641903995,1356.0740434803138,1374.8025733524212,3996528,INFY.NS
2023-09-27,1363.509521484375,1365.926080084956,1347.7553157505324,1353.2855237091,3863586,INFY.NS
2023-09-28,1337.9031982421875,1368.714636770685,1333.7671712132337,1364.3462461230529,5814602,INFY.NS
2023-09-29,1334.185302734375,1344.7347011757531,1316.1074596363055,1331.0716531169655,6068968,INFY.NS
2023-10-03,1332.8375244140625,1335.625887435849,1320.1040453314158,1334.7429511957962,4181867,INFY.NS
2023-10-04,1342.4573974609375,1347.6623192444497,1318.1521429784143,1324.4724780818983,4510406,INFY.NS
2023-10-05,1360.2100830078125,1371.5494954859564,1347.8948114227326,1349.5678748329035,7384621,INFY.NS
2023-10-06,1374.3841552734375,1379.7750360960613,1360.0706484952473,1365.8332203052626,3598672,INFY.NS
2023-10-09,1371.3634033203125,1385.8164641413844,1359.0481329313968,1361.5577278028998,3567552,INFY.NS
2023-10-10,1389.673828125,1391.393296146582,1365.4614945887647,1379.2174656790087,5688951,INFY.NS
2023-10-11,1388.976806640625,1411.1442734410896,1376.9403029710347,1391.3933656125876,7220129,INFY.NS
2023-10-12,1362.115478515625,1398.271278835673,1349.5678436060646,1386.6530983638577,11081662,INFY.NS
2023-10-13,1330.1885986328125,1336.5553381568939,1301.2360733099106,1305.8833450003033,17973439,INFY.NS
2023-10-16,1332.9771728515625,1341.7604723545678,1329.1199140456142,1331.071745773082,4850745,INFY.NS
2023-10-17,1340.6915283203125,1350.8226045344618,1336.6020195003289,1338.6467739103207,3923764,INFY.NS
2023-10-18,1338.9256591796875,1351.4267762032766,1336.880791305478,1340.2733227545561,4264837,INFY.NS
2023-10-19,1332.5123291015625,1338.0890555260446,1325.49490296724,1325.49490296724,6795691,INFY.NS
2023-10-20,1326.5638427734375,1337.0202051704955,1324.7049339028495,1329.1198424704962,3928622,INFY.NS
2023-10-23,1309.27587890625,1331.3039013836562,1306.1157114580749,1325.0300845878248,2636516,INFY.NS
2023-10-25,1289.88134765625,1320.4796048766234,1281.643355327688,1317.1372877323818,6940777,INFY.NS
2023-10-26,1279.901611328125,1293.600262701033,1273.923205151914,1275.7591696776637,6357656,INFY.NS
2023-10-27,1299.57861328125,1303.9565408986182,1283.8558619720413,1283.8558619720413,4634358,INFY.NS
2023-10-30,1296.4716796875,1299.5785105468342,1283.3378978736482,1299.5785105468342,2667696,INFY.NS
2023-10-31,1288.3277587890625,1300.3316893879341,1283.2437181381906,1299.2018387281082,3451595,INFY.NS
2023-11-01,1274.9117431640625,1296.848271394198,1272.5580310195833,1292.7058299617952,3090672,INFY.NS
2023-11-02,1289.9754638671875,1295.7656185619023,1281.972842805629,1289.8342181571022,3758060,INFY.NS
2023-11-03,1307.76953125,1310.54686548969,1297.1307068451297,1299.2961678955407,3349045,INFY.NS
2023-11-06,1321.185791015625,1324.9046103571086,1309.4172299003549,1312.3358100714709,2736381,INFY.NS
2023-11-07,1322.127197265625,1323.6335500133118,1313.2300966352614,1318.078766511828,2272209,INFY.NS
2023-11-08,1309.6053466796875,1322.7861337778295,1305.3215449018542,1322.7861337778295,3550635,INFY.NS
2023-11-09,1294.3533935546875,1315.725053279232,1289.8813406007866,1314.2187005328615,5498051,INFY.NS
2023-11-10,1288.7513427734375,1292.7997730616912,1281.3607106679833,1289.7869529854245,2943649,INFY.NS
2023-11-13,1293.176513671875,1301.5556365838725,1290.6344357148544,1299.1077990502322,3462092,INFY.NS
2023-11-15,1327.96435546875,1331.2595523805833,1311.4883709095843,1317.1372799012984,8551860,INFY.NS
2023-11-16,1360.3514404296875,1368.3540614057245,1328.058465108388,1333.2366316222942,6673907,INFY.NS
2023-11-17,1353.431640625,1366.094566340676,1351.0779284155915,1356.726837718172,4901251,INFY.NS
2023-11-20,1352.537109375,1367.0359990167078,1349.7597750449072,1357.6211505386314,3584210,INFY.NS
2023-11-21,1354.796630859375,1365.152963687348,1352.6782900536532,1357.621085267004,3793135,INFY.NS
2023-11-22,1372.49658203125,1373.5791976051314,1352.1604184890853,1352.1604184890853,3108786,INFY.NS
2023-11-23,1364.4468994140625,1382.0056146017555,1362.9875519464238,1382.0056146017555,3186928,INFY.NS
2023-11-24,1353.2904052734375,1367.6480498608116,1349.948087939533,1360.9635301203575,2973195,INFY.NS
2023-11-28,1358.2801513671875,1360.4456124998921,1343.5460053605395,1359.504127646951,3755373,INFY.NS
2023-11-29,1374.191162109375,1375.2267723820626,1364.964680220391,1366.1885414781705,3875778,INFY.NS
2023-11-30,1370.001708984375,1375.179875684024,1364.729416784748,1368.21286477539,10120867,INFY.NS
2023-12-01,1367.3184814453125,1374.4737432561005,1361.5283266839235,1374.4737432561005,3489187,INFY.NS
2023-12-04,1378.6632080078125,1385.7714640337215,1364.493931093046,1374.9913943979213,5511948,INFY.NS
2023-12-05,1368.871826171875,1381.0641237085301,1357.621128395019,1380.0285133783032,5123039,INFY.NS
2023-12-06,1388.03125,1390.5732132882843,1366.1417258233225,1371.5081438440814,5269178,INFY.NS
2023-12-07,1380.1226806640625,1386.6659544767813,1376.2626157196041,1386.6659544767813,4424453,INFY.NS
2023-12-08,1403.8951416015625,1407.2373438258442,1380.4521461092754,1384.3593311792147,6323433,INFY.NS
2023-12-11,1401.4000244140625,1410.344129373373,1395.280373652429,1402.8122515129012,3862018,INFY.NS
2023-12-12,1389.6787109375,1402.812378171591,1381.7702154844862,1391.0438179520306,6103494,INFY.NS
2023-12-13,1364.2115478515625,1389.6787590187653,1349.2890359623277,1389.6316388053183,8549258,INFY.NS
2023-12-14,1413.5924072265625,1422.5836336750658,1375.8388870549381,1377.7689770027378,12489858,INFY.NS
2023-12-15,1486.0396728515625,1495.5957668241965,1431.9984208352303,1433.9285107001285,18395389,INFY.NS
2023-12-18,1472.811767578125,1499.7853308836295,1468.9988229814394,1476.2010899731836,6467243,INFY.NS
2023-12-19,1467.1158447265625,1481.8499902553428,1452.9464521784103,1478.225296674548,4221721,INFY.NS
2023-12-20,1446.497314453125,1490.8412269194432,1440.4717885612556,1473.470877793026,6592367,INFY.NS
2023-12-21,1446.120849609375,1456.1476870794431,1432.2339469194412,1432.2339469194412,5319038,INFY.NS
2023-12-22,1471.44677734375,1474.3653575565068,1433.8815067423754,1445.1322053581507,6741060,INFY.NS
2023-12-26,1453.6055908203125,1457.4186507029785,1433.8815277911087,1445.1793467888062,6878067,INFY.NS
2023-12-27,1475.40087890625,1478.131207944611,1453.6526019531718,1453.6526019531718,4225849,INFY.NS
2023-12-28,1471.2113037109375,1477.1425892283842,1464.0089217215004,1477.1425892283842,5702253,INFY.NS
2023-12-29,1452.616943359375,1468.1984480838207,1449.8866144117019,1450.8752194379208,4388990,INFY.NS
2024-01-01,1460.572509765625,1465.8919221925776,1445.4146265550125,1448.9451947683858,2808451,INFY.NS
2024-01-02,1444.6142578125,1458.5011582059428,1433.8813084212525,1455.535458187299,5396313,INFY.NS
2024-01-03,1402.8123779296875,1431.0098022399532,1400.9294082948825,1431.0098022399532,7550363,INFY.NS
2024-01-04,1424.18408203125,1430.821596173285,1405.5427510177758,1416.8875744672803,7056038,INFY.NS
2024-01-05,1442.8726806640625,1449.6042055294993,1418.1115826606078,1418.5823250946862,8895403,INFY.NS
2024-01-08,1433.693115234375,1446.1206687605984,1424.701889324203,1439.483154876404,4440136,INFY.NS
2024-01-09,1439.812744140625,1462.1258878294154,1436.5645526388157,1451.675429581847,4412074,INFY.NS
2024-01-10,1430.962890625,1445.6029115375234,1416.9347429419645,1435.7173203076957,4096845,INFY.NS
2024-01-11,1406.7667236328125,1435.7645051838629,1399.6114612154008,1435.6703796771912,11296088,INFY.NS
2024-01-12,1518.3797607421875,1523.3225564289937,1464.3856251298819,1470.5994024363956,26754401,INFY.NS
2024-01-15,1555.427001953125,1567.5250585454428,1540.2691197866588,1548.69536270453,13228305,INFY.NS
2024-01-16,1536.0797119140625,1552.0378347627927,1529.9129399390588,1548.554386655104,6500917,INFY.NS
2024-01-17,1544.223388671875,1551.0962739751476,1525.4408120839046,1525.4408120839046,9209876,INFY.NS
2024-01-18,1546.4830322265625,1552.5085584102292,1532.9727472598277,1546.5301524412396,6375464,INFY.NS
2024-01-19,1562.111572265625,1568.0429726211407,1547.9422946366542,1554.9563105966838,4522736,INFY.NS
2024-01-23,1546.059326171875,1576.7045882258603,1541.8696497501444,1553.5440845490969,9401255,INFY.NS
2024-01-24,1577.3636474609375,1581.694454529538,1548.7424867268392,1562.770633148314,8999681,INFY.NS
2024-01-25,1571.432373046875,1582.2124437614616,1560.9819139785684,1575.0570668097866,8865304,INFY.NS
2024-01-29,1559.663818359375,1581.0825992301918,1551.1904544983925,1567.7135599982494,4253785,INFY.NS
2024-01-30,1554.8150634765625,1591.1093493392334,1551.8023580167996,1565.171396519599,4995943,INFY.NS
2024-01-31,1563.712158203125,1569.6905638157846,1542.2462583680392,1551.8023522623284,6763779,INFY.NS
2024-02-01,1560.087646484375,1578.8702248339061,1553.7796285080506,1562.4413588052366,5760011,INFY.NS
2024-02-02,1594.263427734375,1617.9417958851127,1567.5723538834523,1568.5609589964831,7858483,INFY.NS
2024-02-05,1588.47314453125,1601.2303098308423,1583.436223722749,1595.581400903025,3634135,INFY.NS
2024-02-06,1628.2509765625,1631.5932938509086,1575.998565824632,1588.0496182360184,7694265,INFY.NS
2024-02-07,1594.6400146484375,1627.827356650715,1588.143745994436,1627.827356650715,4613877,INFY.NS
2024-02-08,1593.0865478515625,1606.5027074369461,1584.330807394356,1598.6413316478238,5919715,INFY.NS
2024-02-09,1571.667724609375,1593.8397389846994,1562.6766131725003,1586.1194941932167,4600004,INFY.NS
2024-02-12,1581.7886962890625,1593.8867538003944,1572.6092188693096,1572.6092188693096,3555808,INFY.NS
2024-02-13,1585.9783935546875,1590.2620807833139,1566.1600909474707,1584.5190460262058,2696481,INFY.NS
2024-02-14,1568.7020263671875,1571.7618521594686,1539.7984871618103,1563.0531172122069,3768579,INFY.NS
2024-02-15,1578.2581787109375,1588.9911294855572,1564.3712765276096,1578.8701668773688,4834391,INFY.NS
2024-02-16,1602.0777587890625,1608.9976496273255,1589.1793470591608,1590.1679521477781,4880654,INFY.NS
2024-02-19,1600.2889404296875,1611.3513878778704,1588.9440015438006,1605.2317360980246,3690993,INFY.NS
2024-02-20,1586.63720703125,1595.1105699526452,1571.1027083420256,1586.401835838989,3706389,INFY.NS
2024-02-21,1558.67529296875,1576.04564252021,1549.0250732340833,1576.04564252021,4300508,INFY.NS
2024-02-22,1582.965576171875,1586.0254020244706,1548.1777559110003,1567.5723214065963,5841277,INFY.NS
2024-02-23,1578.7288818359375,1599.064932049705,1574.0685776987198,1597.6998249586602,5373072,INFY.NS
2024-02-26,1563.006103515625,1576.9400103998594,1548.742584990576,1576.9400103998594,2782438,INFY.NS
2024-02-27,1566.254150390625,1573.315286661556,1556.0861831168934,1563.8063128021718,5159088,INFY.NS
2024-02-28,1573.4566650390625,1589.0382863616267,1564.7950497873524,1572.2798088946804,3188916,INFY.NS
2024-02-29,1575.9515380859375,1583.812913721107,1556.5569728576138,1567.5722998042163,7814722,INFY.NS
2024-03-01,1557.8748779296875,1574.1154909938598,1554.3914300839626,1571.3381567596207,6387291,INFY.NS
2024-03-04,1541.39892578125,1567.0543875331723,1538.0567235736469,1560.8406106080845,4445156,INFY.NS
2024-03-05,1512.495361328125,1541.5401450012134,1508.2586796437324,1538.386193843857,4596579,INFY.NS
2024-03-06,1522.8988037109375,1525.3466412368123,1483.7800637991031,1509.0119027331223,6420684,INFY.NS
2024-03-07,1521.8631591796875,1533.1609775234701,1510.3299696204092,1522.004404894455,6348359,INFY.NS
2024-03-11,1506.940673828125,1519.3683431830998,1495.0779873422402,1514.0489306330928,6752895,INFY.NS
2024-03-12,1518.56787109375,1529.9128089712128,1504.1632225256892,1506.375688833194,4614222,INFY.NS
2024-03-13,1517.108642578125,1529.4420705773052,1505.0105857809417,1518.5208697901078,5688997,INFY.NS
2024-03-14,1556.5570068359375,1560.7465686045769,1513.9076955609466,1519.9332218123318,8803799,INFY.NS
2024-03-15,1538.3863525390625,1549.4959205173257,1523.6520906201538,1545.0708724563005,11809997,INFY.NS
2024-03-18,1508.8707275390625,1537.1152732206572,1505.2930391151203,1534.6203153666463,4958904,INFY.NS
2024-03-19,1470.08154296875,1505.4343467383314,1466.8334660527332,1499.1734492026353,6870411,INFY.NS
2024-03-20,1463.9619140625,1482.7916122525826,1461.5140762832607,1471.540913554951,4759059,INFY.NS
2024-03-21,1463.7264404296875,1484.6744782005846,1453.087730653012,1472.4822954464403,11062497,INFY.NS
2024-03-22,1420.559326171875,1439.4361424981196,1410.5324900051585,1431.9983895472183,14673890,INFY.NS
2024-03-26,1405.3074951171875,1419.241403039176,1400.8354417271594,1404.6955069309752,8351081,INFY.NS
2024-03-27,1397.022216796875,1411.2857346994197,1394.8568706833632,1408.4612802603947,6857402,INFY.NS
2024-03-28,1410.391357421875,1423.3367734843898,1400.129150066849,1400.129150066849,12499530,INFY.NS
2024-04-01,1407.9434814453125,1440.4247089660325,1405.4486385196594,1435.7644049013911,6580002,INFY.NS
2024-04-02,1396.080810546875,1405.7781506375063,1394.1978408148962,1397.9637802788536,7279400,INFY.NS
2024-04-03,1394.009521484375,1407.613931160152,1388.690109266799,1392.4560485461666,8736248,INFY.NS
2024-04-04,1399.7054443359375,1408.1318024819914,1382.0997240670574,1403.3302528566012,11186915,INFY.NS
2024-04-05,1392.55029296875,1399.7055552251502,1389.6788329794124,1393.4447725803975,5072482,INFY.NS
2024-04-08,1390.29052734375,1403.706685446096,1387.8426899035271,1396.221927423092,6610887,INFY.NS
2024-04-09,1407.378662109375,1425.2198696967855,1400.2705201600338,1402.8124833871761,9423230,INFY.NS
2024-04-10,1418.62939453125,1421.5008543199363,1397.6813569645744,1412.5567483925915,6744595,INFY.NS
2024-04-12,1397.86962890625,1418.6294157880386,1392.926833451286,1415.993212241118,12275616,INFY.NS
2024-04-15,1382.240966796875,1404.6482366428452,1375.5564475345761,1393.3975389714133,8531224,INFY.NS
2024-04-16,1331.68310546875,1370.0016050968616,1330.3651187142993,1366.0944202615754,16173541,INFY.NS
2024-04-18,1336.202392578125,1360.1631363842591,1325.1399454315383,1337.9441165902024,22107945,INFY.NS
2024-04-19,1328.67041015625,1343.3575498977523,1298.0721544750609,1303.9564344137511,20603621,INFY.NS
2024-04-22,1348.9124755859375,1352.7725406478596,1330.3652692316007,1336.814417739945,5859087,INFY.NS
2024-04-23,1357.9976806640625,1362.1872419980825,1349.147700674865,1358.5625485511725,4856174,INFY.NS
2024-04-24,1347.029541015625,1359.7867075742051,1343.546092803966,1359.7867075742051,4268213,INFY.NS
2024-04-25,1354.2786865234375,1360.3513320897941,1336.908338935666,1336.908338935666,9089398,INFY.NS
2024-04-26,1346.55859375,1360.8221110164066,1343.498768244188,1355.455578865194,8062444,INFY.NS
2024-04-29,1350.79541015625,1355.549954695784,1344.6757585333085,1346.2762368329832,5055957,INFY.NS
2024-04-30,1337.4263916015625,1352.4901496742034,1334.6019369629423,1350.7483107051714,6936588,INFY.NS
2024-05-02,1331.68310546875,1340.6743311181829,1329.235268018188,1330.3179985042082,10076354,INFY.NS
2024-05-03,1333.425048828125,1341.4276701119534,1321.0915052605797,1338.8855920418562,8842345,INFY.NS
2024-05-06,1342.4632568359375,1361.1045877183944,1334.1781442699464,1336.9084732924218,6445422,INFY.NS
2024-05-07,1356.632568359375,1358.892155017695,1332.7659500503705,1341.568810540377,6080661,INFY.NS
2024-05-08,1343.781494140625,1355.5029356143054,1342.1809007941797,1351.266253405405,6234983,INFY.NS
2024-05-09,1355.3145751953125,1365.1059257902893,1341.4746788069972,1344.0167568835536,6088406,INFY.NS
2024-05-10,1341.5216064453125,1351.9249436909129,1330.317915242306,1351.0776993810337,8777481,INFY.NS
2024-05-13,1340.156494140625,1341.615841553252,1328.6233053272724,1341.615841553252,3735954,INFY.NS
2024-05-14,1341.3333740234375,1349.8538575959403,1335.0725919265954,1342.9339671701941,3463230,INFY.NS
2024-05-15,1336.861328125,1348.0180152167325,1335.5433413149956,1342.5573572737128,4327544,INFY.NS
2024-05-16,1368.3070068359375,1370.566593499511,1343.4989036055658,1350.0421774524657,9249145,INFY.NS
2024-05-17,1359.78662109375,1371.7434327729238,1355.0320766083944,1371.7434327729238,7542860,INFY.NS
2024-05-21,1350.2305908203125,1360.1631875478636,1344.8170526513272,1346.3234055041823,6752663,INFY.NS
2024-05-22,1369.67236328125,1374.5209188745175,1344.4405204283166,1345.146634147029,7173285,INFY.NS
2024-05-23,1386.2423095703125,1391.6558474322132,1365.153026044568,1369.5779588477037,8641428,INFY.NS
2024-05-24,1379.369384765625,1389.1608498646779,1374.5678351761637,1382.3350849297278,5277938,INFY.NS
2024-05-27,1385.253662109375,1393.0209118473929,1374.8032036291474,1385.7244045177397,5821844,INFY.NS
2024-05-28,1381.2054443359375,1389.6316880724814,1374.8504213721912,1389.1609456307224,6186922,INFY.NS
2024-05-29,1366.0474853515625,1379.7461367746178,1365.1531206572472,1379.6520112690093,7401634,INFY.NS
2024-05-30,1343.9224853515625,1365.011768697552,1338.3678167520543,1358.3743695494225,9663150,INFY.NS
2024-05-31,1351.076904296875,1379.7424895610318,1344.4506597427837,1353.8618612517012,37113815,INFY.NS
2024-06-03,1350.11669921875,1382.8636553906256,1348.2920640058599,1382.8636553906256,10589244,INFY.NS
2024-06-04,1338.3526611328125,1358.8555105856897,1304.4532506211224,1353.09357909204,13736134,INFY.NS
2024-06-05,1373.3563232421875,1380.9428896837226,1344.594729280313,1344.594729280313,9233424,INFY.NS
2024-06-06,1413.833984375,1415.8026912541518,1380.4627967662166,1387.6171483700416,12660930,INFY.NS
2024-06-07,1472.749755859375,1478.607696455328,1418.6356360706318,1422.2368434730788,24075302,INFY.NS
2024-06-10,1440.242919921875,1469.1006429210506,1437.8901779119085,1464.7791939197848,6810606,INFY.NS
2024-06-11,1436.4014892578125,1446.6768867495505,1434.67286293827,1440.530920339611,4853054,INFY.NS
2024-06-12,1426.2701416015625,1448.8857708643502,1423.9173996680136,1447.205207418443,9564320,INFY.NS
2024-06-13,1434.6729736328125,1445.2845783914581,1430.2555159747842,1435.6813586014816,7307565,INFY.NS
2024-06-14,1429.8233642578125,1444.0360586769375,1427.0864701658527,1444.0360586769375,4237727,INFY.NS
2024-06-18,1438.7542724609375,1447.2051523581276,1436.0654413858667,1437.6019330325926,5420939,INFY.NS
2024-06-19,1451.382568359375,1455.5119996711499,1437.3138282236787,1445.2845473689924,5493456,INFY.NS
2024-06-20,1455.2718505859375,1457.2885031581282,1439.618556511379,1456.1361637531038,7927010,INFY.NS
2024-06-21,1471.885498046875,1495.94161129154,1463.2425999556383,1483.6975056622882,17301941,INFY.NS
2024-06-24,1466.5556640625,1468.428244941943,1455.271881344855,1464.0588504809766,5564989,INFY.NS
2024-06-25,1480.768310546875,1482.6410085926723,1460.0253808999469,1465.451223093983,4551525,INFY.NS
2024-06-26,1479.5679931640625,1487.3946405637594,1474.0942048965353,1479.8561366420593,4851004,INFY.NS
2024-06-27,1510.9224853515625,1515.7721579895247,1471.2612599725667,1477.4072265440695,14757754,INFY.NS
2024-06-28,1504.58447265625,1525.4714758668922,1502.1836676895095,1510.15438706981,8197544,INFY.NS
2024-07-01,1527.68017578125,1536.4190819140294,1497.6220524294586,1497.6220524294586,6801771,INFY.NS
2024-07-02,1556.72998046875,1568.9740856185726,1523.550809426941,1532.86588566981,10493173,INFY.NS
2024-07-03,1562.8280029296875,1571.086748455425,1542.2770892539197,1560.5232067482063,7269965,INFY.NS
2024-07-04,1585.1553955078125,1594.13438198508,1563.4040806456085,1563.5960981382616,8008311,INFY.NS
2024-07-05,1582.0823974609375,1599.7523453204356,1568.5418810019864,1585.9236853770542,7065022,INFY.NS
2024-07-08,1595.718994140625,1599.8963711842514,1574.9280004454815,1577.904975049744,5880533,INFY.NS
2024-07-09,1591.3974609375,1600.6165277373964,1585.4914578037747,1594.0383461640054,5191182,INFY.NS
2024-07-10,1582.8507080078125,1607.5789990626897,1572.575309683498,1591.2535253565572,9852770,INFY.NS
2024-07-11,1587.1241455078125,1598.9361531696993,1576.8968098410567,1590.2932550444577,8857679,INFY.NS
2024-07-12,1643.8310546875,1651.5136300854847,1600.520559326722,1613.340833576749,17078316,INFY.NS
2024-07-15,1639.3175048828125,1659.436201288973,1635.092065184172,1657.707575021914,6942230,INFY.NS
2024-07-16,1657.563720703125,1668.943512173137,1632.547287437264,1650.4092519603355,6886281,INFY.NS
2024-07-18,1688.2940673828125,1695.3524103380762,1650.7934479826547,1650.7934479826547,11248896,INFY.NS
2024-07-19,1721.8092041015625,1770.8336868455729,1715.5671113876276,1770.8336868455729,29819116,INFY.NS
2024-07-22,1738.9990234375,1750.6669588687384,1721.8092366549201,1728.7236252048558,8462126,INFY.NS
2024-07-23,1764.015380859375,1766.9442924167647,1712.494085746934,1738.1826974355533,7113056,INFY.NS
2024-07-24,1761.182373046875,1769.249100779416,1747.4017766683005,1764.5915628208677,6002845,INFY.NS
2024-07-25,1752.443603515625,1758.253598590097,1740.103489083107,1747.7860651938493,5815599,INFY.NS
2024-07-26,1804.348876953125,1808.2861733754446,1752.9235913028444,1752.9235913028444,11369047,INFY.NS
2024-07-29,1796.8583984375,1827.4926924499405,1790.040135957272,1818.4656425678857,4635931,INFY.NS
2024-07-30,1802.6683349609375,1805.3571660297775,1786.1987904104494,1796.8583403917328,2721265,INFY.NS
2024-07-31,1794.1214599609375,1810.350924152097,1791.048476651269,1802.5242769151237,5004209,INFY.NS
2024-08-01,1779.092529296875,1793.7855029159562,1771.8901142339544,1782.453656326238,7475014,INFY.NS
2024-08-02,1748.938232421875,1785.7186088193323,1744.0886770658112,1769.8732971519382,7400938,INFY.NS
2024-08-05,1682.3880615234375,1726.1787193591779,1650.3613476722035,1714.1266318965754,10736703,INFY.NS
2024-08-06,1681.619873046875,1725.6506144088735,1675.617860395926,1690.3587800212945,7690163,INFY.NS
2024-08-07,1720.5609130859375,1726.5629255103806,1692.183351452448,1724.7382902879888,5094329,INFY.NS
2024-08-08,1673.9852294921875,1709.3250068929763,1658.5720153140558,1709.3250068929763,6227910,INFY.NS
2024-08-09,1700.489990234375,1710.0932091542359,1686.32524232758,1700.970151180368,4258524,INFY.NS
2024-08-12,1726.0826416015625,1731.9405818653124,1697.9451624687292,1702.6988263064616,4315329,INFY.NS
2024-08-13,1726.130615234375,1738.1827024097588,1718.0640047615366,1738.1827024097588,4176918,INFY.NS
2024-08-14,1750.9071044921875,1752.5876680094568,1726.130749746865,1730.5002617824882,7450718,INFY.NS
2024-08-16,1785.1904296875,1787.9753867685558,1756.9089953467567,1776.5955951852964,7335657,INFY.NS
2024-08-19,1790.8084716796875,1793.449357119504,1775.8273550396493,1786.1988792940135,2585989,INFY.NS
2024-08-20,1797.9146728515625,1810.8790189238414,1794.0733851264426,1805.405230806265,3870333,INFY.NS
2024-08-21,1798.394775390625,1804.444850251852,1793.0169961955314,1800.6995713961778,1966902,INFY.NS
2024-08-22,1805.6453857421875,1818.513723597305,1795.51394205871,1809.2465931329778,4300287,INFY.NS
2024-08-23,1788.2154541015625,1807.9020537953018,1783.3178356718943,1803.67661383031,5015935,INFY.NS
2024-08-26,1801.7080078125,1813.8080406542315,1790.0400729474454,1795.8020045127269,3728589,INFY.NS
2024-08-27,1824.707763671875,1827.2526403543604,1799.5473747842314,1801.7080992308468,3830679,INFY.NS
2024-08-28,1862.1602783203125,1873.588133022963,1822.1148997127973,1831.2379582795415,6514531,INFY.NS
2024-08-29,1856.638427734375,1873.1079727033768,1844.6824662886909,1856.3023384955793,7228284,INFY.NS
2024-08-30,1866.5777587890625,1872.6278340667684,1851.5007508106305,1861.1039704725115,13466759,INFY.NS
2024-09-02,1886.552490234375,1897.3561122833119,1865.713550595146,1866.241657337013,5573739,INFY.NS
2024-09-03,1864.22509765625,1888.9533893572925,1859.6155051280512,1888.9533893572925,4694322,INFY.NS
2024-09-04,1846.1708984375,1850.7324277310104,1824.6597803927025,1844.8744872415468,4778310,INFY.NS
2024-09-05,1856.4464111328125,1863.0245930805459,1833.8307821972226,1849.8201661965988,4081810,INFY.NS
2024-09-06,1826.3883056640625,1859.6634851962026,1821.5866958391305,1845.7388167038994,5848106,INFY.NS
2024-09-09,1819.4739990234375,1844.634387126065,1814.0481565814205,1815.0084785277315,4772612,INFY.NS
2024-09-10,1836.4237060546875,1858.2229673598686,1820.7704114285846,1829.317300201853,6909600,INFY.NS
2024-09-11,1834.3590087890625,1849.5800883553493,1829.4133272673625,1838.7284033553788,5312946,INFY.NS
2024-09-12,1873.0599365234375,1878.773922571952,1834.9832642548035,1848.6197893164426,8555092,INFY.NS
2024-09-13,1866.9619140625,1880.886582594913,1858.8472403257115,1873.0599351123685,3843127,INFY.NS
2024-09-16,1872.867919921875,1874.548483367517,1856.3504289468578,1868.5464710616527,1570181,INFY.NS
2024-09-17,1875.07666015625,1880.7424658489679,1865.0892884852562,1870.467067930622,2793127,INFY.NS
2024-09-18,1817.0731201171875,1861.824097546446,1806.6536508696367,1861.824097546446,6385468,INFY.NS
2024-09-19,1819.0418701171875,1848.5238256038056,1804.253005223771,1834.7911742292838,7976570,INFY.NS
2024-09-20,1830.1336669921875,1839.0166455673825,1793.305341425795,1829.4134254860905,15242974,INFY.NS
2024-09-23,1821.2025146484375,1842.761812755645,1803.9167195535472,1833.2546020080952,3636672,INFY.NS
2024-09-24,1823.2672119140625,1835.0792186672709,1797.1465020357018,1813.0878227950013,7277616,INFY.NS
2024-09-25,1820.0982666015625,1826.1482246431408,1802.3323102544668,1811.5033146813457,4268341,INFY.NS
2024-09-26,1824.8519287109375,1841.8495816692773,1817.8895940269988,1822.4991866395028,8952803,INFY.NS
2024-09-27,1831.0938720703125,1896.2516927156676,1827.7808082445556,1855.4380099764576,14908931,INFY.NS
2024-09-30,1801.179931640625,1825.8122145485347,1796.282312853667,1805.40537191387,6986955,INFY.NS
2024-10-01,1828.7890625,1833.2065199774477,1800.6036370139677,1800.6036370139677,4029072,INFY.NS
2024-10-03,1818.2735595703125,1835.9914522282918,1806.3655442331449,1814.528280610594,7503887,INFY.NS
2024-10-04,1842.04150390625,1876.565029844856,1811.1671309069884,1814.5763205944831,10001483,INFY.NS
2024-10-07,1857.55078125,1864.9452133204372,1840.0249057901142,1846.8911139011777,6112575,INFY.NS
2024-10-08,1871.2353515625,1880.2622839615105,1830.7096956078074,1861.007899519078,5637391,INFY.NS
2024-10-09,1875.2686767578125,1898.5564839074102,1867.9221904384558,1875.07665925967,4857163,INFY.NS
2024-10-10,1842.85791015625,1886.0723999723164,1838.1523089309171,1880.214459242611,4782119,INFY.NS
2024-10-11,1858.319091796875,1869.7469471224404,1834.3110416283794,1841.8976089269854,4709431,INFY.NS
2024-10-14,1881.1746826171875,1891.354071794841,1854.477685639696,1855.4860705732615,3751378,INFY.NS
2024-10-15,1881.558837890625,1912.433094709219,1874.3083602991192,1882.2310163628915,5353705,INFY.NS
2024-10-16,1843.914306640625,1881.7990810660253,1840.3130990275722,1877.4295689381306,3111512,INFY.NS
2024-10-17,1890.0096435546875,1899.516854492198,1853.5654717255002,1858.415027332384,8162822,INFY.NS
2024-10-18,1805.0211181640625,1859.9995499352583,1795.0818094027522,1818.6577602233042,10526196,INFY.NS
2024-10-21,1779.2364501953125,1823.4593218230411,1765.071701772492,1816.0647726492866,4654601,INFY.NS
2024-10-22,1778.1319580078125,1803.2924614363872,1773.6664378494722,1784.4700589292672,4125240,INFY.NS
2024-10-23,1799.0672607421875,1811.167294513619,1770.8337704576425,1772.0341729593083,4311910,INFY.NS
2024-10-24,1789.4158935546875,1809.2465653946333,1786.198838446931,1787.5433126309072,2906475,INFY.NS
2024-10-25,1788.1676025390625,1801.9001366151979,1773.1385399992107,1789.5119595392343,4689120,INFY.NS
2024-10-28,1791.336669921875,1807.2300463621355,1783.3180044404317,1785.9108270230458,7018940,INFY.NS
2024-10-29,1786.4317626953125,1798.378144066303,1776.4277753656768,1792.9391324904534,4621252,INFY.NS
2024-10-30,1750.301025390625,1786.1404080241402,1744.7163014394891,1779.3416136488445,5919715,INFY.NS
2024-10-31,1706.740234375,1736.5092654474463,1696.2992285309076,1736.5092654474463,7395236,INFY.NS
2024-11-01,1710.236572265625,1715.2385657478123,1701.6895882617994,1713.7816813488193,371966,INFY.NS
2024-11-04,1712.9561767578125,1716.2098616116575,1668.6183034798119,1674.9314693544445,7336722,INFY.NS
2024-11-05,1703.7777099609375,1717.6181118779048,1694.842199656711,1709.4110437798347,3160880,INFY.NS
2024-11-06,1771.2801513671875,1774.679548579323,1711.985022561022,1713.296194916247,10421494,INFY.NS
2024-11-07,1751.2237548828125,1773.22261567757,1735.6350435250165,1760.8390975998175,4550965,INFY.NS
2024-11-08,1777.3504638671875,1787.694367437014,1761.0334287500186,1765.7439982122546,4210960,INFY.NS
2024-11-11,1806.6337890625,1814.306737413767,1770.163186757311,1776.427742360696,3804234,INFY.NS
2024-11-12,1815.083740234375,1826.9330191433785,1807.5078940062876,1817.3175584882076,5012450,INFY.NS
2024-11-13,1814.6953125,1819.3572716489662,1802.943134866599,1807.605094015565,4257495,INFY.NS
2024-11-14,1810.9559326171875,1822.0767695268303,1802.6516440521305,1811.975680567675,4311431,INFY.NS
2024-11-18,1759.3822021484375,1796.047127993138,1743.4050832115965,1796.047127993138,4839244,INFY.NS
2024-11-19,1772.2999267578125,1806.24528689049,1768.2206977377823,1773.0283689800722,4669769,INFY.NS
2024-11-21,1781.3326416015625,1813.3354888516371,1768.26917339711,1789.0540816629436,5436504,INFY.NS
2024-11-22,1847.572265625,1859.0331371970146,1781.2840242640295,1800.80625185363,6301486,INFY.NS
2024-11-25,1835.383056640625,1864.1323391283017,1827.904430253904,1860.927145784527,12764638,INFY.NS
2024-11-26,1868.8427734375,1882.8773790978912,1842.7645663309452,1850.194581938472,6850495,INFY.NS
2024-11-27,1869.1827392578125,1885.5969943515,1856.7992214996743,1874.621750796134,4447143,INFY.NS
2024-11-28,1803.282958984375,1859.8586361338635,1798.4266776839897,1859.8586361338635,8468790,INFY.NS
2024-11-29,1804.448486328125,1823.0480681141644,1791.9678666332622,1797.8925063282472,5244346,INFY.NS
2024-12-02,1825.7677001953125,1828.6814691911163,1782.4495729417774,1805.5655210664468,2868263,INFY.NS
2024-12-03,1837.7139892578125,1845.1441235346933,1817.3662175546285,1832.760605927078,4715792,INFY.NS
2024-12-04,1834.9459228515625,1858.935905488834,1821.1055208927776,1829.8468273930628,4705573,INFY.NS
2024-12-05,1879.2352294921875,1893.8526842407528,1834.654541582606,1845.386971128795,9050038,INFY.NS
2024-12-06,1867.1431884765625,1882.2461532385446,1857.4306251975142,1877.2442779990854,3573331,INFY.NS
2024-12-09,1868.357177734375,1874.7188352688952,1842.6673778401903,1868.8912975545852,4274645,INFY.NS
2024-12-10,1892.54150390625,1909.101352624084,1876.4671647750902,1883.2659588503623,6174921,INFY.NS
2024-12-11,1917.4056396484375,1921.1449526741415,1895.8922889888395,1898.806057875605,5025612,INFY.NS
2024-12-12,1929.88623046875,1941.3471020098962,1913.9091120699152,1918.4253589276038,6462130,INFY.NS
2024-12-13,1942.22119140625,1948.7771714843159,1897.6406217246506,1913.132112410419,5362693,INFY.NS
2024-12-16,1923.1361083984375,1942.1240981650324,1920.7564592966078,1938.0933607570853,3119221,INFY.NS
2024-12-17,1919.7852783203125,1925.0300863243267,1901.7199339167669,1911.4324974199167,5811050,INFY.NS
2024-12-18,1922.261962890625,1927.8951783904936,1905.216367108079,1910.2669710918078,3064095,INFY.NS
2024-12-19,1890.259033203125,1903.4196039771014,1864.8121646312206,1878.4097533316565,5323592,INFY.NS
2024-12-20,1866.9002685546875,1923.038809987995,1856.3135514684034,1918.3768510152895,11056720,INFY.NS
2024-12-23,1868.988525390625,1884.2372017118134,1854.1282567360063,1874.5732490554924,2781793,INFY.NS
2024-12-24,1854.1768798828125,1886.1797274213886,1787.111585198432,1871.6594932162752,2360544,INFY.NS
2024-12-26,1852.5743408203125,1864.5693327398988,1847.6209572676305,1854.1769374712999,3623321,INFY.NS
2024-12-27,1861.655517578125,1868.8428379280153,1849.1748978049127,1854.5168074679777,3937500,INFY.NS
2024-12-30,1851.2144775390625,1860.9270403802957,1832.2749799986577,1860.6356160704356,7789055,INFY.NS
2024-12-31,1825.9617919921875,1842.473148621904,1792.0164326986576,1837.9082915665463,3613063,INFY.NS
2025-01-01,1828.3900146484375,1838.5395957247827,1820.134335963438,1820.134335963438,1838368,INFY.NS
2025-01-02,1901.57421875,1906.2362966487788,1831.109641782825,1832.7607301511275,7083645,INFY.NS
2025-01-03,1883.023193359375,1896.8149857004253,1866.7546499738073,1896.8149857004253,6218003,INFY.NS
2025-01-06,1882.1490478515625,1916.288731426852,1872.5821967516326,1895.8923485784164,7164403,INFY.NS
2025-01-07,1875.3502197265625,1902.2540906114118,1868.357221729347,1889.0935202054077,4294832,INFY.NS
2025-01-08,1877.5841064453125,1882.8774057609294,1834.460303784991,1874.5246254427705,5482050,INFY.NS
2025-01-09,1862.1898193359375,1895.74665458795,1855.6338390718154,1878.4583629543145,6833503,INFY.NS
2025-01-10,1910.4124755859375,1920.9507009797642,1876.709930393327,1881.3233976824297,8036913,INFY.NS
2025-01-13,1905.799072265625,1925.8070469770787,1892.9785364775742,1899.7773306055078,5804152,INFY.NS
2025-01-14,1884.285888671875,1915.1232771204202,1875.5930733895989,1912.2579998126723,5792162,INFY.NS
2025-01-15,1893.60986328125,1901.7684398888914,1881.420549328485,1891.036010381721,2985439,INFY.NS
2025-01-16,1873.0191650390625,1910.41253260361,1861.7526156669912,1909.4412763032324,7533579,INFY.NS
2025-01-17,1763.2672119140625,1804.5942151264314,1759.9164250856263,1797.7954209897873,16409953,INFY.NS
2025-01-20,1761.17919921875,1775.4080099966866,1741.60835991682,1770.5517282126625,4333011,INFY.NS
2025-01-21,1748.941162109375,1779.0016155615642,1741.5111463055791,1766.7638099629812,7169109,INFY.NS
2025-01-22,1803.0887451171875,1812.1700865447272,1753.2633671133483,1755.448693830049,8373913,INFY.NS
2025-01-23,1811.8299560546875,1825.5247642701754,1799.446438649042,1804.5941442893445,5907471,INFY.NS
2025-01-24,1821.5426025390625,1840.4336089404926,1810.6645792715367,1811.8786496612856,4887027,INFY.NS
2025-01-27,1769.6290283203125,1809.4505377391558,1759.9164650474238,1795.6101350752897,7652371,INFY.NS
2025-01-28,1777.15625,1809.9361507719634,1772.4456805643415,1777.3990640797924,6999495,INFY.NS
2025-01-29,1827.1759033203125,1834.36322360914,1787.5972093347696,1791.9678626583263,5145155,INFY.NS
2025-01-30,1806.488037109375,1832.9547702492719,1790.9965471548646,1819.3086909049005,7336056,INFY.NS
2025-01-31,1825.7677001953125,1842.910279604707,1817.2205970496623,1817.2205970496623,5820470,INFY.NS
2025-02-01,1798.1353759765625,1836.2571867836969,1792.9391783431893,1826.2533177597818,1701402,INFY.NS
2025-02-03,1809.741943359375,1822.6110895629577,1779.7300994439906,1783.2265984737837,4823228,INFY.NS
2025-02-04,1844.2215576171875,1856.2650411997822,1821.1056096540206,1834.703198206104,7334787,INFY.NS
2025-02-05,1842.521728515625,1864.5205878724964,1839.8507738106882,1851.2144245852517,4996744,INFY.NS
2025-02-06,1860.587158203125,1868.6971246106148,1845.3869733680706,1861.898330498206,4765255,INFY.NS
2025-02-07,1848.9320068359375,1868.40562375176,1835.140096778848,1864.13219104828,4126260,INFY.NS
2025-02-10,1826.2532958984375,1850.2432794461592,1824.6020890265615,1850.2432794461592,3828734,INFY.NS
2025-02-11,1821.7369384765625,1848.3007750893653,1816.249316561804,1828.9727506286142,4411601,INFY.NS
2025-02-12,1809.5963134765625,1840.142278618334,1793.9104995274497,1830.8182412610952,5633947,INFY.NS
2025-02-13,1790.268310546875,1819.6488158467762,1782.8867858202054,1814.792533979024,5237744,INFY.NS
2025-02-14,1803.040283203125,1805.856950285683,1775.7964955938853,1800.7092442878504,5292961,INFY.NS
2025-02-17,1789.345458984375,1799.4950394980904,1769.77462159192,1785.703248001718,4428956,INFY.NS
2025-02-18,1798.7181396484375,1808.1393973263787,1784.780634818134,1789.3456107739096,4365260,INFY.NS
2025-02-19,1758.7509765625,1796.0471240806544,1753.9917969230971,1794.2989338566194,4611411,INFY.NS
2025-02-20,1772.6884765625,1778.3703022593725,1753.6518766132701,1753.6518766132701,2218020,INFY.NS
2025-02-21,1762.8302001953125,1777.2533326664163,1754.2830972545896,1769.4347905187403,3379879,INFY.NS
2025-02-24,1713.3931884765625,1756.0313630959042,1699.9413126430345,1748.309923055587,7594720,INFY.NS
2025-02-25,1716.8897705078125,1727.330776075937,1694.9880113599872,1694.9880113599872,5092963,INFY.NS
2025-02-27,1713.5875244140625,1724.8054634563641,1700.7668702151418,1704.748997302386,5757079,INFY.NS
2025-02-28,1639.189208984375,1704.6519072727174,1634.0901134127998,1704.6034155946859,12182167,INFY.NS
2025-03-03,1659.488525390625,1678.9136517994152,1643.6571185043986,1643.6571185043986,7504969,INFY.NS
2025-03-04,1639.7720947265625,1650.1644899401717,1621.9980566215932,1646.2794646548505,6759673,INFY.NS
2025-03-05,1662.30517578125,1683.1385762213686,1643.8026956375877,1643.8026956375877,8180782,INFY.NS
2025-03-06,1666.5301513671875,1672.794825837321,1642.4915571816716,1665.7046071983816,10610547,INFY.NS
2025-03-07,1637.5380859375,1655.9919552333556,1627.339895010843,1654.1465445914585,8019331,INFY.NS
2025-03-10,1652.5439453125,1669.5895404009018,1628.0197243147556,1637.5380832553346,7558981,INFY.NS
2025-03-11,1613.83935546875,1631.7104941166237,1589.9950857541564,1631.7104941166237,12671234,INFY.NS
2025-03-12,1545.123046875,1589.84944650162,1518.850635339536,1589.84944650162,14870008,INFY.NS
2025-03-13,1534.439208984375,1559.886194636392,1525.163782654934,1553.2816045131979,7822888,INFY.NS
2025-03-17,1544.34619140625,1548.1826065260266,1500.736758011993,1500.736758011993,7526032,INFY.NS
2025-03-18,1544.34619140625,1544.34619140625,1544.34619140625,1544.34619140625,0,INFY.NS
2025-03-19,1540.94677734375,1556.9238965430377,1527.5920028100838,1556.9238965430377,7387068,INFY.NS
2025-03-20,1569.11328125,1584.9932992405397,1546.240146235024,1546.240146235024,7186750,INFY.NS
2025-03-21,1546.7742919921875,1557.7980274559397,1518.7049607743006,1532.59385494289,10074677,INFY.NS
2025-03-24,1546.968505859375,1560.9060103586978,1527.4947691913153,1552.0189913058653,8857726,INFY.NS
2025-03-25,1581.6422119140625,1589.1209562659596,1558.8663000022038,1558.8663000022038,9890140,INFY.NS
2025-03-26,1553.4759521484375,1590.6751185099797,1549.153908730525,1579.2628561729366,6651302,INFY.NS
2025-03-27,1557.4581298828125,1573.3866387891755,1540.4125339270274,1549.688079270318,9426573,INFY.NS
2025-03-28,1525.5037841796875,1552.504639118573,1515.1598805138667,1544.2975705237486,6799047,INFY.NS
2025-04-01,1482.6226806640625,1502.92196020728,1474.2212903040318,1495.0061979771754,12680733,INFY.NS
2025-04-02,1505.593017578125,1510.9349273715397,1491.0726643663595,1491.0726643663595,6193478,INFY.NS
2025-04-03,1453.4849853515625,1490.538435185599,1442.3641486583924,1490.538435185599,10459504,INFY.NS
2025-04-04,1409.9241943359375,1429.6892358061361,1406.3790852223406,1418.5197886514006,9590254,INFY.NS
2025-04-07,1356.602294921875,1365.489314158466,1269.4320382766355,1313.1385736419368,21715252,INFY.NS
2025-04-08,1387.7310791015625,1414.6348317731379,1374.3276944448953,1389.8677955834949,12805001,INFY.NS
2025-04-09,1363.3524169921875,1368.9371407012397,1342.1791008495861,1364.663707842691,8546854,INFY.NS
2025-04-11,1368.937255859375,1397.4437254302495,1356.893771609889,1370.6855647660782,12567440,INFY.NS
2025-04-15,1385.011474609375,1406.087688754894,1368.5001176189407,1404.0480742507405,10178530,INFY.NS
2025-04-16,1372.4822998046875,1386.4684147056246,1356.6508927211694,1384.0402738742662,12022740,INFY.NS
2025-04-17,1378.6982421875,1388.7022289531085,1338.6825322481727,1357.8162328834976,14264227,INFY.NS
2025-04-21,1409.29296875,1429.4951483248678,1369.4714582615436,1369.4714582615436,15648970,INFY.NS
2025-04-22,1381.903564453125,1398.6091260339042,1378.5041672717928,1398.6091260339042,9399738,INFY.NS
2025-04-23,1432.505859375,1445.0350886470426,1398.2204665039803,1404.4365301839098,11136642,INFY.NS
2025-04-24,1429.1065673828125,1440.2760150192205,1419.4911061400271,1427.6496829084983,7114292,INFY.NS
2025-04-25,1437.653564453125,1458.535575435,1421.4336312546193,1433.0887071514799,8329979,INFY.NS
2025-04-28,1439.4989013671875,1446.7833234291916,1423.1818670852326,1437.6534907325017,5886253,INFY.NS
2025-04-29,1454.4564208984375,1466.4029217301106,1431.7289980215003,1439.4019470928108,8056743,INFY.NS
2025-04-30,1456.9815673828125,1465.431568419441,1439.984581952398,1453.7764926957282,7704183,INFY.NS
2025-05-02,1463.586181640625,1479.4175886205041,1453.1936678135066,1456.5930649551544,7402310,INFY.NS
2025-05-05,1465.2373046875,1479.2234198282615,1459.6040889990923,1471.453369034679,4282493,INFY.NS
2025-05-06,1468.0538330078125,1472.0359599506996,1456.0102317041706,1462.7119235923028,4270530,INFY.NS
2025-05-07,1464.9459228515625,1475.1441139885928,1453.5821530190785,1456.8844481471906,5691799,INFY.NS
2025-05-08,1467.9569091796875,1472.9102929808603,1458.0500230157727,1464.654613791716,8424409,INFY.NS
2025-05-09,1464.2659912109375,1467.9568126185206,1451.1540310083215,1457.5642989506216,4478653,INFY.NS
2025-05-12,1580.136962890625,1585.0903465111594,1487.96471253376,1492.8209942326298,11372857,INFY.NS
2025-05-13,1523.5125732421875,1565.859323230766,1519.627548132014,1562.7513505672503,12846210,INFY.NS
2025-05-14,1546.6285400390625,1549.1537826809642,1524.3867472838704,1528.75740058924,4870057,INFY.NS
2025-05-15,1566.6363525390625,1572.0753639006625,1525.8435894847285,1544.103254657481,11151167,INFY.NS
2025-05-16,1544.200439453125,1566.2479103864578,1536.0418626920532,1566.2479103864578,4576751,INFY.NS
2025-05-19,1514.965576171875,1539.4411867318856,1510.9833306187809,1531.185508443418,8855798,INFY.NS
2025-05-20,1515.7425537109375,1537.9843466293191,1513.2173110505078,1524.8723866170074,7143998,INFY.NS
2025-05-21,1523.41552734375,1525.8436681268927,1507.4869000940212,1522.832797268108,4157309,INFY.NS
2025-05-22,1503.01904296875,1515.936798484799,1495.7346211126817,1510.7890929485561,6158990,INFY.NS
2025-05-23,1519.8218994140625,1541.5779455953386,1505.447258808557,1505.447258808557,5038421,INFY.NS
2025-05-26,1535.070556640625,1538.275749801986,1517.782147363295,1521.5700705826603,3170102,INFY.NS
2025-05-27,1524.9696044921875,1537.401733466409,1511.6634396332652,1534.487964353223,7775714,INFY.NS
2025-05-28,1526.6207275390625,1542.063608140773,1524.8724187426308,1535.556238237006,3623370,INFY.NS
2025-05-29,1540.0240478515625,1562.6543682753302,1531.2827406845122,1543.3263431603168,8609500,INFY.NS
2025-05-30,1539.1375732421875,1548.297396005105,1531.652190030095,1547.3124739974683,13148092,INFY.NS
2025-06-02,1530.371826171875,1536.4782943781508,1515.7949327230604,1536.4782943781508,4374509,INFY.NS
2025-06-03,1519.734619140625,1543.6682714095227,1512.4461724234918,1535.4933708621093,6853403,INFY.NS
2025-06-04,1527.8109130859375,1533.8190332918903,1518.158749909477,1519.7346010168856,4548307,INFY.NS
2025-06-05,1530.8642578125,1544.0621159555858,1518.3556767230737,1524.5607331925255,6948539,INFY.NS
2025-06-06,1540.2210693359375,1545.2441474823067,1519.8331118292815,1531.2581829658582,3960020,INFY.NS
2025-06-09,1549.183837890625,1564.0561360451065,1547.3124620446238,1554.2069160448225,2903202,INFY.NS
2025-06-10,1571.935546875,1583.2621501262925,1553.7144894707471,1560.116482612782,8591925,INFY.NS
2025-06-11,1606.5062255859375,1609.9534525332194,1566.1244242034918,1566.1244242034918,10597410,INFY.NS
2025-06-12,1584.345458984375,1603.452969273507,1574.0037782857437,1592.6188275892266,10483574,INFY.NS
2025-06-13,1577.844970703125,1584.7394243828517,1546.5244044661895,1552.2369998927122,6968315,INFY.NS
2025-06-16,1599.31640625,1610.1505483486199,1573.01891647278,1575.875214344727,5591842,INFY.NS
2025-06-17,1615.173583984375,1622.5604988569514,1591.2399317053334,1596.2630097727385,7622083,INFY.NS
2025-06-18,1608.2791748046875,1619.9011823893957,1596.5585788351507,1596.5585788351507,5629707,INFY.NS
2025-06-19,1593.997802734375,1605.4228739879738,1587.2018168292147,1599.4148737815738,5147760,INFY.NS
2025-06-20,1598.429931640625,1606.1122510729595,1584.6410236941556,1594.58871180959,9202821,INFY.NS
2025-06-23,1560.116455078125,1576.8601291540897,1551.6461498856431,1576.8601291540897,7943676,INFY.NS
2025-06-24,1557.7525634765625,1584.739449496533,1552.827953627288,1576.860073737694,8083992,INFY.NS
2025-06-25,1590.550537109375,1595.4751470327865,1561.199813873949,1566.025955644839,7813533,INFY.NS
2025-06-26,1591.6339111328125,1599.5132869304996,1582.3756205245834,1584.5425210067874,6519233,INFY.NS
2025-06-27,1583.7545166015625,1605.0288069577266,1578.238977654369,1594.5886581952298,8912268,INFY.NS
2025-06-30,1577.6480712890625,1590.648993297183,1570.064099926214,1590.648993297183,6294505,INFY.NS
2025-07-01,1582.57275390625,1593.308307768125,1576.3676970723639,1584.7395342639384,4178937,INFY.NS
2025-07-02,1586.2169189453125,1624.1364168524187,1579.2239966239758,1593.6038341220215,8653641,INFY.NS
2025-07-03,1594.293212890625,1607.786716594206,1590.6490495377586,1594.0962765801005,5259695,INFY.NS
2025-07-04,1615.96142578125,1618.6207872342948,1587.9897380569496,1600.4981989662078,4411273,INFY.NS
2025-07-07,1602.4681396484375,1619.2118141254034,1598.5284515362102,1615.2721260131761,3294523,INFY.NS
2025-07-08,1613.9915771484375,1621.378491891406,1597.0509674297891,1603.4529602070286,4590681,INFY.NS
2025-07-09,1609.0670166015625,1613.3022292758048,1599.1193284889714,1613.1052929685202,4580828,INFY.NS
2025-07-10,1591.43701171875,1614.1886858160015,1582.868118202301,1614.1886858160015,5330179,INFY.NS
2025-07-11,1570.85205078125,1582.8680505457567,1539.433016356687,1555.2902357933656,11391755,INFY.NS
2025-07-14,1546.623046875,1567.7988696310574,1536.2813659941348,1567.7988696310574,9173426,INFY.NS
2025-07-15,1561.6922607421875,1579.4208563061295,1540.4179701114037,1541.5013602388092,7614807,INFY.NS
2025-07-16,1583.6561279296875,1587.6942841349517,1554.6993967165145,1555.1918577227598,6223491,INFY.NS
2025-07-17,1559.6240234375,1585.7244570472844,1556.2752645133157,1573.9053927711557,7374814,INFY.NS
2025-07-18,1562.1846923828125,1575.1857343566385,1556.176692489401,1568.0942241264431,5161833,INFY.NS
2025-07-21,1560.4119873046875,1565.041072656143,1543.1758521432762,1556.1767745731315,3682661,INFY.NS
2025-07-22,1547.2139892578125,1561.889351060241,1541.4029254290974,1541.4029254290974,8473741,INFY.NS
2025-07-23,1550.7596435546875,1567.897309898412,1526.629055261839,1552.5325511946266,8035026,INFY.NS
2025-07-24,1529.0914306640625,1558.1466301517212,1524.8562179010848,1556.1767861186595,14169664,INFY.NS
2025-07-25,1492.84619140625,1526.1366022975346,1488.512630894258,1520.12860228797,10851259,INFY.NS
2025-07-28,1493.1417236328125,1496.392014262957,1460.14683725966,1491.0734115180542,6439855,INFY.NS
2025-07-29,1490.8763427734375,1494.3235696797126,1473.5417400906863,1490.0884773327002,7070448,INFY.NS
2025-07-30,1496.0965576171875,1498.7557989957106,1483.2925712781332,1496.9830114866083,5719051,INFY.NS
2025-07-31,1486.247314453125,1504.0743788045277,1474.428250322285,1486.936711768862,6851407,INFY.NS
2025-08-01,1447.4412841796875,1476.1024890867666,1443.4031282013243,1471.3749358302919,8702978,INFY.NS
2025-08-04,1458.177001953125,1460.4423706154291,1429.1218033326475,1439.4634841975633,8610216,INFY.NS
2025-08-05,1438.2816162109375,1456.4040844682859,1433.0614816224124,1456.4040844682859,10213323,INFY.NS
2025-08-06,1415.037353515625,1434.14486387826,1408.7339490588547,1430.1067078263497,10566934,INFY.NS
2025-08-07,1415.234375,1420.2574529025999,1392.876574581379,1408.4383894942564,9892020,INFY.NS
2025-08-08,1401.6424560546875,1411.590144080286,1395.7329241309972,1403.5138318764698,10048009,INFY.NS
2025-08-11,1406.66552734375,1411.7871937906966,1392.6796832838538,1398.4907470266712,6625368,INFY.NS
2025-08-12,1402.62744140625,1419.2726477892124,1399.5742071536924,1406.6655976905836,9899184,INFY.NS
2025-08-13,1405.0897216796875,1412.3781686321047,1400.953097311154,1403.5138705026145,10318063,INFY.NS
2025-08-14,1425.8714599609375,1447.835267553816,1404.6956380205245,1404.6956380205245,12902347,INFY.NS
2025-08-18,1414.1510009765625,1442.6151494914589,1408.0444126749926,1442.6151494914589,7254561,INFY.NS
2025-08-19,1418.2877197265625,1427.5460108318366,1411.0977408332749,1411.0977408332749,3986094,INFY.NS
2025-08-20,1473.6402587890625,1476.3980885005715,1418.9770874002822,1418.9770874002822,10413061,INFY.NS
2025-08-21,1473.8372802734375,1485.262351237006,1461.9197483180794,1485.262351237006,6565539,INFY.NS
2025-08-22,1465.0714111328125,1481.6181481033814,1463.6924963469764,1475.5115598317454,5543397,INFY.NS
2025-08-25,1508.9989013671875,1515.7948868943363,1483.981859694785,1483.981859694785,10694531,INFY.NS
2025-08-26,1506.53662109375,1515.2039825206518,1495.7024794249892,1500.03616013844,15994798,INFY.NS
2025-08-28,1477.4814453125,1506.5366438633127,1475.413133190423,1506.5366438633127,5443364,INFY.NS
2025-08-29,1447.4412841796875,1479.254311487481,1445.5699084151588,1479.254311487481,8169075,INFY.NS
2025-09-01,1476.7921142578125,1480.7318023736236,1453.941851048263,1454.4343120627393,4546057,INFY.NS
2025-09-02,1476.1025390625,1489.9900353122632,1463.8896025641538,1476.7920565936874,5218763,INFY.NS
2025-09-03,1456.798095703125,1479.2543652339205,1450.7900955921732,1477.3829894013984,4623483,INFY.NS
2025-09-04,1440.94091796875,1461.6242804276317,1438.0846200594328,1461.6242804276317,5787724,INFY.NS
2025-09-05,1422.8182373046875,1450.4945202945664,1411.3931666312185,1447.835279098319,5466487,INFY.NS
2025-09-08,1411.2947998046875,1436.0163186937275,1406.7641825159365,1429.1218644887508,3811567,INFY.NS
2025-09-09,1481.6181640625,1484.474341584966,1450.297597398603,1458.6694341238242,13072640,INFY.NS
2025-09-10,1509.491455078125,1511.756823802922,1486.5428442826578,1487.330709756259,7281071,INFY.NS
2025-09-11,1486.9366455078125,1504.4683046125388,1483.7849433052634,1500.922609577238,8003662,INFY.NS
2025-09-12,1502.596923828125,1519.6361218926327,1498.1647749913177,1513.8250582606502,12856963,INFY.NS
2025-09-15,1485.6563720703125,1504.4683582651935,1478.5648615170796,1502.5969824151846,6167414,INFY.NS
2025-09-16,1488.5126953125,1491.1719366717366,1480.8302554728903,1485.656397411633,8923112,INFY.NS
2025-09-17,1499.4453125,1503.680405062861,1491.1719434573272,1494.028241371192,4795698,INFY.NS
2025-09-18,1517.370849609375,1531.5537508334592,1515.302537400178,1526.6291407021617,9331945,INFY.NS
2025-09-19,1516.976806640625,1527.9095369547413,1497.179898612735,1521.3104874589542,12988129,INFY.NS
2025-09-22,1476.8905029296875,1491.8612688721596,1459.6543683506482,1460.3437656419162,15655204,INFY.NS
2025-09-23,1474.920654296875,1490.186944875574,1470.4885054191882,1470.4885054191882,9832164,INFY.NS
2025-09-24,1472.0643310546875,1474.1326431158677,1460.3437357350242,1464.7758845360097,4937004,INFY.NS
2025-09-25,1462.4122314453125,1480.04223903444,1454.2373307659764,1466.5488557470633,9491867,INFY.NS
2025-09-26,1427.053466796875,1456.404069373631,1419.4694954878144,1452.7599061754568,8597058,INFY.NS
2025-09-29,1420.060546875,1442.9106885263222,1414.8404123331482,1437.9860786678707,10513117,INFY.NS
2025-09-30,1420.060546875,1430.303639196793,1416.416263441906,1421.2424051491353,7556305,INFY.NS
2025-10-01,1424.000244140625,1427.6444073679875,1405.877655696216,1424.197180444367,6250692,INFY.NS
2025-10-03,1424.7880859375,1426.4625254104503,1411.5901076030302,1417.3027030735375,6877533,INFY.NS
2025-10-06,1453.744873046875,1456.5027027407555,1420.5530497148675,1424.7881421800753,4630590,INFY.NS
2025-10-07,1436.5086669921875,1460.5407866669368,1432.0765182081868,1455.4191203786977,5570320,INFY.NS
2025-10-08,1472.4583740234375,1475.4131399913774,1433.061494450904,1435.0313384295307,4657192,INFY.NS
2025-10-09,1486.5428466796875,1491.171932062491,1464.5790376333712,1479.352867871771,7028753,INFY.NS
2025-10-10,1492.058349609375,1498.755747016607,1476.2011295853695,1487.2322078030077,3738353,INFY.NS
2025-10-13,1470.6854248046875,1482.0120273618204,1461.0332617199265,1474.4281763502415,5859355,INFY.NS
2025-10-14,1467.435302734375,1491.5658915845438,1464.0865439092208,1476.3980688327763,5600789,INFY.NS
2025-10-15,1452.1690673828125,1466.1549121391147,1445.373081319078,1461.5258266826634,6986098,INFY.NS
2025-10-16,1449.312744140625,1452.267510183725,1438.478601982591,1451.6765810210527,8005748,INFY.NS
2025-10-17,1419.37109375,1436.410292725158,1412.3781714796953,1432.9630656678505,16959378,INFY.NS
2025-10-20,1438.87255859375,1444.8805586841174,1428.136884861602,1431.781048131079,6994246,INFY.NS
2025-10-21,1450.19921875,1463.5941342911037,1447.8353818357486,1455.7147580634262,1698704,INFY.NS
2025-10-23,1505.4532470703125,1522.6893817276436,1483.292502510887,1487.2321904325627,20358624,INFY.NS
2025-10-24,1502.4000244140625,1519.7346273554492,1495.111577657532,1516.2874003977408,8652257,INFY.NS
2025-10-27,1504.5,1515.300048828125,1498.0999755859375,1510.0,7273211,INFY.NS
2025-10-28,1500.199951171875,1506.5,1490.5,1499.699951171875,8211019,INFY.NS
2025-10-29,1510.4000244140625,1520.199951171875,1496.9000244140625,1500.199951171875,4884976,INFY.NS
2025-10-30,1493.800048828125,1508.199951171875,1489.0999755859375,1507.0,5608867,INFY.NS
2025-10-31,1482.300048828125,1497.0999755859375,1480.699951171875,1490.0,4819814,INFY.NS
2025-11-03,1485.5,1491.4000244140625,1474.199951171875,1482.300048828125,5470600,INFY.NS
2025-11-04,1467.9000244140625,1481.9000244140625,1462.9000244140625,1479.699951171875,8691330,INFY.NS
2025-11-06,1466.699951171875,1483.0,1461.9000244140625,1478.5999755859375,7944752,INFY.NS
2025-11-07,1476.800048828125,1480.9000244140625,1449.0999755859375,1470.0,8765759,INFY.NS
2025-11-10,1513.5,1520.0,1490.0,1490.0999755859375,9787975,INFY.NS
2025-11-11,1530.300048828125,1533.4000244140625,1511.0999755859375,1525.0,13692989,INFY.NS
2025-11-12,1551.699951171875,1559.199951171875,1538.0999755859375,1540.0,14635417,INFY.NS
2025-11-13,1541.800048828125,1557.5,1530.300048828125,1557.0999755859375,19655689,INFY.NS
2025-11-14,1502.800048828125,1530.0,1488.800048828125,1520.0,9739549,INFY.NS
2025-11-17,1507.5999755859375,1510.199951171875,1492.5,1496.0,7910354,INFY.NS
2025-11-18,1486.4000244140625,1506.0,1483.199951171875,1506.0,7525119,INFY.NS
2025-11-19,1541.0999755859375,1543.0,1490.5,1490.5,10981126,INFY.NS
2025-11-20,1536.5,1555.0,1534.0,1555.0,7387584,INFY.NS
2025-11-21,1545.0,1551.5,1526.300048828125,1531.0,9186302,INFY.NS
2025-11-24,1548.0,1585.0,1541.0,1563.5999755859375,19270381,INFY.NS
2025-11-25,1530.5999755859375,1550.5999755859375,1525.9000244140625,1549.0,8107952,INFY.NS
2025-11-26,1557.9000244140625,1560.300048828125,1532.0999755859375,1532.0999755859375,7575038,INFY.NS
2025-11-27,1566.4000244140625,1574.300048828125,1552.199951171875,1564.0,7552252,INFY.NS
2025-11-28,1560.0999755859375,1568.4000244140625,1557.0,1565.0,4453221,INFY.NS
2025-12-01,1564.0,1574.0,1556.0,1562.5,5341800,INFY.NS
2025-12-02,1561.0,1579.9000244140625,1556.0999755859375,1567.0,6335969,INFY.NS
2025-12-03,1578.699951171875,1586.0,1554.0999755859375,1555.0999755859375,12895312,INFY.NS
2025-12-04,1597.5999755859375,1599.0,1568.0,1568.0,12609619,INFY.NS
2025-12-05,1616.199951171875,1631.800048828125,1600.0,1610.0,10344725,INFY.NS
2025-12-08,1610.800048828125,1630.0,1600.199951171875,1617.0999755859375,7550413,INFY.NS
2025-12-09,1599.0,1606.9000244140625,1582.4000244140625,1601.199951171875,6957599,INFY.NS
2025-12-10,1584.800048828125,1608.0,1582.800048828125,1608.0,5116140,INFY.NS
2025-12-11,1598.0,1607.4000244140625,1580.5,1598.0,5159319,INFY.NS
2025-12-12,1598.199951171875,1601.800048828125,1582.5999755859375,1601.4000244140625,4633912,INFY.NS
2025-12-15,1606.800048828125,1610.800048828125,1585.0,1585.0,4190558,INFY.NS
2025-12-16,1592.9000244140625,1603.0,1585.5999755859375,1600.0,5499258,INFY.NS
2025-12-17,1602.0,1606.9000244140625,1586.0,1587.199951171875,4817628,INFY.NS
2025-12-18,1626.800048828125,1630.0,1606.699951171875,1610.5,6577293,INFY.NS
2025-12-19,1638.699951171875,1654.9000244140625,1629.800048828125,1650.0,13149023,INFY.NS
2025-12-22,1689.5999755859375,1693.199951171875,1664.0,1664.0,23098923,INFY.NS
2025-12-23,1668.300048828125,1679.0,1656.4000244140625,1679.0,6593060,INFY.NS
2025-12-24,1663.4000244140625,1667.5999755859375,1652.5,1661.0,4271167,INFY.NS
2025-12-26,1656.0999755859375,1668.800048828125,1651.699951171875,1663.4000244140625,2006491,INFY.NS
2025-12-29,1644.699951171875,1673.0999755859375,1637.0999755859375,1658.0,4062817,INFY.NS
2025-12-30,1621.5999755859375,1647.9000244140625,1616.800048828125,1647.0,9395937,INFY.NS
