Date,Close,High,Low,Open,Volume,Ticker
2021-01-01,164.0678253173828,164.33634920082562,160.57702699017972,161.0373484371302,20279389,ITC.NS
2021-01-04,163.72256469726562,165.7173028499006,162.72519562094814,164.18288608074636,27927482,ITC.NS
2021-01-05,162.2265167236328,163.60749313139175,161.57438559842646,162.99373124241117,18718244,ITC.NS
2021-01-06,157.58489990234375,162.26487694798112,156.89441168507844,162.2265198685644,50957586,ITC.NS
2021-01-07,155.5901336669922,159.27274117232378,155.05308597928436,158.1219316458365,36298522,ITC.NS
2021-01-08,154.59278869628906,158.04522997142809,153.633776555553,156.77933686346938,58600546,ITC.NS
2021-01-11,155.3599853515625,158.12193805309028,154.4009733214458,156.51079492468168,44625924,ITC.NS
2021-01-12,158.39047241210938,158.73571044392008,154.66950743369455,155.74359076631347,36989137,ITC.NS
2021-01-13,162.07308959960938,163.41570903927234,157.46982642292312,159.15768391418302,66387977,ITC.NS
2021-01-14,164.29800415039062,166.1009451465759,162.3416226606528,162.64850364775788,50164605,ITC.NS
2021-01-15,167.1366424560547,167.63533305528,162.03470171283553,164.87336837982207,60567280,ITC.NS
2021-01-18,168.5943603515625,170.3205747534394,164.64322874568606,167.5586219843944,70211602,ITC.NS
2021-01-19,167.90386962890625,170.0904177226964,166.86814335990485,169.5533821268588,33009228,ITC.NS
2021-01-20,166.9832305908203,168.01895688359423,165.48717069454383,167.63536175741334,46392916,ITC.NS
2021-01-21,163.9527587890625,168.40256937688665,162.80193690225866,168.01896208128537,30116008,ITC.NS
2021-01-22,161.65110778808594,164.75829854747354,160.46192896159238,164.1828937518501,25663922,ITC.NS
2021-01-25,159.42620849609375,163.03210245796404,158.69736315034135,162.6484951653114,25929487,ITC.NS
2021-01-27,161.61276245117188,163.14719167647314,158.88917853863666,159.57966682700058,50338134,ITC.NS
2021-01-28,158.5055694580078,161.88128453775306,157.85343826031013,160.53867721697478,22984352,ITC.NS
2021-01-29,155.93539428710938,160.1934068415167,155.24490609335555,160.00160929341104,24679902,ITC.NS
2021-02-01,165.67897033691406,167.21338733355498,154.82295580055427,156.5108132811039,59968324,ITC.NS
2021-02-02,167.40518188476562,171.4713968912657,166.4845269071981,168.78615827234066,50324035,ITC.NS
2021-02-03,166.29275512695312,170.32060152192255,165.48718341644837,169.93699420869825,55709225,ITC.NS
2021-02-04,176.41990661621094,177.53235919849692,165.71732083161012,165.79404714929157,109894300,ITC.NS
2021-02-05,179.7956085205078,183.24806157452298,174.34842939833393,178.10775122835975,130323308,ITC.NS
2021-02-08,178.8366241455078,182.63431579777975,177.60910022139598,182.21235140947778,43093963,ITC.NS
2021-02-09,175.69105529785156,183.5166050428732,175.07729336513415,179.98743745708754,73377134,ITC.NS
2021-02-10,174.57859802246094,177.3021938807802,171.16451392946587,175.69105061401896,49104142,ITC.NS
2021-02-11,173.7346649169922,175.9212129644523,172.23860508675352,175.69104617286087,45311749,ITC.NS
2021-02-12,166.8297882080078,173.19762284674061,165.56388297035267,173.19762284674061,114826417,ITC.NS
2021-02-15,167.71206665039062,169.55337664752713,166.86813796735007,167.5969832558755,33000365,ITC.NS
2021-02-16,167.44354248046875,170.16713823472256,166.67634011433913,168.0573165309252,30271502,ITC.NS
2021-02-17,167.0599365234375,167.5586271834813,166.13929367689136,166.94485312823102,20615018,ITC.NS
2021-02-18,167.90386962890625,169.24648901238322,167.17502431682723,167.40519111329561,24997592,ITC.NS
2021-02-19,165.67897033691406,167.94224482906344,164.18291042186195,167.90387558992106,29208388,ITC.NS
2021-02-22,162.76451110839844,166.65576876009627,161.9390920636694,166.65576876009627,53531490,ITC.NS
2021-02-23,163.9043731689453,165.5159091608151,162.72521021457197,163.51132715554562,27703323,ITC.NS
2021-02-24,164.17947387695312,164.92628853071307,162.33211320701778,164.3760092940833,13667471,ITC.NS
2021-02-25,164.41534423828125,166.0268801694986,164.14020456500447,164.69048391155803,26953713,ITC.NS
2021-02-26,160.2489471435547,163.51132111673056,159.58074901411376,162.9217272042317,45101885,ITC.NS
2021-03-01,162.64657592773438,163.31477400950678,160.40615659132777,161.50671520669744,16850430,ITC.NS
2021-03-02,165.00491333007812,165.71241351448143,162.332133471545,162.72519189778814,26590262,ITC.NS
2021-03-03,165.0442352294922,166.6557586545157,164.1401995632367,166.6557586545157,21648963,ITC.NS
2021-03-04,164.8477020263672,166.10548158915327,163.19686401450676,164.1402018008679,25858155,ITC.NS
2021-03-05,163.94366455078125,165.0835252340311,162.8824080762601,163.511304031517,17990773,ITC.NS
2021-03-08,163.51132202148438,165.71242696434163,163.27548445517988,164.84770583067413,23874105,ITC.NS
2021-03-09,163.35409545898438,164.88701478947416,160.9564549589029,164.06159573020372,23463213,ITC.NS
2021-03-10,162.33213806152344,164.45463867474754,161.78185874064096,164.3760344615278,20358192,ITC.NS
2021-03-12,161.31021118164062,163.51132867109882,159.97381486101608,163.51132867109882,31973696,ITC.NS
2021-03-15,161.50672912597656,161.93908969683633,158.48020512995814,161.82118336967292,42699297,ITC.NS
2021-03-16,163.3933868408203,164.21880578296356,161.1136529951976,162.2535261465517,50641203,ITC.NS
2021-03-17,165.55520629882812,168.14938216046383,163.9436828124423,166.8129858923604,81604999,ITC.NS
2021-03-18,171.0972900390625,172.23715077016337,166.57713676358742,167.44187029550253,95536034,ITC.NS
2021-03-19,175.263671875,177.77923084932226,169.44644953255835,172.15853149105845,139352860,ITC.NS
2021-03-22,177.66131591796875,177.9757576602398,174.12380271762166,175.53880301492646,47823778,ITC.NS
2021-03-23,174.6741180419922,179.31217829742732,173.96661774733556,176.8752356062962,43165463,ITC.NS
2021-03-24,169.7609100341797,175.14578489741663,169.2106306692199,173.7307843752592,28672557,ITC.NS
2021-03-25,166.34132385253906,169.76090629627717,164.336741899802,169.13202272564862,42248040,ITC.NS
2021-03-26,165.79103088378906,168.58172952770713,165.35867035021866,168.42450864796206,27083832,ITC.NS
2021-03-30,168.66033935546875,169.0140956894897,165.39797796367802,167.63839737455197,28862387,ITC.NS
2021-03-31,171.76548767089844,172.3943711938013,167.20603230150908,168.26728881776503,37890481,ITC.NS
2021-04-01,172.9839630126953,173.4163235749613,170.82216020136542,172.94466090442202,30182056,ITC.NS
2021-04-05,167.08811950683594,172.9446566946344,165.4765960789059,171.05798114422925,32586507,ITC.NS
2021-04-06,167.166748046875,168.9748070539272,165.20146814230787,168.0707713218575,26663018,ITC.NS
2021-04-07,168.07077026367188,169.17132899643423,167.00952609785614,167.20604910424063,15790468,ITC.NS
2021-04-08,167.63841247558594,169.8788320882791,167.32397067729957,168.89619212581871,14660557,ITC.NS
2021-04-09,167.5204620361328,169.76088122552775,167.08810153090616,168.0314392046211,16994483,ITC.NS
2021-04-12,161.3887939453125,165.86963254906777,161.15296885785764,165.08352816240887,35840817,ITC.NS
2021-04-13,164.0615997314453,164.8477166995668,161.93909886602236,162.72521583414385,21027436,ITC.NS
2021-04-15,162.48936462402344,165.43728432160052,161.9390852839088,164.29742353338779,18205903,ITC.NS
2021-04-16,163.4720001220703,164.49395455881864,162.33213936454595,163.51131468608185,13824608,ITC.NS
2021-04-19,161.6246337890625,162.01769221652623,160.170331310241,161.15297115035747,16400507,ITC.NS
2021-04-20,160.01312255859375,162.72520473660538,159.1877035354844,162.09630871358013,22187707,ITC.NS
2021-04-22,161.8604736328125,162.1749153964093,157.6547745591763,158.79463529502908,24030915,ITC.NS
2021-04-23,161.42813110351562,162.72521286587724,160.56340992860788,160.56340992860788,20381213,ITC.NS
2021-04-26,161.3887939453125,162.5286671058677,160.91713131331716,161.78185236718474,20652091,ITC.NS
2021-04-27,161.46743774414062,162.68591531956153,161.19229804830647,161.38882106372185,11885588,ITC.NS
2021-04-28,161.5460205078125,162.33212486151837,161.38878717998625,161.9390664561229,13197445,ITC.NS
2021-04-29,160.60269165039062,163.15755274020708,160.40615620835197,162.80380887587472,13601150,ITC.NS
2021-04-30,159.26629638671875,161.7032511735352,158.79463374592484,160.28825079406764,17130954,ITC.NS
2021-05-03,157.96922302246094,158.67672324910268,157.22242068797422,158.16574601877224,21405441,ITC.NS
2021-05-04,156.90798950195312,159.06980506435596,156.51494345159654,158.16576925152384,18962501,ITC.NS
2021-05-05,158.32298278808594,158.79464546368473,156.8293656297263,158.36228489678084,14396547,ITC.NS
2021-05-06,159.38421630859375,161.89977532510906,158.87323910124078,159.03047243972318,14872429,ITC.NS
2021-05-07,161.42813110351562,162.29285227842337,159.54145539727386,159.54145539727386,20213092,ITC.NS
2021-05-10,161.58534240722656,163.07894709079335,161.1529818454481,162.84312198433295,16922951,ITC.NS
2021-05-11,160.36685180664062,162.33213145637367,160.17032882450155,160.28824759661921,14277000,ITC.NS
2021-05-12,159.7772674560547,161.3494886554245,159.4628257075978,160.28824464011115,17174525,ITC.NS
2021-05-14,166.85227966308594,167.59909443438875,160.36685901871917,161.15297589680017,64021335,ITC.NS
2021-05-17,167.12742614746094,170.58632311230164,166.38062380275707,170.42910222168433,39465392,ITC.NS
2021-05-18,165.12281799316406,168.69963317210977,164.80837626187434,168.30657477945527,31653409,ITC.NS
2021-05-19,163.3147735595703,166.18408886417703,163.1575526802486,165.1228323573984,25345241,ITC.NS
2021-05-20,162.72518920898438,164.53324797415846,162.56796833250212,163.8650499062948,21688686,ITC.NS
2021-05-21,164.3367156982422,164.96559916860267,163.03962174072527,163.1968426083154,23509878,ITC.NS
2021-05-24,166.26271057128906,166.6950711491929,163.3147907453518,164.69048915553992,29977506,ITC.NS
2021-05-25,165.79103088378906,167.75631056623115,165.28005368180322,167.441868806741,26310600,ITC.NS
2021-05-26,165.55520629882812,167.00952135024505,165.31938118928798,166.498544108249,18253046,ITC.NS
2021-05-27,165.987548828125,168.3458868668495,165.3193632237728,165.86963005762595,49385674,ITC.NS
2021-05-28,167.36328125,167.83494397127765,166.30203701285328,167.0488394358149,26583388,ITC.NS
2021-05-31,170.27191162109375,171.293853820445,168.5424566024737,169.01413181531956,75852502,ITC.NS
2021-06-01,169.21063232421875,172.47300643612786,168.42452783593546,171.37244769544404,40247686,ITC.NS
2021-06-02,164.29742431640625,167.00951892192145,163.98298253686687,165.4765996753088,100377464,ITC.NS
2021-06-03,164.3367156982422,165.6730993013006,164.06156360860345,165.6730993013006,48454441,ITC.NS
2021-06-04,164.10089111328125,164.84769340751643,163.51130969903846,164.69047252752407,31286264,ITC.NS
2021-06-07,166.22340393066406,166.9702062799439,165.24076401546984,165.3979849070505,32643869,ITC.NS
2021-06-08,167.9528350830078,168.42451018362948,166.0268699457557,166.81297435164862,22080199,ITC.NS
2021-06-09,167.048828125,168.81757255284614,166.26271118567698,168.22799107689744,25846432,ITC.NS
2021-06-10,169.29049682617188,170.98906638458726,167.83458372389148,168.8051839139019,31902690,ITC.NS
2021-06-11,168.15811157226562,170.22065292956617,168.0367833482013,170.09933752276615,22249404,ITC.NS
2021-06-14,167.67283630371094,168.602998130399,165.97426655000282,168.19857492943044,18358717,ITC.NS
2021-06-15,167.4705810546875,168.5625221727644,167.4301425887627,167.87500416572573,15426377,ITC.NS
2021-06-16,168.11767578125,169.33093240669035,167.47059618168782,167.47059618168782,20878518,ITC.NS
2021-06-17,166.3382110595703,168.23899850929826,165.81247252045043,167.3897137723383,22304032,ITC.NS
2021-06-18,165.448486328125,166.98528909758022,163.790368155021,166.62130443484187,24475206,ITC.NS
2021-06-21,165.36761474609375,166.62130982916455,163.7094837020442,164.27567353979143,19809308,ITC.NS
2021-06-22,165.89334106445312,166.82351550813178,165.2867128022464,166.70218729223774,18737552,ITC.NS
2021-06-23,164.96316528320312,166.49996785722158,164.6800704094961,166.33818837173553,13059519,ITC.NS
2021-06-24,164.39698791503906,165.5293674951364,163.8307981249904,165.36760081473153,23299321,ITC.NS
2021-06-25,165.8529052734375,166.2977668607156,164.80141541416782,165.0036205657438,14411660,ITC.NS
2021-06-28,164.6800994873047,166.5404357262528,164.4778815033724,166.5404357262528,15190488,ITC.NS
2021-06-29,164.43743896484375,166.05511870995298,164.3161107409393,164.68009541265263,13839294,ITC.NS
2021-06-30,163.9521484375,165.32717181490213,163.8308202065276,165.24629487243058,16556397,ITC.NS
2021-07-01,164.1947784423828,164.84185801472717,163.50727321942588,164.11390150662976,10583793,ITC.NS
2021-07-02,163.70947265625,164.76096250514976,163.58814443959548,164.43742913891344,13187847,ITC.NS
2021-07-05,164.7205047607422,165.084489368107,163.9521099015436,164.19475348919144,10642939,ITC.NS
2021-07-06,163.79037475585938,164.84186468403908,163.58815677376725,164.39700306760673,11515716,ITC.NS
2021-07-07,164.80142211914062,165.97424024397768,163.6286039943036,163.79037068559862,18568033,ITC.NS
2021-07-08,163.3859405517578,165.40804333224568,163.22417386739042,164.59919709314508,21730892,ITC.NS
2021-07-09,162.86019897460938,163.66904526218303,162.4962271172863,163.38595034325868,12289809,ITC.NS
2021-07-12,162.65798950195312,163.8308076157777,162.53666128030505,163.38594601457748,13589278,ITC.NS
2021-07-13,163.26461791992188,163.5477128315662,162.8601947865351,163.3859461416643,11247522,ITC.NS
2021-07-14,165.08450317382812,165.93378784477483,163.1432774067319,163.26460561933328,21269167,ITC.NS
2021-07-15,166.8235321044922,168.64341707216278,164.11391107083816,165.3271677159519,29963443,ITC.NS
2021-07-16,168.15811157226562,169.57358615757553,167.59192173814168,167.99634487926798,30137464,ITC.NS
2021-07-19,168.03677368164062,169.4522481855233,166.9043940785345,167.26837872978874,17099088,ITC.NS
2021-07-20,167.2683868408203,169.29048971091714,166.94485345774822,168.40076649883682,24567907,ITC.NS
2021-07-22,167.4301300048828,168.44118129785713,166.4999684549419,167.4301300048828,19016769,ITC.NS
2021-07-23,171.79788208007812,172.76849498680951,167.02572011310522,167.43014322568192,46241640,ITC.NS
2021-07-26,170.78683471679688,174.18397356147904,170.50373981307337,173.092032413613,49084040,ITC.NS
2021-07-27,168.76473999023438,172.28320722143818,168.1985501557249,171.47436093863482,25378089,ITC.NS
2021-07-28,169.12872314453125,169.8566796656142,167.794125508159,168.48164356064405,15304399,ITC.NS
2021-07-29,166.66175842285156,170.01844610864407,166.33821222274898,169.12872289720647,16204679,ITC.NS
2021-07-30,165.7720184326172,167.51103916265964,165.4889363423467,166.70219290762893,15515733,ITC.NS
2021-08-02,167.67283630371094,167.83460302064512,166.176471741854,166.98531814379103,10046707,ITC.NS
2021-08-03,169.77578735351562,170.58463361687345,166.98528953427999,167.8345742656265,19179805,ITC.NS
2021-08-04,168.72430419921875,170.74640712105705,168.31988105139817,170.5846404253817,11421835,ITC.NS
2021-08-05,174.1030731201172,175.31634241183545,167.3492471297339,168.72428309689533,48995450,ITC.NS
2021-08-06,173.2942657470703,174.7097275739151,171.95966804418703,174.22442747476245,24489836,ITC.NS
2021-08-09,172.93028259277344,175.63990367590895,172.04055932780713,173.90089561694802,21142199,ITC.NS
2021-08-10,169.73536682128906,173.4560395182723,168.68387682162526,173.09205481612017,18855165,ITC.NS
2021-08-11,168.76473999023438,170.34198126961587,167.7941270143232,169.7353529661455,16012451,ITC.NS
2021-08-12,168.9669647216797,173.2538143035047,168.52210309353998,170.05889314810815,28758718,ITC.NS
2021-08-13,171.02951049804688,171.71702860160443,169.2096126515157,169.73536405140064,19576945,ITC.NS
2021-08-16,170.58462524414062,172.48539977074617,170.26109188158296,170.9890483559694,11621038,ITC.NS
2021-08-17,169.2095947265625,171.06993084762374,168.88606135349025,170.50374103611537,8161139,ITC.NS
2021-08-18,169.00741577148438,171.06995736612583,168.52211563664693,169.53316719717432,11149120,ITC.NS
2021-08-20,168.9669647216797,170.4228778350942,167.18750539185598,167.43016184984666,20168965,ITC.NS
2021-08-23,166.86395263671875,170.01843495562278,166.62129620687585,169.45224516416496,10319044,ITC.NS
2021-08-24,166.41909790039062,167.43014930994136,165.56981317829633,167.43014930994136,12971124,ITC.NS
2021-08-25,166.9448699951172,168.15812671045344,166.62132376273078,166.9448699951172,10994627,ITC.NS
2021-08-26,165.48895263671875,167.30883766383158,165.28673464441835,166.94486578531507,15407558,ITC.NS
2021-08-27,166.54043579101562,167.30883080536913,165.73158948950118,165.81247924655847,10879860,ITC.NS
2021-08-30,168.23898315429688,168.40074982982057,166.62129076453408,166.62129076453408,12550267,ITC.NS
2021-08-31,170.9081573486328,171.15081377739654,167.6323468293755,168.27942636699106,26802390,ITC.NS
2021-09-01,169.45225524902344,171.71701454964062,169.29048855858852,170.66551183591744,16867486,ITC.NS
2021-09-02,169.65444946289062,171.06992393446035,169.04782120857885,169.04782120857885,14872714,ITC.NS
2021-09-03,170.34197998046875,170.86773134203847,169.65446192701546,169.65446192701546,10622796,ITC.NS
2021-09-06,169.29049682617188,170.8272996862522,169.08829165756924,170.66552017065237,11041632,ITC.NS
2021-09-07,171.2721710205078,173.37515103534764,169.9780245431966,170.58465290065942,38933378,ITC.NS
2021-09-08,170.86773681640625,172.2832114373175,169.61402889256135,171.67657030173794,17897021,ITC.NS
2021-09-09,172.0001220703125,173.0111735725918,170.30155247033966,170.70597563470437,19784972,ITC.NS
2021-09-13,173.21336364746094,174.0222099056848,171.31258903962518,172.566296894693,16661794,ITC.NS
2021-09-14,174.7906036376953,175.72077810977382,173.25380088488862,173.81999069817195,20377545,ITC.NS
2021-09-15,174.70970153808594,175.68031440901208,174.14352458208054,175.5994374798383,21028598,ITC.NS
2021-09-16,186.64015197753906,188.98580131414815,174.95239503671309,175.4781464568138,154986538,ITC.NS
2021-09-17,186.96368408203125,191.93805169133506,185.30555300075352,188.46003564837946,82563658,ITC.NS
2021-09-20,189.066650390625,193.59616886899988,186.2357013416407,186.84234243589717,73101936,ITC.NS
2021-09-21,195.33517456054688,196.1035695149127,187.40853013013447,190.0372611789376,58854434,ITC.NS
2021-09-22,196.95286560058594,198.81320180251942,194.6881062560992,196.95286560058594,54648494,ITC.NS
2021-09-23,196.1439971923828,198.6514127030428,195.4969304910918,198.16609985981162,22630330,ITC.NS
2021-09-24,192.8682098388672,197.3572769737961,192.26156875258198,197.3572769737961,25779310,ITC.NS
2021-09-27,193.07041931152344,195.6182734791667,190.48212667631043,193.96014250164095,23772123,ITC.NS
2021-09-28,192.30203247070312,195.41606376775604,191.12920150622588,194.00058917033908,16319138,ITC.NS
2021-09-29,192.58511352539062,195.2542830164171,190.64388769804088,190.8865441307755,16045073,ITC.NS
2021-09-30,191.0078887939453,194.44545352827274,190.27993225032407,194.04104319524453,16987893,ITC.NS
2021-10-01,190.36077880859375,191.69536345602324,188.3791146605162,190.23945060114335,16570661,ITC.NS
2021-10-04,191.37185668945312,192.78733127749896,190.4012437123268,190.88655660952213,11098123,ITC.NS
2021-10-05,189.83506774902344,192.05938878342423,189.67330104389225,191.2101039685365,9578825,ITC.NS
2021-10-06,187.0445556640625,191.21008966571424,186.5188042987642,189.91594330420364,18179336,ITC.NS
2021-10-07,188.41958618164062,190.0372658811418,187.89383483196556,188.46002464938059,10770973,ITC.NS
2021-10-08,187.40853881835938,189.91594176592358,187.004115680426,189.8755032973095,10114327,ITC.NS
2021-10-11,192.54464721679688,193.71746518805563,187.4085137846383,187.65115738117504,22000303,ITC.NS
2021-10-12,195.17340087890625,196.54843696168246,192.5042312837722,192.9895313509064,30347455,ITC.NS
2021-10-13,201.56324768066406,202.93827089221273,194.24323158940012,196.1844574162804,52091422,ITC.NS
2021-10-14,207.5082550048828,211.79511751994607,202.4934359134187,204.83908516383485,88696178,ITC.NS
2021-10-18,212.3612518310547,214.58555944996908,208.15528017703176,211.1075441818874,62614961,ITC.NS
2021-10-19,198.93450927734375,212.36127161570184,198.2065528235824,211.43109720312384,61336411,ITC.NS
2021-10-20,199.4602813720703,200.99708428545208,196.02270366574527,198.93454278856314,49663940,ITC.NS
2021-10-21,197.92349243164062,200.87575722610185,196.6293459752534,200.59266228822761,23385990,ITC.NS
2021-10-22,191.37185668945312,198.8132014853145,189.0262204105568,197.9234782634755,36905793,ITC.NS
2021-10-25,188.7835693359375,191.41230060727338,186.43793299026947,189.3497591872732,23194065,ITC.NS
2021-10-26,191.4527587890625,193.31309510797695,188.1365093192176,189.34976600590457,19663381,ITC.NS
2021-10-27,192.8682098388672,195.17339469769658,191.04831221453878,194.32412281142447,26909428,ITC.NS
2021-10-28,182.0701904296875,190.84612015074669,181.30178260678912,190.1586020839877,48064941,ITC.NS
2021-10-29,180.5333709716797,184.61801489201832,179.80541450253753,181.98928390996403,27668175,ITC.NS
2021-11-01,183.48565673828125,184.05184659341992,179.96720219614633,181.30178707585975,24090945,ITC.NS
2021-11-02,182.47459411621094,185.4268714402308,181.58487091738763,184.41582002024722,14896284,ITC.NS
2021-11-03,179.9267120361328,183.48560402629886,179.32007106757166,182.79809895736477,18530527,ITC.NS
2021-11-04,183.24301147460938,183.8496397948067,181.1804572417679,181.8679753193817,7295341,ITC.NS
2021-11-08,185.87173461914062,186.59969113502424,182.5554854207232,185.79084486525838,21051238,ITC.NS
2021-11-09,185.02243041992188,186.76143818146738,184.29447398060663,185.91215353272244,11964518,ITC.NS
2021-11-10,186.72100830078125,188.3386879272601,183.7687311264887,183.97094909058816,13948380,ITC.NS
2021-11-11,186.0334930419922,187.2467623927212,184.86067497503865,186.3570264086145,8448263,ITC.NS
2021-11-12,188.379150390625,189.2284351866003,185.34599589811256,187.00412701899717,12312123,ITC.NS
2021-11-15,192.58511352539062,193.3130700063309,188.54089518795593,189.2284132025283,40247848,ITC.NS
2021-11-16,190.44171142578125,193.8388379128573,190.07772672148803,193.35353779106512,15241184,ITC.NS
2021-11-17,193.71751403808594,198.3683614499821,190.60348242295095,190.88657737135102,48496295,ITC.NS
2021-11-18,192.0998077392578,196.5484365388414,191.12919478981354,194.12191057386272,21005037,ITC.NS
2021-11-22,186.76144409179688,194.72852671233866,185.66951580689974,192.423329112012,23443628,ITC.NS
2021-11-23,187.32765197753906,188.2173752044726,185.34598754292787,185.34598754292787,13950744,ITC.NS
2021-11-24,184.1731719970703,188.21737786187813,183.56654368080208,188.01517269554358,14684422,ITC.NS
2021-11-25,187.08499145507812,187.81294797192888,182.5959241316211,183.60697556153963,24825493,ITC.NS
2021-11-26,181.18043518066406,186.07392525100113,180.4524787216126,185.1437636489266,28067913,ITC.NS
2021-11-29,179.15835571289062,180.8973637470813,178.10686576175002,179.56277886864154,22985358,ITC.NS
2021-11-30,178.875244140625,182.15105473493767,177.94508250449095,179.56276215969913,24408641,ITC.NS
2021-12-01,179.48190307617188,180.61426997534863,178.43040030103901,179.56278001748063,13496307,ITC.NS
2021-12-02,182.35328674316406,182.91946377140644,178.9965861398687,179.48189904588298,16517389,ITC.NS
2021-12-03,179.27967834472656,182.95991228472909,179.0370347126625,181.98929930467966,14325920,ITC.NS
2021-12-06,176.2465057373047,179.7245213367751,175.92297238322908,179.27965977060538,13644352,ITC.NS
2021-12-07,178.4708251953125,179.52231499767808,176.40827123799244,177.05535075909177,9246755,ITC.NS
2021-12-08,181.94886779785156,182.51505765644038,178.75394663425175,178.75394663425175,10241656,ITC.NS
2021-12-09,190.4012451171875,191.25052987628138,180.37162033709367,180.37162033709367,39714672,ITC.NS
2021-12-10,190.96743774414062,193.27263560468322,189.0666630343934,191.04832750120553,36517117,ITC.NS
2021-12-13,189.75418090820312,193.11086870344965,189.39019622769308,192.50424038653088,22903720,ITC.NS
2021-12-14,184.90113830566406,191.776293765857,184.0518534911274,190.07772413678364,38953007,ITC.NS
2021-12-15,181.22091674804688,187.81296444630047,180.6951653441569,186.0335178750809,35987634,ITC.NS
2021-12-16,180.2907257080078,182.91945685285543,178.59215623573184,182.79814144820494,25131188,ITC.NS
2021-12-17,176.28695678710938,180.25028551789234,175.31635665559287,180.20984705006182,30827201,ITC.NS
2021-12-20,171.79788208007812,174.91192594792898,169.69490240230073,174.91192594792898,38778895,ITC.NS
2021-12-21,171.87879943847656,174.26487439660772,170.70598119569812,173.09205615382928,20142586,ITC.NS
2021-12-22,171.474365234375,173.2538117204035,170.74640868852111,173.09204502324314,17903428,ITC.NS
2021-12-23,175.76124572753906,176.69140753662276,172.44499604998674,173.01118595717367,23065082,ITC.NS
2021-12-24,176.32742309570312,178.3090748126719,175.07371513076222,176.32742309570312,17220191,ITC.NS
2021-12-27,175.96343994140625,176.6913965170659,174.42664984682762,176.65095804543625,8467106,ITC.NS
2021-12-28,177.98553466796875,178.43039628695365,176.32741641852766,176.32741641852766,12014352,ITC.NS
2021-12-29,175.31634521484375,178.18773258871042,174.95236057632988,177.9450761630345,11923119,ITC.NS
2021-12-30,174.70970153808594,176.24650418228043,174.30529125769107,175.1950143821805,10116360,ITC.NS
2021-12-31,176.3678436279297,176.97447190442713,174.83104088584093,175.43768197960213,7875890,ITC.NS
2022-01-03,177.21713256835938,177.8237608593242,175.5590015679738,176.36784783410297,8064567,ITC.NS
2022-01-04,178.1472930908203,179.32011119706465,177.17669295843712,177.5406648037648,9398805,ITC.NS
2022-01-05,178.3899688720703,179.1583639311592,176.8531659366272,177.66201228523207,11663111,ITC.NS
2022-01-06,176.8936004638672,178.26862374548108,176.48917732788752,177.13624409164368,9295303,ITC.NS
2022-01-07,176.65093994140625,178.4708376026762,175.92298344035106,177.78331956910634,9196075,ITC.NS
2022-01-10,180.6142578125,181.7466374526854,177.05536502021903,177.86419846516287,16451394,ITC.NS
2022-01-11,179.5223388671875,181.38267511396404,178.91571054736713,180.65471856672667,8329596,ITC.NS
2022-01-12,180.16940307617188,180.89735961298143,179.2392413747403,179.96719791154985,13665682,ITC.NS
2022-01-13,181.1400146484375,182.6363789970961,180.16940166785685,181.09957617928208,11944029,ITC.NS
2022-01-14,180.04808044433594,181.82752683686576,179.80542400271315,181.1400087971105,10976796,ITC.NS
2022-01-17,181.66575622558594,182.47458965142386,179.03702516140123,180.0480765566464,12792728,ITC.NS
2022-01-18,178.55172729492188,183.84964115279135,178.18775542702093,181.66577149359125,14948456,ITC.NS
2022-01-19,178.22821044921875,179.88632887847726,176.89362544753274,178.55174387679125,11915686,ITC.NS
2022-01-20,176.9340362548828,179.68409559376028,176.327407968725,178.3899492685671,17997322,ITC.NS
2022-01-21,175.5590057373047,178.34951644963698,174.70972098287874,176.73183669622463,17225050,ITC.NS
2022-01-24,171.3125762939453,176.12517656570654,170.58461984260947,175.55898679052723,18023332,ITC.NS
2022-01-25,173.33470153808594,173.6582349325195,169.4927008230772,171.47436529419593,19028606,ITC.NS
2022-01-27,173.57733154296875,174.3052879781512,170.7463827298911,170.86771093863197,24041247,ITC.NS
2022-01-28,176.0038299560547,177.3384273250467,173.98172748958024,173.98172748958024,15865353,ITC.NS
2022-01-31,178.1068572998047,178.5517189048157,175.59945436090052,176.7318340162973,15618203,ITC.NS
2022-02-01,184.21360778808594,185.06289254541718,177.25757585253209,178.75394020380048,44871108,ITC.NS
2022-02-02,187.77252197265625,188.70269652761772,185.2246675858555,186.03351391040766,42714702,ITC.NS
2022-02-03,189.63284301757812,190.2394713035828,187.4894119653995,187.77250687450356,28918394,ITC.NS
2022-02-04,189.5115203857422,192.90865939517457,187.28721233237408,191.89760794959554,58889867,ITC.NS
2022-02-07,186.19528198242188,189.87551612377928,184.82025860127987,189.26888778453238,25101983,ITC.NS
2022-02-08,187.0445556640625,187.89384041542235,185.26510922345955,186.27616066785018,16825239,ITC.NS
2022-02-09,186.1548309326172,188.4600287198056,185.02245127332966,187.89383889016185,12351873,ITC.NS
2022-02-10,187.8533935546875,188.78355520237838,184.21359826366677,184.98200604281706,20317032,ITC.NS
2022-02-11,188.01516723632812,188.70268528952616,185.87173613945438,187.65118256677707,18793513,ITC.NS
2022-02-14,181.7635498046875,187.18871229333118,180.97669898576711,187.18871229333118,23621214,ITC.NS
2022-02-15,184.7039031982422,185.11804004119819,181.01810760863412,183.04736895153604,13371177,ITC.NS
2022-02-16,184.49684143066406,186.11196604630967,183.7514003099906,185.3665249256362,11664158,ITC.NS
2022-02-17,184.4140167236328,185.8220663006464,182.9231345243862,184.74532096232798,14564261,ITC.NS
2022-02-18,183.79278564453125,185.07659262478543,183.4614683390345,184.41398426402407,9004891,ITC.NS
2022-02-21,180.56256103515625,183.29584057369956,179.85852971457953,182.46758001283092,16750193,ITC.NS
2022-02-22,177.9534912109375,179.6514481433659,176.421199497623,178.07773356271474,26741024,ITC.NS
2022-02-23,178.86459350585938,180.14841370688015,178.119152481906,179.56862478545895,11438476,ITC.NS
2022-02-24,172.69400024414062,176.669690308222,171.45160284135426,173.93641077204484,42933709,ITC.NS
2022-02-25,177.2080535888672,179.32013423381935,174.3919416872254,175.1787924299275,24543858,ITC.NS
2022-02-28,178.78176879882812,179.27872509191943,174.59900411278895,176.58685553538746,20806226,ITC.NS
2022-03-02,178.32626342773438,179.40300887396438,175.96569752149802,177.58080912828316,20039140,ITC.NS
2022-03-03,181.72213745117188,182.3847458944181,178.90601219202222,178.9474350635634,29631546,ITC.NS
2022-03-04,186.77459716796875,188.34829898881654,179.73430935062837,180.3140983767679,69409780,ITC.NS
2022-03-07,186.3190460205078,188.01699018094737,182.3019458115468,183.87564759436995,47001716,ITC.NS
2022-03-08,187.93414306640625,189.21795015453642,185.32509289516338,185.449335254525,37424203,ITC.NS
2022-03-09,189.8805694580078,191.6613459625949,187.2715193175173,188.5967492598926,43923809,ITC.NS
2022-03-10,192.1583251953125,192.57246206267456,188.72101413393293,191.33006458570702,37523806,ITC.NS
2022-03-11,195.76129150390625,196.3824902106581,190.62602348619623,192.07549588536253,43305144,ITC.NS
2022-03-14,197.95620727539062,198.3289212537235,194.89161032800456,195.6784611573547,36465969,ITC.NS
2022-03-15,197.00367736816406,199.94403174120512,195.38855295022438,197.95619337111165,34269168,ITC.NS
2022-03-16,200.93795776367188,201.2692619716211,198.0390131313231,198.78445416176746,22462538,ITC.NS
2022-03-17,202.84298706054688,203.25712390430283,201.0207875730442,203.13288153866426,35541798,ITC.NS
2022-03-21,202.5116729736328,205.2035559388632,201.9318971331737,203.67125090478717,29052540,ITC.NS
2022-03-22,206.86007690429688,207.68835055185687,201.7248091646828,202.5530828122428,38368305,ITC.NS
2022-03-23,208.72369384765625,210.13174335097898,205.82474909799515,208.2681341368943,42051087,ITC.NS
2022-03-24,211.08425903320312,212.45089878780126,208.2681337811327,208.68227061967937,39712133,ITC.NS
2022-03-25,209.84185791015625,211.8297095741102,206.44595668226,211.4569824651995,30412482,ITC.NS
2022-03-28,212.9064483642578,213.69329918097034,209.17924301520128,210.3802306762796,25876007,ITC.NS
2022-03-29,210.877197265625,213.27917270454668,210.1731659084905,212.90645871408157,18820674,ITC.NS
2022-03-30,206.404541015625,212.36806958625158,205.9489944234309,211.29132428880354,18281803,ITC.NS
2022-03-31,207.6055450439453,210.67014218991864,206.65304203748926,206.7358615379886,26644916,ITC.NS
2022-04-01,209.80043029785156,211.49837420466366,206.07322515170057,207.0671377739294,14856664,ITC.NS
2022-04-04,211.5812225341797,213.6104839242411,207.97825947947808,209.63479376468163,16520039,ITC.NS
2022-04-05,214.89430236816406,216.8821541146951,211.29133912461492,212.07818999817744,28230046,ITC.NS
2022-04-06,215.01852416992188,218.12453074221398,213.11350523056862,213.2791573394101,20352716,ITC.NS
2022-04-07,212.5751495361328,217.17203843753802,211.87111819534724,213.69330460668098,16679649,ITC.NS
2022-04-08,221.81036376953125,222.68003415528338,212.0367832724113,213.69331766806724,39283623,ITC.NS
2022-04-11,221.56187438964844,226.241582975269,220.3194769001305,222.597210005953,47924937,ITC.NS
2022-04-12,219.32553100585938,222.5143835038909,217.91748143706013,221.06489793653932,24460888,ITC.NS
2022-04-13,223.25982666015625,224.12949705953278,218.3730428975986,219.73968281104084,22239115,ITC.NS
2022-04-18,223.71534729003906,225.7031988649666,221.35479487312887,221.9759804432569,25339139,ITC.NS
2022-04-19,216.63365173339844,225.7031999791827,214.35591879788058,225.28905001348414,24280577,ITC.NS
2022-04-20,214.97711181640625,219.86389490586643,213.32057762296705,217.7518141373594,25454589,ITC.NS
2022-04-21,215.68115234375,219.03563061960256,215.01853076294887,215.10136338246824,24313956,ITC.NS
2022-04-22,216.26095581054688,217.83465756090808,214.14886168487445,215.34984943519387,16274820,ITC.NS
2022-04-25,211.41555786132812,214.52156438352554,209.13781186997957,214.35591227735577,25140992,ITC.NS
2022-04-26,214.4801788330078,215.92963820678108,212.24384233464923,212.53373683442763,21327644,ITC.NS
2022-04-27,213.27915954589844,214.1074332237923,211.82970029726076,212.20241426473058,17219401,ITC.NS
2022-04-28,216.26095581054688,218.4144465610787,213.8175574348109,214.9357256851739,28999835,ITC.NS
2022-04-29,214.97711181640625,217.83463362821678,214.10742841169926,217.83463362821678,21206335,ITC.NS
2022-05-02,217.95887756347656,219.07704569906468,212.90644233070114,213.6932931251151,19696250,ITC.NS
2022-05-04,215.14276123046875,220.36084846828265,214.19025834682608,218.66290455066658,26951488,ITC.NS
2022-05-05,217.0477752685547,219.65682539166832,215.68113559102144,217.0063655245704,18623544,ITC.NS
2022-05-06,220.85781860351562,221.43760753455692,214.4387306170208,214.52156323221985,35818441,ITC.NS
2022-05-09,217.79322814941406,220.4437012860046,215.80538970336823,220.4437012860046,22228031,ITC.NS
2022-05-10,215.14276123046875,220.98206026752487,214.60438204616457,217.0063703779609,18727774,ITC.NS
2022-05-11,211.7468719482422,217.17203446004757,208.5166229144991,214.52157438749515,18012072,ITC.NS
2022-05-12,209.46914672851562,212.36807851664443,206.3631399465158,211.20850055134554,20816708,ITC.NS
2022-05-13,214.1902618408203,216.05385789359528,210.79436082507505,211.16707478558305,12380764,ITC.NS
2022-05-16,210.4630584716797,215.30843217913517,209.55196525320807,215.30843217913517,8502159,ITC.NS
2022-05-17,219.2427215576172,219.90533006151077,211.04285600866098,211.20850813463437,18483427,ITC.NS
2022-05-18,220.98207092285156,221.81034461170077,217.95888377115804,220.3194624718665,20978307,ITC.NS
2022-05-19,228.31227111816406,231.29403581395096,217.50336753337663,217.50336753337663,81302807,ITC.NS
2022-05-20,231.9152374267578,233.86166634308432,229.43041612383328,229.43041612383328,33617466,ITC.NS
2022-05-23,227.3597412109375,232.28796086237807,226.15876657967587,231.91523373533641,22535903,ITC.NS
2022-05-24,224.33656311035156,227.77387399376755,223.63253178479854,227.77387399376755,16146766,ITC.NS
2022-05-25,225.8688507080078,226.86278967717007,224.04666426485957,226.0759388267412,15877459,ITC.NS
2022-05-26,226.2852020263672,227.60029743546008,223.86706785554793,227.60029743546008,19129574,ITC.NS
2022-05-27,228.4063720703125,229.67906159476308,224.88523928841508,228.23666758492703,13986762,ITC.NS
2022-05-30,228.2790985107422,229.93360294570672,227.04881495027382,229.50935518094212,12274291,ITC.NS
2022-05-31,229.63662719726562,232.90320322898515,226.0306690873399,228.27909888444083,24102167,ITC.NS
2022-06-01,230.65480041503906,232.56382124443414,229.2548123677556,229.636627289742,15265925,ITC.NS
2022-06-02,232.0547637939453,232.86079959901087,227.2609280270644,229.67906233252978,14789457,ITC.NS
2022-06-03,231.37596130371094,233.9213671252391,230.4426539028975,233.32744178924258,12968807,ITC.NS
2022-06-06,233.15773010253906,234.00619868348073,228.83057529708302,231.1214377765989,11345943,ITC.NS
2022-06-07,232.39414978027344,233.32745724290135,230.99418858633157,231.80022440494028,11245578,ITC.NS
2022-06-08,227.30335998535156,232.81836584770733,225.86096597650308,232.43655092355297,14915091,ITC.NS
2022-06-09,229.8063201904297,230.5275171544063,225.47915185170356,227.21850844452166,10239939,ITC.NS
2022-06-10,229.21240234375,229.93359933127138,228.02455164551102,228.2790949223148,8693455,ITC.NS
2022-06-13,224.5458526611328,228.32150175925312,223.14587807842375,226.03066603968242,11519902,ITC.NS
2022-06-14,225.224609375,226.92153313227908,223.18830355529187,223.31556174485257,7708043,ITC.NS
2022-06-15,223.48526000976562,226.79425519418118,223.1882973521104,225.6912702445092,5254329,ITC.NS
2022-06-16,221.1944122314453,227.3033568168182,220.17626600482828,226.53972697915424,14843837,ITC.NS
2022-06-17,223.40042114257812,224.1216181322031,219.37021532538816,219.7520302417075,17296080,ITC.NS
2022-06-20,224.07919311523438,225.81854972629355,221.7459111682168,223.40041554051032,17738981,ITC.NS
2022-06-21,229.00030517578125,229.80634100550807,224.0792110615894,224.8428274911029,14417711,ITC.NS
2022-06-22,225.0973663330078,229.33969643278238,224.75798422746914,226.5397470041148,11756920,ITC.NS
2022-06-23,225.2670440673828,226.75187094288194,222.63681273726155,225.2670440673828,9416459,ITC.NS
2022-06-24,225.56398010253906,227.68515149896322,225.01248764008844,225.77610396474796,7283228,ITC.NS
2022-06-27,229.04269409179688,229.63661943113874,226.1155002372789,226.5397210981227,8487729,ITC.NS
2022-06-28,230.65480041503906,230.9941824933819,227.85485121074058,228.1518273357084,11673046,ITC.NS
2022-06-29,232.5214080810547,233.32744385340908,228.36393069229945,228.44876948668738,16635367,ITC.NS
2022-06-30,232.0547637939453,233.07291003872254,230.7820473751379,232.43655182931883,20003893,ITC.NS
2022-07-01,241.26058959960938,241.81208211197062,230.10327948068883,232.0547600310366,36520000,ITC.NS
2022-07-04,247.6664581298828,248.8543087844818,241.64236606449282,242.36356302551843,41417701,ITC.NS
2022-07-05,243.42413330078125,248.59975658547253,242.44841999762534,248.59975658547253,19283789,ITC.NS
2022-07-06,245.46046447753906,246.05438981253735,242.06661694480627,242.74538107329937,18997440,ITC.NS
2022-07-07,247.7089080810547,248.7270543309223,244.78171408370005,246.9028722719592,14326277,ITC.NS
2022-07-08,248.64222717285156,249.83007796510742,246.3937972368151,248.51495552437626,11538313,ITC.NS
2022-07-11,250.29672241210938,251.95122689053898,247.79374927212905,248.599785089008,12828405,ITC.NS
2022-07-12,248.3452911376953,250.59369430312924,246.81803127470602,248.59980755792196,14616684,ITC.NS
2022-07-13,249.49069213867188,250.1270234812717,248.3452742097764,248.5997906126545,9634877,ITC.NS
2022-07-14,246.7755889892578,251.44212602720404,245.33319503561347,249.70278284853933,13930984,ITC.NS
2022-07-15,249.06640625,249.4482211313099,245.63015298900757,247.75131092037518,11450042,ITC.NS
2022-07-18,250.55125427246094,251.39972289531465,249.23613194057785,250.296710996578,11751684,ITC.NS
2022-07-19,249.95730590820312,250.80577445292573,248.34523449641597,250.29668794803908,9542292,ITC.NS
2022-07-20,253.0117950439453,254.11480694524707,249.10886088195596,250.21187278325772,16397373,ITC.NS
2022-07-21,254.1572265625,256.40565643855683,252.84210415685135,253.69057282729588,16660697,ITC.NS
2022-07-22,255.0056915283203,256.6601960000569,252.92696617265906,254.53903779989557,10351425,ITC.NS
2022-07-25,255.47235107421875,257.0420167829678,253.52089731735128,253.69057491867736,11050533,ITC.NS
2022-07-26,256.61773681640625,257.72074864777426,254.92082656460886,255.38748024513643,10114261,ITC.NS
2022-07-27,258.0601501464844,258.7813471417001,255.04811741612986,256.9571382319894,9706094,ITC.NS
2022-07-28,257.4662170410156,258.95104383009493,256.575342479782,258.6965005582375,11256515,ITC.NS
2022-07-29,257.1268615722656,259.5449960147736,255.68446747605176,258.781366120212,17584873,ITC.NS
2022-08-01,260.9024658203125,262.00547756796766,257.16923665942454,257.93283949221336,16501510,ITC.NS
2022-08-02,262.9812316894531,268.66594198841216,261.4964317397,263.02366453297435,40483892,ITC.NS
2022-08-03,261.4539489746094,263.787244007661,257.6358811655729,263.787244007661,18376724,ITC.NS
2022-08-04,262.5994567871094,263.32065382141474,260.6055701764938,261.3267403205295,16514348,ITC.NS
2022-08-05,263.744873046875,264.5509088770924,262.2600730322923,262.59945512447496,10477269,ITC.NS
2022-08-08,265.69635009765625,266.37514123181234,263.06613193003716,263.8297349818389,8627072,ITC.NS
2022-08-10,264.0417785644531,266.50234538324247,263.6599905803959,265.6962827962514,9267241,ITC.NS
2022-08-11,259.84197998046875,265.9509123919496,259.0359440220475,265.5690973936636,11305242,ITC.NS
2022-08-12,261.79339599609375,262.5145930357286,258.35714218174434,259.84194221670015,6669853,ITC.NS
2022-08-16,263.4903259277344,264.2963617462434,261.7933886012013,261.7933886012013,8941455,ITC.NS
2022-08-17,265.1872253417969,265.7811506321461,263.87210313529044,264.46602842563965,8283028,ITC.NS
2022-08-18,267.81744384765625,268.1144199390537,265.22963226383513,265.569014303814,10264507,ITC.NS
2022-08-19,264.7206115722656,268.24173100632373,264.04182050223625,268.24173100632373,10823811,ITC.NS
2022-08-22,266.75689697265625,268.96292083324323,263.8721358407428,264.04181343600726,11793184,ITC.NS
2022-08-23,268.0296325683594,268.11447137206255,264.80546223466206,265.5266592918155,9698555,ITC.NS
2022-08-24,266.5023498535156,271.04161491238284,265.611448465153,267.9023108592485,11783894,ITC.NS
2022-08-25,265.0175476074219,268.453828070298,264.38121630446545,267.6477922857257,8057930,ITC.NS
2022-08-26,265.4842224121094,267.6053807043625,264.7206194098387,267.05388815326313,7224507,ITC.NS
2022-08-29,266.03570556640625,267.22352930900115,262.0479059330763,263.02364614369816,11798961,ITC.NS
2022-08-30,271.93255615234375,272.69615913543754,266.62963366461634,266.62963366461634,18516092,ITC.NS
2022-09-01,269.4719543457031,273.12034497288255,268.11442615431827,271.0840526858052,13765474,ITC.NS
2022-09-02,274.180908203125,275.11424239390976,269.8537537288708,270.40524616365155,26750910,ITC.NS
2022-09-05,279.0171813964844,279.6535395795609,274.69002642236677,275.7506054673159,18144801,ITC.NS
2022-09-06,277.5748291015625,279.99293654538434,276.9384708846257,279.99293654538434,12431779,ITC.NS
2022-09-07,276.68389892578125,278.5505136483378,275.9627019847451,276.59906013573766,8397233,ITC.NS
2022-09-08,279.9080810546875,280.5020063916544,277.8717617721913,279.1444512399011,11331350,ITC.NS
2022-09-09,280.4172058105469,282.7928805918821,279.9929580033194,280.5020446158839,9770432,ITC.NS
2022-09-12,280.75653076171875,282.0292201437466,279.9929009983427,281.68983810122353,9048240,ITC.NS
2022-09-13,283.7261962890625,284.2352559777639,280.50202610602986,281.43533357396336,10925371,ITC.NS
2022-09-14,284.5322265625,287.62909815011665,280.7989698733131,280.8414027174895,12739464,ITC.NS
2022-09-15,283.4716491699219,285.9746222956876,282.45347602573565,285.42310287916376,8742900,ITC.NS
2022-09-16,281.0959167480469,283.89583880584445,279.7383616686424,281.98679126088575,12973988,ITC.NS
2022-09-19,284.74432373046875,285.8473356152218,279.22931808723854,279.22931808723854,14918717,ITC.NS
2022-09-20,285.0837097167969,288.1381752501277,284.23524109303435,287.4169782644429,9892945,ITC.NS
2022-09-21,289.2835693359375,292.889553968105,284.65946546332907,285.08368629522374,21800547,ITC.NS
2022-09-22,292.7622985839844,295.9016028288756,289.24117943504405,289.326018228077,25111230,ITC.NS
2022-09-23,293.9076843261719,296.5803614725286,291.277466907098,294.84099161846655,23718397,ITC.NS
2022-09-26,282.198974609375,293.52593631754155,281.4777775573842,292.5926288126759,16829922,ITC.NS
2022-09-27,284.10797119140625,288.0957710584365,283.3867742013136,284.2352428302619,10375837,ITC.NS
2022-09-28,275.7082214355469,282.79286635563835,275.1567020029426,281.64744842530143,16151900,ITC.NS
2022-09-29,282.58074951171875,284.150415192397,278.08388980295234,279.1444689082173,18985406,ITC.NS
2022-09-30,281.85955810546875,284.87161788294566,280.12021479186643,282.5807551382411,12906555,ITC.NS
2022-10-03,275.2415466308594,282.5383559337637,274.2658331722687,282.4534902406312,9462192,ITC.NS
2022-10-04,282.4110107421875,283.3867239466945,278.29596685631435,278.8898921022271,9142294,ITC.NS
2022-10-06,285.6352233886719,287.88365330764236,282.1565367308051,284.2352621563399,23091432,ITC.NS
2022-10-07,283.4716491699219,285.8049178082336,281.0959476871794,285.7624849638028,10910698,ITC.NS
2022-10-10,278.16876220703125,281.22322795270395,276.6415293341949,279.9929443291806,9750594,ITC.NS
2022-10-11,276.8536682128906,280.3747880621234,275.83549493292855,279.1445043122601,11018577,ITC.NS
2022-10-12,280.0777893066406,281.22323415422954,275.53852343376366,278.2536071442645,10735673,ITC.NS
2022-10-13,278.84747314453125,281.09590262379754,278.2959807066879,279.9504849104826,7546587,ITC.NS
2022-10-14,281.7746887207031,283.30192142131654,280.71410970943646,281.94439319422315,6672357,ITC.NS
2022-10-17,281.9019470214844,284.02310494370334,279.65351747271103,280.9262068479893,7195922,ITC.NS
2022-10-18,288.7320861816406,289.32601149959356,283.00497031516136,283.3443523696678,21691854,ITC.NS
2022-10-19,293.8653259277344,294.79863337104103,288.30788722151016,291.10780955143014,16923690,ITC.NS
2022-10-20,296.7076721191406,297.76825117172416,292.55019470373804,294.41680953384224,19186222,ITC.NS
2022-10-21,293.22900390625,299.67731800764,292.29569634777005,299.67731800764,28426343,ITC.NS
2022-10-24,295.0107116699219,296.70764877666187,294.41678637158947,296.07129063906797,3292671,ITC.NS
2022-10-25,293.8228759765625,296.53795935090176,291.5744462967065,296.495526509488,17906260,ITC.NS
2022-10-27,293.3986511230469,295.5622150905754,291.7441467942074,294.1198211853786,19273344,ITC.NS
2022-10-28,293.3986511230469,295.77432551421805,292.8047258026874,294.8834509788122,13572499,ITC.NS
2022-10-31,295.8591613769531,297.3863939196276,292.50772021622265,295.265236116454,14358449,ITC.NS
2022-11-01,296.5379638671875,297.3864324765158,294.5865102669731,296.32585343742227,20422565,ITC.NS
2022-11-02,300.9075622558594,302.2650905663757,295.6895056704918,295.6895056704918,17427813,ITC.NS
2022-11-03,300.1015625,304.1741748109055,299.5076370702563,300.3561058113575,11149636,ITC.NS
2022-11-04,300.0166320800781,302.0529512413714,299.0833247332908,300.3560410155152,8709851,ITC.NS
2022-11-07,299.9317932128906,302.3499272582186,296.96216670558687,301.2044826045163,10437370,ITC.NS
2022-11-09,306.0407409667969,306.67709914342777,299.6772667615574,299.93181003220974,21404869,ITC.NS
2022-11-10,302.0530090332031,305.362018219568,300.4409372876355,304.5984151943989,20071989,ITC.NS
2022-11-11,302.3499755859375,306.25291006363074,300.90758149608496,305.4468473261695,11372654,ITC.NS
2022-11-14,294.5865478515625,302.85904389971773,294.0774612429606,302.34998418138673,18319254,ITC.NS
2022-11-15,292.9320068359375,296.07131112129144,287.75635636940854,296.07131112129144,16046491,ITC.NS
2022-11-16,291.956298828125,294.28956760127045,289.877546465465,293.31382724512946,7897812,ITC.NS
2022-11-17,291.61688232421875,294.79861942780377,290.6835749250552,291.9562643884357,10379179,ITC.NS
2022-11-18,289.3684387207031,292.5077428316221,288.30785973711704,291.6168683171269,8140173,ITC.NS
2022-11-21,286.1018371582031,288.4775383927463,283.7261628139261,287.7139355046524,9553090,ITC.NS
2022-11-22,288.6896667480469,289.32602493621624,284.8291654472003,285.93217734327123,6746019,ITC.NS
2022-11-23,288.307861328125,290.1744760470947,286.35638092900854,290.1744760470947,8067471,ITC.NS
2022-11-24,289.1139221191406,290.5987220769565,286.39883859521296,288.3078863197395,8454385,ITC.NS
2022-11-25,288.7320861816406,290.08964128993296,286.61092817327545,289.32601149959356,7200274,ITC.NS
2022-11-28,288.5199890136719,289.96238297928875,287.4169771181529,288.4775561710592,10284123,ITC.NS
2022-11-29,290.42901611328125,292.71985164672867,288.4775357356244,288.4775357356244,10582296,ITC.NS
2022-11-30,288.4775695800781,291.99868897256374,287.62910092026095,289.5381486822823,23425220,ITC.NS
2022-12-01,288.0957946777344,289.91997683377264,285.7624990342661,289.91997683377264,17270904,ITC.NS
2022-12-02,286.0594482421875,289.15634659950126,285.7200661727962,287.9260630689735,8711914,ITC.NS
2022-12-05,285.7200622558594,287.5018382634382,283.5140384996567,286.48366517895465,10090597,ITC.NS
2022-12-06,286.18670654296875,286.95030944094776,283.4716232240956,283.4716232240956,6571118,ITC.NS
2022-12-07,288.56243896484375,289.75026283547726,285.6352180174455,287.2048837136964,10191144,ITC.NS
2022-12-08,287.1200256347656,290.30176276848573,286.35639581534434,288.64725838334056,6439244,ITC.NS
2022-12-09,289.6654052734375,290.59871268365674,286.7806442482873,288.2654441581086,8445424,ITC.NS
2022-12-12,291.19268798828125,291.8714791314899,288.5624697855848,289.3260728475702,11646572,ITC.NS
2022-12-13,293.22900390625,293.5683860283998,290.5139200387797,292.29569634777005,11105261,ITC.NS
2022-12-14,293.0592346191406,294.7137389053118,291.65927359088283,293.56832113496745,7664099,ITC.NS
2022-12-15,287.5018310546875,293.65316779795717,286.7806341013506,292.50774999690054,8469001,ITC.NS
2022-12-16,284.3201599121094,287.54430363855715,281.0959892953886,286.3564527213586,12907968,ITC.NS
2022-12-19,288.90179443359375,290.47143309493754,284.53220672797494,285.7624633303723,8113695,ITC.NS
2022-12-20,288.6048583984375,289.28362261057686,285.7200970517099,288.52001959448774,5693354,ITC.NS
2022-12-21,284.3625183105469,289.5381420597002,283.81102579490107,289.32603162216475,7316532,ITC.NS
2022-12-22,282.0716857910156,286.27156930728074,279.9080947667324,284.7867693372603,6838031,ITC.NS
2022-12-23,277.1929931640625,281.60501372316077,276.04757535065187,280.75654512830334,10461859,ITC.NS
2022-12-26,283.8958740234375,284.32012180287114,276.17487098681516,277.0233127651438,9934633,ITC.NS
2022-12-27,282.66558837890625,285.4230776567746,280.12018263364325,284.74431354747776,6986433,ITC.NS
2022-12-28,283.7261962890625,284.2352559777639,281.26562908421664,282.4110738869009,8035558,ITC.NS
2022-12-29,284.5322265625,284.87160864510446,281.30805644235426,283.6837579108544,8417520,ITC.NS
2022-12-30,281.3080749511719,285.72009609585905,280.41720028700314,284.57465124015135,7228324,ITC.NS
2023-01-02,282.4110107421875,283.3867239466945,279.6959277451952,280.75650662073497,6181118,ITC.NS
2023-01-03,280.9262390136719,282.8352867403055,280.20504201070946,281.26562109325386,6228015,ITC.NS
2023-01-04,277.4475402832031,282.11407728430135,276.5990716765669,281.56258479060807,6947412,ITC.NS
2023-01-05,282.92010498046875,283.30191987610624,278.46567853549766,278.8474934311352,8486143,ITC.NS
2023-01-06,284.2776794433594,286.3988375987267,282.6231750065621,283.98070331866836,8603181,ITC.NS
2023-01-09,286.8230895996094,289.5806062569387,285.2110178314748,285.8897820611871,11027747,ITC.NS
2023-01-10,282.8777160644531,287.12003234184647,282.15651907046407,286.6957845799462,7217255,ITC.NS
2023-01-11,281.5201416015625,284.3200905895782,281.09592075897007,284.3200905895782,4760847,ITC.NS
2023-01-12,279.8656311035156,283.04736802341336,278.380831297003,282.87769044623434,6894087,ITC.NS
2023-01-13,278.9323425292969,281.9019692324323,276.93845607653475,279.86564993738693,14967746,ITC.NS
2023-01-16,280.1626281738281,281.8595385239895,277.91419843087994,280.2898998113737,8571826,ITC.NS
2023-01-17,281.9019470214844,282.96252598259383,279.22929664437345,280.16260397892853,14240647,ITC.NS
2023-01-18,283.93829345703125,285.55036502803495,282.02924576542426,283.38677405884465,13039078,ITC.NS
2023-01-19,281.8171081542969,284.78673462261804,281.3928604358136,283.3867467309152,8667564,ITC.NS
2023-01-20,283.8958740234375,284.4049606026502,279.3566083263557,281.68987699729814,13608325,ITC.NS
2023-01-23,286.5684509277344,286.9078598199147,282.5806787923711,285.0836513080608,7399204,ITC.NS
2023-01-24,287.5867004394531,289.11393330008354,286.4412825165477,286.6109601175791,12776694,ITC.NS
2023-01-25,287.8411865234375,289.32598624357445,284.4473124941001,287.54421044525157,12978859,ITC.NS
2023-01-27,293.5683288574219,295.9864629809435,289.7502336688159,290.0047769334252,21850457,ITC.NS
2023-01-30,292.5502014160156,298.44702215928777,290.0472283408259,294.33197749206926,14634225,ITC.NS
2023-01-31,298.9560852050781,301.2045150247423,289.3684674513022,293.5683509628021,17794183,ITC.NS
2023-02-01,306.6346740722656,310.2830649667827,279.22932296558173,299.5075967647228,67003785,ITC.NS
2023-02-02,321.2282409667969,326.403864253843,305.7862098950441,306.8043560384698,57892084,ITC.NS
2023-02-03,322.9675598144531,324.32508790383645,315.6283462717156,324.0281387181329,23153980,ITC.NS
2023-02-06,325.3009033203125,329.3735423116644,322.0767330263481,324.537300315853,26783409,ITC.NS
2023-02-07,316.6889953613281,325.7251210184186,312.61638330032497,325.7251210184186,21438758,ITC.NS
2023-02-08,318.6404724121094,320.12527243334034,315.24659769454775,317.96168133443524,10821785,ITC.NS
2023-02-09,317.53741455078125,322.4160885845296,315.7556386486366,317.3253041341543,12318006,ITC.NS
2023-02-10,315.0768737792969,319.8282492829872,314.18597238529725,315.7980707062556,10674456,ITC.NS
2023-02-13,317.4949951171875,318.30103086856315,313.9314431624316,316.47684894022876,10282470,ITC.NS
2023-02-14,327.888671875,328.9068449329148,317.1131773170906,318.1737832158408,30246745,ITC.NS
2023-02-15,329.59716796875,330.15769849214564,326.4495167269327,329.20909576134375,12679568,ITC.NS
2023-02-16,329.89892578125,332.2273312860376,328.56225107766346,329.4246244991014,10151755,ITC.NS
2023-02-17,330.6319274902344,331.62365824844454,327.0531039108078,328.60536506972716,7967611,ITC.NS
2023-02-20,331.1924743652344,334.1676667878579,328.8209679393305,331.7530321247744,8105569,ITC.NS
2023-02-21,329.6402282714844,332.7878791255196,329.1659269645161,332.01176213727604,8577674,ITC.NS
2023-02-22,331.02001953125,331.92549387387686,327.69991050035287,329.4246300412966,9306194,ITC.NS
2023-02-23,334.25390625,339.7730635557299,330.3732393743947,331.5374558356461,19555814,ITC.NS
2023-02-24,332.0980224609375,335.4612601646064,328.56229911538315,335.4612601646064,13407431,ITC.NS
2023-02-27,329.59716796875,333.5640645389005,326.0614445195264,332.09803219822356,8455904,ITC.NS
2023-02-28,324.8540344238281,331.36492161279324,323.3880298318101,329.8557887885896,16997837,ITC.NS
2023-03-01,326.5788269042969,328.04485903297746,322.18075784920455,322.74128829154444,8065784,ITC.NS
2023-03-02,323.8623962402344,327.4843212134342,323.12938013123113,327.26873467101,5212922,ITC.NS
2023-03-03,331.9686584472656,332.35673063556044,324.33670873222746,325.1128257778651,8495772,ITC.NS
2023-03-06,334.7281799316406,338.47948911314455,332.2273162542871,332.78784665393346,11126980,ITC.NS
2023-03-08,338.39324951171875,339.04003641351176,332.09797543504453,334.598839237063,9261146,ITC.NS
2023-03-09,334.16766357421875,339.42810589779805,332.57227411624933,338.13455943528567,10005328,ITC.NS
2023-03-10,334.59881591796875,336.4960209230753,330.71814943956224,333.6933416495122,8684320,ITC.NS
2023-03-13,330.8475341796875,337.09970743167725,329.8558306919474,335.6336753224757,9130473,ITC.NS
2023-03-14,327.4411926269531,333.26216543515204,325.2852727230352,332.61540586254597,10623744,ITC.NS
2023-03-15,327.1824951171875,331.4081060043401,325.9751777208582,328.5622708095923,8748113,ITC.NS
2023-03-16,328.9503479003906,329.7264922372089,324.98345172887105,328.21733180371245,16315136,ITC.NS
2023-03-17,323.8623962402344,332.01177525909844,318.774411718077,332.01177525909844,50787703,ITC.NS
2023-03-20,326.6650695800781,327.13937089653774,320.80096815341795,321.9220564154819,10512002,ITC.NS
2023-03-21,325.0696716308594,326.6650611683009,322.5688077238388,326.6650611683009,12057999,ITC.NS
2023-03-22,325.75958251953125,326.7081851155626,322.698160870653,325.0696673607315,4958761,ITC.NS
2023-03-23,328.26043701171875,330.07141300627836,322.8706372651541,325.1127863070593,10127917,ITC.NS
2023-03-24,326.5788269042969,330.28700813328635,325.97516822371955,328.9934616266062,10317108,ITC.NS
2023-03-27,327.87237548828125,331.4943275946929,324.5522663895454,325.9320420504929,11232922,ITC.NS
2023-03-28,327.48431396484375,329.72649048309006,326.104538259108,327.87238613118836,9523719,ITC.NS
2023-03-29,330.0714111328125,331.14937107600696,325.24214184139754,327.8723630095542,10551626,ITC.NS
2023-03-31,330.7181701660156,331.5805435853681,327.6999041947047,329.42462370246113,9877493,ITC.NS
2023-04-03,326.75128173828125,331.14937807779063,326.4063378288794,331.14937807779063,7331070,ITC.NS
2023-04-05,333.21905517578125,333.7795855891628,326.7512683146224,326.7512683146224,12055499,ITC.NS
2023-04-06,334.03826904296875,336.58223344828764,331.32179170977736,333.4346104501424,13394394,ITC.NS
2023-04-10,335.0731506347656,336.3235962389909,331.796142451687,334.03831889161165,7044256,ITC.NS
2023-04-11,341.4977722167969,343.3087482121327,334.5988394706166,335.0731407552796,18939829,ITC.NS
2023-04-12,339.38494873046875,343.0500286146007,338.134530611312,343.00690038151225,10122932,ITC.NS
2023-04-13,341.1528015136719,342.0151748719387,339.51431126462745,341.06657237712915,6292395,ITC.NS
2023-04-17,345.0766296386719,346.67199180859274,338.82445634896516,338.82445634896516,11466474,ITC.NS
2023-04-18,343.6537170410156,346.67201058548744,342.3601704736565,344.9472909393255,9860308,ITC.NS
2023-04-19,343.86932373046875,346.1114728891326,341.497789853725,341.54091809308494,10119480,ITC.NS
2023-04-20,345.2060241699219,347.2325869443242,342.96384751364303,344.94730937643186,6924577,ITC.NS
2023-04-21,352.06182861328125,352.70861559529897,344.12806317592606,345.20602325865417,14801099,ITC.NS
2023-04-24,352.4498596191406,353.5709478133228,348.56919284238995,353.5709478133228,6212135,ITC.NS
2023-04-25,354.9076232910156,356.6323428269631,351.32877217565795,352.44986037223555,9180650,ITC.NS
2023-04-26,355.51129150390625,356.1580510981409,352.7517128413691,355.295677641545,7914219,ITC.NS
2023-04-27,358.74517822265625,359.9524956184329,354.4333381894397,355.46816995826964,13100076,ITC.NS
2023-04-28,366.98077392578125,369.3091521609752,356.7617046409041,360.4698858529476,13208557,ITC.NS
2023-05-02,366.0321960449219,368.2312170453855,363.22948899493935,367.3688708739612,10648421,ITC.NS
2023-05-03,368.36053466796875,369.52475106941137,363.9624658109192,365.6440843931658,7607609,ITC.NS
2023-05-04,366.1615295410156,368.2311930145085,365.6441000071677,366.7651882201884,8292456,ITC.NS
2023-05-05,369.7403259277344,372.45677611686307,365.9459158437518,367.32569139031006,12890455,ITC.NS
2023-05-08,372.0687255859375,373.7934724501675,370.2577769087297,371.68068077279236,7522610,ITC.NS
2023-05-09,365.4715881347656,373.53473691364513,363.4881539490621,373.232921261212,10377820,ITC.NS
2023-05-10,366.80828857421875,367.670662019015,364.09183818751245,365.6009712176939,10130159,ITC.NS
2023-05-11,362.5395812988281,368.5761681543761,361.2460347814821,368.4468107695465,16597954,ITC.NS
2023-05-12,362.582763671875,364.5230700721115,358.78832536860506,362.5396354268428,11564770,ITC.NS
2023-05-15,368.921142578125,369.6972596203336,361.3754220501732,362.1946673345414,9503538,ITC.NS
2023-05-16,365.6009826660156,370.8183244052902,365.2129378350131,370.8183244052902,8302077,ITC.NS
2023-05-17,368.7486267089844,369.9128158423285,364.4367867607991,365.77346151768853,9844782,ITC.NS
2023-05-18,361.9358825683594,372.9310677457083,360.5561070574364,370.81827624550255,24919291,ITC.NS
2023-05-19,362.06524658203125,364.86795322006907,354.73511388565686,363.01384909593236,26759905,ITC.NS
2023-05-22,366.2908630371094,367.1532090960195,361.41846568333955,363.87622847788674,16015615,ITC.NS
2023-05-23,370.0852966308594,371.85314442709114,365.81658497706684,367.3688462448959,9068926,ITC.NS
2023-05-24,373.83660888671875,374.91456886776746,368.231195120506,369.3522833399385,11921823,ITC.NS
2023-05-25,380.4337158203125,381.5547766783347,374.9576595870935,376.81176382297446,18905572,ITC.NS
2023-05-26,382.5465087890625,383.538239600723,379.0108132541104,382.3740231705763,13496209,ITC.NS
2023-05-29,387.2895202636719,389.6179257846181,382.9776804575075,383.75382474147256,20589822,ITC.NS
2023-05-30,396.6940612792969,398.06075980006375,388.8465899847632,388.8465899847632,19627897,ITC.NS
2023-05-31,392.81439208984375,398.5457120356545,390.1250920308218,396.16500689487293,14821960,ITC.NS
2023-06-01,387.7003173828125,394.1370210863762,387.08309960226313,394.1370210863762,9142172,ITC.NS
2023-06-02,390.96270751953125,392.28533690590683,387.7884528819144,387.9648127817119,9558309,ITC.NS
2023-06-05,388.5379943847656,394.00478885145765,388.05303951544744,392.3735643160935,7427630,ITC.NS
2023-06-06,390.4337158203125,391.13909958783097,388.3175365729127,388.67022845667185,6703067,ITC.NS
2023-06-07,391.4477233886719,392.94665691202545,390.3896197900168,391.4917924087194,7833952,ITC.NS
2023-06-08,390.52191162109375,393.0348799089027,389.64016787195294,392.9907829407493,7294955,ITC.NS
2023-06-09,386.59814453125,392.1090075881535,383.68841554396766,383.68841554396766,7329661,ITC.NS
2023-06-12,385.27557373046875,388.8025207793585,382.542176493777,387.9648739990424,9054977,ITC.NS
2023-06-13,392.7262268066406,393.6079704879434,386.4658829976891,388.84658814272206,16732376,ITC.NS
2023-06-14,391.9326477050781,394.7982795236642,391.2713330074123,393.475678073175,9039402,ITC.NS
2023-06-15,395.1069030761719,395.68002385195337,392.15307732934593,392.3735062473509,7787525,ITC.NS
2023-06-16,399.515625,401.71997024510654,394.9305745944466,395.9004842667059,12181426,ITC.NS
2023-06-19,399.95648193359375,401.9844952034513,398.76614332858287,400.9704885685225,4350517,ITC.NS
2023-06-20,399.2951965332031,401.0145589993537,396.9144913699615,401.0145589993537,4644353,ITC.NS
2023-06-21,394.18109130859375,400.48553208235376,392.4176318908195,398.5457127503798,6292873,ITC.NS
2023-06-22,394.71014404296875,396.4736314097722,393.1230165907835,395.0187389624948,6892713,ITC.NS
2023-06-23,392.1531066894531,394.71014380840734,390.34555030370274,394.57788085873347,6325479,ITC.NS
2023-06-26,392.99078369140625,398.0166923317774,391.49182210948834,394.04885942548816,5688287,ITC.NS
2023-06-27,392.46173095703125,394.3133844460875,390.7423404275395,393.34347470584567,5052984,ITC.NS
2023-06-28,396.2091064453125,397.31127906595464,391.9326789128087,392.37353678312763,12548096,ITC.NS
2023-06-30,398.1930236816406,398.50161860261585,393.7843052439284,396.7822281926037,9456776,ITC.NS
2023-07-03,408.46527099609375,410.84594822373344,396.8263269252858,398.19302545533765,11111199,ITC.NS
2023-07-04,411.1986389160156,412.6535313723766,405.42327783509205,410.008300305656,8022597,ITC.NS
2023-07-05,418.9138488769531,423.8075221771925,409.3910840683227,411.19864047327803,16878943,ITC.NS
2023-07-06,417.85577392578125,420.94186288148336,414.85787890084566,420.89776591610007,9835812,ITC.NS
2023-07-07,413.0062255859375,419.26656948415007,412.30081386393067,417.0622242218856,7605499,ITC.NS
2023-07-10,410.7577819824219,415.21056945742544,408.86203164969874,414.4169917521428,6772454,ITC.NS
2023-07-11,417.19451904296875,418.4289267748767,410.8900776977663,410.8900776977663,8783282,ITC.NS
2023-07-12,416.44500732421875,421.25045876818416,414.8137828842925,421.25045876818416,12816220,ITC.NS
2023-07-13,416.1805114746094,420.3687733733142,415.29876771516933,417.85580505615246,8214385,ITC.NS
2023-07-14,416.97406005859375,418.82571356446556,415.6073614272469,417.0622539956688,5277090,ITC.NS
2023-07-17,416.48907470703125,419.53106669234575,414.9460442041412,418.38482504271707,6325310,ITC.NS
2023-07-18,416.6213684082031,418.1203300012632,415.2987667445577,416.6654653767685,5558415,ITC.NS
2023-07-19,422.22039794921875,423.6311655117629,412.7417020883116,416.84176976869503,14401395,ITC.NS
2023-07-20,433.9475402832031,435.3142389262866,419.9719868493442,423.1462420452844,21030102,ITC.NS
2023-07-21,432.4485778808594,438.8411852298691,429.4065856524295,433.63891659093036,14510084,ITC.NS
2023-07-24,415.60736083984375,440.60466916135977,412.7857975889099,435.0937776752237,40477929,ITC.NS
2023-07-25,407.62762451171875,413.0943906903244,401.54361259835747,412.5653388861595,45211370,ITC.NS
2023-07-26,416.40093994140625,417.06225474642486,407.4071983173887,409.9201666316123,18842179,ITC.NS
2023-07-27,410.0524597167969,418.9580080578197,406.56958139591046,418.29672114906725,14528232,ITC.NS
2023-07-28,413.0503234863281,413.9320672418531,408.5975636299245,412.3890366283196,10362522,ITC.NS
2023-07-31,410.6255187988281,414.15246561566977,408.68569944680746,413.5352478268591,8510403,ITC.NS
2023-08-01,409.83197021484375,413.40298606230425,408.950226521892,410.8900458794789,6686176,ITC.NS
2023-08-02,405.6877746582031,409.831967190005,403.8361213001244,409.65560727477833,10715605,ITC.NS
2023-08-03,402.11676025390625,408.9061279792718,400.57370181098145,405.6877760875922,11026824,ITC.NS
2023-08-04,401.14678955078125,406.8340121262301,400.52957181348324,402.3371560086833,7097614,ITC.NS
2023-08-07,401.102783203125,402.557647823029,397.6199051531631,400.39739937738614,9513953,ITC.NS
2023-08-08,398.85430908203125,402.9544046394637,397.7080394977841,402.9544046394637,6638681,ITC.NS
2023-08-09,404.4092712402344,405.5114438652784,394.0488317979139,398.8543111498685,10134166,ITC.NS
2023-08-10,398.3252868652344,404.9824200405429,395.90051251159446,404.62972812954496,13702317,ITC.NS
2023-08-11,395.6800537109375,400.2210071328504,392.15310692217804,400.2210071328504,12028396,ITC.NS
2023-08-14,396.0768127441406,397.88436899489363,392.4176032810885,395.68002392475313,7854074,ITC.NS
2023-08-16,397.0026550292969,403.3070958142908,395.19509864354063,397.6639697776685,15494896,ITC.NS
2023-08-17,388.84661865234375,396.78225651702405,387.96487490185774,396.78225651702405,16896158,ITC.NS
2023-08-18,389.41973876953125,390.9187003480033,386.64227250842157,388.8466179079935,20068497,ITC.NS
2023-08-21,394.8424072265625,395.4596250108248,389.15518421837106,389.72833298258615,9940689,ITC.NS
2023-08-22,400.52960205078125,401.32317974929236,394.1370232220497,395.9004826440001,10234488,ITC.NS
2023-08-23,397.17901611328125,401.76403856600933,395.54779169239134,401.7199695458845,8770272,ITC.NS
2023-08-24,397.5757751464844,399.86828620091694,396.1649797665579,397.3112492661955,6322751,ITC.NS
2023-08-25,390.9187316894531,397.66403138852735,389.7724619296301,397.57586539003296,9628041,ITC.NS
2023-08-28,389.19927978515625,394.00475909216124,388.8465879018226,392.37353468000396,7176903,ITC.NS
2023-08-29,388.05303955078125,391.49182060438557,387.25948973948226,390.56600783372903,9845106,ITC.NS
2023-08-30,390.4337158203125,391.49179147159015,388.4057025576413,388.8465883709738,7648569,ITC.NS
2023-08-31,387.7003173828125,392.2853677447282,384.5260624956572,390.6100463718974,20666732,ITC.NS
2023-09-01,388.89068603515625,392.3735640541868,386.46591169018393,387.96487326520196,11879159,ITC.NS
2023-09-04,385.7605285644531,390.9187001502233,385.0110477755963,390.9187001502233,14128562,ITC.NS
2023-09-05,390.6982727050781,391.932708368559,386.6422738029047,386.9949657146354,8701612,ITC.NS
2023-09-06,394.53375244140625,395.4595930153149,389.72830145077876,391.4476917146239,13358433,ITC.NS
2023-09-07,393.1671142578125,395.9004833529414,392.02084467285863,395.72415138285294,8401953,ITC.NS
2023-09-08,390.3014831542969,394.93060291197133,389.59609933204774,394.93060291197133,10322317,ITC.NS
2023-09-11,394.3133544921875,395.1069321892906,390.3014528764185,393.2552788408946,9679540,ITC.NS
2023-09-12,397.7962341308594,400.5737001941304,392.90258881017746,395.81231782358947,14961276,ITC.NS
2023-09-13,399.8683166503906,402.9544055806916,397.75213739177775,398.722047063466,12268130,ITC.NS
2023-09-14,396.7381286621094,401.98449378836676,394.2692854757375,401.98449378836676,14986708,ITC.NS
2023-09-15,395.3273620605469,398.63387991662444,394.1370234569155,395.0628361608855,15657801,ITC.NS
2023-09-18,398.58978271484375,400.309173116776,393.431611509047,395.3273618255969,8513132,ITC.NS
2023-09-20,399.38336181640625,401.27908419477126,396.3854388712871,398.2811891944968,10343224,ITC.NS
2023-09-21,394.577880859375,399.91238403180046,391.93267775558206,399.25109722827455,11132308,ITC.NS
2023-09-22,390.6982727050781,395.371489438992,389.9487919133328,394.5779116789628,7795399,ITC.NS
2023-09-25,390.25738525390625,392.1972047328813,386.51000925541774,390.6982711003939,6005673,ITC.NS
2023-09-26,390.1251525878906,391.9327371926108,387.7003780508866,391.13915937421916,5533023,ITC.NS
2023-09-27,396.03277587890625,396.60589674176185,386.90679931722025,390.12512348770593,10894817,ITC.NS
2023-09-28,388.62615966796875,396.73812888894656,387.6121530360298,396.73812888894656,10610213,ITC.NS
2023-09-29,391.8445129394531,392.90261661546174,387.2594901595714,389.7283614771293,8474326,ITC.NS
2023-10-03,387.74444580078125,390.5219120661356,387.30355995328506,388.8466185022516,7770032,ITC.NS
2023-10-04,384.52606201171875,389.46380424989917,382.05719089262857,387.7444138594502,13912656,ITC.NS
2023-10-05,384.48199462890625,388.40573054259727,383.60027882840217,387.9648726423452,10416552,ITC.NS
2023-10-06,389.8605651855469,391.13909770977415,385.01101687608707,386.06909252228434,8742804,ITC.NS
2023-10-09,388.36163330078125,390.7864074656745,385.54007028758423,388.8024911690002,5827256,ITC.NS
2023-10-10,391.8445129394531,392.24130181795636,388.36166285884923,388.36166285884923,5207891,ITC.NS
2023-10-11,395.2392272949219,396.2973030322983,392.1972071533767,394.31338657297647,7946195,ITC.NS
2023-10-12,397.39947509765625,398.98660267358673,393.38757316194955,396.4736623220496,12227957,ITC.NS
2023-10-13,395.3273620605469,398.3693540169631,394.1370234569155,396.649963614009,7926432,ITC.NS
2023-10-16,395.8564453125,397.66400184401175,393.43164300283894,395.018770582067,4377288,ITC.NS
2023-10-17,399.8242492675781,400.75008998759193,395.90051332549547,396.60589714894144,7203352,ITC.NS
2023-10-18,398.23712158203125,404.0125110176941,397.6640007187461,400.52963298001873,7160492,ITC.NS
2023-10-19,397.13494873046875,401.1027816382518,394.00479055043525,396.56182786739777,9830006,ITC.NS
2023-10-20,386.46588134765625,395.90048001314057,385.6282346346906,392.37353324783265,13521824,ITC.NS
2023-10-23,384.3497314453125,387.9207754477462,381.88088808255816,386.2013849260132,7555671,ITC.NS
2023-10-25,381.52813720703125,386.2013535243227,376.5463259738046,385.2314438673201,11308597,ITC.NS
2023-10-26,382.9830322265625,384.9669205734882,378.7506737448066,378.7506737448066,19525305,ITC.NS
2023-10-27,382.4539489746094,385.14324881053847,381.0872505761329,382.9830007275273,13638258,ITC.NS
2023-10-30,379.54425048828125,385.45187443929177,377.692597150259,383.1593632352452,7911426,ITC.NS
2023-10-31,377.7366638183594,382.10128521111284,377.2958059550796,379.14745928157436,8952141,ITC.NS
2023-11-01,377.47222900390625,380.1174325157145,375.1796894858336,379.1475226983949,8297973,ITC.NS
2023-11-02,380.1614685058594,381.52813906932903,377.9571232846674,379.1915588441225,8465990,ITC.NS
2023-11-03,382.01312255859375,383.0271292609687,380.1174000574718,381.6163616270962,14334179,ITC.NS
2023-11-06,383.86474609375,385.1432786139572,381.39590292705253,382.23354963743043,7589690,ITC.NS
2023-11-07,381.52813720703125,383.4679844658809,381.04318237852993,383.4679844658809,5321353,ITC.NS
2023-11-08,385.27557373046875,385.7605286003805,381.1754778754311,381.92495866435775,7248663,ITC.NS
2023-11-09,383.027099609375,386.2013544847034,382.58624174413,386.0250225165432,8085620,ITC.NS
2023-11-10,384.9228515625,386.20135614411055,381.35180782620057,383.0271012551432,4236307,ITC.NS
2023-11-13,384.4378662109375,386.55401733902227,383.5561226018143,386.55401733902227,3888975,ITC.NS
2023-11-15,389.68426513671875,390.16922000738833,385.76052920317534,386.28958104203184,7722827,ITC.NS
2023-11-16,386.7745361328125,391.9327077300588,385.8486954142867,389.68426535848573,11276031,ITC.NS
2023-11-17,387.30352783203125,389.28744411911,386.46588111956004,387.30352783203125,6911592,ITC.NS
2023-11-20,385.143310546875,388.2293996921755,383.1153250770185,387.832610813884,4502356,ITC.NS
2023-11-21,384.6582946777344,387.3475945182714,383.99697998545383,385.45184436362877,6228803,ITC.NS
2023-11-22,387.7003173828125,388.3175351633618,383.37979291896715,385.31964018986827,5074887,ITC.NS
2023-11-23,388.2734680175781,389.94878951907117,386.42184247857244,388.80251985434927,6611803,ITC.NS
2023-11-24,386.0249938964844,389.9487292076974,385.1873472477157,388.846556681456,7084608,ITC.NS
2023-11-28,383.776611328125,387.08312941901437,383.46801638650174,386.20138567247454,9082513,ITC.NS
2023-11-29,385.4960021972656,386.64227186327514,382.8067019320691,384.43792646738143,14316126,ITC.NS
2023-11-30,384.26153564453125,386.5981438118981,383.11529401552866,385.05511333677407,15710110,ITC.NS
2023-12-01,396.6058654785156,397.61987210927634,385.67233325364487,386.11319112188283,20081576,ITC.NS
2023-12-04,400.353271484375,402.4253537779579,397.66397140473475,401.1909182058432,13293194,ITC.NS
2023-12-05,398.3252868652344,403.659818388089,396.87042225305044,401.1909470662568,12603697,ITC.NS
2023-12-06,408.46527099609375,409.56744362422006,398.6338833286502,400.2210107953583,21203900,ITC.NS
2023-12-07,403.9242858886719,409.83193741937873,403.30706814748095,409.7878404575641,11746535,ITC.NS
2023-12-08,396.03277587890625,407.01043387871886,395.45965501605065,405.55554132019086,19386851,ITC.NS
2023-12-11,398.9424743652344,399.9564809977906,396.1650083117594,398.10482764719234,6854157,ITC.NS
2023-12-12,399.515625,405.5996089341438,398.8543102485301,400.4855346722593,10549319,ITC.NS
2023-12-13,401.7640686035156,404.5856318410862,399.51565417402054,402.3372174115911,11718443,ITC.NS
2023-12-14,405.6877746582031,406.4813523594561,396.2972728624452,405.5996086730122,14924265,ITC.NS
2023-12-15,404.012451171875,408.20071241239935,401.1908883519805,407.27487182978564,16397959,ITC.NS
2023-12-18,398.23712158203125,402.0726915313319,397.0908519106141,401.1909477798453,12490839,ITC.NS
2023-12-19,402.1608581542969,403.83615172335817,398.58981411932143,399.7360837925379,10664235,ITC.NS
2023-12-20,397.6639709472656,404.9382934765252,396.16500947644437,404.7178645413679,10766954,ITC.NS
2023-12-21,398.0607604980469,400.088745827846,391.88858263371077,395.9004842731069,11584223,ITC.NS
2023-12-22,401.3673095703125,401.98452740473215,397.267213682058,399.4274621301031,11450973,ITC.NS
2023-12-26,402.469482421875,404.6297308706893,400.9264238628531,402.1167905084878,6097422,ITC.NS
2023-12-27,403.0426025390625,404.27703820604734,400.0887763319808,402.9544365470913,7833901,ITC.NS
2023-12-28,409.2147521972656,409.74377605686726,402.16083060240936,403.1307402806648,21493169,ITC.NS
2023-12-29,407.45123291015625,412.56530680324045,406.78991820637697,409.2147201570059,13384631,ITC.NS
2024-01-01,412.6976013183594,414.3729227144936,407.93621892139623,408.6856996614059,9706230,ITC.NS
2024-01-02,414.7256164550781,415.6073322050578,408.7738674736452,414.4169935867092,10924918,ITC.NS
2024-01-03,420.8095703125,423.8515620887155,413.8438431283786,414.63739283550984,24961710,ITC.NS
2024-01-04,420.06011962890625,424.5129071228705,418.1203002675262,423.23437457386365,12240910,ITC.NS
2024-01-05,417.8998718261719,422.7053512147422,416.1804814002084,422.7053512147422,9564086,ITC.NS
2024-01-08,410.44921875,419.2666004502911,409.61154401480087,418.82571459836834,8311403,ITC.NS
2024-01-09,409.61151123046875,414.37292155899934,408.8179614722768,412.2126453306293,5916180,ITC.NS
2024-01-10,408.5093688964844,411.55138903884136,405.64373662767423,409.6115416025299,6123200,ITC.NS
2024-01-11,407.93621826171875,411.3749990892165,406.5695197347844,409.21475080316065,6786448,ITC.NS
2024-01-12,411.5072326660156,412.3889762925345,405.9082039521272,408.46524090764194,9714589,ITC.NS
2024-01-15,412.30078125,414.8578461434208,410.97817978623107,414.4169603589359,7167978,ITC.NS
2024-01-16,416.44500732421875,418.8256845634594,409.34701668229076,412.4771746656909,12531058,ITC.NS
2024-01-17,411.4190979003906,420.5891708332484,410.18466231857855,415.651428506,11536527,ITC.NS
2024-01-18,410.44921875,412.5213012139807,400.7941623145097,410.2287618516151,9495938,ITC.NS
2024-01-19,415.7395935058594,417.06222301526753,411.2427370084064,413.1384873419948,12673308,ITC.NS
2024-01-23,404.98236083984375,417.72347652084,402.4253239002638,417.72347652084,8728196,ITC.NS
2024-01-24,408.7738952636719,412.12451035385544,403.9243465297125,405.6878060944037,22459072,ITC.NS
2024-01-25,401.7640686035156,409.9642323963227,398.63391042262094,408.7298246781795,20435547,ITC.NS
2024-01-29,396.6058654785156,403.17483215123497,394.5778801618387,401.98449355111694,18557346,ITC.NS
2024-01-30,386.2454528808594,400.0446450412793,385.6723320649476,394.13702107881414,45190319,ITC.NS
2024-01-31,389.3315734863281,390.1692202685137,386.8186051949246,387.96487486493197,20648695,ITC.NS
2024-02-01,390.52191162109375,394.79833946233754,387.3476564800643,389.72836180825976,19903526,ITC.NS
2024-02-02,388.05303955078125,394.31338382927,387.52401565819747,392.37356435182073,17816750,ITC.NS
2024-02-05,386.2454528808594,391.18319512515933,384.92285133537746,389.7283306306448,12505666,ITC.NS
2024-02-06,380.38189697265625,388.7583920360094,378.70657560411007,387.96484228867234,19487043,ITC.NS
2024-02-07,380.7345886230469,383.5561516187938,379.8528449472176,383.5561516187938,13376903,ITC.NS
2024-02-08,371.1029357910156,384.12800816758073,365.7765333782061,384.03849666697397,50039587,ITC.NS
2024-02-09,371.953369140625,379.74157904258544,365.77653649119355,367.11932249698526,33527317,ITC.NS
2024-02-12,364.2099304199219,374.1913565530827,363.4937816638938,373.7885122385735,11326971,ITC.NS
2024-02-13,364.12042236328125,367.74596448553467,361.0320059987887,364.25470380272145,16207766,ITC.NS
2024-02-14,368.4173583984375,369.04399563612463,362.01670458696765,363.4490304322448,12618012,ITC.NS
2024-02-15,361.56915283203125,371.10296536010526,360.8977455956946,369.7154093192213,21169031,ITC.NS
2024-02-16,362.19573974609375,366.6269417755661,357.5407164214317,362.55381409855795,38963810,ITC.NS
2024-02-19,366.3583984375,369.4915846526361,362.1957590434242,362.5538334149661,17602580,ITC.NS
2024-02-20,363.5385437011719,367.4326485808488,361.9271948494633,367.4326485808488,14626643,ITC.NS
2024-02-21,361.0767822265625,367.1193336213837,359.24161197934507,364.3442216530248,20162369,ITC.NS
2024-02-22,371.0134582519531,371.64009555619225,361.1663127730457,364.2547293541822,19321180,ITC.NS
2024-02-23,368.2830810546875,372.3114390234385,367.477392438148,372.3114390234385,11576964,ITC.NS
2024-02-26,366.31365966796875,369.7601503452562,364.6127709260232,368.0145200385987,8289561,ITC.NS
2024-02-27,368.05926513671875,369.49159101888046,365.73176749593637,367.0298119400418,8083518,ITC.NS
2024-02-28,365.5079650878906,369.1335070788597,364.1651791134282,368.05925560223767,8949664,ITC.NS
2024-02-29,363.7175598144531,367.9697389838581,362.10621099325186,366.1345972319124,15468800,ITC.NS
2024-03-01,366.58221435546875,369.84968221119516,364.79184238551517,366.0451169501413,12873024,ITC.NS
2024-03-04,366.22412109375,369.6706401545669,365.6422537799073,369.044002904538,7103794,ITC.NS
2024-03-05,363.58331298828125,368.2831068378252,361.61388961617246,366.7164994308714,10108373,ITC.NS
2024-03-06,365.10516357421875,366.9850755073165,358.704537384896,363.8966588926982,11534613,ITC.NS
2024-03-07,370.2077331542969,371.46100763953405,361.34530025763866,365.10512371335005,23907135,ITC.NS
2024-03-11,366.4927062988281,374.4599396612226,365.2394317224076,373.11715357829127,18298683,ITC.NS
2024-03-12,362.06146240234375,363.89660411866976,357.4959505214604,363.89660411866976,36226074,ITC.NS
2024-03-13,378.1749572753906,392.09522935851203,377.01122268812105,389.409657449551,105525827,ITC.NS
2024-03-14,375.6684265136719,380.9053175233625,374.1913590552437,377.72738966516533,31949569,ITC.NS
2024-03-15,375.1760559082031,383.6356443794862,371.7295653076996,373.47519557546644,76074975,ITC.NS
2024-03-18,373.698974609375,376.6083677378852,373.20661882761476,375.08653045923944,16547358,ITC.NS
2024-03-19,366.626953125,375.57889732766563,365.86603446321567,374.1913414368421,21803126,ITC.NS
2024-03-20,372.1324157714844,372.9828459519357,366.62696200946334,367.02980631746095,20364534,ITC.NS
2024-03-21,377.1007080078125,377.7720867527884,372.5799662911985,375.08651503025925,19968509,ITC.NS
2024-03-22,383.680419921875,384.62036160072563,377.10074305597453,377.10074305597453,40358503,ITC.NS
2024-03-26,382.8299865722656,384.2175424825222,380.9500748588195,380.9500748588195,10669833,ITC.NS
2024-03-27,383.143310546875,383.9489991957222,381.75575456584926,382.24811039415033,12698464,ITC.NS
2024-03-28,383.4566345214844,387.84306693740666,382.24810157609323,383.1433017081666,29009002,ITC.NS
2024-04-01,381.97955322265625,386.14219254747997,381.1290946866631,384.127999416165,9743648,ITC.NS
2024-04-02,381.2186279296875,383.76991837937226,380.0996349174438,383.76991837937226,9194659,ITC.NS
2024-04-03,380.6367492675781,383.8594753883552,376.87695414075034,381.3529263895928,13152268,ITC.NS
2024-04-04,378.44354248046875,382.561440456257,375.89225185348187,380.9500915414978,19065447,ITC.NS
2024-04-05,382.740478515625,386.4555320406198,375.9369803377719,378.21973637562843,16768902,ITC.NS
2024-04-08,384.1280517578125,386.18701510462495,382.9195470628775,383.4119029290598,8844633,ITC.NS
2024-04-09,381.6662292480469,386.2764829149658,380.9500805003139,385.3365412299807,6967273,ITC.NS
2024-04-10,391.15533447265625,391.9162532244859,381.12913762155324,383.4118938770422,14547618,ITC.NS
2024-04-12,385.023193359375,390.08106107425925,383.411844554351,389.4096539174515,18785009,ITC.NS
2024-04-15,381.2633972167969,384.1727906087181,378.5778251406515,383.14330901862525,9083087,ITC.NS
2024-04-16,381.2633972167969,382.24810886947125,378.8463880225293,378.8911295886313,10357752,ITC.NS
2024-04-18,374.9522705078125,382.1585846561629,373.87804738734405,381.35292440864043,22133191,ITC.NS
2024-04-19,380.2339782714844,381.5767644305929,372.4010259101458,374.19139799851746,17221280,ITC.NS
2024-04-22,380.7262878417969,382.7852225858655,378.9806575358475,382.24809683901475,7386048,ITC.NS
2024-04-23,384.217529296875,385.3812638619412,380.5472174952533,380.72626885904805,12484384,ITC.NS
2024-04-24,383.9490051269531,385.6498655834832,383.4118793527575,384.2623095810225,6070285,ITC.NS
2024-04-25,391.69244384765625,392.36382269137283,384.0385150815419,385.82891540742,30337038,ITC.NS
2024-04-26,393.8856506347656,396.83978556705586,390.662952822937,393.2142434359195,15342965,ITC.NS
2024-04-29,392.2742919921875,396.07885703437194,389.05159426034965,395.67604109637887,12075706,ITC.NS
2024-04-30,389.99151611328125,394.3332066804385,389.4991603284896,393.84085089564684,12528665,ITC.NS
2024-05-02,392.9904479980469,396.2131457894124,389.27539438775926,390.3048759623476,24123523,ITC.NS
2024-05-03,390.70770263671875,393.93042888789734,386.14221870213413,393.93042888789734,23786388,ITC.NS
2024-05-06,389.1858825683594,394.2884921290817,387.93260805370363,392.0952475427761,10753860,ITC.NS
2024-05-07,394.1989440917969,399.25681198237896,389.5886904450738,391.11052780582645,26969062,ITC.NS
2024-05-08,394.7808532714844,398.09306260698986,392.27430420837044,395.00464621540885,10916481,ITC.NS
2024-05-09,380.5472412109375,395.22843258972705,378.9806622581897,393.930416513751,24314298,ITC.NS
2024-05-10,387.9326171875,390.6181892842415,381.8005259086496,381.8005259086496,14524604,ITC.NS
2024-05-13,386.5898132324219,389.8125109477641,384.48608019612794,387.8430593472191,7584217,ITC.NS
2024-05-14,384.6651306152344,387.88782832259807,383.6356490674802,385.38127935657843,11423749,ITC.NS
2024-05-15,382.96429443359375,387.84308286683984,382.02432432634987,385.60509663039625,7856433,ITC.NS
2024-05-16,386.2317199707031,387.2612015462776,378.5778198017074,384.9337038883544,23911954,ITC.NS
2024-05-17,390.57342529296875,391.64764839572535,383.9489785643487,387.08216474486596,11894830,ITC.NS
2024-05-21,389.2306213378906,391.28958447059944,387.7983238293244,390.30487284063116,11175153,ITC.NS
2024-05-22,393.796142578125,395.63128444260855,389.7677560924288,391.51338645338825,11036895,ITC.NS
2024-05-23,395.0941467285156,398.2721029063194,390.79722586221516,395.13891666458176,27244733,ITC.NS
2024-05-24,390.4839172363281,396.0788828819043,389.6782569364502,394.78086674006835,13252938,ITC.NS
2024-05-27,386.2764892578125,392.90093621140824,385.56034049832,392.81142470930064,12282545,ITC.NS
2024-05-28,384.0385437011719,387.17173031929394,383.36713643610324,386.81365590169696,9668761,ITC.NS
2024-05-29,385.78411865234375,387.08216305407205,380.905302219086,380.905302219086,10832067,ITC.NS
2024-05-30,379.4282531738281,385.78413731361627,378.0854671434653,383.59092107640083,21314885,ITC.NS
2024-05-31,381.7557373046875,384.53084914126174,379.7863140805311,382.02430017549347,29300711,ITC.NS
2024-06-03,385.24700927734375,389.3201656528504,383.725200249957,388.514477016602,16116836,ITC.NS
2024-06-04,378.535888671875,388.6557312027862,367.2764561221505,388.3822180405629,47791986,ITC.NS
2024-06-05,392.3025207519531,397.499184347516,381.13424920337036,384.7354289238378,28197030,ITC.NS
2024-06-06,396.9521179199219,399.04900387392235,393.0318302625804,397.4991442097778,32318523,ITC.NS
2024-06-07,400.37103271484375,402.6502707286166,393.0318874662661,393.30540065100246,29543660,ITC.NS
2024-06-10,398.3196716308594,402.05763661284067,397.36240447731143,401.14593572253284,11872688,ITC.NS
2024-06-11,394.7640686035156,399.1402214325666,394.0803145887873,398.4108722591482,13158571,ITC.NS
2024-06-12,394.1258544921875,396.04041761505835,392.2112913693166,392.5303996702627,10751658,ITC.NS
2024-06-13,392.3025207519531,398.3196949708831,391.8010895670423,398.3196949708831,9641349,ITC.NS
2024-06-14,393.0774230957031,393.7611770597148,391.1628599867876,392.9406665240471,9572809,ITC.NS
2024-06-18,390.8893737792969,395.8581191738071,390.38794261342787,394.7640665251691,14641141,ITC.NS
2024-06-19,386.23974609375,392.71275624893684,385.6927197561344,392.0290022211883,11329972,ITC.NS
2024-06-20,385.9206237792969,388.8380493170652,384.2795737201941,386.6044066765355,15147549,ITC.NS
2024-06-21,382.54736328125,387.74402663160475,381.5900672225091,387.47051347196447,26176371,ITC.NS
2024-06-24,385.9206237792969,386.5132163607238,382.9120368199867,382.9120368199867,9723008,ITC.NS
2024-06-25,385.9206237792969,386.5588115186297,382.68411881899715,385.64711062040146,10655609,ITC.NS
2024-06-26,386.5132141113281,388.74688563312844,384.7810026407644,385.6471083760463,11511714,ITC.NS
2024-06-27,388.0175476074219,389.5218411214756,383.9149079187151,386.51322519909763,38438054,ITC.NS
2024-06-28,387.3793640136719,390.2055993306075,386.1029884921122,387.9263614555754,18554411,ITC.NS
2024-07-01,391.1628723144531,392.25689602791135,387.1513942432347,388.6557165788598,13391362,ITC.NS
2024-07-02,387.9263610839844,392.6215934135948,385.2368534593977,392.0290008128207,11177863,ITC.NS
2024-07-03,390.4790954589844,391.70987576739714,387.9263445272619,388.4733708395652,7435499,ITC.NS
2024-07-04,391.1628723144531,393.3965148981146,389.33947056442025,392.0289780327245,9478861,ITC.NS
2024-07-05,395.356689453125,395.67576888063064,389.84091771413347,391.1172932126966,13427543,ITC.NS
2024-07-08,404.4280090332031,405.29411470865244,395.3566536768295,396.7241904746056,21311436,ITC.NS
2024-07-09,412.6332702636719,414.8213465379182,404.79269491641344,408.07479488064865,27489709,ITC.NS
2024-07-10,411.5848693847656,415.1404827339749,407.0719599600082,413.6361603295421,12065662,ITC.NS
2024-07-11,418.1490478515625,418.9239921454672,409.0776632126487,410.26287723172686,19556596,ITC.NS
2024-07-12,418.51373291015625,422.3428593192128,415.5963073929136,418.14905833228465,19693114,ITC.NS
2024-07-15,422.4796447753906,425.2603139042144,416.82711619633983,418.5137615167691,16876907,ITC.NS
2024-07-16,424.4397277832031,425.53378036576675,420.6561966884638,422.52516465798533,13497253,ITC.NS
2024-07-18,428.7247009277344,429.31732238979913,421.7958262702707,422.1149345797316,21907158,ITC.NS
2024-07-19,432.6449890136719,437.0667368269077,427.94975694190003,429.40848412543824,25939326,ITC.NS
2024-07-22,425.3514709472656,437.1123351198066,424.7132831753787,432.6906158768297,18762384,ITC.NS
2024-07-23,448.7364196777344,453.4772470105013,425.21469253973703,425.3514491191427,56125835,ITC.NS
2024-07-24,450.4230651855469,465.55721919731405,447.3233168036432,452.2008718247006,43693692,ITC.NS
2024-07-25,446.68511962890625,452.20086227300567,441.8531309735649,446.7306858915952,18567567,ITC.NS
2024-07-26,457.8534240722656,461.6825218161174,444.36031941248064,450.42308880903994,21534703,ITC.NS
2024-07-29,452.2464904785156,461.50019873560984,450.42308858670805,460.8620109629043,12978187,ITC.NS
2024-07-30,446.6395263671875,453.8419142238035,445.4999074868191,452.47437734621525,13891052,ITC.NS
2024-07-31,451.6082763671875,453.97867557287424,447.1865573764219,448.9643640042543,11982586,ITC.NS
2024-08-01,450.10400390625,452.88467297760064,447.59681911064166,452.155294892808,12114803,ITC.NS
2024-08-02,445.9101867675781,455.3462174298525,441.9898988909283,441.9898988909283,22141163,ITC.NS
2024-08-05,443.08392333984375,448.4629384481495,437.20347706841375,437.6593419676077,25022076,ITC.NS
2024-08-06,443.3574523925781,448.28060277815945,441.3061325083515,443.31185723274336,14251363,ITC.NS
2024-08-07,449.1466979980469,451.8362055853885,444.99849206153243,446.73070357474273,11320399,ITC.NS
2024-08-08,451.0612487792969,454.02426944874264,449.00992900000904,450.3774947823807,21349889,ITC.NS
2024-08-09,452.1097106933594,454.02427391323624,449.55695973352357,454.02427391323624,9556181,ITC.NS
2024-08-12,450.92449951171875,455.84764972526483,448.5541002742936,448.5541002742936,9425644,ITC.NS
2024-08-13,446.7306823730469,453.8875038800431,445.13522751757506,452.15526355477385,8056478,ITC.NS
2024-08-14,448.7364196777344,454.93597422607183,446.6395336172972,448.5085016768149,9609981,ITC.NS
2024-08-16,458.2636413574219,459.67677341741495,449.1466901515516,450.833335370804,13643352,ITC.NS
2024-08-19,457.16961669921875,464.32640951224664,455.4829714833437,460.1782036565068,10591508,ITC.NS
2024-08-20,454.75360107421875,458.94740189187496,453.75073880198227,456.7593256186916,6888634,ITC.NS
2024-08-21,460.7708435058594,464.0529437527386,454.9815584669918,455.84766424126957,8801221,ITC.NS
2024-08-22,459.9958801269531,463.5970596598946,457.16961601684477,463.0044670797505,8686423,ITC.NS
2024-08-23,461.135498046875,462.18392662579055,455.80207815406663,460.45171515256504,8195369,ITC.NS
2024-08-26,461.0443115234375,463.1412264870548,457.67104997039354,461.31782468341106,8126402,ITC.NS
2024-08-27,456.3946533203125,462.77653044282096,455.847627025735,462.73093528684996,8260450,ITC.NS
2024-08-28,453.3861083984375,457.94458422323976,452.65675920109425,456.2123437617104,8081932,ITC.NS
2024-08-29,460.497314453125,462.86771368427515,453.4316541292554,454.02427560774544,19389694,ITC.NS
2024-08-30,457.57989501953125,464.1896905333773,456.0300063539427,457.6254612839912,15523349,ITC.NS
2024-09-02,465.0102233886719,467.6085696752679,458.85629248475635,459.49448026617716,16497266,ITC.NS
2024-09-03,464.4176025390625,470.3892102248928,463.0500656317912,465.0101951235504,12481552,ITC.NS
2024-09-04,461.6369323730469,465.0101939214988,455.8020812824538,455.8476475462073,8739052,ITC.NS
2024-09-05,466.05865478515625,466.6968425307686,462.27512346983656,463.4603086443522,11318636,ITC.NS
2024-09-06,457.3975524902344,466.7880172017965,453.2493464731528,466.7880172017965,14245025,ITC.NS
2024-09-09,466.5600891113281,467.38059970737794,456.16676226622855,457.67105577087847,14265060,ITC.NS
2024-09-10,468.2467346191406,469.52308122545986,463.8249866314957,466.6968459549575,11332248,ITC.NS
2024-09-11,468.9305114746094,473.6257439602737,466.74243495355415,467.69973107275973,15497555,ITC.NS
2024-09-12,473.6257019042969,474.5374027816373,463.6426451989518,469.61425271712204,19085324,ITC.NS
2024-09-13,468.4746398925781,474.0815440167886,466.7879946924352,473.6257080193676,9165077,ITC.NS
2024-09-16,465.9674987792969,471.3464850740398,464.69112327323506,470.34362273274417,7821668,ITC.NS
2024-09-17,462.9132995605469,468.20112423719047,461.5457337870447,465.9218864737128,10889862,ITC.NS
2024-09-18,462.5486145019531,467.15268536936793,460.4973235485926,463.0044794093549,5638729,ITC.NS
2024-09-19,463.369140625,469.34074825372676,462.685357730768,464.96459551918156,14461616,ITC.NS
2024-09-20,468.97607421875,471.6655817468218,463.14122316210313,466.78799784894,24725118,ITC.NS
2024-09-23,471.3009033203125,473.580141232498,468.2467499449426,469.93336635185545,8105508,ITC.NS
2024-09-24,469.7510070800781,472.07581107793266,468.74814478800965,471.34646193720454,7015487,ITC.NS
2024-09-25,471.847900390625,473.44338416672934,467.061506850851,469.978932353214,8802667,ITC.NS
2024-09-26,476.5887451171875,477.50044603773256,471.3464864947561,471.93907909068867,16086557,ITC.NS
2024-09-27,476.54315185546875,481.83097676370437,474.30950915137026,474.30950915137026,17916386,ITC.NS
2024-09-30,472.3949279785156,478.047427263378,468.6569629993216,474.6285705979751,10936940,ITC.NS
2024-10-01,470.6170959472656,473.8536007022903,468.61137143493846,472.39490247305895,5285319,ITC.NS
2024-10-03,467.4717712402344,470.161249819359,463.2323751658065,463.6426448944806,16481353,ITC.NS
2024-10-04,459.0841979980469,471.6656015344404,457.260796130997,464.9646155648812,18930962,ITC.NS
2024-10-07,465.14697265625,469.47753046957075,462.00162895956305,462.2295469719965,17114457,ITC.NS
2024-10-08,463.09564208984375,467.28944322025905,461.317835402975,464.964610200732,9868331,ITC.NS
2024-10-09,448.28057861328125,464.7822693286866,447.2321211477684,464.7822693286866,24874940,ITC.NS
2024-10-10,448.5997009277344,451.88180111030306,446.22927276700216,451.60828794604396,13292273,ITC.NS
2024-10-11,445.08966064453125,450.3319193215231,444.3603114582125,449.4658135509857,14949380,ITC.NS
2024-10-14,453.0669860839844,454.9359830741221,445.4999233829581,447.64240464295625,6970606,ITC.NS
2024-10-15,454.52569580078125,455.3006401045124,450.83332601593787,454.024264650634,8347216,ITC.NS
2024-10-16,449.64813232421875,454.79922952979206,448.87318798542856,452.2008833474638,6939430,ITC.NS
2024-10-17,445.72784423828125,451.2891822969338,444.9073336349127,451.2891822969338,7669729,ITC.NS
2024-10-18,443.7220764160156,448.1437951165415,436.1550144021536,445.5910443421621,22616838,ITC.NS
2024-10-21,440.9414367675781,444.54264518224113,435.1977471460307,443.72210571019014,7680088,ITC.NS
2024-10-22,439.2547912597656,445.27199403454927,438.34309036731116,440.94143646609285,12772970,ITC.NS
2024-10-23,437.932861328125,440.62234002608295,437.15791699336745,438.5254539217694,10553961,ITC.NS
2024-10-24,430.04669189453125,439.80183106506763,428.4968032192426,439.43715647575334,13596626,ITC.NS
2024-10-25,439.71063232421875,449.9216066412517,432.3258930580839,433.78459129154515,32154050,ITC.NS
2024-10-28,441.39727783203125,442.9927616367931,433.96697181201,439.3915531808061,8946214,ITC.NS
2024-10-29,444.8617248535156,446.00134374693727,438.7989558078247,442.1722173304157,7131161,ITC.NS
2024-10-30,448.1438293457031,449.6937179905663,443.5397585692342,444.861729212034,6640080,ITC.NS
2024-10-31,445.6366882324219,449.46581481275115,441.89872307707066,448.55411388015784,8111694,ITC.NS
2024-11-01,447.00421142578125,448.6452614962307,446.09251052124927,447.6423991695266,1517892,ITC.NS
2024-11-04,441.80755615234375,449.87605007209993,437.20348528133655,449.87605007209993,8754385,ITC.NS
2024-11-05,437.7961120605469,442.21783124301106,434.8330912542778,440.30326795355165,7610046,ITC.NS
2024-11-06,438.61663818359375,441.62525425585875,435.79040275620883,437.7961275415375,11749720,ITC.NS
2024-11-07,435.69915771484375,440.0753102371216,434.0581077425567,439.20920454261847,9267980,ITC.NS
2024-11-08,435.8359375,438.2519318787487,432.69059396011545,435.6991809205033,6325023,ITC.NS
2024-11-11,434.8330993652344,438.98130545597087,432.2347819988186,435.83596174114274,5700343,ITC.NS
2024-11-12,431.09515380859375,435.74479098776305,429.545265117447,435.4257115541998,5236095,ITC.NS
2024-11-13,430.5025329589844,432.7817708396454,426.9013532883317,428.54240340663677,11548660,ITC.NS
2024-11-14,424.8044128417969,431.1862900835361,421.4311513821743,429.59083522023593,12087836,ITC.NS
2024-11-18,425.3514709472656,426.49108990461576,421.20326487713623,424.8500397618024,8448573,ITC.NS
2024-11-19,426.0807800292969,431.9156308531127,425.0779177527912,426.67340147942747,7121472,ITC.NS
2024-11-21,416.7815246582031,423.0722117400087,415.1860408616483,420.2915427797919,20313155,ITC.NS
2024-11-22,432.7361755371094,434.4227918075198,415.27718911581206,415.9153768353446,20214206,ITC.NS
2024-11-25,434.69635009765625,439.61950063345034,430.684900526477,436.7020748832458,14427013,ITC.NS
2024-11-26,434.8786926269531,440.0297610711077,432.2347801116228,437.6137665685303,6791715,ITC.NS
2024-11-27,434.8330993652344,437.7049588001279,431.23191962291025,435.33453055318853,7339184,ITC.NS
2024-11-28,432.964111328125,441.0782002838839,428.9982282727063,434.8786745654213,14967609,ITC.NS
2024-11-29,434.6507568359375,436.6108863385638,430.8671966230568,431.4142229467061,8668142,ITC.NS
2024-12-02,435.0610046386719,436.9755679077777,431.5965815849029,433.966980868156,5689595,ITC.NS
2024-12-03,430.8216247558594,431.5965690728606,421.886996425715,424.85001711458597,23073942,ITC.NS
2024-12-04,425.8528747558594,435.97268813501296,425.2146870249997,432.5082652197201,13957078,ITC.NS
2024-12-05,426.2175598144531,431.0039534664892,421.6590841659863,426.26315497287504,27432375,ITC.NS
2024-12-06,429.5452575683594,433.009709482812,426.3999139761327,428.49680007286037,7842234,ITC.NS
2024-12-09,423.8927001953125,430.3201724154078,422.0693273870647,429.86430754264455,12154116,ITC.NS
2024-12-10,424.34857177734375,425.26027264301655,421.75022575488975,424.25741035905713,9163636,ITC.NS
2024-12-11,424.1662292480469,426.8557367471317,423.6647980951895,425.94403586168113,7005617,ITC.NS
2024-12-12,419.9268493652344,426.5822107292306,418.60487878705237,424.39416334324943,13380617,ITC.NS
2024-12-13,428.4967956542969,432.508273854474,411.76718663458706,419.3798443995844,32976794,ITC.NS
2024-12-16,428.58795166015625,432.50826838863884,426.67341734781934,428.7247082387903,9354160,ITC.NS
2024-12-17,428.0865173339844,433.7846117539849,422.1605049160377,428.4967870668491,20608409,ITC.NS
2024-12-18,428.9526672363281,431.9612542626298,425.67053815077026,430.9583919205292,12841386,ITC.NS
2024-12-19,425.3514709472656,432.46269786421396,424.2118519899155,427.5851137017342,15161531,ITC.NS
2024-12-20,423.6192321777344,426.17198310137036,418.74164832844355,425.3058484782107,20231570,ITC.NS
2024-12-23,432.3714904785156,435.5168338433801,426.3086928429072,429.590821673927,19562956,ITC.NS
2024-12-24,436.20062255859375,437.84167265770424,430.9127976719345,432.96411751939024,12009880,ITC.NS
2024-12-26,434.8330993652344,439.3004137906353,433.9669935764291,438.11519966716565,9188830,ITC.NS
2024-12-27,436.3373718261719,439.3459877026604,433.96697258814555,437.38582931183106,16906420,ITC.NS
2024-12-30,434.8786926269531,438.93573727333114,433.96699168167027,438.2975495010603,13578360,ITC.NS
2024-12-31,440.9414367675781,441.853137660656,432.6449962031207,436.20060946013535,13787501,ITC.NS
2025-01-01,441.2149658203125,443.8588782795,439.57391571135923,443.08393393717887,18931186,ITC.NS
2025-01-02,445.8645935058594,446.7306992540878,439.7106629516162,442.49133193531964,27131131,ITC.NS
2025-01-03,439.0724792480469,447.6424042811121,437.47699542332975,446.9586213713376,38500784,ITC.NS
2025-01-06,419.10430908203125,437.18833703154587,417.77878443999913,431.36547703293587,22009958,ITC.NS
2025-01-07,417.63677978515625,423.7910283252627,416.7373011331246,421.8027268642203,14294780,ITC.NS
2025-01-08,425.63726806640625,428.0042866384456,413.84953291421215,419.43569096537107,13482926,ITC.NS
2025-01-09,426.1580505371094,436.1468578467629,422.32346292445044,425.4952737464954,19732649,ITC.NS
2025-01-10,421.234619140625,427.95695766150703,418.96228709118776,426.01601399088287,9145729,ITC.NS
2025-01-13,415.6957702636719,420.3824783707832,411.8612119173213,411.8612119173213,17799607,ITC.NS
2025-01-14,413.3761291503906,418.0154797721792,412.6660235788637,417.54207605782796,18048459,ITC.NS
2025-01-15,414.08624267578125,418.2995184778754,412.19262778200317,413.37613709061446,9786805,ITC.NS
2025-01-16,409.82562255859375,416.0745576911416,408.1687094723871,414.74900410675934,15774070,ITC.NS
2025-01-17,416.78466796875,418.2995368348359,409.4942387500577,409.96764249427747,11270061,ITC.NS
2025-01-20,414.4176025390625,417.7314283751026,412.8080184324215,415.6484405775987,8742771,ITC.NS
2025-01-21,414.27557373046875,423.2229153783908,412.0979282291825,414.7016486258057,15686500,ITC.NS
2025-01-22,413.7548522949219,418.4415606921262,413.32877738816876,416.50058809880306,9619648,ITC.NS
2025-01-23,416.78466796875,418.3468945458208,411.00913651041515,411.8612574711563,8888248,ITC.NS
2025-01-24,418.11016845703125,421.32930795242055,415.69579216478695,416.0271805454013,9665384,ITC.NS
2025-01-27,416.68994140625,421.3292918750087,413.3287578086634,417.3526892479191,10480203,ITC.NS
2025-01-28,412.2873229980469,418.2995272971351,411.3878443468299,416.59528541451135,20813072,ITC.NS
2025-01-29,410.29901123046875,414.2282563403287,407.221887040512,412.76071636128813,15158510,ITC.NS
2025-01-30,412.9974365234375,414.701678438765,408.50010096959244,409.9676410136649,22496695,ITC.NS
2025-01-31,423.6963195800781,424.3590963304251,411.9559133750371,413.2814379814617,13546181,ITC.NS
2025-02-01,437.9457702636719,446.41970841807506,416.16919912132676,424.16973355524414,30393007,ITC.NS
2025-02-03,430.1819763183594,440.4548430642073,428.24100368388565,437.4250476268326,16991730,ITC.NS
2025-02-04,430.9394226074219,435.8628331052791,424.87986045993944,433.63782972847304,18923681,ITC.NS
2025-02-05,424.3117370605469,431.6021657104411,422.7495106053608,430.9393889625346,12836283,ITC.NS
2025-02-06,417.63677978515625,426.06336046890937,414.8910439076552,426.06336046890937,17469129,ITC.NS
2025-02-07,407.9320068359375,421.8027305812478,405.6123169619012,416.59528946296075,18875982,ITC.NS
2025-02-10,404.47613525390625,410.25163731299205,403.8133585122395,404.2867622150675,12227140,ITC.NS
2025-02-11,396.049560546875,407.64795227119043,395.2921261144242,405.9910391677168,14288751,ITC.NS
2025-02-12,394.22222900390625,397.97305679084684,392.01021063862936,397.34792371808146,13884574,ITC.NS
2025-02-13,394.0298767089844,398.1173234410263,393.35663844827394,394.27031475204564,12989029,ITC.NS
2025-02-14,394.558837890625,400.2812751894459,392.77959046029304,396.0014661827297,14124236,ITC.NS
2025-02-17,392.9719543457031,395.6648487625189,391.1927069076455,394.12603937418936,11975265,ITC.NS
2025-02-18,389.7500915527344,395.1359099155748,388.54790126416947,392.39491018757707,12998403,ITC.NS
2025-02-19,390.8560791015625,393.1642784577035,389.02875583421536,389.3172697473528,7079032,ITC.NS
2025-02-20,386.6724548339844,388.45170224904115,381.0462280233567,384.65279872265523,15355585,ITC.NS
2025-02-21,385.56646728515625,387.8265909200422,383.93150608677536,386.6724764914858,8240986,ITC.NS
2025-02-24,386.5281982421875,387.97082652327333,383.4986847219768,384.700874956215,7037625,ITC.NS
2025-02-25,389.3653869628906,391.43314833834296,385.1817589914161,386.62438730224534,15760891,ITC.NS
2025-02-27,386.2397155761719,390.9522958056036,384.2200299491726,389.3654104380863,19051003,ITC.NS
2025-02-28,379.8921203613281,387.10526188717614,377.1992259318174,383.73912917511376,31954776,ITC.NS
2025-03-03,382.2484130859375,383.7391172146777,376.23746200174764,380.8057848257319,10702826,ITC.NS
2025-03-04,379.74786376953125,382.00798731989397,377.82435936077115,380.2768157418011,13404774,ITC.NS
2025-03-05,389.5577087402344,396.9632122658291,379.4112349821189,379.4112349821189,15665018,ITC.NS
2025-03-06,390.1828918457031,394.0299007695933,385.22984437591543,393.5009194323491,17869996,ITC.NS
2025-03-07,388.45172119140625,390.3271497866334,386.33588388818345,388.11510203965406,11180761,ITC.NS
2025-03-10,389.5096435546875,391.2888910064267,385.0855775356017,385.7107105996322,9785018,ITC.NS
2025-03-11,390.6637878417969,392.77962524740065,385.8550264422196,386.1435403860541,11099475,ITC.NS
2025-03-12,396.6265869140625,397.4921579923581,388.547874599392,390.85607392496263,13844306,ITC.NS
2025-03-13,396.2900085449219,398.55013223484355,392.5872858097,397.2036849356402,8196569,ITC.NS
2025-03-17,392.3468017578125,400.32933287132437,391.43312547418384,397.20363838043716,5257805,ITC.NS
2025-03-18,393.4528503417969,396.1938501173774,392.1544789375377,394.31842149451984,13861897,ITC.NS
2025-03-19,387.63421630859375,395.0397200620695,387.20144542451675,394.3184059049263,12830387,ITC.NS
2025-03-20,388.49981689453125,391.0965302508203,386.5282072542035,389.50964497469676,16994037,ITC.NS
2025-03-21,390.0386047363281,391.9140333230442,386.3358821349048,390.4233291082126,25302035,ITC.NS
2025-03-24,395.1839599609375,397.05938842867533,390.08668521067875,391.4331323758087,14362572,ITC.NS
2025-03-25,394.12603759765625,399.36759879824183,393.06813366389935,396.2419041658655,20338110,ITC.NS
2025-03-26,391.769775390625,395.47252733324694,390.71184207125464,394.60692684899476,13891436,ITC.NS
2025-03-27,393.7894287109375,394.99161889585264,390.1347529385877,392.3948763562974,18642328,ITC.NS
2025-03-28,394.0779724121094,399.7042287729926,392.5391629889967,395.18398159578936,12981873,ITC.NS
2025-04-01,391.0965270996094,398.55010666561213,390.08669902758044,394.1260406660441,15206240,ITC.NS
2025-04-02,393.4047546386719,394.31843103609066,390.51949782621267,391.4812500970324,8001323,ITC.NS
2025-04-03,393.7413330078125,394.51075235495847,391.1446197558559,391.4812095354885,7059566,ITC.NS
2025-04-04,394.0298767089844,397.01128496266676,389.0287536731707,391.91401018990615,18627592,ITC.NS
2025-04-07,390.51947021484375,392.49107984083315,375.2276160600784,375.2276160600784,26762866,ITC.NS
2025-04-08,396.7708435058594,399.89653803876325,391.6735687769548,396.14571046934793,18600796,ITC.NS
2025-04-09,400.37744140625,403.02226003741157,395.5206043873473,397.20367078899557,21785572,ITC.NS
2025-04-11,405.4266357421875,406.292236218633,401.05067489059496,403.9359315444841,8939356,ITC.NS
2025-04-15,404.32061767578125,412.78405461806295,402.97417047029376,412.78405461806295,11685880,ITC.NS
2025-04-16,408.21575927734375,409.754539416005,402.01244544834776,402.01244544834776,13034594,ITC.NS
2025-04-17,410.90863037109375,411.48568756526555,405.4266310519838,408.7446879057106,22410217,ITC.NS
2025-04-21,406.67694091796875,412.6878924233474,405.3785695227371,411.6780349602343,27388236,ITC.NS
2025-04-22,417.0157470703125,418.169832064902,407.3501201449234,409.6583488347964,32031936,ITC.NS
2025-04-23,414.3709411621094,420.7185115509847,412.4474367624713,419.5163213012109,19566317,ITC.NS
2025-04-24,413.6015319824219,419.372045323511,412.88021781478574,415.3327035949578,26064089,ITC.NS
2025-04-25,411.4375915527344,416.1502009519827,407.10970652510946,413.60153406654683,22944377,ITC.NS
2025-04-28,412.39935302734375,414.0343435923546,408.5042681552906,410.3315915600767,6287095,ITC.NS
2025-04-29,409.7064514160156,413.16876532622075,408.7446991826447,412.49552702272155,11189930,ITC.NS
2025-04-30,409.51409912109375,412.88023201920157,405.8594522861451,411.05290860172727,10026546,ITC.NS
2025-05-02,413.07257080078125,414.99607520497585,407.87911477952554,407.87911477952554,9263372,ITC.NS
2025-05-05,420.2376403808594,421.72834456792714,412.92831770641976,413.7938888263413,11525305,ITC.NS
2025-05-06,418.89117431640625,422.834364350939,416.43871785669694,420.7666029152538,15026568,ITC.NS
2025-05-07,414.6594543457031,418.362206178502,413.2649312686502,416.823396791454,9710361,ITC.NS
2025-05-08,414.1304931640625,414.9960642530376,407.350122708005,412.59168381124715,19937960,ITC.NS
2025-05-09,407.3501281738281,412.73594630577514,406.8211762096756,409.6583569091965,8226512,ITC.NS
2025-05-12,418.84307861328125,419.5163168862086,411.7741941489348,413.072565475096,8031891,ITC.NS
2025-05-13,411.53375244140625,421.1993794721109,409.08129611962823,418.2660177094136,14976369,ITC.NS
2025-05-14,412.6878662109375,415.332684705315,409.6102474955229,410.7643618513902,9557309,ITC.NS
2025-05-15,416.1020812988281,418.74689983509177,409.7064350721147,412.6878727466996,24263510,ITC.NS
2025-05-16,419.03546142578125,419.51633754430964,415.573147502307,418.26604202592637,16402035,ITC.NS
2025-05-19,418.6988220214844,421.72833555161463,416.10207936688846,418.362202884726,7543854,ITC.NS
2025-05-20,418.26605224609375,423.9403847133091,416.3425477249801,420.28573786333305,9868414,ITC.NS
2025-05-21,416.438720703125,421.4398441006694,415.4769684613164,419.90103464370577,5776672,ITC.NS
2025-05-22,409.8026123046875,416.43869651769444,406.7249935694986,416.43869651769444,19451749,ITC.NS
2025-05-23,419.61248779296875,422.20923056391143,412.59170822760365,417.40046939575757,18536884,ITC.NS
2025-05-26,425.9600524902344,426.58518556334417,420.0452822056058,421.48791053602,13107662,ITC.NS
2025-05-27,417.30426025390625,427.2103252046928,414.37092787863105,425.9600297748,26986022,ITC.NS
2025-05-28,411.57440185546875,413.92513013654184,404.5221871211176,409.12572033536514,431851622,ITC.NS
2025-05-29,410.1541442871094,414.12099629331436,408.04828421108533,413.337430183069,21478547,ITC.NS
2025-05-30,409.468505859375,411.4274510468685,407.85238205791916,410.49697001748797,30656239,ITC.NS
2025-06-02,410.6928405761719,411.8192579553598,406.0403458241328,409.7133679967952,14973380,ITC.NS
2025-06-03,408.39111328125,413.04360813984886,407.1177809642176,410.3990201585084,13216486,ITC.NS
2025-06-04,408.4400634765625,410.39900862513116,407.4116292300163,408.586978384479,12598933,ITC.NS
2025-06-05,410.4969482421875,412.30897842272395,407.2157092489669,409.9092587388879,13212523,ITC.NS
2025-06-06,412.40692138671875,412.6517895338172,410.39901453696416,411.67231694542346,8774988,ITC.NS
2025-06-09,414.3658752441406,414.9046031137218,411.86823204786555,413.33744096123485,10473123,ITC.NS
2025-06-10,418.23480224609375,419.75297282706833,414.3658735007135,415.78612073411426,13041075,ITC.NS
2025-06-11,417.4022216796875,419.312205110815,416.12891931968926,419.2142518774774,20789182,ITC.NS
2025-06-12,412.3579406738281,418.43068239792314,410.9376935297822,418.2347759328376,18508835,ITC.NS
2025-06-13,405.4036865234375,410.7418239308055,405.01190347774315,406.48111231744474,17873926,ITC.NS
2025-06-16,409.6154479980469,410.30106087453294,404.7670467340719,406.4321620890675,7006629,ITC.NS
2025-06-17,408.83184814453125,410.44797192026425,407.1667626963428,409.5174909056936,9028406,ITC.NS
2025-06-18,407.3626403808594,409.86031339660474,406.3831678000489,408.4400661979771,8036215,ITC.NS
2025-06-19,407.4606018066406,409.66441515775824,406.2852227295919,407.11778041824044,12601006,ITC.NS
2025-06-20,409.9582214355469,410.8887323090276,407.46057840418473,407.46057840418473,13203184,ITC.NS
2025-06-23,405.4036865234375,408.9297937169475,403.2978264980913,408.4400574370469,14839890,ITC.NS
2025-06-24,405.844482421875,412.0151479158747,405.25679287693885,408.3421256239387,16690068,ITC.NS
2025-06-25,407.80340576171875,409.5664444107915,406.5790650634376,407.85236743319786,9946718,ITC.NS
2025-06-26,411.67230224609375,412.25999175637196,407.70545036119364,408.635961243395,13703918,ITC.NS
2025-06-27,410.0561828613281,413.3374219283217,409.2236252038625,412.3579493645105,21409935,ITC.NS
2025-06-30,407.9013671875,412.1130873177171,407.26468609870335,411.18257641188427,12317124,ITC.NS
2025-07-01,406.5790710449219,410.25209319380195,406.38316457386264,408.4400629554616,13670465,ITC.NS
2025-07-02,404.47320556640625,408.3421042433258,403.2488648665335,408.3421042433258,15990899,ITC.NS
2025-07-03,404.864990234375,407.4605865502793,402.80809187212105,405.5016414226337,14185298,ITC.NS
2025-07-04,404.0813903808594,406.48111009570783,403.2978242937535,406.383156862037,8256733,ITC.NS
2025-07-07,407.6075134277344,408.63597758463175,403.54270814671577,404.52218073930493,6845218,ITC.NS
2025-07-08,408.635986328125,409.5175057020906,406.1383132289018,407.60752214922184,6807192,ITC.NS
2025-07-09,410.83978271484375,411.6723104890166,406.9218924227146,407.65649685248883,9930533,ITC.NS
2025-07-10,408.29315185546875,411.67231432927395,407.8523772370402,411.67231432927395,6220360,ITC.NS
2025-07-11,408.2441711425781,409.4685119028319,406.9708687083669,408.44007762067145,8578844,ITC.NS
2025-07-14,410.7908020019531,411.3295298660291,407.9992991168515,408.4890354163033,6896989,ITC.NS
2025-07-15,413.4353942871094,413.72922411339215,410.3990232206159,412.26001519971453,8532755,ITC.NS
2025-07-16,415.8840637207031,416.7166213924788,411.67231368924485,413.43538226908703,9780773,ITC.NS
2025-07-17,415.2474060058594,417.1573595734722,414.3168951123935,417.05940633871836,7240795,ITC.NS
2025-07-18,414.072021484375,416.4717411939595,411.4764251990089,416.4717411939595,6730256,ITC.NS
2025-07-21,411.4764404296875,414.0720368111289,409.8113250726935,413.3374323697135,4822343,ITC.NS
2025-07-22,407.4606018066406,411.77027527059994,406.6770356826959,411.47644544690354,9869507,ITC.NS
2025-07-23,406.4321594238281,409.32158560296745,405.5016485154682,408.53801949465566,12196187,ITC.NS
2025-07-24,401.5347900390625,407.3136721952123,401.04505375648824,407.3136721952123,9005157,ITC.NS
2025-07-25,400.9960632324219,401.8286208931811,399.3799394739661,401.58375275125957,5824089,ITC.NS
2025-07-28,401.4858093261719,402.41632024466196,400.21250691352043,402.36732868040224,8123337,ITC.NS
2025-07-29,400.0655822753906,402.9550084157297,399.62480766342725,401.5837527990323,6811772,ITC.NS
2025-07-30,399.2330322265625,400.898117688896,397.4210019633524,400.60428786940514,10915863,ITC.NS
2025-07-31,403.4937438964844,405.50165074201533,397.2250954310459,397.61690837848414,19364174,ITC.NS
2025-08-01,407.9013671875,410.74183168633,403.34679578552243,403.9344853107258,14324065,ITC.NS
2025-08-04,408.29315185546875,413.8271659664987,406.5790748366726,411.57439098396185,18352458,ITC.NS
2025-08-05,405.6485595703125,409.37057327725813,404.522172091142,408.6359688485212,8495104,ITC.NS
2025-08-06,403.5426940917969,406.4811117672226,402.07348525408406,405.6485541142926,9080543,ITC.NS
2025-08-07,405.10986328125,406.2362507650608,403.1998798022133,403.542701181929,11514878,ITC.NS
2025-08-08,405.99139404296875,406.82395173394906,404.4732234643995,405.40370450279846,9814361,ITC.NS
2025-08-11,408.29315185546875,408.4400667645679,405.5016490180602,405.99138530914485,8514272,ITC.NS
2025-08-12,407.80340576171875,411.1825681542966,406.77494164048437,408.44005694659893,13635738,ITC.NS
2025-08-13,405.599609375,408.92981023461243,405.1098730753178,408.6359804112558,10874910,ITC.NS
2025-08-14,403.0039978027344,406.5300751148795,402.563223193151,405.74650902132066,9580361,ITC.NS
2025-08-18,397.9596862792969,405.207807083524,396.5394690122968,404.5221643400549,30950814,ITC.NS
2025-08-19,400.7022399902344,400.99606980890684,396.19666012675947,398.00869038492266,16681331,ITC.NS
2025-08-20,397.7148132324219,401.82860986020313,397.1271536208501,400.7022224165175,18188129,ITC.NS
2025-08-21,397.22509765625,398.49842996029514,395.07027588892424,397.7148339521601,15028966,ITC.NS
2025-08-22,390.1239013671875,398.1555881648492,389.34033529035065,397.6658518940437,13087624,ITC.NS
2025-08-25,391.1523742675781,392.327723409267,388.1160033420702,390.8095528920783,10440286,ITC.NS
2025-08-26,395.0702819824219,397.07818887017044,390.22188062167817,391.1033999896865,13715752,ITC.NS
2025-08-28,392.6705627441406,396.19667011274,391.78904337477377,396.19667011274,12471719,ITC.NS
2025-08-29,401.3388977050781,402.02454048128317,393.6500318196282,393.74798505781916,25255050,ITC.NS
2025-09-01,397.5189514160156,401.77966310485994,396.68639374720885,401.3388884886885,12268090,ITC.NS
2025-09-02,398.4004821777344,399.4779080217149,396.14770714215564,398.20457570023547,19808255,ITC.NS
2025-09-03,403.2978210449219,404.76702986475766,398.9391562562904,400.114535268611,12936588,ITC.NS
2025-09-04,407.3626403808594,418.2347920060821,406.4811210363561,415.24741259106247,27274123,ITC.NS
2025-09-05,398.9881591796875,408.4400635448862,396.09870312861307,408.3421103092152,16000675,ITC.NS
2025-09-08,399.1840515136719,402.1224693529809,398.44944705384466,399.08612816526716,7419022,ITC.NS
2025-09-09,401.6327209472656,402.51427018540727,399.0371245789613,400.1145503991436,8825896,ITC.NS
2025-09-10,404.5711364746094,405.2078175633528,400.555322816839,402.56322964572416,9252397,ITC.NS
2025-09-11,406.53009033203125,408.1462440335788,403.9834854870758,404.5711451336769,8274406,ITC.NS
2025-09-12,405.25677490234375,408.48902241943284,404.37525556960406,406.82393698895356,7803379,ITC.NS
2025-09-15,404.1793518066406,405.7954755760093,403.29783246799684,404.5711348581344,5707331,ITC.NS
2025-09-16,404.6201171875,405.8444578774336,403.54269140213233,404.7180704209207,8239087,ITC.NS
2025-09-17,400.8981018066406,406.08932424399245,399.6737611220478,405.45267306623015,14113882,ITC.NS
2025-09-18,403.1019287109375,404.5711375822802,401.68171140331816,402.90605212943706,15647808,ITC.NS
2025-09-19,402.22039794921875,404.13038138420126,400.55531254363956,403.101917268776,19505321,ITC.NS
2025-09-22,398.59637451171875,402.56322646569487,397.7148252853857,402.2204050878021,8930779,ITC.NS
2025-09-23,394.9233703613281,399.7227801970498,393.8459445065011,398.7433075819584,14936357,ITC.NS
2025-09-24,392.76849365234375,396.34356249165154,392.4746638429711,394.9233452248436,12380865,ITC.NS
2025-09-25,391.8869934082031,394.7274579712088,389.83009496908466,393.209287397003,22006368,ITC.NS
2025-09-26,396.7843322753906,397.5678983516164,391.59310987422305,391.8869695711551,14414044,ITC.NS
2025-09-29,398.89019775390625,399.6248021696593,394.9233458652918,398.5473763816621,19717660,ITC.NS
2025-09-30,393.30718994140625,398.4004591506758,392.1808024887207,398.4004591506758,9465490,ITC.NS
2025-10-01,397.2740783691406,397.665861416941,391.5441578852763,394.0907925326749,17643039,ITC.NS
2025-10-03,396.0007629394531,397.1761420239669,394.04181772601805,396.58845248171,16987141,ITC.NS
2025-10-06,392.52362060546875,395.60895312981853,391.5931097355416,394.7274338215943,13989077,ITC.NS
2025-10-07,391.5931396484375,394.3356809060124,391.29930982029435,394.237727666254,12298968,ITC.NS
2025-10-08,391.5441589355469,393.5031040709342,389.8300819420829,391.7890270774703,8402463,ITC.NS
2025-10-09,391.6910705566406,393.1602793958562,390.7605895598157,390.80955123133737,15656267,ITC.NS
2025-10-10,394.53155517578125,395.5600193505022,391.299307520674,392.22981845621223,15085738,ITC.NS
2025-10-13,391.0544128417969,392.71952812155763,390.36877010515894,391.78901724913896,9508594,ITC.NS
2025-10-14,388.6546936035156,392.6215753424221,388.0670339898672,391.78901770158024,10291102,ITC.NS
2025-10-15,391.6910705566406,392.62158144459596,389.0954742522526,389.83007867186035,16043867,ITC.NS
2025-10-16,396.83331298828125,397.665870666178,391.3482605181077,392.7685077269394,22962049,ITC.NS
2025-10-17,403.6896057128906,405.35472100520315,396.9312510926241,397.0292043259007,21071344,ITC.NS
2025-10-20,404.5711364746094,406.3342050500721,402.85705946273583,404.0814001855026,13083621,ITC.NS
2025-10-21,404.3752746582031,405.4527005118031,403.88553835121513,405.0119258790611,1142130,ITC.NS
2025-10-23,407.41162109375,411.8192475900064,405.0608630495091,407.46058276503413,24305990,ITC.NS
2025-10-24,408.2441711425781,409.3705885549171,404.96296181800335,407.411643338511,14935678,ITC.NS
2025-10-27,412.01513671875,414.02307345178554,408.048284707717,408.4400677633165,11603679,ITC.NS
2025-10-28,409.32159423828125,412.9946164943518,407.3626490350436,411.86822898071654,17163147,ITC.NS
2025-10-29,412.9456481933594,413.53333772312516,407.5095574069397,409.61544737952806,11470661,ITC.NS
2025-10-30,410.1541442871094,413.04360036450976,407.60750959211543,412.94564712794636,12938674,ITC.NS
2025-10-31,411.7213134765625,417.64711075138126,409.615453364337,411.8682283883677,18599864,ITC.NS
2025-11-03,405.45269775390625,412.9946188955417,404.816016646247,411.3295333977877,7635440,ITC.NS
2025-11-04,400.5063171386719,405.99136936159005,399.96761919609156,405.50163308974254,10085404,ITC.NS
2025-11-06,399.13507080078125,404.8159997293463,398.20455990626584,401.58375221673697,10095563,ITC.NS
2025-11-07,395.7558898925781,400.70224442999825,394.82540886238485,397.71483508178255,8411611,ITC.NS
2025-11-10,397.22509765625,398.7432981082502,395.3641057100178,395.75588876851964,6650003,ITC.NS
2025-11-11,398.4984130859375,399.673762211673,396.2945998476621,397.6658554399186,12005318,ITC.NS
2025-11-12,398.64532470703125,399.7227504817627,397.22507756427666,399.624797249309,7987236,ITC.NS
2025-11-13,397.3720397949219,399.1350784919307,396.1966607361619,398.64534219930255,6617185,ITC.NS
2025-11-14,399.771728515625,400.3594180432725,391.8869861840081,396.3925660411311,64020258,ITC.NS
2025-11-17,398.7432861328125,403.542695710365,397.6658603359422,401.3388824449565,7855399,ITC.NS
2025-11-18,397.5189514160156,401.3878501610938,396.2456191310374,399.8696796229581,7661681,ITC.NS
2025-11-19,395.2661437988281,397.2250889394812,394.5315393710832,396.5394760749311,7882450,ITC.NS
2025-11-20,397.1271667480469,398.64533728000737,394.97231513062155,395.2661449461201,6693410,ITC.NS
2025-11-21,399.4779052734375,400.1145564842314,396.39257256641207,396.68640238950724,5808131,ITC.NS
2025-11-24,395.2661437988281,400.4083747930425,394.580530934278,400.01659174313806,11037491,ITC.NS
2025-11-25,392.5726013183594,396.1966618504526,391.8869884414304,395.26615093538965,8199785,ITC.NS
2025-11-26,394.04180908203125,395.6579627605675,392.71954500487413,392.7685066776832,11443953,ITC.NS
2025-11-27,396.0007629394531,397.61691665344256,393.8459411393536,395.21719681053185,8679529,ITC.NS
2025-11-28,395.9517822265625,396.68638664627787,394.23770524722676,396.0007438980914,6883500,ITC.NS
2025-12-01,395.9517822265625,397.17612292608806,390.025985197311,394.5315350586607,13442658,ITC.NS
2025-12-02,392.71954345703125,397.1761317458155,392.27876883896204,395.95179101910213,8093808,ITC.NS
2025-12-03,392.2787780761719,393.94389346016385,390.66265425708065,393.45415715794644,10772192,ITC.NS
2025-12-04,394.7763977050781,395.26613397807347,390.85850752111554,391.8869716290837,8057989,ITC.NS
2025-12-05,396.6374206542969,397.0292036956514,393.7479646784384,394.7763988983853,4419747,ITC.NS
2025-12-08,394.04180908203125,396.93126516491554,392.32773205787674,396.6374353457986,6056866,ITC.NS
2025-12-09,392.8174743652344,396.19666679247575,391.78904009144696,393.7479852919042,9426717,ITC.NS
2025-12-10,394.8743591308594,396.09869983875063,392.7684990915125,392.86645232636994,6969146,ITC.NS
2025-12-11,394.6294860839844,395.70691187176226,392.86644744298803,394.8743542225189,6980147,ITC.NS
2025-12-12,391.8869934082031,395.7069305716336,391.6421252580969,394.62950473294,12407516,ITC.NS
2025-12-15,394.04180908203125,395.07027323120263,391.29929779983655,391.8869873292014,7756564,ITC.NS
2025-12-16,393.4541320800781,397.4209839187486,392.81745101487064,393.16027238279855,12347384,ITC.NS
2025-12-17,391.5931396484375,394.8254172136723,390.9075267523928,392.76851874327417,8087490,ITC.NS
2025-12-18,392.1808166503906,393.69901709025,391.6421186856499,391.7890335950218,7227668,ITC.NS
2025-12-19,392.8174743652344,394.38463650382647,392.0339082415041,392.0339082415041,10654835,ITC.NS
2025-12-22,394.4336242675781,395.3641052941498,392.96441538139317,393.35619843948285,6847871,ITC.NS
2025-12-23,398.9881591796875,400.50632971362984,393.5520684568217,394.2377112153877,10081997,ITC.NS
2025-12-24,398.2535705566406,401.09403515706003,397.323059617528,399.5758645628573,5777430,ITC.NS
2025-12-26,395.8538513183594,398.7922691629462,395.5600214903535,398.1556179415121,3152453,ITC.NS
2025-12-29,394.3356628417969,396.4904845621106,393.2092753640043,395.80487169747335,6647710,ITC.NS
2025-12-30,392.376708984375,395.1682117263742,392.0828492850893,394.7274371230106,12340527,ITC.NS
