Date,Close,High,Low,Open,Volume,Ticker
2021-01-01,562.5929565429688,565.8953889922776,552.779991371939,559.0546360615664,8229768,SUNPHARMA.NS
2021-01-04,570.2828369140625,575.0477628714159,561.6021472232304,566.131185186756,11329298,SUNPHARMA.NS
2021-01-05,569.386474609375,574.34012268499,566.1312086417162,574.1042346813892,7790158,SUNPHARMA.NS
2021-01-06,571.1320190429688,576.463110925213,562.4985527218835,569.999745115165,6422080,SUNPHARMA.NS
2021-01-07,567.9239501953125,573.6795941400574,564.244074499596,571.8396562921992,4555702,SUNPHARMA.NS
2021-01-08,585.757080078125,587.644184110329,569.9054177255812,572.736073773887,11451416,SUNPHARMA.NS
2021-01-11,585.94580078125,592.5506648802335,579.3881027650045,588.4934027373982,7516087,SUNPHARMA.NS
2021-01-12,575.236572265625,588.6821899586013,572.7833022028204,585.9458657781254,6747035,SUNPHARMA.NS
2021-01-13,568.3013305664062,579.8126759270266,563.5364047150799,576.5102440869214,6186661,SUNPHARMA.NS
2021-01-14,572.7832641601562,577.123638172296,562.7344693162028,568.3013918935043,6730284,SUNPHARMA.NS
2021-01-15,570.1884765625,581.9828768620298,564.3384424959642,574.6231825930922,8389544,SUNPHARMA.NS
2021-01-18,548.6283569335938,573.0663207394148,545.7977007529302,569.9997765436958,7414570,SUNPHARMA.NS
2021-01-19,562.8759155273438,568.9618372446957,550.4210180199393,553.770673581396,5500391,SUNPHARMA.NS
2021-01-20,561.13037109375,569.5279491179924,559.4791551373726,567.263458931723,5182972,SUNPHARMA.NS
2021-01-21,549.9965209960938,564.9517981705998,547.8735288526552,564.2441341227869,4546393,SUNPHARMA.NS
2021-01-22,542.7310791015625,553.8178142269228,538.3907056900711,549.9964404463622,5591688,SUNPHARMA.NS
2021-01-25,553.2989501953125,560.469922804686,534.9940172226549,544.5238699785128,8149590,SUNPHARMA.NS
2021-01-27,537.6359252929688,552.8271472506243,531.9274471343737,552.8271472506243,8534047,SUNPHARMA.NS
2021-01-28,532.4934692382812,542.070543654712,519.3309668610924,523.576950231756,9863454,SUNPHARMA.NS
2021-01-29,553.110107421875,566.1311114676643,522.8220584044541,535.9374521893889,22539938,SUNPHARMA.NS
2021-02-01,556.8372192382812,565.5650749781299,546.8826998631207,562.3569752378163,12621971,SUNPHARMA.NS
2021-02-02,575.0478515625,582.077326380711,558.1110794754933,563.2534500520289,15788247,SUNPHARMA.NS
2021-02-03,593.6829223632812,611.7991320507191,576.0384886698401,577.9255926458264,23788455,SUNPHARMA.NS
2021-02-04,595.85302734375,604.8167704312648,590.899379848018,596.7965792476989,7926593,SUNPHARMA.NS
2021-02-05,598.919677734375,607.8834224188596,587.9744967345226,597.7402376443113,10981738,SUNPHARMA.NS
2021-02-08,598.8251953125,608.449377960748,596.8437019044585,604.7223942831587,6479801,SUNPHARMA.NS
2021-02-09,593.5428466796875,608.4385497024488,591.0681882913111,601.4428383440503,5794015,SUNPHARMA.NS
2021-02-10,596.8740844726562,601.1096084167964,584.5006776791151,593.0193039748656,6902162,SUNPHARMA.NS
2021-02-11,612.62646484375,617.4806245508775,592.0199591069685,592.0199591069685,11433578,SUNPHARMA.NS
2021-02-12,596.921630859375,622.8581911841795,592.352942566066,622.8581911841795,15471776,SUNPHARMA.NS
2021-02-15,597.2548217773438,606.5824551840525,593.2572480049563,601.5379240849104,7310676,SUNPHARMA.NS
2021-02-16,600.7288818359375,603.9173901304372,592.9716848719659,600.5860885300328,6137454,SUNPHARMA.NS
2021-02-17,591.3060302734375,601.9186285410128,589.9259080006203,598.3969552531208,4700733,SUNPHARMA.NS
2021-02-18,586.356689453125,597.016866727175,584.5006668498224,592.0199140762103,5633766,SUNPHARMA.NS
2021-02-19,578.0284423828125,592.3054501384885,572.2224824661548,586.213961685376,7301975,SUNPHARMA.NS
2021-02-22,566.6068725585938,581.4073599302859,561.9430845815995,578.6947515198555,5330343,SUNPHARMA.NS
2021-02-23,574.93505859375,579.0277889698166,563.4658746225405,566.3212760142087,7564187,SUNPHARMA.NS
2021-02-24,572.46044921875,579.9796386657753,567.1303313125436,577.8380874402367,3296243,SUNPHARMA.NS
2021-02-25,580.1700439453125,589.0694144087448,573.6502330744977,577.1719069121496,6261754,SUNPHARMA.NS
2021-02-26,565.9406127929688,591.4012788101403,561.5623532759333,575.7917838462458,15404415,SUNPHARMA.NS
2021-03-01,575.31591796875,581.3598288952527,568.2725698790996,571.0803934321347,5274758,SUNPHARMA.NS
2021-03-02,584.5958862304688,586.6422224757879,575.3634096431769,579.646511948213,4776776,SUNPHARMA.NS
2021-03-03,594.2567138671875,595.2561510264763,582.7399492147595,586.7851019859522,6626297,SUNPHARMA.NS
2021-03-04,589.116943359375,606.0589809934585,586.3091202072562,592.019923326158,11530735,SUNPHARMA.NS
2021-03-05,581.7405395507812,589.5928945171426,577.6478085809133,589.5928945171426,6127488,SUNPHARMA.NS
2021-03-08,585.1669311523438,591.924749504861,581.8356294286962,582.0260011458487,4554461,SUNPHARMA.NS
2021-03-09,583.0730590820312,590.9730510076205,578.2188989699744,588.2128058657518,4035628,SUNPHARMA.NS
2021-03-10,595.8270874023438,597.6355315119671,585.6903892755151,588.2126837294703,5825924,SUNPHARMA.NS
2021-03-12,584.0248413085938,598.8253875284895,582.0260832298342,597.7307935704592,4264170,SUNPHARMA.NS
2021-03-15,576.315185546875,584.4054895553778,567.7489813025779,584.4054895553778,4030762,SUNPHARMA.NS
2021-03-16,573.2694702148438,580.5507677938962,570.3664901024849,576.7911439334266,4189930,SUNPHARMA.NS
2021-03-17,556.5654296875,574.887592186832,553.9479779018811,574.887592186832,7667561,SUNPHARMA.NS
2021-03-18,546.8570556640625,563.0376668272446,544.4299756082455,559.0877289580959,5537584,SUNPHARMA.NS
2021-03-19,550.42626953125,554.5666369533744,535.0070883559096,543.478136843504,6186643,SUNPHARMA.NS
2021-03-22,562.5140991210938,564.988757199707,550.7117496078012,550.7117496078012,7033955,SUNPHARMA.NS
2021-03-23,559.5159301757812,566.0357988003724,554.8997207448107,562.7044968748032,5341729,SUNPHARMA.NS
2021-03-24,557.0889282226562,568.2250078340445,555.0901700253855,556.8033996363752,7299582,SUNPHARMA.NS
2021-03-25,547.9991455078125,559.6111233882085,543.9539933264696,556.2322431848041,4710869,SUNPHARMA.NS
2021-03-26,558.8972778320312,561.8478362113035,546.9045564054003,552.8533096646537,5761818,SUNPHARMA.NS
2021-03-30,568.8911743164062,570.1285033561165,558.9448474054749,566.2737229237028,4637718,SUNPHARMA.NS
2021-03-31,568.9862670898438,576.7910419828564,566.9875094886037,569.3670104868828,5269919,SUNPHARMA.NS
2021-04-01,581.3121337890625,583.168156313801,568.5579843253471,571.0802787940032,6033653,SUNPHARMA.NS
2021-04-05,579.4561157226562,582.4543104467089,564.1797297660382,582.2163603287139,5353987,SUNPHARMA.NS
2021-04-06,590.5447387695312,591.924861363079,574.4117057547755,579.4086592845395,7444994,SUNPHARMA.NS
2021-04-07,591.1157836914062,598.1115533441491,586.4519953495459,591.0682052774356,4757224,SUNPHARMA.NS
2021-04-08,584.6434326171875,595.8270880233771,583.7392105614333,590.6397638971673,3222479,SUNPHARMA.NS
2021-04-09,606.0590209960938,611.0559740549544,580.1224551191506,583.453757158391,16755446,SUNPHARMA.NS
2021-04-12,589.4976196289062,614.7203330154484,585.5476823884987,608.2005227924706,15229597,SUNPHARMA.NS
2021-04-13,597.1121215820312,604.9168986227347,586.4043641432527,593.9236126042491,7399207,SUNPHARMA.NS
2021-04-15,602.7277221679688,610.5800770165841,596.3030682009197,603.0608291363485,8588761,SUNPHARMA.NS
2021-04-16,614.9107055664062,618.6703291854997,596.1602239708949,602.7276707026426,9804095,SUNPHARMA.NS
2021-04-19,609.7711181640625,620.0029752942622,604.3934211792413,612.9596271487109,11340358,SUNPHARMA.NS
2021-04-20,614.0541381835938,627.7124526188778,608.3433349755372,612.7691726058044,13831258,SUNPHARMA.NS
2021-04-22,609.104736328125,626.2847235859506,607.3438705623719,619.3365916146736,11295290,SUNPHARMA.NS
2021-04-23,607.2011108398438,614.6727211614061,599.7770789222915,605.8209885638134,7668180,SUNPHARMA.NS
2021-04-26,604.1077880859375,612.959521104345,600.5861146224249,612.959521104345,6527947,SUNPHARMA.NS
2021-04-27,608.4384765625,611.4842498158868,601.5379228588189,602.2041948350743,5112384,SUNPHARMA.NS
2021-04-28,612.388427734375,616.1004146028944,607.5342106232961,610.0565050323822,6069155,SUNPHARMA.NS
2021-04-29,613.4354858398438,620.5739903298341,610.1993405670621,617.6710101225643,5676290,SUNPHARMA.NS
2021-04-30,622.9058837890625,634.4702256568538,609.247510991844,611.0559552806158,10874266,SUNPHARMA.NS
2021-05-03,627.4269409179688,631.9479935790303,618.7655209639577,622.4299879767955,6567597,SUNPHARMA.NS
2021-05-04,614.0541381835938,632.8521987434464,611.0559432620463,630.091953955568,5604638,SUNPHARMA.NS
2021-05-05,650.4605712890625,654.7436741076649,611.29395227719,611.29395227719,25296369,SUNPHARMA.NS
2021-05-06,646.6532592773438,663.1193957062167,640.8948199884018,656.5995276637925,11153908,SUNPHARMA.NS
2021-05-07,646.7008666992188,657.6941509465996,644.940000903661,648.1761458677777,6466334,SUNPHARMA.NS
2021-05-10,664.5472412109375,669.5917731569275,650.6509165353522,654.8388627320059,10924222,SUNPHARMA.NS
2021-05-11,673.9700317382812,687.0572909614341,662.6436386120433,664.8327685361647,14760511,SUNPHARMA.NS
2021-05-12,668.972900390625,680.489720301585,666.2602924373023,680.489720301585,7250661,SUNPHARMA.NS
2021-05-14,658.1223754882812,676.7300610475131,653.8868522357827,669.1156581102697,6851035,SUNPHARMA.NS
2021-05-17,654.0297241210938,664.83263634915,647.2719058462516,654.8387312930784,6318234,SUNPHARMA.NS
2021-05-18,657.5037841796875,662.3103651620446,651.7454026822778,657.6941559013567,4080423,SUNPHARMA.NS
2021-05-19,669.49658203125,672.6850908837221,657.503859315157,660.8351614985218,7745431,SUNPHARMA.NS
2021-05-20,653.7442016601562,667.8308966439043,651.9833938338361,666.2604024579348,6226376,SUNPHARMA.NS
2021-05-21,657.1231079101562,661.0254668384798,654.8387634051463,658.4080153859156,3434231,SUNPHARMA.NS
2021-05-24,657.6465454101562,664.7374705200173,656.361579921548,657.6941238149291,3722957,SUNPHARMA.NS
2021-05-25,662.5482788085938,663.7856658846619,657.6941196864296,661.5013215370022,2800233,SUNPHARMA.NS
2021-05-26,669.877197265625,672.113963353312,662.6435365195373,665.784466630515,6235460,SUNPHARMA.NS
2021-05-27,665.7845458984375,675.5405024323317,661.0255427111721,673.161000838699,9875654,SUNPHARMA.NS
2021-05-28,637.4683837890625,661.0254461239326,634.1846604509979,660.5495458747433,28316552,SUNPHARMA.NS
2021-05-31,636.0883178710938,643.1316654211827,627.2365840696505,639.6099916461382,13947126,SUNPHARMA.NS
2021-06-01,638.7056884765625,640.8472395162976,632.2810353573572,637.8014664189052,6443084,SUNPHARMA.NS
2021-06-02,644.7973022460938,645.4159377553208,637.8491697632248,638.6581770034816,4978457,SUNPHARMA.NS
2021-06-03,642.9412231445312,648.0333324665387,641.0376221877747,645.320724340477,3604574,SUNPHARMA.NS
2021-06-04,641.4660034179688,646.5105348018117,640.371409529164,646.1774278408518,3747803,SUNPHARMA.NS
2021-06-07,642.7984619140625,645.1303848211212,638.5629960485426,641.4659760338103,2793705,SUNPHARMA.NS
2021-06-08,646.0346069335938,647.1767791832954,633.0425065181641,640.561753909847,5695920,SUNPHARMA.NS
2021-06-09,640.4188842773438,651.6977540208075,635.4219321119994,648.2236592780628,4492551,SUNPHARMA.NS
2021-06-10,643.4647827148438,648.1762072940105,640.5618025093526,640.609380920597,3099864,SUNPHARMA.NS
2021-06-11,648.461669921875,653.2682508348174,641.5611162873985,642.6557101012186,3822099,SUNPHARMA.NS
2021-06-14,644.4641723632812,650.7460912703078,639.1816905753788,649.1280186081965,3640962,SUNPHARMA.NS
2021-06-15,640.752197265625,648.5569740689332,639.3720747301675,644.4641848755141,3862284,SUNPHARMA.NS
2021-06-16,636.3263549804688,647.7003851181031,634.7082821499035,642.4654811972367,4842448,SUNPHARMA.NS
2021-06-17,632.9949340820312,641.0852386282396,629.7588471195246,639.4195876922555,2776147,SUNPHARMA.NS
2021-06-18,636.2786865234375,640.5617891253155,621.240249006614,634.8509856561448,4158743,SUNPHARMA.NS
2021-06-21,638.9913330078125,642.2750568169034,630.0920203087478,630.0920203087478,2932177,SUNPHARMA.NS
2021-06-22,634.6605834960938,647.4623122777601,633.7563613714976,645.3207610794875,4577152,SUNPHARMA.NS
2021-06-23,633.1853637695312,639.943124948241,632.2335631475553,634.6606431149341,2631031,SUNPHARMA.NS
2021-06-24,632.7570190429688,638.6581943049828,629.6160887224233,632.1859619277051,3460776,SUNPHARMA.NS
2021-06-25,639.8479614257812,644.7497578149681,632.7570352476241,632.7570352476241,3010243,SUNPHARMA.NS
2021-06-28,643.7026977539062,647.1292145760835,637.2780440672807,642.4653686625485,3342385,SUNPHARMA.NS
2021-06-29,644.9400634765625,648.6521090547675,640.6569607755406,640.799754102894,2937766,SUNPHARMA.NS
2021-06-30,642.893798828125,650.5082044801728,641.7516263616569,645.3684574277187,3768943,SUNPHARMA.NS
2021-07-01,651.17431640625,652.7447523296789,641.2279898513713,642.4653188467885,4102748,SUNPHARMA.NS
2021-07-02,648.4140625,656.2664162844037,645.606239528131,652.4592144495413,5071894,SUNPHARMA.NS
2021-07-05,647.414794921875,651.935847877903,645.8918790701805,651.0316256680375,1600769,SUNPHARMA.NS
2021-07-06,640.7996826171875,650.0797374341464,639.9906754345642,645.320734963911,2682423,SUNPHARMA.NS
2021-07-07,647.3194580078125,649.1279020867186,633.9942518066189,635.8026958855249,2576763,SUNPHARMA.NS
2021-07-08,634.7557373046875,648.0809434779417,633.0424500363524,644.368898520934,2548016,SUNPHARMA.NS
2021-07-09,635.7076416015625,639.8955293699327,632.185967776064,634.3750975292231,1994075,SUNPHARMA.NS
2021-07-12,636.3263549804688,640.4190864272124,634.2800183037496,636.373933397452,1555035,SUNPHARMA.NS
2021-07-13,650.079833984375,656.1237447819022,636.7546250886485,637.9919542960201,7744032,SUNPHARMA.NS
2021-07-14,652.8876342773438,659.0267597762403,648.1762096808278,649.0804318709952,2663467,SUNPHARMA.NS
2021-07-15,650.079833984375,655.0292089071621,648.4617612855195,652.9352358906021,1905193,SUNPHARMA.NS
2021-07-16,655.4098510742188,662.1200915858824,649.7466841417204,651.888235430133,3479357,SUNPHARMA.NS
2021-07-19,656.028564453125,658.1701158060732,645.36838609979,645.36838609979,1940882,SUNPHARMA.NS
2021-07-20,643.8455200195312,658.2652640862715,641.418440136347,655.790605792299,2724983,SUNPHARMA.NS
2021-07-22,654.1724853515625,655.0291290563223,642.9888292488415,647.2243531787435,2047831,SUNPHARMA.NS
2021-07-23,660.5496215820312,665.2610462076523,648.7472708121221,653.1255884624492,3956261,SUNPHARMA.NS
2021-07-26,669.49658203125,671.0194397920396,661.6918052972784,661.6918052972784,4715053,SUNPHARMA.NS
2021-07-27,655.124267578125,671.6856193902261,641.3707388384532,671.0193474266051,5327355,SUNPHARMA.NS
2021-07-28,654.6483764648438,658.5983718024029,640.1334187470866,655.124276717885,3332667,SUNPHARMA.NS
2021-07-29,669.1158447265625,671.9236682114293,647.8907022379645,654.648463492193,4397443,SUNPHARMA.NS
2021-07-30,736.64599609375,745.973629216814,662.5959300689402,669.0681617404565,35893710,SUNPHARMA.NS
2021-08-02,737.6454467773438,763.24890552216,727.2707972563179,747.1634525422128,18661462,SUNPHARMA.NS
2021-08-03,756.4910888671875,765.5807727815425,728.3653933653678,736.6460700245744,14678219,SUNPHARMA.NS
2021-08-04,747.8772583007812,759.4416578516265,742.1188767756668,752.8742110288488,5796169,SUNPHARMA.NS
2021-08-05,748.2579345703125,756.1102881523226,745.5452684769178,747.6392410507782,5026619,SUNPHARMA.NS
2021-08-06,747.3538818359375,758.0616391461061,743.8797862268734,748.5912110620078,4064324,SUNPHARMA.NS
2021-08-09,750.7801513671875,754.777724705597,744.3079202014842,751.1133163664722,2873586,SUNPHARMA.NS
2021-08-10,755.1109619140625,760.2982866594314,744.4984203731944,751.8748748194328,5656020,SUNPHARMA.NS
2021-08-11,741.9761962890625,756.6815281722016,736.0274421367653,755.729727507834,4275776,SUNPHARMA.NS
2021-08-12,741.1195678710938,743.5942262186298,735.8846645185146,742.40447545668,2821380,SUNPHARMA.NS
2021-08-13,740.7862548828125,750.4946307804305,730.6496152710466,731.9345226000647,4319920,SUNPHARMA.NS
2021-08-16,743.1658325195312,745.259805276899,733.8857774729798,737.8357728583164,2310304,SUNPHARMA.NS
2021-08-17,746.3543701171875,754.9681528481599,740.6911456388274,745.2597763271556,5686055,SUNPHARMA.NS
2021-08-18,745.1646728515625,753.2549775159143,741.7381560200952,750.0188324128555,4036305,SUNPHARMA.NS
2021-08-20,724.462890625,746.6398281098482,707.5207971957624,737.6453027989969,6238261,SUNPHARMA.NS
2021-08-23,724.65380859375,734.8172128228891,716.4944862564786,730.0456724798834,2375417,SUNPHARMA.NS
2021-08-24,736.1055297851562,742.4039981942349,719.7868845703974,725.0832828771985,2732537,SUNPHARMA.NS
2021-08-25,733.9105834960938,740.5430359961,724.8923609058938,734.8171877796353,2254852,SUNPHARMA.NS
2021-08-26,725.7989501953125,735.8668881186702,724.558361423309,730.1888020183839,1735864,SUNPHARMA.NS
2021-08-27,736.5349731445312,741.4973868680779,723.4609406457224,725.9898803859592,2432862,SUNPHARMA.NS
2021-08-30,751.2313842773438,758.6272724097976,733.0518257429688,733.8629643686347,3617125,SUNPHARMA.NS
2021-08-31,757.768310546875,764.400763275752,747.8912453311746,751.4699005899562,7435465,SUNPHARMA.NS
2021-09-01,752.4718627929688,767.1682293851144,751.0404007838508,758.7225685835159,2811619,SUNPHARMA.NS
2021-09-02,753.8557739257812,759.2953423127893,752.281142097896,754.1897584971024,2679549,SUNPHARMA.NS
2021-09-03,753.330810546875,760.7744018118922,748.1775236922944,756.7662962857008,2860730,SUNPHARMA.NS
2021-09-06,748.4161376953125,756.8617411976717,744.1217511863819,753.3308477762934,4613445,SUNPHARMA.NS
2021-09-07,734.7218627929688,747.2232761711115,731.5725993231396,746.2689680278534,3851664,SUNPHARMA.NS
2021-09-08,741.9266357421875,743.3580974903891,728.6617335769877,732.2403879474919,2548562,SUNPHARMA.NS
2021-09-09,740.829345703125,746.5074903889086,736.2009748458471,736.9167059008699,2008287,SUNPHARMA.NS
2021-09-13,744.6465454101562,747.2231887447509,736.3918158845986,740.8293132837463,1935832,SUNPHARMA.NS
2021-09-14,745.6964111328125,751.9948216194109,741.7837127730252,748.8456163761117,1996844,SUNPHARMA.NS
2021-09-15,744.9805908203125,749.8475385002702,743.2150860077608,748.8455267127895,1393824,SUNPHARMA.NS
2021-09-16,745.3622436523438,748.7023216160536,742.7378966808574,744.3602319124982,1353677,SUNPHARMA.NS
2021-09-17,734.7218627929688,751.899409371615,731.6203613273798,749.1318924576277,4052622,SUNPHARMA.NS
2021-09-20,721.9341430664062,739.3502674695284,717.2580096541515,731.668098217695,2206369,SUNPHARMA.NS
2021-09-21,729.5685424804688,731.3339891670048,716.7330868856639,721.9340776801499,2123997,SUNPHARMA.NS
2021-09-22,734.9126586914062,738.6344836517555,729.5685565268309,730.0457105860374,1817865,SUNPHARMA.NS
2021-09-23,734.6741333007812,741.6883334119408,731.0954776051944,735.8670185326434,2109768,SUNPHARMA.NS
2021-09-24,735.2467041015625,741.163426106084,727.1827888229575,733.8629456756619,1777859,SUNPHARMA.NS
2021-09-27,728.1847534179688,739.1115923525,725.3695329921479,736.200964419231,2862731,SUNPHARMA.NS
2021-09-28,739.6842651367188,754.8577888689069,720.454989786541,731.6681111761865,4938824,SUNPHARMA.NS
2021-09-29,774.2300415039062,782.2939554693874,736.1054265963262,748.1774456700209,18565413,SUNPHARMA.NS
2021-09-30,780.8626098632812,794.8909507089941,769.7448970995345,777.5702352393367,10478553,SUNPHARMA.NS
2021-10-01,788.8310546875,792.7437528578358,768.5043037416774,774.898179681421,5730355,SUNPHARMA.NS
2021-10-04,793.9843139648438,800.5690629440987,788.6879158274477,792.0756978255052,4007435,SUNPHARMA.NS
2021-10-05,783.009765625,796.2746709981101,777.7133675250682,790.1670760968922,2987134,SUNPHARMA.NS
2021-10-06,764.0191040039062,786.3499386675185,760.8698986657939,782.9621562849076,2910453,SUNPHARMA.NS
2021-10-07,785.6341552734375,788.5924871298922,767.3591315819615,771.1286602835597,4089061,SUNPHARMA.NS
2021-10-08,783.8687744140625,795.7021610803657,781.1966648718604,787.3996681373229,2753935,SUNPHARMA.NS
2021-10-11,794.5090942382812,797.9923416512709,780.4330515839765,788.2583886410607,2988841,SUNPHARMA.NS
2021-10-12,791.7894287109375,804.243137554202,786.0635802086233,795.4157877798011,2407031,SUNPHARMA.NS
2021-10-13,804.0523071289062,808.1081167008098,789.4514043193232,790.1194316627882,4113083,SUNPHARMA.NS
2021-10-14,802.859375,811.1618669343613,799.9487470090922,805.340610952546,2300231,SUNPHARMA.NS
2021-10-18,797.7061157226562,812.1161438604213,794.1274605646344,811.1618358182822,2632795,SUNPHARMA.NS
2021-10-19,789.5466918945312,803.7182004878488,787.9244149092862,798.755787292677,2029762,SUNPHARMA.NS
2021-10-20,777.6657104492188,796.6564070933842,770.6038070612034,787.3519029214378,2089252,SUNPHARMA.NS
2021-10-21,781.0057983398438,791.121441238077,773.0372904917492,785.443296204771,3155655,SUNPHARMA.NS
2021-10-22,775.4230346679688,789.0696288427557,763.5896491809295,787.3995896684831,1709523,SUNPHARMA.NS
2021-10-25,776.0432739257812,783.725441643614,759.1997144993803,772.9894766895918,2129988,SUNPHARMA.NS
2021-10-26,776.3296508789062,786.2544785648329,769.458620807599,779.6697292785083,1628608,SUNPHARMA.NS
2021-10-27,787.3994750976562,800.1395213211686,778.5244227121584,778.5244227121584,3569869,SUNPHARMA.NS
2021-10-28,770.69921875,791.2646054487926,766.3571284288372,786.3021915476013,1647229,SUNPHARMA.NS
2021-10-29,758.6749877929688,779.2403170077728,743.7400417787568,763.4465285966982,4321416,SUNPHARMA.NS
2021-11-01,774.7072143554688,776.6635340850012,751.0403878612065,762.4443799868925,1935341,SUNPHARMA.NS
2021-11-02,778.1427612304688,797.8014825988431,746.984581942876,777.4270302353143,17608860,SUNPHARMA.NS
2021-11-03,751.9470825195312,784.4412618254403,745.6486140826153,782.5326456166192,9452138,SUNPHARMA.NS
2021-11-04,759.1043701171875,760.5835359845765,752.4719173448415,760.5835359845765,485870,SUNPHARMA.NS
2021-11-08,763.446533203125,766.3094577026367,747.2232943725586,761.5379168701172,4280584,SUNPHARMA.NS
2021-11-09,764.7347412109375,774.8981453568266,760.5835244450626,763.4464486274154,3232291,SUNPHARMA.NS
2021-11-10,774.0392456054688,777.7610703449197,760.5835252330074,763.2078724028829,2900645,SUNPHARMA.NS
2021-11-11,758.5318603515625,773.4191034329098,755.9075127639198,771.9876411123773,2107377,SUNPHARMA.NS
2021-11-12,769.6495361328125,771.605856224488,759.7247079046003,767.2160619579796,2076523,SUNPHARMA.NS
2021-11-15,773.6575317382812,782.1986002579041,769.7925958652098,771.367169167248,2109222,SUNPHARMA.NS
2021-11-16,761.96728515625,780.0991383676379,759.295234226998,775.1844285407512,1512946,SUNPHARMA.NS
2021-11-17,755.1917724609375,768.2181027186194,751.4223016595847,763.4465617079447,1662900,SUNPHARMA.NS
2021-11-18,754.5238037109375,758.0546974636022,744.4558055760709,753.9034800806854,3177648,SUNPHARMA.NS
2021-11-22,735.5330200195312,757.72068491146,730.0934518161114,755.6688990530221,2894426,SUNPHARMA.NS
2021-11-23,749.32275390625,755.5734604966436,726.7533433759522,734.8172587084505,2739763,SUNPHARMA.NS
2021-11-24,743.3582763671875,760.5358214790978,740.1136056586233,747.7003663989854,2404041,SUNPHARMA.NS
2021-11-25,747.1278076171875,751.2790244026795,738.9684270618505,740.161312143468,1861259,SUNPHARMA.NS
2021-11-26,732.2406005859375,762.3967717863605,727.1827792561284,739.5887846765085,5432649,SUNPHARMA.NS
2021-11-29,716.733154296875,739.5888470917546,714.8245379172834,737.6802307121629,4664270,SUNPHARMA.NS
2021-11-30,719.1665649414062,726.8487917870639,711.9615503947999,716.6853871658677,5505266,SUNPHARMA.NS
2021-12-01,711.2935180664062,728.3756563316474,706.5219775729137,722.172653690107,3687799,SUNPHARMA.NS
2021-12-02,731.2386474609375,735.5330342975759,712.0093142161166,718.594063997502,4896650,SUNPHARMA.NS
2021-12-03,717.4487915039062,736.6304185551681,714.6813330636504,736.6304185551681,3135454,SUNPHARMA.NS
2021-12-06,703.46826171875,718.1645719811049,700.1758870191522,716.8762793034277,2577704,SUNPHARMA.NS
2021-12-07,709.7189331054688,716.6853704633673,701.41644113259,707.2376971414117,2583462,SUNPHARMA.NS
2021-12-08,722.93603515625,728.6141795736426,713.2020816187684,715.9218944471024,2530785,SUNPHARMA.NS
2021-12-09,725.0354614257812,731.7633207907319,721.5999761213103,723.5562957598655,2604449,SUNPHARMA.NS
2021-12-10,726.5625,739.5888297844197,719.7392315504429,719.7392315504429,2950388,SUNPHARMA.NS
2021-12-13,727.75537109375,738.014183695005,724.3198850560545,728.9482562799425,2491218,SUNPHARMA.NS
2021-12-14,721.504638671875,733.6243633812306,719.1665721409357,722.649820059105,3224172,SUNPHARMA.NS
2021-12-15,739.6842651367188,743.2629208993716,711.2458923254409,718.1169230390044,6231786,SUNPHARMA.NS
2021-12-16,729.5208129882812,750.5632942025425,725.274130443652,750.5632942025425,6186549,SUNPHARMA.NS
2021-12-17,733.815185546875,737.0597979639861,719.0711145482109,727.1827329605,7171030,SUNPHARMA.NS
2021-12-20,729.043701171875,739.3025134794449,718.6417193475219,732.9086374152253,7474026,SUNPHARMA.NS
2021-12-21,742.9765014648438,748.129788100116,729.1390350976809,729.1390350976809,5599344,SUNPHARMA.NS
2021-12-22,761.0606689453125,764.4007471162324,741.9745079686276,749.1318183348844,5871235,SUNPHARMA.NS
2021-12-23,756.241455078125,767.2159980769665,753.9033886160597,765.2119161467634,4277384,SUNPHARMA.NS
2021-12-24,749.5136108398438,758.4840721014696,742.069961005154,757.1480756989353,3076272,SUNPHARMA.NS
2021-12-27,757.8159790039062,760.2017490653042,745.4577366829365,748.1774912543943,3598487,SUNPHARMA.NS
2021-12-28,777.8566284179688,782.4373545982179,757.9116210140752,759.6293642084921,5477769,SUNPHARMA.NS
2021-12-29,800.4735107421875,805.1019393280417,779.1924547360786,784.9183025357313,8748856,SUNPHARMA.NS
2021-12-30,796.3223876953125,803.4796982835386,789.5467653906527,798.4218771171273,5179861,SUNPHARMA.NS
2021-12-31,807.0582885742188,812.0684055824439,795.8928733066209,796.3223235565935,3346523,SUNPHARMA.NS
2022-01-03,810.1598510742188,820.7526473971164,802.477682727762,806.3903225326379,3726756,SUNPHARMA.NS
2022-01-04,799.4239501953125,814.9791614161642,794.3661286414136,813.5476991888524,3027262,SUNPHARMA.NS
2022-01-05,796.942626953125,805.9608496488285,792.6960027399714,801.6187596831463,2436343,SUNPHARMA.NS
2022-01-06,791.6939697265625,806.294930129428,784.4412515267986,799.5193077292615,2423850,SUNPHARMA.NS
2022-01-07,791.07373046875,797.8015910888305,787.49507500633,791.6939958010955,1475374,SUNPHARMA.NS
2022-01-10,788.9265747070312,796.8473208579061,780.1946316649593,794.0798038701597,4837873,SUNPHARMA.NS
2022-01-11,794.3660888671875,803.0502693128531,790.4533906939707,792.9346267115496,4950526,SUNPHARMA.NS
2022-01-12,797.9923706054688,806.3902694546638,789.6898792588572,806.3902694546638,3953446,SUNPHARMA.NS
2022-01-13,825.9537353515625,831.2024303769047,796.131604525755,797.9925171385553,7395140,SUNPHARMA.NS
2022-01-14,820.46630859375,829.1982501518175,817.6510883252889,825.9535796311609,2351963,SUNPHARMA.NS
2022-01-17,814.2157592773438,823.9497144636581,811.6391155153268,820.4664662719603,1750754,SUNPHARMA.NS
2022-01-18,808.0126342773438,827.5759492222776,806.3902989497152,815.9333794106585,3354708,SUNPHARMA.NS
2022-01-19,800.1873168945312,809.2532435617919,795.8929305784604,809.2532435617919,1677779,SUNPHARMA.NS
2022-01-20,782.5326538085938,804.2431634112102,778.3814368094885,800.9507887672587,2886894,SUNPHARMA.NS
2022-01-21,771.7966918945312,782.2463774556953,764.4962114794638,779.1925798230415,3218477,SUNPHARMA.NS
2022-01-24,764.257568359375,787.3041307582902,755.4302190145094,767.2636619753519,5300160,SUNPHARMA.NS
2022-01-25,771.128662109375,774.6119100341355,748.9409983943964,754.8577203676597,3779497,SUNPHARMA.NS
2022-01-27,774.9935913085938,780.0514708787241,755.143994308893,765.3551027150837,3593525,SUNPHARMA.NS
2022-01-28,789.5466918945312,804.3862277298341,774.9934950531772,778.7153195111404,5073701,SUNPHARMA.NS
2022-01-31,796.3701171875,810.9233158538983,782.5803533592504,792.1711382081653,8041517,SUNPHARMA.NS
2022-02-01,851.0042724609375,854.105773874448,801.4756573589535,808.680730316647,12337459,SUNPHARMA.NS
2022-02-02,849.9544677734375,857.3980587367606,841.6996800391436,849.3341442571857,4404741,SUNPHARMA.NS
2022-02-03,843.1788330078125,850.4793126038146,840.2205014668516,848.713807832441,2292825,SUNPHARMA.NS
2022-02-04,853.103759765625,861.5970671280538,841.0794424460228,842.5586666364549,4222492,SUNPHARMA.NS
2022-02-07,846.51904296875,860.2611037922308,839.5049012806002,860.2611037922308,3494623,SUNPHARMA.NS
2022-02-08,853.2468872070312,855.0123922190774,841.6997819773097,845.5170145486354,4766558,SUNPHARMA.NS
2022-02-09,852.6217041015625,860.4125720491735,851.5636465850242,859.7874122814536,2874380,SUNPHARMA.NS
2022-02-10,860.172119140625,862.0477158703216,846.4178409661176,857.3828228428356,3159839,SUNPHARMA.NS
2022-02-11,846.5139770507812,861.6148521124715,841.2720045826364,860.4606342576111,2682532,SUNPHARMA.NS
2022-02-14,831.8460083007812,852.8141346930516,829.2971714838606,836.799500088287,5163415,SUNPHARMA.NS
2022-02-15,843.3399047851562,846.4177994333783,826.2672730352217,829.5856272855553,3219287,SUNPHARMA.NS
2022-02-16,835.6932373046875,847.5238961215327,834.0100201712613,842.5704050750679,2136415,SUNPHARMA.NS
2022-02-17,829.6336669921875,839.0596711939414,828.4313690402812,839.0596711939414,2275289,SUNPHARMA.NS
2022-02-18,829.9703979492188,834.7795900599317,823.718448205292,829.6337192778939,1797851,SUNPHARMA.NS
2022-02-21,811.6472778320312,831.028344297746,807.4633044420807,822.8527182253723,2305713,SUNPHARMA.NS
2022-02-22,813.52294921875,816.6008439997527,793.1319623388126,804.0969441505221,3171552,SUNPHARMA.NS
2022-02-23,808.1847534179688,820.4481935918207,806.0686970977591,817.4183790076615,1979574,SUNPHARMA.NS
2022-02-24,787.0242919921875,805.0106822976982,783.8983171080145,798.9029730696617,3679222,SUNPHARMA.NS
2022-02-25,799.8167114257812,803.1350656538058,785.8700545970624,789.188408825087,2098988,SUNPHARMA.NS
2022-02-28,811.6954956054688,814.6771713333957,789.6693715049798,789.6693715049798,4123139,SUNPHARMA.NS
2022-03-02,789.5731811523438,812.7053833738303,784.5716096354379,812.1282450992114,3807036,SUNPHARMA.NS
2022-03-03,789.5731811523438,801.0190231078071,785.8219878381748,801.0190231078071,2657776,SUNPHARMA.NS
2022-03-04,797.9892578125,807.5595029969351,778.46389118655,785.1486798560778,4082674,SUNPHARMA.NS
2022-03-07,791.2565307617188,797.364182258027,778.2235710471298,786.7839578854837,3065234,SUNPHARMA.NS
2022-03-08,822.3718872070312,828.8162166608399,794.6709511686182,794.6709511686182,4864275,SUNPHARMA.NS
2022-03-09,835.1162719726562,851.9965257922124,827.1811044013641,830.451378761615,7276355,SUNPHARMA.NS
2022-03-10,836.3666381835938,848.2453786300691,833.5292029276201,836.7033168750263,2899758,SUNPHARMA.NS
2022-03-11,867.5782470703125,872.3874391272433,835.8856596739471,838.7230947287278,7194497,SUNPHARMA.NS
2022-03-14,858.2003784179688,877.0043088432896,855.9881616689831,867.5302233568683,3861194,SUNPHARMA.NS
2022-03-15,857.6232299804688,873.3492642856077,847.716247528763,859.5949869526975,4039746,SUNPHARMA.NS
2022-03-16,855.2667846679688,865.6546284683972,846.8506980023037,865.6546284683972,3134307,SUNPHARMA.NS
2022-03-17,876.8118896484375,880.0821637940996,858.1522593227171,858.1522593227171,5484100,SUNPHARMA.NS
2022-03-21,878.9279174804688,895.4715496885157,876.5233214823793,877.6775393026537,3878744,SUNPHARMA.NS
2022-03-22,879.2164916992188,886.8150388332102,868.0591893134189,878.9279519093368,2174495,SUNPHARMA.NS
2022-03-23,866.424072265625,890.6624131775229,861.61487996985,882.967705504283,2578669,SUNPHARMA.NS
2022-03-24,874.1668701171875,879.7936603911659,851.7079653214734,852.1888845565504,3141478,SUNPHARMA.NS
2022-03-25,867.9149169921875,880.034116896852,862.095806009524,877.0523824263411,1571676,SUNPHARMA.NS
2022-03-28,871.32958984375,876.1387827257533,864.981420015925,874.215105572952,1545077,SUNPHARMA.NS
2022-03-29,884.2662353515625,886.8151309565461,866.7126820544291,873.3974716265853,3177777,SUNPHARMA.NS
2022-03-30,885.4683837890625,886.8149809952988,873.7340025888132,886.8149809952988,2084073,SUNPHARMA.NS
2022-03-31,879.8417358398438,891.6242570358405,876.0424621619832,885.4684673775885,1901705,SUNPHARMA.NS
2022-04-01,874.0226440429688,883.9295687084103,869.598151783419,879.1203762780054,1184766,SUNPHARMA.NS
2022-04-04,890.7103881835938,893.35544363394,868.1552672385412,873.3492177870572,1876408,SUNPHARMA.NS
2022-04-05,893.64404296875,904.8014037448304,888.8829898055072,892.5860442004645,2911697,SUNPHARMA.NS
2022-04-06,892.6823120117188,902.9739959755029,889.7006360651296,892.393772195269,1881754,SUNPHARMA.NS
2022-04-07,895.423583984375,911.8229190467121,891.4800108197715,892.682308972523,2728625,SUNPHARMA.NS
2022-04-08,889.3157348632812,901.531093923302,884.218003235197,901.2425541530247,1453271,SUNPHARMA.NS
2022-04-11,890.0853271484375,897.9242753102928,883.544778708708,884.8913760241724,1102625,SUNPHARMA.NS
2022-04-12,886.1417846679688,892.7304135151244,876.6196188881262,884.8914063784091,1420380,SUNPHARMA.NS
2022-04-13,901.0021362304688,907.0136263307521,886.1417209613767,886.1417209613767,1825531,SUNPHARMA.NS
2022-04-18,892.1051635742188,905.1380628480463,884.1699963510519,892.201323936964,1287320,SUNPHARMA.NS
2022-04-19,886.81494140625,901.9638951233308,880.1301532629191,895.4234062120674,2001066,SUNPHARMA.NS
2022-04-20,888.2578735351562,895.4716624377157,881.0921648174209,882.9677616732793,1455897,SUNPHARMA.NS
2022-04-21,908.0716552734375,909.8991718070196,885.4684517454618,895.4715950870351,2410164,SUNPHARMA.NS
2022-04-22,889.5081176757812,906.2922090648165,883.3042484143269,905.0899110957731,1745381,SUNPHARMA.NS
2022-04-25,865.6546020507812,887.1516678526583,862.3843278495387,880.6111781561333,1146270,SUNPHARMA.NS
2022-04-26,883.0158081054688,889.4601376866183,869.5500693354091,870.4638276359984,3142879,SUNPHARMA.NS
2022-04-27,871.5217895507812,886.5265044822452,869.117193443748,875.3210631410859,1586283,SUNPHARMA.NS
2022-04-28,885.8532104492188,891.96086111054,874.5996888684439,884.8913720013911,3150038,SUNPHARMA.NS
2022-04-29,893.2113037109375,930.1458651177134,884.458538556731,888.7387314178467,4290688,SUNPHARMA.NS
2022-05-02,888.16162109375,889.7005390843775,868.1072548000029,887.2478628529582,2119174,SUNPHARMA.NS
2022-05-04,866.5203247070312,885.7570946309883,860.8454540970787,884.9875768692597,3925917,SUNPHARMA.NS
2022-05-05,844.6384887695312,884.1219468228356,839.3002382150062,870.4638285997465,4462293,SUNPHARMA.NS
2022-05-06,849.5919189453125,851.9003547832364,828.6238517903588,829.1047710310961,2350532,SUNPHARMA.NS
2022-05-09,851.61181640625,857.3828473047628,834.92388350114,834.92388350114,2522123,SUNPHARMA.NS
2022-05-10,828.96044921875,856.853764422478,814.1962524122645,851.2270329413515,6975331,SUNPHARMA.NS
2022-05-11,822.179443359375,833.9138834489834,818.5244692215512,820.4481459999802,2768829,SUNPHARMA.NS
2022-05-12,817.5626220703125,823.1893531045317,803.3274258036912,820.351976851523,2700591,SUNPHARMA.NS
2022-05-13,848.8224487304688,855.0743987777754,827.3253824348069,830.0185184063005,4870689,SUNPHARMA.NS
2022-05-16,851.8040771484375,860.6049221312408,841.656693607724,848.2934021559978,2739020,SUNPHARMA.NS
2022-05-17,857.719482421875,861.4225371646921,845.1675017373817,846.5621793036505,2317400,SUNPHARMA.NS
2022-05-18,864.8370361328125,874.3111210579327,854.1125143008187,856.998029551835,2878378,SUNPHARMA.NS
2022-05-19,850.8423461914062,865.6546831408695,844.8308553362613,851.2271050885216,2715634,SUNPHARMA.NS
2022-05-20,880.7073364257812,882.6790933642536,855.1224002855972,858.9216736290671,2877917,SUNPHARMA.NS
2022-05-23,886.8631591796875,895.7601651240703,881.6211277199129,884.8914020359086,2195036,SUNPHARMA.NS
2022-05-24,875.1767578125,895.3272247330154,872.3874030524419,892.5860088563022,2911410,SUNPHARMA.NS
2022-05-25,876.4271850585938,887.4402467717831,872.6279115366692,880.0821593343095,2405811,SUNPHARMA.NS
2022-05-26,865.6065063476562,887.2478710108546,859.4026367363475,883.7371372608857,4113170,SUNPHARMA.NS
2022-05-27,869.4058227539062,877.9661499747551,861.8072753039975,867.5302259827555,2374509,SUNPHARMA.NS
2022-05-30,854.401123046875,880.5631418422558,852.6698254977168,870.4638376485434,3541617,SUNPHARMA.NS
2022-05-31,827.7581176757812,849.1109422611645,818.7168717851489,834.1543666272579,24360628,SUNPHARMA.NS
2022-06-01,807.2229614257812,841.6086878135937,800.8267119160126,841.6086878135937,5999099,SUNPHARMA.NS
2022-06-02,826.7482299804688,829.9704240194338,801.019051379975,804.818325007969,3553217,SUNPHARMA.NS
2022-06-03,832.0863647460938,841.6085882555967,822.2275212836711,829.2489884704542,2618353,SUNPHARMA.NS
2022-06-06,826.9886474609375,840.5986843507525,825.2573500760951,831.9902188995597,2095566,SUNPHARMA.NS
2022-06-07,815.87939453125,824.6802390686994,806.5976308104636,822.3718035062998,3031449,SUNPHARMA.NS
2022-06-08,814.9175415039062,821.4099503621551,805.6357779501022,812.8495655703787,3208941,SUNPHARMA.NS
2022-06-09,826.0750122070312,829.2009874832618,803.5680254417508,813.7154103664752,2297715,SUNPHARMA.NS
2022-06-10,813.4266967773438,821.3618630911054,809.8678831742236,817.5625899027198,2124778,SUNPHARMA.NS
2022-06-13,797.8450317382812,818.5245593843006,788.4671064104352,807.9443359375,2191412,SUNPHARMA.NS
2022-06-14,793.5648193359375,803.7603423595477,790.4869244853012,794.478577625246,2461692,SUNPHARMA.NS
2022-06-15,790.9197387695312,798.3739866917715,787.889982902132,793.7571739133824,2008725,SUNPHARMA.NS
2022-06-16,783.5135498046875,794.4785312240614,775.7707623008988,791.2082571288914,2327414,SUNPHARMA.NS
2022-06-17,763.1226196289062,779.3776535695316,759.7561851866163,774.4723011502922,5719089,SUNPHARMA.NS
2022-06-20,774.5684814453125,782.4555683685847,764.1806380686423,770.4325879080964,2745302,SUNPHARMA.NS
2022-06-21,786.2548217773438,788.9960377696723,774.6165417663968,775.8188397816213,1342717,SUNPHARMA.NS
2022-06-22,778.4158935546875,789.6694158506334,772.596782316713,782.9365462879606,2032073,SUNPHARMA.NS
2022-06-23,793.4205932617188,794.959511362128,777.6464185556932,778.6082570449396,1778752,SUNPHARMA.NS
2022-06-24,793.1319580078125,801.9808834401393,790.1502823116618,796.3060718400526,1404748,SUNPHARMA.NS
2022-06-27,803.7603759765625,815.6390581165106,796.4022878779136,796.4022878779136,2980249,SUNPHARMA.NS
2022-06-28,796.9793701171875,805.5397563838311,793.564855129828,805.0588371262885,2823691,SUNPHARMA.NS
2022-06-29,806.69384765625,811.5030394764184,792.4105127267767,792.5548119637638,2975927,SUNPHARMA.NS
2022-06-30,798.9031372070312,815.7834520144509,792.2184057383964,804.0970892563867,3809670,SUNPHARMA.NS
2022-07-01,797.6046142578125,805.0107828030879,793.5168004373775,798.2298327950889,2316527,SUNPHARMA.NS
2022-07-04,797.748779296875,807.6076227344184,790.5349914157457,793.805206698284,2097164,SUNPHARMA.NS
2022-07-05,803.9046020507812,814.4848254914509,795.103815048711,797.7488709088784,2682730,SUNPHARMA.NS
2022-07-06,805.7320556640625,810.4931675812338,799.5281861178064,807.9442722874675,2364840,SUNPHARMA.NS
2022-07-07,817.0336303710938,820.3519845506547,810.0122218803722,810.8778412059384,2327906,SUNPHARMA.NS
2022-07-08,824.9689331054688,826.700230748041,817.3223049193111,820.9291994688226,2927832,SUNPHARMA.NS
2022-07-11,824.5360107421875,830.0665818261975,818.6206807960363,824.1031716987686,1768048,SUNPHARMA.NS
2022-07-12,819.1015014648438,827.1809669499922,816.6007452797016,820.4480986143528,1695338,SUNPHARMA.NS
2022-07-13,827.3253784179688,830.3070541744385,816.9374760404181,821.9871279771871,2663538,SUNPHARMA.NS
2022-07-14,846.3216552734375,849.2552507341582,831.2207802305983,834.2986749377309,4934156,SUNPHARMA.NS
2022-07-15,844.87890625,851.1789362689719,839.540655961735,851.1308560883305,1413559,SUNPHARMA.NS
2022-07-18,849.1109619140625,861.4224821878087,845.0231485497276,854.6896131171394,2866600,SUNPHARMA.NS
2022-07-19,841.8971557617188,857.2865704538775,840.1658583500425,846.417808068732,1604458,SUNPHARMA.NS
2022-07-20,834.3948364257812,850.9384691312652,829.1528052511364,850.9384691312652,2885666,SUNPHARMA.NS
2022-07-21,836.4628295898438,844.3979967839869,830.739879084391,838.7231264597308,2321107,SUNPHARMA.NS
2022-07-22,841.1277465820312,842.7148035485329,833.4330387802516,837.7613119187528,1939758,SUNPHARMA.NS
2022-07-25,835.21240234375,844.4941669549673,823.7184797241086,836.7994592833959,2419358,SUNPHARMA.NS
2022-07-26,834.5392456054688,843.9171715153403,829.104834288131,836.0300836243063,1560211,SUNPHARMA.NS
2022-07-27,859.8836059570312,862.769121413263,833.000208548614,834.3948860936517,2797789,SUNPHARMA.NS
2022-07-28,860.701171875,862.6248489054685,845.2155952621139,861.807309649905,3183169,SUNPHARMA.NS
2022-07-29,907.2060546875,915.6221412818386,845.4560133055604,862.7691057281999,11315800,SUNPHARMA.NS
2022-08-01,883.6409301757812,904.0799957213728,875.2729245406302,904.0799957213728,4219890,SUNPHARMA.NS
2022-08-02,882.246337890625,891.2395041158201,877.2447660981586,883.6410154153457,2043767,SUNPHARMA.NS
2022-08-03,862.7689819335938,882.7752074546314,859.4506279541971,880.0820718720605,2863168,SUNPHARMA.NS
2022-08-04,883.4485473632812,884.89130492566,861.4224250952494,866.6163758021953,3151481,SUNPHARMA.NS
2022-08-05,880.9959716796875,893.5479521620852,877.1005375583863,884.4104865587053,3317738,SUNPHARMA.NS
2022-08-08,875.6577758789062,884.6990223694409,873.734098918457,884.6990223694409,2677742,SUNPHARMA.NS
2022-08-10,884.602783203125,891.6241917421033,878.3508336385903,878.3508336385903,3077870,SUNPHARMA.NS
2022-08-11,885.9012451171875,891.5280349714782,882.4386503652831,887.7768417352844,1526395,SUNPHARMA.NS
2022-08-12,878.59130859375,887.5844742575396,872.5317383434027,885.9012570376676,1384417,SUNPHARMA.NS
2022-08-16,879.697509765625,884.3624619324069,871.7142615833998,872.387560306086,1635836,SUNPHARMA.NS
2022-08-17,885.660888671875,890.6624606673553,880.0822370525163,883.9295910942759,1828327,SUNPHARMA.NS
2022-08-18,881.7654418945312,883.9295785122163,861.0378340307856,875.2730320414763,2989998,SUNPHARMA.NS
2022-08-19,869.7993774414062,888.5685669539549,866.5666634479343,883.9365965682714,1708425,SUNPHARMA.NS
2022-08-22,849.7274169921875,871.8258541782368,847.411461383642,868.9791035252058,2860170,SUNPHARMA.NS
2022-08-23,857.302734375,860.7766974869922,842.0557457534679,843.551537133756,2314528,SUNPHARMA.NS
2022-08-24,850.1617431640625,868.4484348904075,847.3149922897322,860.7767024998226,3223687,SUNPHARMA.NS
2022-08-25,846.5912475585938,859.4739835842003,844.3717678343122,856.9167198135648,5016244,SUNPHARMA.NS
2022-08-26,849.341552734375,859.3292413000547,847.3632631171928,851.4162595274332,1542618,SUNPHARMA.NS
2022-08-29,848.4730224609375,850.161766037061,834.7218247696457,841.47679907414,2068888,SUNPHARMA.NS
2022-08-30,861.7899780273438,864.1542308630469,851.1267801465185,852.091776495891,3672052,SUNPHARMA.NS
2022-09-01,841.33203125,870.3302182405278,839.9328336829793,861.7417272981206,2939235,SUNPHARMA.NS
2022-09-02,839.112548828125,847.266779614405,835.6868236287867,842.345321879998,1963435,SUNPHARMA.NS
2022-09-05,853.6358032226562,855.1315947814954,834.1911608435216,838.5818827421193,2808538,SUNPHARMA.NS
2022-09-06,856.6754150390625,859.5221657367013,851.6574227938734,855.9516678565457,2252661,SUNPHARMA.NS
2022-09-07,862.4653930664062,865.0226566724594,848.7141965895432,848.7141965895432,1698682,SUNPHARMA.NS
2022-09-08,862.9962158203125,869.2204539983761,855.9517543120285,866.8079631463129,1772605,SUNPHARMA.NS
2022-09-09,858.8466796875,870.3301588517896,855.6622037785106,863.1891628994031,1405210,SUNPHARMA.NS
2022-09-12,856.627197265625,863.816431228388,854.1181716343444,860.0046841972467,1571387,SUNPHARMA.NS
2022-09-13,858.991455078125,862.0311579956984,852.5742063098618,858.7019090775672,2216354,SUNPHARMA.NS
2022-09-14,852.8155517578125,866.2772630532779,849.245053368166,853.6357751222276,1889322,SUNPHARMA.NS
2022-09-15,843.6962280273438,857.0614617210498,840.6082281801414,852.0917073654977,1780723,SUNPHARMA.NS
2022-09-16,837.6651000976562,859.3292807174959,835.4938582317221,847.9423351558934,5625488,SUNPHARMA.NS
2022-09-19,844.2269897460938,846.2535173159152,826.808818305664,841.862795929352,1920725,SUNPHARMA.NS
2022-09-20,880.0283813476562,882.7303591888278,846.1087380828063,846.8324853026934,4408042,SUNPHARMA.NS
2022-09-21,873.6111450195312,890.2090932810426,871.0539401449903,886.3973460883376,4153228,SUNPHARMA.NS
2022-09-22,876.2167358398438,879.3529741564512,863.961269715206,868.4002885179357,2317690,SUNPHARMA.NS
2022-09-23,888.8580932617188,894.2621080322705,871.005661211787,871.005661211787,4802181,SUNPHARMA.NS
2022-09-26,869.1721801757812,893.9242999596415,867.5799127194949,885.8183663696657,3760536,SUNPHARMA.NS
2022-09-27,865.7464599609375,878.0018659348809,863.092720117986,873.562906484333,3096645,SUNPHARMA.NS
2022-09-28,885.7218627929688,893.586606485121,860.8249691220439,862.7067237556136,5559336,SUNPHARMA.NS
2022-09-29,898.1221313476562,922.0540294908598,892.7181163484141,892.7181163484141,8519098,SUNPHARMA.NS
2022-09-30,915.44384765625,917.6633275704135,897.4466414483678,901.2583889632928,4182345,SUNPHARMA.NS
2022-10-03,911.4390869140625,933.9717289760133,909.750343237938,919.5933181585191,4444578,SUNPHARMA.NS
2022-10-04,911.4872436523438,922.8259501806663,910.0397492019196,922.2469759599766,1856830,SUNPHARMA.NS
2022-10-06,920.510009765625,928.3264563689182,914.3822478173165,921.2819950389983,3449485,SUNPHARMA.NS
2022-10-07,921.71630859375,927.8922500374613,913.079579281625,919.6415428337515,1762328,SUNPHARMA.NS
2022-10-10,912.9346313476562,920.847611864401,902.5126843030453,912.8381552883894,1683827,SUNPHARMA.NS
2022-10-11,911.6802368164062,918.5799837876216,907.0965044799385,917.5184525389044,2426935,SUNPHARMA.NS
2022-10-12,922.1022338867188,926.3964793467644,908.109787063252,912.8865306896241,2875040,SUNPHARMA.NS
2022-10-13,934.50244140625,939.6651480568901,918.1939803605966,923.3566870112365,4498223,SUNPHARMA.NS
2022-10-14,942.1259765625,945.599998952868,930.2565325841654,941.8364894213126,3307000,SUNPHARMA.NS
2022-10-17,945.6964111328125,950.5213928222656,939.2309238892049,942.1259129028767,2647369,SUNPHARMA.NS
2022-10-18,944.1041259765625,950.5213750631189,938.7001701448212,949.3151296632926,2065146,SUNPHARMA.NS
2022-10-19,942.7048950195312,946.3718691252948,931.2696536952553,941.4503527292155,2424533,SUNPHARMA.NS
2022-10-20,946.0341186523438,948.4466094520883,932.7171812174942,936.0464303008819,1669666,SUNPHARMA.NS
2022-10-21,943.4769287109375,957.1798884506073,941.5951740775447,946.6614048373779,1791608,SUNPHARMA.NS
2022-10-24,952.4513549804688,955.2981058657736,947.7228495168303,951.4863586734976,191840,SUNPHARMA.NS
2022-10-25,956.8421020507812,962.4390690015306,951.0038860168213,957.2281241433993,2119595,SUNPHARMA.NS
2022-10-27,976.238525390625,977.9272689068654,957.7588227820013,964.0312986994653,4379157,SUNPHARMA.NS
2022-10-28,955.3463745117188,968.3738250732422,952.9821217041463,966.9263305664062,3934980,SUNPHARMA.NS
2022-10-31,981.3048095703125,991.3407951462286,956.504391653805,960.1231279578079,3546309,SUNPHARMA.NS
2022-11-01,1000.3151245117188,1012.281101993717,983.4759864735852,986.1779642892528,5264069,SUNPHARMA.NS
2022-11-02,1015.1278076171875,1033.46273726212,996.5034497615642,1002.4382005482196,5923662,SUNPHARMA.NS
2022-11-03,1007.649169921875,1018.6501521810941,1003.1620310059623,1008.4212141425746,2386317,SUNPHARMA.NS
2022-11-04,1003.499755859375,1009.7722323089848,995.3454657964367,1008.7107598539174,1576349,SUNPHARMA.NS
2022-11-07,992.3539428710938,1013.1978398395468,985.2612434731524,1008.4211551708563,2853521,SUNPHARMA.NS
2022-11-09,978.0718994140625,1000.363347262358,974.6461746393759,984.344374795405,2268760,SUNPHARMA.NS
2022-11-10,975.2735595703125,986.5157314190658,971.5100503427547,974.6462883994857,2419991,SUNPHARMA.NS
2022-11-11,978.0718994140625,995.3452962788505,974.5014016480209,980.1949028613327,2390487,SUNPHARMA.NS
2022-11-14,981.3048095703125,985.6472931351161,966.926340429593,982.9935531788473,1764788,SUNPHARMA.NS
2022-11-15,980.4844970703125,986.2262369418374,969.2905633416077,986.2262369418374,1703050,SUNPHARMA.NS
2022-11-16,982.9935913085938,986.9982909678087,971.8478359409651,971.8478359409651,1485506,SUNPHARMA.NS
2022-11-17,977.8790283203125,994.4287392925715,975.0805742427964,987.480753788516,1758031,SUNPHARMA.NS
2022-11-18,974.2603149414062,982.2215350212718,970.7863515569467,979.7125680101293,1130682,SUNPHARMA.NS
2022-11-21,968.0360107421875,977.3481892058036,958.7237733798745,967.891237745359,1108922,SUNPHARMA.NS
2022-11-22,974.7427368164062,976.9622754202335,961.3775616517935,970.9310485591808,1723123,SUNPHARMA.NS
2022-11-23,982.028564453125,983.4277620492371,974.115582560548,979.6643116030857,1311376,SUNPHARMA.NS
2022-11-24,998.8677368164062,1001.0872756258975,978.3133255490925,984.9235861405375,1994268,SUNPHARMA.NS
2022-11-25,997.6614379882812,1001.6178994047116,991.0029397132424,1001.6178994047116,1948596,SUNPHARMA.NS
2022-11-28,998.5299682617188,1005.0436935922494,991.9679459949627,996.841224657507,1427648,SUNPHARMA.NS
2022-11-29,1013.1015014648438,1014.4042231154214,997.8063312617561,998.7713277136534,1179559,SUNPHARMA.NS
2022-11-30,1009.4345092773438,1021.2557149189863,1002.9689628602038,1016.1411869918016,3060171,SUNPHARMA.NS
2022-12-01,1009.8203125,1020.8212936777662,1003.2101115256844,1018.0710778326741,1878374,SUNPHARMA.NS
2022-12-02,1003.5962524414062,1013.10144338822,998.5783182981639,1011.6057696519707,2284133,SUNPHARMA.NS
2022-12-05,1003.0172119140625,1009.3378672157265,994.66997007551,1005.6709518293744,2294634,SUNPHARMA.NS
2022-12-06,997.3720092773438,1003.5961885198756,987.4324999066948,1003.0172142782873,1321211,SUNPHARMA.NS
2022-12-07,982.125,1000.8459520782718,979.8089852835558,1000.2669778485111,2954262,SUNPHARMA.NS
2022-12-08,946.4684448242188,982.3663222092487,940.871477557974,979.4713330475319,10021644,SUNPHARMA.NS
2022-12-09,958.0966796875,962.1014384219592,945.696499150973,946.4684845133954,4231753,SUNPHARMA.NS
2022-12-12,952.8374633789062,960.1714124167783,945.841239519588,960.0749363368217,1875104,SUNPHARMA.NS
2022-12-13,959.8336181640625,961.4740647975045,945.5033873994377,945.6963984441666,1863361,SUNPHARMA.NS
2022-12-14,965.2376708984375,967.8914110583682,959.737179514476,964.0314253711963,1570685,SUNPHARMA.NS
2022-12-15,967.1193237304688,971.7512942869523,963.1628034790568,965.9613163666726,1304660,SUNPHARMA.NS
2022-12-16,958.86865234375,969.9178134968951,953.0303772731495,963.2111359441417,2618988,SUNPHARMA.NS
2022-12-19,953.3681640625,958.3861569059285,939.6169659552786,953.0303799978374,1547342,SUNPHARMA.NS
2022-12-20,953.7540893554688,955.9736280105296,945.1174194100407,953.368126166672,1352408,SUNPHARMA.NS
2022-12-21,970.4003295898438,974.1638390058116,953.8024390853304,957.2764024702973,2043630,SUNPHARMA.NS
2022-12-22,975.2735595703125,997.8544971382564,971.7995374605588,984.2480136144486,5163443,SUNPHARMA.NS
2022-12-23,966.4920654296875,991.8714572050447,963.5006003571987,976.5762888881644,3612433,SUNPHARMA.NS
2022-12-26,965.0445556640625,976.3832623961905,954.091871018466,974.6462808042005,2307374,SUNPHARMA.NS
2022-12-27,965.1410522460938,980.194970642832,958.2413052900145,965.2375283145387,1870105,SUNPHARMA.NS
2022-12-28,960.1712646484375,975.225182524653,958.2412721566818,963.9347735668397,1686511,SUNPHARMA.NS
2022-12-29,965.527099609375,969.5318580769219,954.4778794688273,963.5971068825964,2162872,SUNPHARMA.NS
2022-12-30,966.3473510742188,971.5582959313023,958.9651055699728,968.8563179796254,1629162,SUNPHARMA.NS
2023-01-02,962.101318359375,966.3473256708925,952.6443663277591,966.3473256708925,1616012,SUNPHARMA.NS
2023-01-03,973.7777099609375,977.3482079303764,953.4163122764559,958.2412936138874,1810117,SUNPHARMA.NS
2023-01-04,968.9528198242188,989.9897875544401,965.7201055833463,976.5763146143856,2573870,SUNPHARMA.NS
2023-01-05,980.6293334960938,986.129824643856,972.9576004925336,973.777823856353,2246533,SUNPHARMA.NS
2023-01-06,973.3917846679688,986.0332127044396,968.9527663255902,979.4712496099455,1773153,SUNPHARMA.NS
2023-01-09,981.2564697265625,987.5289457125577,975.128766745878,979.4712501207979,1567316,SUNPHARMA.NS
2023-01-10,976.4315185546875,988.1562475909556,974.6945369304594,980.4362769066512,1607654,SUNPHARMA.NS
2023-01-11,992.0162353515625,996.889513976872,973.0540337525308,976.5762939453125,3258157,SUNPHARMA.NS
2023-01-12,996.6963500976562,999.2053167802346,985.4059411273572,995.827829915927,1641398,SUNPHARMA.NS
2023-01-13,995.4901123046875,998.77112312855,984.4409523127061,995.0559111092415,1491367,SUNPHARMA.NS
2023-01-16,999.205322265625,1003.1136042061651,990.1826308666356,995.4901102539698,1437532,SUNPHARMA.NS
2023-01-17,996.5516357421875,999.736170663454,990.8582517881056,999.2053755774429,1245848,SUNPHARMA.NS
2023-01-18,1003.692626953125,1005.0436453311008,994.0909608977743,996.5516307815949,1238451,SUNPHARMA.NS
2023-01-19,1004.1270751953125,1007.4562657361066,999.7362943511557,1001.7627632802223,824263,SUNPHARMA.NS
2023-01-20,994.2838745117188,1010.8335839565,981.2564249810144,1007.5043939731669,2963571,SUNPHARMA.NS
2023-01-23,1012.5706176757812,1017.9745731452914,986.7086709180901,998.7711241077978,2106604,SUNPHARMA.NS
2023-01-24,1004.2716064453125,1014.1628185612285,998.3369734136832,1013.2461191913965,2088556,SUNPHARMA.NS
2023-01-25,1003.64453125,1009.048487413737,994.2358165533243,994.2358165533243,1753333,SUNPHARMA.NS
2023-01-27,1006.8771362304688,1014.2110843561528,997.8061476919715,1008.3728097772943,3448013,SUNPHARMA.NS
2023-01-30,1014.8866577148438,1034.6209045973899,1003.789199213761,1005.4779428987083,3320916,SUNPHARMA.NS
2023-01-31,998.2886352539062,1023.1855859877032,990.1344639408727,1018.0710586687976,5265462,SUNPHARMA.NS
2023-02-01,979.3748168945312,1007.4078901183276,969.9178055675844,1000.1704175101762,4717887,SUNPHARMA.NS
2023-02-02,972.3302612304688,980.146766703471,958.2413386228855,974.5980379047987,2117181,SUNPHARMA.NS
2023-02-03,992.1610107421875,996.31042432663,966.5886077267309,971.7513145873515,2332076,SUNPHARMA.NS
2023-02-06,987.5288696289062,990.0378362705222,977.2999331377696,984.2961558138977,1215157,SUNPHARMA.NS
2023-02-07,971.1722412109375,992.4986345931295,966.9262341879589,990.3273930492942,2360600,SUNPHARMA.NS
2023-02-08,984.8809814453125,988.672748348158,969.7140325157952,976.908586509158,1815142,SUNPHARMA.NS
2023-02-09,978.8529052734375,992.8532091119513,973.6028358396867,975.1583987813339,1474402,SUNPHARMA.NS
2023-02-10,978.6585083007812,986.1933817592434,969.0333507132372,978.8529685162817,1530150,SUNPHARMA.NS
2023-02-13,987.0685424804688,989.1102266379235,974.1863379122676,980.2628495010417,1355766,SUNPHARMA.NS
2023-02-14,978.8043823242188,989.790702236777,975.4015361974397,989.742102017437,1832842,SUNPHARMA.NS
2023-02-15,967.76953125,978.4641912687362,963.0541228189985,974.1863035248691,2251350,SUNPHARMA.NS
2023-02-16,967.5264282226562,981.9641948762976,963.6860613349048,971.172334886801,1678410,SUNPHARMA.NS
2023-02-17,957.1719970703125,968.8388979995595,954.7413927100527,964.658270368098,1847026,SUNPHARMA.NS
2023-02-20,957.0748291015625,964.1235819854487,947.8871324398974,962.6652193198171,2157871,SUNPHARMA.NS
2023-02-21,944.6300659179688,963.2971194919625,942.2481210897091,962.5193379557393,1771813,SUNPHARMA.NS
2023-02-22,941.6647338867188,950.8524302806218,939.1855292955835,944.5814591329784,2605147,SUNPHARMA.NS
2023-02-23,945.505126953125,950.1232753881146,937.2896720795368,945.9912478410187,2835983,SUNPHARMA.NS
2023-02-24,943.5606689453125,956.0539523660215,936.9494365591677,943.6578693891511,1823835,SUNPHARMA.NS
2023-02-27,938.261962890625,945.5537765901132,933.4007537576329,943.5606927137728,1548675,SUNPHARMA.NS
2023-02-28,930.0464477539062,948.9079617128484,927.5186429037473,942.102269364498,3819644,SUNPHARMA.NS
2023-03-01,932.6715698242188,939.2342021357207,924.6019745538176,924.6019745538176,1862513,SUNPHARMA.NS
2023-03-02,938.5049438476562,940.1577666810514,924.6990992112487,933.3520744713643,1510195,SUNPHARMA.NS
2023-03-03,940.0606689453125,942.8315344827477,931.553552753795,940.2064696183214,2215832,SUNPHARMA.NS
2023-03-06,938.456298828125,952.3107430221688,937.0465364980902,943.0744468928063,1989152,SUNPHARMA.NS
2023-03-08,930.9215698242188,938.2133836870717,920.7130304162247,933.3521744451697,4734482,SUNPHARMA.NS
2023-03-09,926.2546997070312,932.7687311076193,920.8587700222556,930.9214481008662,2994556,SUNPHARMA.NS
2023-03-10,929.0255737304688,930.9214569731685,919.8378775088669,920.2267979374454,2001392,SUNPHARMA.NS
2023-03-13,927.6157836914062,933.2548330330073,921.2476124145833,928.5880253929341,1412106,SUNPHARMA.NS
2023-03-14,930.6298828125,936.9980548710638,923.9213905120699,927.0325762070655,1879695,SUNPHARMA.NS
2023-03-15,924.9909057617188,938.1161705371467,922.9977625267783,925.5742271264759,2189113,SUNPHARMA.NS
2023-03-16,940.5466918945312,943.0744967060323,925.2824845641967,928.7339309056055,2228093,SUNPHARMA.NS
2023-03-17,931.115966796875,941.8106264024045,926.3033581062009,941.6647663986847,2218687,SUNPHARMA.NS
2023-03-20,934.518798828125,935.9285612592444,921.053214743132,923.6296791634857,1955757,SUNPHARMA.NS
2023-03-21,929.6575317382812,938.2132468883528,926.7894068355672,938.2132468883528,1687239,SUNPHARMA.NS
2023-03-22,945.0675659179688,947.3523695980324,930.0464192554869,930.4353396855607,1626129,SUNPHARMA.NS
2023-03-23,950.51220703125,955.6650766354345,945.019017196974,947.9357425586932,1857923,SUNPHARMA.NS
2023-03-24,945.8453369140625,951.8246472496003,941.1299882917396,950.4634851004115,1534322,SUNPHARMA.NS
2023-03-27,956.1512451171875,963.4430588844025,936.268887710395,952.7969989160822,2473222,SUNPHARMA.NS
2023-03-28,956.8803100585938,960.3803565045906,949.1995767553631,959.6025749989163,1394675,SUNPHARMA.NS
2023-03-29,964.3666381835938,968.8389266021343,951.8246955780126,958.2901271035503,3045795,SUNPHARMA.NS
2023-03-31,955.810791015625,967.5749511838038,954.15802759926,967.5749511838038,1822710,SUNPHARMA.NS
2023-04-03,951.8732299804688,960.5748051135997,949.102364855934,953.7691131745357,1671570,SUNPHARMA.NS
2023-04-05,969.4708862304688,971.2695097343467,948.227368355947,957.658125213545,1544121,SUNPHARMA.NS
2023-04-06,984.005859375,985.8531424512698,965.8249859761063,969.4708925680118,1423990,SUNPHARMA.NS
2023-04-10,980.6029052734375,988.721158662277,978.7070815270893,986.8252755750079,1110974,SUNPHARMA.NS
2023-04-11,981.2349243164062,993.8740662694538,979.5821015774384,980.6029434823845,1786844,SUNPHARMA.NS
2023-04-12,988.478271484375,991.8811178585825,977.3460907634245,987.3115694307462,3246327,SUNPHARMA.NS
2023-04-13,975.6446533203125,995.4297503563054,974.1862906098187,993.922787423648,1445693,SUNPHARMA.NS
2023-04-17,970.9779052734375,981.8670253884834,967.4291989387583,971.707086629254,1768817,SUNPHARMA.NS
2023-04-18,976.9085083007812,978.3182707205641,960.8665192653633,971.2695179625774,1217390,SUNPHARMA.NS
2023-04-19,967.8666381835938,981.3808219106742,965.4360338687178,975.6445719911967,2174563,SUNPHARMA.NS
2023-04-20,960.3318481445312,974.2834943862647,956.4428809032473,971.3667689553018,1638094,SUNPHARMA.NS
2023-04-21,961.9846801757812,966.700029264,957.6095919880162,966.700029264,1216575,SUNPHARMA.NS
2023-04-24,951.9705810546875,955.2275673443751,932.6229455217219,947.9357538531967,3485350,SUNPHARMA.NS
2023-04-25,945.505126953125,955.6164651576842,940.157797186295,952.7969402715296,2377746,SUNPHARMA.NS
2023-04-26,944.2899169921875,949.6858475068132,936.4633818006193,948.7136056360362,2911028,SUNPHARMA.NS
2023-04-27,951.5330200195312,954.3524855119798,936.8035336557025,941.1300213451544,2777173,SUNPHARMA.NS
2023-04-28,960.234619140625,964.9499680440657,951.9705639986859,957.6095544626468,2009995,SUNPHARMA.NS
2023-05-02,946.0398559570312,961.4499238364253,943.3661910513025,960.2346216065487,3152556,SUNPHARMA.NS
2023-05-03,936.8521728515625,945.4079481470274,932.8660052159851,943.5606649943861,3087472,SUNPHARMA.NS
2023-05-04,946.9635009765625,948.8107841090897,938.3591848939993,940.789789362625,1197830,SUNPHARMA.NS
2023-05-05,943.5120239257812,950.1232559980272,940.9841597557657,946.9634702912033,1062645,SUNPHARMA.NS
2023-05-08,935.1506958007812,942.1022479924106,934.3243140564568,935.2965557984511,2676958,SUNPHARMA.NS
2023-05-09,930.8729248046875,940.011962135116,923.1435906138264,935.1994126899683,6902170,SUNPHARMA.NS
2023-05-10,927.3240966796875,933.3034067104257,925.1851531289644,930.4352819042919,2180917,SUNPHARMA.NS
2023-05-11,934.3729858398438,937.143910621311,925.574209269075,927.3242326705152,1296607,SUNPHARMA.NS
2023-05-12,929.463134765625,936.3660276159021,925.5741676745555,934.324343629462,2014927,SUNPHARMA.NS
2023-05-15,926.54638671875,929.2200515282742,921.733778193421,926.54638671875,1814239,SUNPHARMA.NS
2023-05-16,914.8309326171875,935.8313317387552,911.9628074420143,926.5464344266948,2625163,SUNPHARMA.NS
2023-05-17,909.9696655273438,919.0601020310642,903.0667135907403,915.1225348647715,2956985,SUNPHARMA.NS
2023-05-18,903.8446044921875,916.8240086621139,896.8444517307172,916.8240086621139,3014019,SUNPHARMA.NS
2023-05-19,900.1500244140625,908.4627390701356,898.6430615297147,906.1293350717767,1309343,SUNPHARMA.NS
2023-05-22,911.4280395507812,916.5809089527626,897.2332744095395,900.1499996568036,1382485,SUNPHARMA.NS
2023-05-23,905.7403564453125,929.6575381989329,903.309752161871,911.4766062906046,3057684,SUNPHARMA.NS
2023-05-24,925.7200927734375,928.2964980478868,906.7127173064945,909.5322423821601,2953574,SUNPHARMA.NS
2023-05-25,918.7684936523438,925.2825255284353,916.5323493984129,923.3380419439858,2331464,SUNPHARMA.NS
2023-05-26,942.9773559570312,949.5885884017645,910.9905766478579,917.747669100572,4137189,SUNPHARMA.NS
2023-05-29,941.5675659179688,946.2343146047306,920.1296464868643,943.0259285913899,5344765,SUNPHARMA.NS
2023-05-30,932.9631958007812,940.5953294392767,929.75480976935,938.213325191072,2624815,SUNPHARMA.NS
2023-05-31,948.2759399414062,952.1163066119979,934.0812345347041,938.2132618537491,5595631,SUNPHARMA.NS
2023-06-01,960.283203125,962.9568679786562,947.9357208417475,952.6024694453982,3261906,SUNPHARMA.NS
2023-06-02,971.852783203125,975.8390097925254,953.7691112521452,959.1650408390566,3734815,SUNPHARMA.NS
2023-06-05,980.7489013671875,989.4504772177638,970.7834230633326,977.4432555592932,3629780,SUNPHARMA.NS
2023-06-06,985.6586303710938,987.7489737768406,976.130673513746,980.8946816128821,1632644,SUNPHARMA.NS
2023-06-07,986.4364624023438,989.2559872325471,981.9641740588428,986.8253828413124,1608613,SUNPHARMA.NS
2023-06-08,959.6026000976562,987.7976106375063,955.9566935623308,986.8253688947528,3395935,SUNPHARMA.NS
2023-06-09,956.6372680664062,963.1998997848249,953.7691430768381,956.6858682850241,2306206,SUNPHARMA.NS
2023-06-12,958.095703125,962.4221910458452,953.8178154264481,960.4777074266726,593319,SUNPHARMA.NS
2023-06-13,960.6720581054688,968.3527917361324,958.1928534887877,962.5193411835052,2413311,SUNPHARMA.NS
2023-06-14,959.3109741210938,967.3805690094694,956.9289698970555,964.0749232282413,2139387,SUNPHARMA.NS
2023-06-15,960.9638061523438,967.186117985526,958.3387414588613,961.0610065946867,2731724,SUNPHARMA.NS
2023-06-16,964.4638061523438,967.0402704999076,959.797057668179,962.5193226721979,3611214,SUNPHARMA.NS
2023-06-19,973.9918212890625,978.7558298352474,966.1652866839845,967.5264489374459,1327862,SUNPHARMA.NS
2023-06-20,964.4152221679688,979.7766300515214,962.1304184357803,979.6794296122484,1445688,SUNPHARMA.NS
2023-06-21,964.3666381835938,966.2624621678244,956.2969839965532,964.4152384040484,1396686,SUNPHARMA.NS
2023-06-22,962.8109741210938,968.5472240690533,959.6997887144195,959.6997887144195,5384143,SUNPHARMA.NS
2023-06-23,963.9291381835938,968.3042262550239,950.1718930670585,966.4083428892181,1218237,SUNPHARMA.NS
2023-06-26,967.33203125,975.9363478036205,963.9291848076297,966.4083896331701,2066932,SUNPHARMA.NS
2023-06-27,973.9918212890625,975.498784207654,958.6304127500969,972.1931976992807,4647465,SUNPHARMA.NS
2023-06-28,993.4366455078125,997.0826115478611,967.3805774996266,967.3805774996266,5296330,SUNPHARMA.NS
2023-06-30,1022.409423828125,1025.7150695897144,991.7352077858316,993.3880306666263,4765060,SUNPHARMA.NS
2023-07-03,1004.0340576171875,1024.4025945003948,1001.4090522345595,1023.770613595137,2338356,SUNPHARMA.NS
2023-07-04,1019.6871948242188,1024.645604012612,1001.3118020137223,1011.1314199518841,1549174,SUNPHARMA.NS
2023-07-05,1015.700927734375,1028.340070720584,1013.7079033187405,1025.7150654192678,1840716,SUNPHARMA.NS
2023-07-06,1013.56201171875,1027.2705964862014,1011.1314073741007,1011.1314073741007,2551103,SUNPHARMA.NS
2023-07-07,1006.9507446289062,1022.0204919279075,1000.1937118611287,1004.8118602269516,1721224,SUNPHARMA.NS
2023-07-10,1015.99267578125,1021.8261265512858,1002.4784910942949,1007.2424996261961,1221769,SUNPHARMA.NS
2023-07-11,1042.4862060546875,1044.9168104054795,1019.930245152079,1022.7983108132723,4369937,SUNPHARMA.NS
2023-07-12,1048.8057861328125,1053.6669948750273,1040.298670833937,1045.1598795761515,5088473,SUNPHARMA.NS
2023-07-13,1045.7919921875,1051.8685038807268,1041.9515655882592,1051.8685038807268,1541690,SUNPHARMA.NS
2023-07-14,1043.166748046875,1050.021099921885,1035.4374735340812,1049.9724403611835,2641580,SUNPHARMA.NS
2023-07-17,1047.687744140625,1051.0420495731785,1040.7848510693443,1043.8959773690633,1254025,SUNPHARMA.NS
2023-07-18,1037.52783203125,1048.9516728666197,1034.8055075934828,1048.5140928595551,2238739,SUNPHARMA.NS
2023-07-19,1051.8197021484375,1055.854529103759,1034.3193508373256,1037.5277960504372,2311282,SUNPHARMA.NS
2023-07-20,1067.18115234375,1073.8409844183948,1052.2572656131015,1055.9031720789856,5218991,SUNPHARMA.NS
2023-07-21,1066.6949462890625,1073.5491786883945,1060.0836556195356,1072.77145658023,1879610,SUNPHARMA.NS
2023-07-24,1069.8548583984375,1076.611891170062,1062.1741247440089,1063.6324873866781,2130036,SUNPHARMA.NS
2023-07-25,1064.653564453125,1079.1885337182925,1060.5215362834829,1079.1885337182925,1702900,SUNPHARMA.NS
2023-07-26,1081.1329345703125,1083.46633874101,1063.7297817612696,1066.597966420913,1321572,SUNPHARMA.NS
2023-07-27,1103.4456787109375,1123.2794332849187,1085.313465807326,1096.688646314981,6366612,SUNPHARMA.NS
2023-07-28,1110.8609619140625,1116.0808282095568,1094.3719394101333,1102.4700152316484,2677679,SUNPHARMA.NS
2023-07-31,1115.593017578125,1117.154082431943,1099.59183484786,1112.2756803252532,1718336,SUNPHARMA.NS
2023-08-01,1115.641845703125,1124.618177970225,1108.3730734518597,1115.5931331379804,1448567,SUNPHARMA.NS
2023-08-02,1107.64111328125,1116.4710680570563,1099.0550785920504,1116.129484654523,1731918,SUNPHARMA.NS
2023-08-03,1113.2513427734375,1141.2533227731062,1095.0548793889393,1102.7627784133897,8460399,SUNPHARMA.NS
2023-08-04,1111.2509765625,1117.1538897340465,1093.7863953143078,1101.543005685361,3527805,SUNPHARMA.NS
2023-08-07,1132.56982421875,1138.375074795405,1105.933702404621,1111.2511127949485,3353219,SUNPHARMA.NS
2023-08-08,1120.71533203125,1136.2773870032058,1112.2268409634087,1133.9357301878838,3073468,SUNPHARMA.NS
2023-08-09,1124.764404296875,1131.1063268491525,1112.5683993886491,1123.1545078286672,1306791,SUNPHARMA.NS
2023-08-10,1122.3251953125,1129.7403424235056,1115.7880652673375,1122.6178279672445,1443067,SUNPHARMA.NS
2023-08-11,1104.811767578125,1123.0082323483155,1103.006782510661,1122.0813835330728,1756630,SUNPHARMA.NS
2023-08-14,1106.66552734375,1114.227050673628,1093.249921435902,1103.4945659473494,1824622,SUNPHARMA.NS
2023-08-16,1115.8370361328125,1117.6420212512173,1094.5671534303763,1107.3485442572717,1224080,SUNPHARMA.NS
2023-08-17,1116.958984375,1121.007962807413,1109.8364697198888,1115.8369280797958,1964341,SUNPHARMA.NS
2023-08-18,1107.2999267578125,1121.349751091224,1101.5433874494856,1113.251554543723,1473774,SUNPHARMA.NS
2023-08-21,1109.739013671875,1116.0809368598784,1099.738288644639,1102.4701225569593,941384,SUNPHARMA.NS
2023-08-22,1109.88525390625,1119.1053857735053,1102.518819463,1107.3972213190311,1438879,SUNPHARMA.NS
2023-08-23,1096.3720703125,1102.9579133277032,1083.590680281096,1100.567543873943,3050418,SUNPHARMA.NS
2023-08-24,1091.1033935546875,1105.5433914128043,1086.127328440476,1096.2744279985295,1575291,SUNPHARMA.NS
2023-08-25,1079.3953857421875,1095.9819542568093,1073.4924710713344,1090.8107999616013,1515282,SUNPHARMA.NS
2023-08-28,1089.8349609375,1096.811099324252,1078.2731725043661,1083.0540300835,1959645,SUNPHARMA.NS
2023-08-29,1084.566162109375,1097.689133175185,1079.5413849087593,1097.689133175185,1749707,SUNPHARMA.NS
2023-08-30,1087.7861328125,1091.9327746307947,1083.4931151097073,1090.3228781045457,1543173,SUNPHARMA.NS
2023-08-31,1084.566162109375,1091.6398440525113,1074.9069036356698,1091.6398440525113,4782404,SUNPHARMA.NS
2023-09-01,1082.0296630859375,1090.3229472484536,1078.858701494387,1084.956704555061,2715249,SUNPHARMA.NS
2023-09-04,1081.93212890625,1086.9080756296516,1075.199909644413,1086.9080756296516,1205294,SUNPHARMA.NS
2023-09-05,1104.372802734375,1108.3730690399864,1080.273422465928,1083.0053755584374,1698118,SUNPHARMA.NS
2023-09-06,1114.5684814453125,1121.0567799275304,1101.592003582488,1109.3486151241098,2960249,SUNPHARMA.NS
2023-09-07,1105.49462890625,1113.6902482736,1101.1527800421457,1112.2755594570363,1863837,SUNPHARMA.NS
2023-09-08,1102.9578857421875,1110.373152232917,1101.0553565593589,1105.4459184596842,1789037,SUNPHARMA.NS
2023-09-11,1109.251220703125,1112.2758065321414,1098.3235272832362,1102.9580098104536,2032253,SUNPHARMA.NS
2023-09-12,1117.3980712890625,1125.740187045425,1109.4462515455723,1114.2759413893268,3989578,SUNPHARMA.NS
2023-09-13,1120.812744140625,1128.5693548816332,1114.5196538489843,1121.0566642155195,2115524,SUNPHARMA.NS
2023-09-14,1115.9832763671875,1122.9105833074516,1111.056042763028,1120.8128466511776,2065163,SUNPHARMA.NS
2023-09-15,1121.83740234375,1125.7401240508402,1116.1784082278232,1116.1784082278232,2404169,SUNPHARMA.NS
2023-09-18,1119.7396240234375,1128.8622118546634,1114.763677852006,1121.0567687303444,962842,SUNPHARMA.NS
2023-09-20,1125.1058349609375,1127.8865001765184,1111.299933997452,1120.0810572687226,2303191,SUNPHARMA.NS
2023-09-21,1118.276123046875,1128.8133999885135,1113.3977210086316,1121.0567883883514,2088934,SUNPHARMA.NS
2023-09-22,1104.811767578125,1120.0811909086588,1100.8603330955611,1114.714948269288,1585418,SUNPHARMA.NS
2023-09-25,1096.713623046875,1109.1535483939942,1094.3719662200358,1098.811240667255,1009279,SUNPHARMA.NS
2023-09-26,1098.4697265625,1102.5188239397687,1091.2984996253374,1097.640422063929,1966198,SUNPHARMA.NS
2023-09-27,1112.2269287109375,1118.0322990966813,1095.8842804773403,1098.76260938841,2332018,SUNPHARMA.NS
2023-09-28,1104.762939453125,1123.9837952556554,1101.39677068866,1115.153840195686,2685663,SUNPHARMA.NS
2023-09-29,1130.47216796875,1139.0093718364399,1106.7143730258454,1106.7143730258454,2288577,SUNPHARMA.NS
2023-10-03,1113.6904296875,1133.6918794095438,1111.5439802848068,1131.3503415526498,1946966,SUNPHARMA.NS
2023-10-04,1096.4697265625,1111.300021615938,1085.9323301655304,1110.4218853992545,1803871,SUNPHARMA.NS
2023-10-05,1091.8839111328125,1101.2017065875955,1084.7615156782597,1097.2989849900507,2348562,SUNPHARMA.NS
2023-10-06,1099.884521484375,1104.6165474273305,1095.7865924964494,1100.567450098226,1056281,SUNPHARMA.NS
2023-10-09,1095.7379150390625,1106.2264792833375,1082.0295578512496,1083.9809186408822,1080276,SUNPHARMA.NS
2023-10-10,1099.1041259765625,1102.9093038948097,1092.5671140130921,1094.7135635558839,1092093,SUNPHARMA.NS
2023-10-11,1101.2991943359375,1106.8605246866264,1095.054816279736,1100.5674340739204,1456045,SUNPHARMA.NS
2023-10-12,1102.9090576171875,1105.0067941256389,1093.9327272116661,1101.543081348782,1221965,SUNPHARMA.NS
2023-10-13,1117.4468994140625,1119.3005970414968,1094.7134966295039,1098.7137627701252,1934884,SUNPHARMA.NS
2023-10-16,1107.6900634765625,1119.3493972234246,1105.494782462178,1113.7392346311085,1144308,SUNPHARMA.NS
2023-10-17,1109.153564453125,1116.17841593374,1106.4216115986549,1110.9585494347925,798807,SUNPHARMA.NS
2023-10-18,1125.3497314453125,1133.5454701468975,1106.470340628436,1109.3485499996666,2178517,SUNPHARMA.NS
2023-10-19,1113.7391357421875,1122.0324188379461,1107.3972133748425,1119.4956737113296,1765065,SUNPHARMA.NS
2023-10-20,1114.4219970703125,1117.1539495657858,1105.543330112424,1110.3241874287023,957910,SUNPHARMA.NS
2023-10-23,1095.1524658203125,1121.251917675701,1090.8107354887545,1107.39730302302,702730,SUNPHARMA.NS
2023-10-25,1093.0548095703125,1102.2261101313316,1085.7372065046402,1097.640459850822,1800673,SUNPHARMA.NS
2023-10-26,1076.8582763671875,1090.7617203439127,1070.8091062776018,1088.8103597857757,2223975,SUNPHARMA.NS
2023-10-27,1084.2735595703125,1092.566842078548,1080.7123026729269,1084.9564881362337,1250965,SUNPHARMA.NS
2023-10-30,1088.0787353515625,1092.713217255448,1077.0047866226007,1088.5665755519715,1078813,SUNPHARMA.NS
2023-10-31,1062.1256103515625,1092.371701348557,1042.3680831680417,1092.2253254750246,6475786,SUNPHARMA.NS
2023-11-01,1089.0543212890625,1105.0067897400268,1056.271486485446,1065.442905277939,3973264,SUNPHARMA.NS
2023-11-02,1105.299560546875,1109.885330067187,1083.5906707978613,1100.4211583560855,3454692,SUNPHARMA.NS
2023-11-03,1113.3489990234375,1117.8371055204216,1103.9824900076392,1110.812253533979,1741756,SUNPHARMA.NS
2023-11-06,1122.032470703125,1123.0081511124322,1112.2756666100543,1112.3732108306626,1428537,SUNPHARMA.NS
2023-11-07,1142.4730224609375,1145.0098870169816,1118.666513779232,1121.0568833397863,1811831,SUNPHARMA.NS
2023-11-08,1148.0831298828125,1154.1324200916754,1142.5217989971707,1146.4245207700046,1702301,SUNPHARMA.NS
2023-11-09,1147.595458984375,1154.4740547645513,1138.4728693146967,1152.278773443427,1849169,SUNPHARMA.NS
2023-11-10,1150.668701171875,1152.7664379346947,1141.6436571169484,1145.4976663094812,957539,SUNPHARMA.NS
2023-11-13,1149.1566162109375,1158.669501712347,1145.205062285084,1151.400610047727,816825,SUNPHARMA.NS
2023-11-15,1152.1810302734375,1155.595911738918,1142.5217703078986,1150.8150538669227,2246320,SUNPHARMA.NS
2023-11-16,1160.6207275390625,1165.8405941289416,1150.9126355955657,1153.2542924971015,2205723,SUNPHARMA.NS
2023-11-17,1165.547607421875,1169.25524002712,1159.0593099134928,1160.8644136643793,891965,SUNPHARMA.NS
2023-11-20,1159.1082763671875,1169.10900013214,1156.4251553570782,1166.913719305687,1054810,SUNPHARMA.NS
2023-11-21,1172.1824951171875,1175.6949208529395,1157.4009127483814,1160.08403393705,999135,SUNPHARMA.NS
2023-11-22,1174.8167724609375,1185.2566244386483,1169.8408261284205,1175.6949086611733,1401782,SUNPHARMA.NS
2023-11-23,1169.6456298828125,1180.4756577499195,1165.6940768967586,1174.2801114607657,1177434,SUNPHARMA.NS
2023-11-24,1166.3770751953125,1180.1829765413602,1163.7916174417473,1170.81646861278,1376695,SUNPHARMA.NS
2023-11-28,1162.3768310546875,1171.1579547327628,1160.81576622113,1168.0358250656477,886708,SUNPHARMA.NS
2023-11-29,1172.9630126953125,1180.0855277627218,1155.6935160272376,1162.962287883764,1813462,SUNPHARMA.NS
2023-11-30,1196.037841796875,1201.2089957619257,1163.3525471048847,1163.3525471048847,4672807,SUNPHARMA.NS
2023-12-01,1201.306640625,1211.6488303199033,1195.2086373730965,1203.0629132021986,1749751,SUNPHARMA.NS
2023-12-04,1201.2088623046875,1209.8436094063395,1190.8178429680947,1207.160488498382,1615837,SUNPHARMA.NS
2023-12-05,1209.4046630859375,1213.3560971653324,1190.8667358595565,1196.0866020740316,930042,SUNPHARMA.NS
2023-12-06,1210.1851806640625,1227.4059638338827,1203.3067051893954,1218.185831539528,1704590,SUNPHARMA.NS
2023-12-07,1209.1607666015625,1211.6975118196476,1199.0136666276103,1201.0625716460017,1478355,SUNPHARMA.NS
2023-12-08,1205.7459716796875,1217.2589297572015,1200.7211934421432,1205.9898917970283,1612113,SUNPHARMA.NS
2023-12-11,1211.2095947265625,1216.0391647562817,1185.5491542110747,1205.94089708403,1172972,SUNPHARMA.NS
2023-12-12,1188.3787841796875,1219.6005584766908,1183.1589176097307,1218.6248780299093,2832873,SUNPHARMA.NS
2023-12-13,1203.111572265625,1209.4534953655834,1183.1589541533274,1188.6715726682307,2448178,SUNPHARMA.NS
2023-12-14,1201.3553466796875,1209.7461744566488,1194.476752090106,1208.8680382598661,2341190,SUNPHARMA.NS
2023-12-15,1205.697021484375,1216.1855854989064,1203.0139004574019,1210.8193434449602,3474624,SUNPHARMA.NS
2023-12-18,1222.2835693359375,1237.0651505902556,1203.989562610694,1205.6970032383833,2135393,SUNPHARMA.NS
2023-12-19,1214.6732177734375,1237.1138660761999,1206.4287663637176,1234.0405682203675,2187458,SUNPHARMA.NS
2023-12-20,1202.1846923828125,1224.4789668838403,1198.574603250551,1224.4789668838403,1837031,SUNPHARMA.NS
2023-12-21,1203.501708984375,1207.8434388913458,1179.1585319479516,1194.3302898949391,1916222,SUNPHARMA.NS
2023-12-22,1213.405029296875,1220.5762568658108,1205.9898816126583,1209.8437717934496,2058127,SUNPHARMA.NS
2023-12-26,1217.1612548828125,1219.6004557944013,1209.160723533444,1213.404909299287,1796483,SUNPHARMA.NS
2023-12-27,1221.9908447265625,1224.8691733095552,1211.0632721073052,1219.6004754353528,2005268,SUNPHARMA.NS
2023-12-28,1231.455078125,1233.8942791991683,1219.161528531514,1224.430107570426,2043365,SUNPHARMA.NS
2023-12-29,1228.8206787109375,1241.0166841731589,1222.088578977084,1231.4062556892516,1840160,SUNPHARMA.NS
2024-01-01,1229.60107421875,1233.2110436180712,1222.0395520404559,1230.3328344295528,733452,SUNPHARMA.NS
2024-01-02,1264.677001953125,1267.408954962438,1226.5767503261204,1230.3330963877092,3174447,SUNPHARMA.NS
2024-01-03,1267.0186767578125,1272.9215914387344,1259.7499046546554,1264.6770197314293,1699057,SUNPHARMA.NS
2024-01-04,1281.01953125,1296.1914090835303,1265.5063081990133,1272.2872393262503,2851729,SUNPHARMA.NS
2024-01-05,1268.5797119140625,1285.9468720913005,1255.7007772242064,1285.9468720913005,2960339,SUNPHARMA.NS
2024-01-08,1273.5556640625,1278.092482606663,1267.701581707079,1273.653208281435,1678133,SUNPHARMA.NS
2024-01-09,1291.8009033203125,1301.0210358430927,1275.0679599441407,1282.970947692469,1712486,SUNPHARMA.NS
2024-01-10,1292.630126953125,1301.0697860560751,1281.2147141536816,1297.7037363874624,1278475,SUNPHARMA.NS
2024-01-11,1284.2393798828125,1299.5088025978487,1278.3364655767978,1295.7036250593542,1320281,SUNPHARMA.NS
2024-01-12,1293.703369140625,1297.6549223719508,1273.7995844095917,1286.9224380515811,1538242,SUNPHARMA.NS
2024-01-15,1297.020751953125,1307.4117723221275,1289.459228643053,1296.8743760687362,1475983,SUNPHARMA.NS
2024-01-16,1281.5074462890625,1299.1673578101284,1275.7510268844646,1297.7038371272745,824502,SUNPHARMA.NS
2024-01-17,1267.4088134765625,1288.3371099845504,1262.8718758897542,1280.092658415127,2544642,SUNPHARMA.NS
2024-01-18,1303.2650146484375,1310.7289930725842,1258.627639076537,1267.3599304822017,2842572,SUNPHARMA.NS
2024-01-19,1303.11865234375,1311.7046870690313,1296.825561723492,1307.4116697063905,1605745,SUNPHARMA.NS
2024-01-23,1344.7803955078125,1360.683915188274,1283.9954565720022,1283.9954565720022,4129729,SUNPHARMA.NS
2024-01-24,1348.4879150390625,1356.195814351021,1327.2668654260158,1346.4390099312295,1719845,SUNPHARMA.NS
2024-01-25,1335.0235595703125,1356.2933211577015,1315.705039711435,1349.9026859000116,1870910,SUNPHARMA.NS
2024-01-29,1366.7818603515625,1386.2954682920542,1322.2420264070681,1331.8037419385535,3413149,SUNPHARMA.NS
2024-01-30,1338.3896484375,1374.9288334077405,1335.8529031045975,1367.8064376308073,1935332,SUNPHARMA.NS
2024-01-31,1383.9537353515625,1403.9064698335626,1333.6574851140176,1338.3406793010247,5796356,SUNPHARMA.NS
2024-02-01,1373.7091064453125,1395.6619144050653,1364.8792707046864,1392.2958648252122,2442481,SUNPHARMA.NS
2024-02-02,1382.1976318359375,1398.9792867032309,1370.9773074847008,1374.7336531210974,1775449,SUNPHARMA.NS
2024-02-05,1428.2010498046875,1430.3474990931038,1388.9786253672232,1392.1008741795545,3481964,SUNPHARMA.NS
2024-02-06,1439.2261962890625,1442.0556933914122,1411.3705911287032,1414.7366410132258,1893995,SUNPHARMA.NS
2024-02-07,1459.8128662109375,1463.9595076250996,1444.3971884145442,1446.9339334593578,2259235,SUNPHARMA.NS
2024-02-08,1463.13037109375,1470.8382704274243,1449.2269247563763,1464.5451791995756,2213750,SUNPHARMA.NS
2024-02-09,1506.0107421875,1510.13191196876,1464.2588340710736,1472.7466039911415,6343881,SUNPHARMA.NS
2024-02-12,1505.667236328125,1525.9299142772393,1492.5676752572829,1510.9659688344648,4059288,SUNPHARMA.NS
2024-02-13,1513.271728515625,1521.9067081050352,1496.8359210618794,1508.6599379184343,4687838,SUNPHARMA.NS
2024-02-14,1491.8807373046875,1516.8043143514665,1479.7624195021447,1516.8043143514665,2105672,SUNPHARMA.NS
2024-02-15,1481.57763671875,1500.3684489948828,1477.3092570616939,1500.3684489948828,2161691,SUNPHARMA.NS
2024-02-16,1481.626708984375,1493.4507261807462,1476.622397392836,1486.5820303310318,3480879,SUNPHARMA.NS
2024-02-19,1501.398681640625,1503.9989974533648,1479.1245313847187,1486.43473793737,777823,SUNPHARMA.NS
2024-02-20,1509.8375244140625,1513.0756720134739,1483.883712712306,1503.2632487189637,2230669,SUNPHARMA.NS
2024-02-21,1514.4493408203125,1520.4348947007138,1504.2443972740848,1511.1622031776828,1993748,SUNPHARMA.NS
2024-02-22,1528.824462890625,1531.7190794783833,1506.2067821904666,1520.5328944037267,1981678,SUNPHARMA.NS
2024-02-23,1531.96435546875,1539.029251261498,1521.3179017583498,1528.7753183797038,1340283,SUNPHARMA.NS
2024-02-26,1527.7452392578125,1537.5086725747133,1519.6499898155357,1532.700561071067,974892,SUNPHARMA.NS
2024-02-27,1553.0611572265625,1555.7104633655279,1519.9933416110382,1527.5488589559002,2140963,SUNPHARMA.NS
2024-02-28,1544.3280029296875,1557.6728728107598,1533.3381382701082,1556.7407406387615,578316,SUNPHARMA.NS
2024-02-29,1548.35107421875,1558.016405667246,1527.3034770410022,1545.4564576547243,2350244,SUNPHARMA.NS
2024-03-01,1530.0020751953125,1552.227237521264,1519.0122092116312,1550.3628531720979,4069161,SUNPHARMA.NS
2024-03-04,1522.986083984375,1539.6672023626936,1519.8461566724404,1521.4652303535047,2298105,SUNPHARMA.NS
2024-03-05,1544.6715087890625,1546.8303136168267,1506.5993811909898,1524.6542626260118,1408172,SUNPHARMA.NS
2024-03-06,1573.91259765625,1576.61101389288,1537.0179123406176,1545.4565718881506,1761032,SUNPHARMA.NS
2024-03-07,1575.58056640625,1589.563267878529,1570.3800545690967,1580.5358874718013,2440999,SUNPHARMA.NS
2024-03-11,1563.707763671875,1596.4812816708927,1556.6428667604782,1584.853583938129,2994345,SUNPHARMA.NS
2024-03-12,1554.582275390625,1573.7165008755892,1550.51009575438,1562.3339939934203,1294598,SUNPHARMA.NS
2024-03-13,1529.3641357421875,1562.3338511456716,1515.038022952759,1551.5401864743762,2881503,SUNPHARMA.NS
2024-03-14,1540.7467041015625,1544.7698935976819,1517.2459975170796,1537.8520870549025,3062556,SUNPHARMA.NS
2024-03-15,1519.1591796875,1543.9846561349677,1512.2904840453361,1539.3237555206422,3421374,SUNPHARMA.NS
2024-03-18,1541.77685546875,1546.6830666237818,1514.4982735345548,1519.2082841556035,2281873,SUNPHARMA.NS
2024-03-19,1519.404541015625,1550.1174718969055,1511.505612631529,1544.4753288594582,3692624,SUNPHARMA.NS
2024-03-20,1520.2877197265625,1530.6888640558852,1491.9789035850547,1530.6888640558852,3412218,SUNPHARMA.NS
2024-03-21,1535.84033203125,1541.3843747368362,1513.615290744956,1535.4479309530714,2567975,SUNPHARMA.NS
2024-03-22,1578.7205810546875,1590.5935875795867,1536.7233674741144,1539.470893514167,4941447,SUNPHARMA.NS
2024-03-26,1568.1231689453125,1584.4117658528314,1563.2169578418102,1565.1304520405029,3649049,SUNPHARMA.NS
2024-03-27,1574.059814453125,1595.6471444353176,1562.2357971642948,1571.9501196123915,2530169,SUNPHARMA.NS
2024-03-28,1590.152099609375,1603.3497593243999,1577.788352030053,1579.7508364355906,4427587,SUNPHARMA.NS
2024-04-01,1598.68896484375,1603.1045550489346,1588.140610464698,1600.994860217014,1148498,SUNPHARMA.NS
2024-04-02,1591.8201904296875,1602.3685442882907,1579.701872976145,1598.688885965522,1921533,SUNPHARMA.NS
2024-04-03,1589.4652099609375,1598.3944903408133,1564.2963226841675,1578.8187556702956,2098379,SUNPHARMA.NS
2024-04-04,1588.974609375,1597.4623787711405,1557.3786569208612,1590.4955827706929,2439461,SUNPHARMA.NS
2024-04-05,1578.81884765625,1608.1089061131531,1575.973221053649,1580.7813322400366,1548980,SUNPHARMA.NS
2024-04-08,1569.6932373046875,1588.5331610678522,1567.0439310441975,1580.7813230508468,1170390,SUNPHARMA.NS
2024-04-09,1572.48974609375,1578.6715001269836,1562.0884828793908,1570.968772761308,1389391,SUNPHARMA.NS
2024-04-10,1573.9617919921875,1578.3282724058622,1554.0425249753089,1572.980549671761,1928878,SUNPHARMA.NS
2024-04-12,1511.113037109375,1565.0813598632812,1505.2255837180398,1565.0813598632812,8258068,SUNPHARMA.NS
2024-04-15,1511.1622314453125,1515.1361908378549,1475.5921985547734,1489.1332702420127,2474028,SUNPHARMA.NS
2024-04-16,1508.708984375,1514.3511269945318,1496.5415572045972,1506.2067688662955,2058697,SUNPHARMA.NS
2024-04-18,1487.955810546875,1516.559046834244,1478.1923780371712,1516.559046834244,3266796,SUNPHARMA.NS
2024-04-19,1494.23583984375,1499.6326725569254,1475.4940158699148,1476.7696787870693,2536516,SUNPHARMA.NS
2024-04-22,1511.2113037109375,1518.9631421521929,1493.4017312857932,1499.7798064950885,1680307,SUNPHARMA.NS
2024-04-23,1456.8013916015625,1533.141969989396,1449.9816858093186,1532.7004588705727,9160422,SUNPHARMA.NS
2024-04-24,1457.880615234375,1474.8070433769246,1451.6006411268277,1456.8012727582052,4652803,SUNPHARMA.NS
2024-04-25,1491.6353759765625,1498.651281764692,1460.7262462271008,1462.0508992602545,3846327,SUNPHARMA.NS
2024-04-26,1478.29052734375,1503.2630941482903,1471.912452858134,1502.281851919734,1794350,SUNPHARMA.NS
2024-04-29,1493.0582275390625,1499.1420015362514,1481.7249510866986,1487.563294733624,1091667,SUNPHARMA.NS
2024-04-30,1473.9239501953125,1500.466600797629,1468.9196387089266,1498.3569060177226,1991646,SUNPHARMA.NS
2024-05-02,1490.507080078125,1501.300745569145,1473.8259606829122,1474.8072030002777,2494925,SUNPHARMA.NS
2024-05-03,1482.80419921875,1508.169286555722,1473.335187874702,1498.3568643920544,3183226,SUNPHARMA.NS
2024-05-06,1500.4666748046875,1505.2256759648935,1480.4493080912862,1489.5257992925087,1240626,SUNPHARMA.NS
2024-05-07,1486.9254150390625,1514.20399741795,1481.7738932422997,1507.1389813712035,1532550,SUNPHARMA.NS
2024-05-08,1493.2054443359375,1497.1795234947892,1474.071219815122,1481.6758475092922,1026357,SUNPHARMA.NS
2024-05-09,1466.61376953125,1501.2515494802706,1461.8547685209535,1492.6656796955167,1477007,SUNPHARMA.NS
2024-05-10,1478.29052734375,1497.8171518675845,1463.032162777481,1466.6137208678206,1528487,SUNPHARMA.NS
2024-05-13,1496.443603515625,1501.300704942925,1473.8259208001787,1484.6195859991146,1628326,SUNPHARMA.NS
2024-05-14,1516.2646484375,1518.9139547079556,1487.612421485217,1496.3944920674244,2206236,SUNPHARMA.NS
2024-05-15,1498.7493896484375,1521.1707504023389,1491.8315840904615,1516.2645393060566,1207536,SUNPHARMA.NS
2024-05-16,1507.4825439453125,1512.2415449880702,1480.0077604466946,1500.3194274780956,2684392,SUNPHARMA.NS
2024-05-17,1502.67431640625,1508.4636692936992,1491.6353417490316,1507.1880065322043,1341676,SUNPHARMA.NS
2024-05-21,1512.0452880859375,1529.069937970908,1495.413278861219,1501.3007327150033,1791791,SUNPHARMA.NS
2024-05-22,1510.42626953125,1534.662905614346,1477.1621327232688,1517.9817870750596,3948239,SUNPHARMA.NS
2024-05-23,1467.0552978515625,1481.6758316698454,1439.4824139467967,1481.6758316698454,11618479,SUNPHARMA.NS
2024-05-24,1458.8128662109375,1477.456469741132,1449.3929641728446,1475.7884057585463,5307322,SUNPHARMA.NS
2024-05-27,1438.55029296875,1472.844662753556,1433.1534604270148,1458.8128502328236,3474806,SUNPHARMA.NS
2024-05-28,1437.421875,1451.3554678037474,1428.639684511391,1441.3958344626303,2616438,SUNPHARMA.NS
2024-05-29,1451.2081298828125,1466.9571153883296,1438.15768025638,1440.5616757774073,2843365,SUNPHARMA.NS
2024-05-30,1431.7305908203125,1449.6873725070577,1422.3106888619184,1448.3136093550822,3133423,SUNPHARMA.NS
2024-05-31,1432.41748046875,1451.6498045590222,1412.9888360606965,1437.5198922423058,5503924,SUNPHARMA.NS
2024-06-03,1425.7940673828125,1469.9008576215206,1423.7824729030883,1468.4289942794428,1855318,SUNPHARMA.NS
2024-06-04,1403.029296875,1448.6080741688013,1351.3668651546072,1434.183740303603,5055952,SUNPHARMA.NS
2024-06-05,1459.4017333984375,1462.0510397192636,1405.1389858241514,1422.506926773024,2487724,SUNPHARMA.NS
2024-06-06,1445.075439453125,1465.975947663357,1427.7566092559734,1465.975947663357,3004955,SUNPHARMA.NS
2024-06-07,1478.5848388671875,1481.7738761331234,1444.535781201566,1452.1404085280287,3404664,SUNPHARMA.NS
2024-06-10,1484.7176513671875,1493.156310913675,1476.8677132252362,1490.5070047029867,1433942,SUNPHARMA.NS
2024-06-11,1471.6180419921875,1496.394408426795,1469.2630366719968,1495.413166191761,1441589,SUNPHARMA.NS
2024-06-12,1478.5848388671875,1486.1404759501945,1467.7911742747885,1471.863353508939,994784,SUNPHARMA.NS
2024-06-13,1482.4608154296875,1486.1894640515413,1469.9008669189625,1486.1894640515413,1412477,SUNPHARMA.NS
2024-06-14,1487.563232421875,1489.5257168973656,1477.3092989496554,1485.4535376546135,937490,SUNPHARMA.NS
2024-06-18,1492.42041015625,1494.284794459729,1481.8720555592968,1494.0394838877069,1478241,SUNPHARMA.NS
2024-06-19,1475.788330078125,1501.1534180452334,1471.8633611151513,1496.3453071094812,1537367,SUNPHARMA.NS
2024-06-20,1443.4073486328125,1460.0393568452203,1439.4823796358505,1460.0393568452203,4168375,SUNPHARMA.NS
2024-06-21,1439.727783203125,1460.0885611901515,1433.4969184740496,1452.3367229642809,4426556,SUNPHARMA.NS
2024-06-24,1466.466552734375,1474.7090116473055,1447.3814387525272,1447.3814387525272,3726155,SUNPHARMA.NS
2024-06-25,1476.9659423828125,1479.7134688844776,1464.3080118487667,1469.9501553806538,1833311,SUNPHARMA.NS
2024-06-26,1492.61669921875,1500.2213267921554,1467.2025005334533,1473.8258858393224,2563493,SUNPHARMA.NS
2024-06-27,1487.80859375,1499.3873004627148,1476.769618198681,1496.3944636232482,3881458,SUNPHARMA.NS
2024-06-28,1492.3221435546875,1510.082603033465,1487.170622116392,1491.4881116588808,2634599,SUNPHARMA.NS
2024-07-01,1491.58642578125,1501.3007486995348,1475.6412380908139,1492.3223575208087,1451094,SUNPHARMA.NS
2024-07-02,1495.4622802734375,1506.1087345963342,1479.9586050056155,1485.6007478723698,1336816,SUNPHARMA.NS
2024-07-03,1505.176513671875,1507.433418777382,1470.1953230003573,1490.8504006618987,1061099,SUNPHARMA.NS
2024-07-04,1528.67724609375,1541.531494947195,1497.3755959830805,1506.2067757759035,2630823,SUNPHARMA.NS
2024-07-05,1538.98046875,1545.2113334858304,1527.7942824178047,1532.7004939862627,2481046,SUNPHARMA.NS
2024-07-08,1527.2054443359375,1545.2603254849207,1521.8576022664593,1541.1390362138713,1120204,SUNPHARMA.NS
2024-07-09,1555.6614990234375,1560.0770891822638,1520.7292986119448,1535.4479324746987,1492840,SUNPHARMA.NS
2024-07-10,1568.56494140625,1571.116147454258,1538.1954200658076,1562.9227981279098,1899956,SUNPHARMA.NS
2024-07-11,1552.0799560546875,1572.440733097921,1542.8072645423988,1570.9688696972053,1707500,SUNPHARMA.NS
2024-07-12,1552.6214599609375,1562.5141445942818,1525.748550332855,1557.2478752429527,1426598,SUNPHARMA.NS
2024-07-15,1561.382080078125,1569.7490880778787,1552.6214266537504,1555.2298683136,832804,SUNPHARMA.NS
2024-07-16,1554.590087890625,1570.0443953164204,1550.3080525023652,1564.1382721992427,688481,SUNPHARMA.NS
2024-07-18,1569.30615234375,1571.6193598989448,1545.6816595375715,1550.357340405461,1665636,SUNPHARMA.NS
2024-07-19,1544.106689453125,1564.8765316374668,1540.6614509812073,1559.9054966352612,1649335,SUNPHARMA.NS
2024-07-22,1562.51416015625,1564.6305451018031,1530.7196008546932,1530.7196008546932,826636,SUNPHARMA.NS
2024-07-23,1576.5411376953125,1580.5278189419064,1549.6683490802811,1562.1695951931613,1502677,SUNPHARMA.NS
2024-07-24,1594.11181640625,1599.5257626562652,1567.0913509135091,1576.9348895499006,2923358,SUNPHARMA.NS
2024-07-25,1639.7366943359375,1654.9941790383104,1577.1316932353147,1589.583793492231,5329712,SUNPHARMA.NS
2024-07-26,1687.4287109375,1696.8293389575865,1638.9492802747193,1644.3139610859366,4591049,SUNPHARMA.NS
2024-07-29,1696.287841796875,1701.7017881946017,1666.2650481367532,1688.4130106729085,3187339,SUNPHARMA.NS
2024-07-30,1674.9765625,1698.453378846854,1670.4485586183212,1689.2496939672749,1525840,SUNPHARMA.NS
2024-07-31,1692.4488525390625,1703.8673337375808,1668.6766818415629,1675.468747778047,1594881,SUNPHARMA.NS
2024-08-01,1688.36376953125,1719.124829057752,1654.9942682852115,1698.5026628153407,5258291,SUNPHARMA.NS
2024-08-02,1704.556396484375,1714.5476122586576,1657.504233614562,1673.401572586208,2992406,SUNPHARMA.NS
2024-08-05,1693.43310546875,1730.494051595578,1688.1668364541615,1698.010374859142,5165558,SUNPHARMA.NS
2024-08-06,1680.83349609375,1706.869607849445,1677.2897260391114,1698.0104230336174,1710278,SUNPHARMA.NS
2024-08-07,1707.3125,1709.6749732899702,1682.6545079669627,1693.0886348239173,1922313,SUNPHARMA.NS
2024-08-08,1709.8719482421875,1721.2904291708571,1701.3079974253963,1707.8539747323841,2480113,SUNPHARMA.NS
2024-08-09,1708.1494140625,1722.4225459745473,1702.9815559564138,1722.4225459745473,751683,SUNPHARMA.NS
2024-08-12,1706.721923828125,1721.1427319742554,1702.9814512394812,1707.8539548043084,1526788,SUNPHARMA.NS
2024-08-13,1712.874267578125,1724.440426377286,1698.6011354429904,1712.7758562161682,2076963,SUNPHARMA.NS
2024-08-14,1714.39990234375,1725.572294479582,1705.4914519606925,1720.1583483189215,2207250,SUNPHARMA.NS
2024-08-16,1715.4827880859375,1723.7513850171242,1701.6034218945115,1722.2255883822993,2180718,SUNPHARMA.NS
2024-08-19,1720.4537353515625,1725.4246502794774,1713.4155811763885,1725.4246502794774,1363446,SUNPHARMA.NS
2024-08-20,1738.71337890625,1743.093825584569,1717.8451255905554,1724.3911026498006,1766597,SUNPHARMA.NS
2024-08-21,1737.0401611328125,1744.2258726201987,1729.8051838854922,1742.306430549004,1184193,SUNPHARMA.NS
2024-08-22,1723.2591552734375,1741.814202000164,1721.0443590290179,1741.814202000164,1369554,SUNPHARMA.NS
2024-08-23,1747.9664306640625,1753.5771998066004,1724.4896142786613,1726.3106449540192,3515492,SUNPHARMA.NS
2024-08-26,1744.7178955078125,1752.1498149781921,1736.8923306342808,1752.1498149781921,933372,SUNPHARMA.NS
2024-08-27,1761.4029541015625,1764.5528386272247,1739.5010790629765,1750.1812952182534,1231023,SUNPHARMA.NS
2024-08-28,1783.5015869140625,1794.4771569141008,1758.4005625030316,1768.7855441960642,1768949,SUNPHARMA.NS
2024-08-29,1771.04931640625,1798.266723123745,1762.2393979230408,1781.581974207141,3205924,SUNPHARMA.NS
2024-08-30,1793.148193359375,1799.5464933075689,1763.2730784025766,1770.0158781620587,3036374,SUNPHARMA.NS
2024-09-02,1787.537353515625,1808.2580504430482,1776.9555494643116,1801.3183076289636,1617946,SUNPHARMA.NS
2024-09-03,1783.1571044921875,1810.7682796780687,1776.857215448379,1791.5241127108923,2148689,SUNPHARMA.NS
2024-09-04,1804.1729736328125,1806.2893584936423,1773.116681009439,1783.1570424584377,2473477,SUNPHARMA.NS
2024-09-05,1797.9224853515625,1815.0502680724544,1791.5241846919484,1804.5176087365458,1902919,SUNPHARMA.NS
2024-09-06,1796.0029296875,1821.0546880070094,1776.7587631635959,1791.081160260454,1701134,SUNPHARMA.NS
2024-09-09,1793.34521484375,1806.6832588937284,1784.4860293181127,1796.0030425976777,1544883,SUNPHARMA.NS
2024-09-10,1807.6182861328125,1813.425998258104,1797.134892915527,1801.36766281033,1460472,SUNPHARMA.NS
2024-09-11,1816.822021484375,1828.4374460564547,1802.4504779727529,1807.6676019260617,1701900,SUNPHARMA.NS
2024-09-12,1836.2137451171875,1842.2182797313092,1811.6048982065367,1826.1241178838206,2744070,SUNPHARMA.NS
2024-09-13,1824.7459716796875,1835.8199526271706,1822.4327641360678,1835.8199526271706,1322430,SUNPHARMA.NS
2024-09-16,1833.802001953125,1844.0393062773085,1821.9406098647519,1832.86691383675,1284085,SUNPHARMA.NS
2024-09-17,1836.9027099609375,1840.3972142201903,1830.1599100672588,1833.851237033913,738265,SUNPHARMA.NS
2024-09-18,1807.273681640625,1838.7730050679127,1800.973792923091,1838.7730050679127,1202676,SUNPHARMA.NS
2024-09-19,1817.16650390625,1826.96077681695,1806.289345613741,1816.3297069911462,1675819,SUNPHARMA.NS
2024-09-20,1836.5582275390625,1841.7260853413297,1813.0814118408396,1822.1374193539923,4229991,SUNPHARMA.NS
2024-09-23,1833.555908203125,1845.6635088855683,1828.4373161359695,1837.788677914323,812520,SUNPHARMA.NS
2024-09-24,1838.871337890625,1851.2250263338403,1826.9606807604155,1826.9606807604155,2528953,SUNPHARMA.NS
2024-09-25,1841.283203125,1846.647883720909,1829.4709565340347,1844.6791759557482,956893,SUNPHARMA.NS
2024-09-26,1868.697509765625,1875.1942216194725,1837.8380383395559,1841.2832770669409,2452807,SUNPHARMA.NS
2024-09-27,1918.2103271484375,1928.6445742375151,1885.2837384543107,1887.9414458235608,3809008,SUNPHARMA.NS
2024-09-30,1896.554443359375,1929.677973197441,1890.9929404444722,1918.5055814524587,2608461,SUNPHARMA.NS
2024-10-01,1889.91015625,1904.478641525461,1872.5855522470085,1894.7335142236582,1275678,SUNPHARMA.NS
2024-10-03,1880.9525146484375,1906.0043920195017,1866.38414988543,1871.0598306341712,2492195,SUNPHARMA.NS
2024-10-04,1880.1651611328125,1921.7048464638563,1873.8652723204211,1880.9525721341208,2798189,SUNPHARMA.NS
2024-10-07,1875.4403076171875,1887.9415543472778,1858.5094682434667,1880.1652545012166,1691999,SUNPHARMA.NS
2024-10-08,1887.154052734375,1891.3867022944673,1871.7981563388612,1874.209775264938,2309881,SUNPHARMA.NS
2024-10-09,1900.6397705078125,1916.5371105829906,1864.8585290187345,1864.9077947796193,1597182,SUNPHARMA.NS
2024-10-10,1858.2139892578125,1907.628504700873,1854.4242509491964,1899.4091740459926,2383012,SUNPHARMA.NS
2024-10-11,1872.19189453125,1879.4761375886474,1860.9210901846081,1869.288098524502,1019117,SUNPHARMA.NS
2024-10-14,1879.869873046875,1885.775996486216,1865.44906428374,1873.2254841776166,676879,SUNPHARMA.NS
2024-10-15,1868.74658203125,1890.3532218699002,1865.0061093702523,1887.9907485174674,1383203,SUNPHARMA.NS
2024-10-16,1868.7957763671875,1884.7422606059836,1857.4757071397855,1879.0822259922827,1401914,SUNPHARMA.NS
2024-10-17,1859.9859619140625,1893.5524059099712,1850.2408342609565,1893.4539945519375,1447059,SUNPHARMA.NS
2024-10-18,1880.46044921875,1887.8923692294302,1843.3995008440684,1870.2724103837372,1203693,SUNPHARMA.NS
2024-10-21,1867.3193359375,1890.5009181931828,1860.9703013886888,1888.7782988795873,660583,SUNPHARMA.NS
2024-10-22,1858.0172119140625,1876.1784929129958,1851.5696459440423,1862.3975386103818,1192915,SUNPHARMA.NS
2024-10-23,1810.5711669921875,1859.985800639733,1803.3361904784026,1850.6344393899815,1673366,SUNPHARMA.NS
2024-10-24,1819.9718017578125,1830.4551939724718,1800.8260478633456,1801.3674905284754,1739776,SUNPHARMA.NS
2024-10-25,1831.2918701171875,1846.2540001117834,1821.1529777105955,1827.748220398507,2148004,SUNPHARMA.NS
2024-10-28,1873.1270751953125,1886.0220873554879,1806.289420823236,1834.0481529591975,2445724,SUNPHARMA.NS
2024-10-29,1842.316650390625,1892.6171083327952,1832.866877417755,1891.9281086986707,2295542,SUNPHARMA.NS
2024-10-30,1823.121826171875,1851.4712664318477,1791.5240901523641,1839.2652540932377,1900203,SUNPHARMA.NS
2024-10-31,1819.9718017578125,1843.2025278768144,1813.278147717927,1830.8981051273029,2572932,SUNPHARMA.NS
2024-11-01,1829.3232421875,1835.770687890946,1802.8933650102174,1830.8981843354968,107596,SUNPHARMA.NS
2024-11-04,1780.5977783203125,1816.132929770465,1732.5612603522018,1816.132929770465,5031861,SUNPHARMA.NS
2024-11-05,1775.380615234375,1804.320643033603,1771.2955226433294,1776.7587346839352,1658010,SUNPHARMA.NS
2024-11-06,1798.8575439453125,1811.2112338490374,1774.0026071764603,1787.1438282894937,2060619,SUNPHARMA.NS
2024-11-07,1762.928466796875,1816.1328400673362,1750.9686637344926,1816.1328400673362,1909269,SUNPHARMA.NS
2024-11-08,1781.2867431640625,1786.651543863973,1762.928519414806,1771.6401473123922,1644075,SUNPHARMA.NS
2024-11-11,1766.521484375,1789.2108898273102,1763.9129225087092,1788.9648013523845,1069649,SUNPHARMA.NS
2024-11-12,1772.673583984375,1796.445753188785,1767.0135494195335,1773.7072035777592,2471888,SUNPHARMA.NS
2024-11-13,1751.16552734375,1769.1792511529236,1742.7492537265953,1762.977773733927,1810332,SUNPHARMA.NS
2024-11-14,1740.5345458984375,1767.8996328225417,1735.563630719753,1751.8546159304303,1473358,SUNPHARMA.NS
2024-11-18,1720.4044189453125,1770.8525531011971,1715.925560921955,1770.8525531011971,1533025,SUNPHARMA.NS
2024-11-19,1749.44287109375,1778.4813095223706,1702.9321519157056,1702.98141767211,1933316,SUNPHARMA.NS
2024-11-21,1752.14990234375,1763.4207061795037,1730.5433827919237,1744.2750713219802,2014349,SUNPHARMA.NS
2024-11-22,1767.2105712890625,1786.5530289296892,1740.3869280217095,1757.0716782467896,1420813,SUNPHARMA.NS
2024-11-25,1770.754150390625,1801.367530844485,1756.23493122125,1777.7430386366884,3137448,SUNPHARMA.NS
2024-11-26,1734.037841796875,1778.4814453261017,1725.7692448350947,1778.4814453261017,1589883,SUNPHARMA.NS
2024-11-27,1722.077880859375,1750.771821052601,1713.021873051058,1732.5612739177384,1982546,SUNPHARMA.NS
2024-11-28,1707.11572265625,1733.1518348136656,1696.4355070511237,1722.0778536230166,3071758,SUNPHARMA.NS
2024-11-29,1753.035888671875,1767.7027858485048,1711.9882588489422,1715.6304403837553,2427677,SUNPHARMA.NS
2024-12-02,1780.253173828125,1785.6178541571132,1764.1097469249482,1771.8369004866613,1948045,SUNPHARMA.NS
2024-12-03,1771.88623046875,1803.336288528219,1760.369218101897,1802.5980231262558,1543970,SUNPHARMA.NS
2024-12-04,1772.0338134765625,1786.4546219056908,1757.071682507599,1782.1727065434218,2320116,SUNPHARMA.NS
2024-12-05,1785.076416015625,1797.380838966904,1747.6218246481594,1780.400735294139,2742263,SUNPHARMA.NS
2024-12-06,1776.6109619140625,1795.4120957796356,1772.8212237521095,1787.4388538970015,1590478,SUNPHARMA.NS
2024-12-09,1778.3829345703125,1791.4747688810555,1768.5885415154817,1786.405442603655,1528215,SUNPHARMA.NS
2024-12-10,1781.6312255859375,1794.4770915572894,1767.8995372665343,1792.5083838320484,2043634,SUNPHARMA.NS
2024-12-11,1785.617919921875,1797.7746661825408,1776.8080008508025,1795.7568128455632,1745911,SUNPHARMA.NS
2024-12-12,1777.20166015625,1791.5240571387385,1769.9175375906975,1790.5397032611897,1082394,SUNPHARMA.NS
2024-12-13,1785.076416015625,1788.374097494872,1746.2929710014973,1776.512585705687,1391111,SUNPHARMA.NS
2024-12-16,1781.483642578125,1793.9848883864042,1764.3065958304046,1790.2442956990042,1483330,SUNPHARMA.NS
2024-12-17,1761.058349609375,1787.340550029756,1755.2013719519834,1781.6805152437605,1608164,SUNPHARMA.NS
2024-12-18,1772.8707275390625,1793.9358059149326,1764.7498074615146,1769.8683999310842,1732860,SUNPHARMA.NS
2024-12-19,1794.7724609375,1800.7769955181184,1762.780960132156,1772.8213215515254,1924091,SUNPHARMA.NS
2024-12-20,1780.5484619140625,1797.3808889474024,1766.0292424278111,1794.7724473375015,2513418,SUNPHARMA.NS
2024-12-23,1786.20849609375,1799.3988618924343,1768.5393923138286,1782.66484621838,1299181,SUNPHARMA.NS
2024-12-24,1790.5396728515625,1803.0901845771575,1774.937688189468,1786.503846054232,1121058,SUNPHARMA.NS
2024-12-26,1812.5399169921875,1816.1820982918753,1786.0116291014133,1791.5239865664648,1402706,SUNPHARMA.NS
2024-12-27,1832.128662109375,1836.8043430469274,1808.01199201042,1816.6250884743326,1668898,SUNPHARMA.NS
2024-12-30,1854.42431640625,1866.0888859644024,1825.9764649684644,1832.916207953389,6021550,SUNPHARMA.NS
2024-12-31,1856.8359375,1880.115931044752,1839.5605988162135,1847.4354299410084,1844944,SUNPHARMA.NS
2025-01-01,1860.3795166015625,1873.1761166918582,1849.2563901577657,1860.330371005137,1338092,SUNPHARMA.NS
2025-01-02,1848.6165771484375,1866.334946897464,1835.7707110162391,1862.3975313976803,2507223,SUNPHARMA.NS
2025-01-03,1820.710205078125,1854.5227373236849,1815.1485815418657,1848.616613956412,1515825,SUNPHARMA.NS
2025-01-06,1818.495361328125,1827.4529575024972,1797.0856646808427,1821.5468342894537,1397724,SUNPHARMA.NS
2025-01-07,1824.4014892578125,1835.8199701338065,1816.7727467545756,1819.6273970136701,1615649,SUNPHARMA.NS
2025-01-08,1808.996337890625,1833.4575077078648,1800.5800641761023,1833.4575077078648,1298188,SUNPHARMA.NS
2025-01-09,1797.774658203125,1812.1954663646106,1785.617911996417,1812.1954663646106,1199181,SUNPHARMA.NS
2025-01-10,1756.874755859375,1805.8955042742425,1745.0132441976593,1796.8886427386221,857827,SUNPHARMA.NS
2025-01-13,1719.5677490234375,1757.6130490134483,1715.1873023343808,1756.677840768189,1645287,SUNPHARMA.NS
2025-01-14,1743.1429443359375,1756.1364869025365,1714.8427719099384,1727.540960265332,1962645,SUNPHARMA.NS
2025-01-15,1729.3621826171875,1747.2282305276187,1720.3553201009809,1745.0626999398542,857867,SUNPHARMA.NS
2025-01-16,1735.711181640625,1747.818661828744,1713.5632201448668,1747.2773393106322,2180496,SUNPHARMA.NS
2025-01-17,1758.597412109375,1763.912826750902,1739.943834626419,1751.1654925059195,1163986,SUNPHARMA.NS
2025-01-20,1750.42724609375,1772.2798536535424,1740.6329732814052,1761.3535498736462,1341246,SUNPHARMA.NS
2025-01-21,1735.1204833984375,1777.496964706741,1731.9705991424676,1744.3734336208743,2489267,SUNPHARMA.NS
2025-01-22,1770.8033447265625,1775.3806142498852,1746.0960866446023,1749.1968253642974,2262270,SUNPHARMA.NS
2025-01-23,1804.9112548828125,1810.9650552921403,1758.1052998671314,1760.1231532299835,1974760,SUNPHARMA.NS
2025-01-24,1793.6895751953125,1814.2625951258215,1779.9086210049752,1800.3832295804873,1277935,SUNPHARMA.NS
2025-01-27,1758.8927001953125,1795.70755920856,1746.539131141445,1789.6537588359963,1452975,SUNPHARMA.NS
2025-01-28,1678.8155517578125,1752.1499162292032,1666.6095395452621,1751.9530935162534,5972497,SUNPHARMA.NS
2025-01-29,1708.198486328125,1716.7131714456407,1669.4641850755772,1678.815546961319,1433336,SUNPHARMA.NS
2025-01-30,1711.8897705078125,1732.758144394765,1698.3057593629117,1713.2186241841073,2017991,SUNPHARMA.NS
2025-01-31,1716.6639404296875,1742.1587305399157,1679.3570236482724,1714.744498383712,4275269,SUNPHARMA.NS
2025-02-01,1714.9412841796875,1761.0090938952092,1706.180630763185,1712.775753704675,1477972,SUNPHARMA.NS
2025-02-03,1713.3662109375,1757.9574864198523,1683.7864511591795,1753.5770398862974,2210231,SUNPHARMA.NS
2025-02-04,1737.630615234375,1748.4585074692302,1713.4155348139568,1721.9302195579874,2796294,SUNPHARMA.NS
2025-02-05,1725.3262939453125,1746.04699155307,1708.0508349790093,1746.04699155307,1787905,SUNPHARMA.NS
2025-02-06,1725.07861328125,1751.1726312742373,1719.434030122037,1735.971761815173,3421791,SUNPHARMA.NS
2025-02-07,1732.8028564453125,1735.9717239595316,1710.5214167481709,1734.387290202422,1371545,SUNPHARMA.NS
2025-02-10,1715.2747802734375,1733.0009282305343,1706.9563516410208,1724.3359235893818,1237839,SUNPHARMA.NS
2025-02-11,1683.239013671875,1717.3543258245982,1678.584716760651,1708.441749785153,2779274,SUNPHARMA.NS
2025-02-12,1677.3963623046875,1698.2913782758192,1671.6527745103654,1689.873945040826,1757284,SUNPHARMA.NS
2025-02-13,1729.3863525390625,1735.7242086574404,1683.437046786511,1683.486609452374,2750390,SUNPHARMA.NS
2025-02-14,1683.981689453125,1731.9610076703173,1668.6322532952165,1730.3765739212488,2123774,SUNPHARMA.NS
2025-02-17,1697.548583984375,1718.493161640431,1679.5749858623913,1683.981711172033,2277889,SUNPHARMA.NS
2025-02-18,1685.071044921875,1712.9476268063138,1681.9021773018378,1697.5486273920292,2163972,SUNPHARMA.NS
2025-02-19,1660.31396484375,1682.4964018526205,1631.1005193730894,1648.925672541628,2576319,SUNPHARMA.NS
2025-02-20,1653.0848388671875,1661.650717980516,1646.8459873142822,1650.955699312812,1670915,SUNPHARMA.NS
2025-02-21,1627.7830810546875,1668.0382427189738,1616.1472172053232,1661.7499489858033,2244190,SUNPHARMA.NS
2025-02-24,1623.5743408203125,1653.6790676266455,1611.2453251038612,1613.919049680942,2357441,SUNPHARMA.NS
2025-02-25,1597.9259033203125,1631.7937663322086,1590.6473234025875,1623.5743419259406,2836717,SUNPHARMA.NS
2025-02-27,1631.49658203125,1637.0421608038846,1589.458979455039,1613.1267239070628,2744489,SUNPHARMA.NS
2025-02-28,1577.7735595703125,1654.768315105597,1570.990122970159,1654.768315105597,3549979,SUNPHARMA.NS
2025-03-03,1569.7027587890625,1591.7861911944533,1566.8309043991671,1569.9008885758637,1425492,SUNPHARMA.NS
2025-03-04,1551.283447265625,1574.555174690293,1540.8854413950287,1569.6037433233423,1717135,SUNPHARMA.NS
2025-03-05,1567.078369140625,1570.8910677676624,1537.964051191031,1549.4017844185007,2428171,SUNPHARMA.NS
2025-03-06,1598.322021484375,1602.1841620700768,1557.274704416556,1582.7250129104102,2458676,SUNPHARMA.NS
2025-03-07,1593.667724609375,1612.9287439888355,1590.0531555879154,1608.224884259628,980890,SUNPHARMA.NS
2025-03-10,1595.84619140625,1625.5052143727037,1587.1811872642677,1606.1946337134284,1600589,SUNPHARMA.NS
2025-03-11,1639.2208251953125,1647.4401282749168,1589.755956069868,1600.4015329145766,3325416,SUNPHARMA.NS
2025-03-12,1660.5615234375,1663.9285209643763,1641.944213915485,1645.8557963652988,2389362,SUNPHARMA.NS
2025-03-13,1667.097412109375,1670.7615439253354,1647.2916862432883,1655.7586824048633,1666929,SUNPHARMA.NS
2025-03-17,1687.744873046875,1703.4408856424727,1671.949735120467,1677.5944391719095,2588408,SUNPHARMA.NS
2025-03-18,1687.744873046875,1687.744873046875,1687.744873046875,1687.744873046875,0,SUNPHARMA.NS
2025-03-19,1715.5223388671875,1731.0203426565547,1709.5311796627507,1730.8223337629315,2167448,SUNPHARMA.NS
2025-03-20,1733.24853515625,1740.0815345610301,1706.164229987911,1718.7903798654954,1602232,SUNPHARMA.NS
2025-03-21,1767.165771484375,1775.3851955195173,1733.2484682210857,1741.9134727044077,2483162,SUNPHARMA.NS
2025-03-24,1767.462890625,1802.3209171523695,1760.3327573231188,1777.068618587872,1182084,SUNPHARMA.NS
2025-03-25,1747.607666015625,1778.5045487736825,1741.4183769307135,1767.4629537538422,1471028,SUNPHARMA.NS
2025-03-26,1741.8638916015625,1753.5988799709714,1729.1387379005184,1750.776467547211,1762361,SUNPHARMA.NS
2025-03-27,1714.6309814453125,1735.278545288189,1703.2922528831352,1733.9911248827732,3279881,SUNPHARMA.NS
2025-03-28,1717.8494873046875,1724.4349149589302,1688.6360433074972,1714.6310570338105,1956781,SUNPHARMA.NS
2025-04-01,1681.8526611328125,1717.1068281397131,1665.2653661235754,1714.1855319993706,4142445,SUNPHARMA.NS
2025-04-02,1697.0040283203125,1701.7573297106799,1669.523585338969,1678.5351658874724,3369489,SUNPHARMA.NS
2025-04-03,1752.806640625,1795.0918146184608,1733.000915872175,1737.9523470603813,5715573,SUNPHARMA.NS
2025-04-04,1692.7457275390625,1761.5706198924483,1641.9441169370045,1761.5706198924483,5345276,SUNPHARMA.NS
2025-04-07,1650.1634521484375,1675.5643183859863,1604.3627135400736,1604.3627135400736,5715334,SUNPHARMA.NS
2025-04-08,1671.9498291015625,1693.2409842799836,1629.0209427210527,1629.0209427210527,2807382,SUNPHARMA.NS
2025-04-09,1636.15087890625,1663.4333131976173,1624.0694351207574,1633.9722975300303,3481864,SUNPHARMA.NS
2025-04-11,1671.1575927734375,1720.1271989907707,1665.7604602343595,1693.389470509049,3801939,SUNPHARMA.NS
2025-04-15,1688.43798828125,1707.7485693788947,1680.3176897119565,1703.2922814332844,1993085,SUNPHARMA.NS
2025-04-16,1676.653564453125,1686.1602879289521,1665.7604161010308,1674.6729920254716,2205374,SUNPHARMA.NS
2025-04-17,1734.486328125,1740.9231886061948,1671.0090050950514,1678.53515625,2683908,SUNPHARMA.NS
2025-04-21,1727.9505615234375,1743.89414652257,1714.4826922348705,1743.89414652257,1539511,SUNPHARMA.NS
2025-04-22,1730.42626953125,1737.9524210809573,1717.651552344684,1733.9912759616843,961907,SUNPHARMA.NS
2025-04-23,1771.424072265625,1773.89978786255,1725.1776323843349,1737.160071696542,1471029,SUNPHARMA.NS
2025-04-24,1786.37744140625,1790.3385865190153,1756.6688530605102,1772.6124379624794,2101177,SUNPHARMA.NS
2025-04-25,1770.0377197265625,1797.8647399968627,1747.063005516993,1788.457020343891,2036801,SUNPHARMA.NS
2025-04-28,1823.711181640625,1828.0684654317831,1763.8978663954151,1770.0377138371325,3216482,SUNPHARMA.NS
2025-04-29,1787.9617919921875,1828.0683843907937,1779.5443590196405,1827.0780981587293,2886160,SUNPHARMA.NS
2025-04-30,1814.5015869140625,1821.037452140905,1785.7832849884787,1792.41815466574,2667314,SUNPHARMA.NS
2025-05-02,1806.8763427734375,1833.2179339428374,1796.181323359053,1814.501619746525,1885257,SUNPHARMA.NS
2025-05-05,1818.7596435546875,1825.3946337451146,1803.7073413969526,1810.045197368201,1219830,SUNPHARMA.NS
2025-05-06,1801.4296875,1810.144254826256,1781.524958114871,1802.3209692990913,1414772,SUNPHARMA.NS
2025-05-07,1763.996826171875,1808.658708849283,1761.4219853883812,1800.2412762935912,2015237,SUNPHARMA.NS
2025-05-08,1750.03369140625,1771.5229740732332,1737.9522483470566,1763.996823271545,2647871,SUNPHARMA.NS
2025-05-09,1727.8515625,1749.1427176777527,1714.8787154282356,1734.8825709631838,1148956,SUNPHARMA.NS
2025-05-12,1669.8206787109375,1695.7662518045322,1607.8287816956686,1679.2283983806774,9221075,SUNPHARMA.NS
2025-05-13,1683.4866943359375,1731.5155794390512,1674.8712519599235,1694.3798435345818,6988329,SUNPHARMA.NS
2025-05-14,1691.60693359375,1694.7759221426484,1675.6633490542597,1685.4672071623734,1639324,SUNPHARMA.NS
2025-05-15,1723.1971435546875,1727.4554229419255,1667.7411114916051,1684.575978367898,3880385,SUNPHARMA.NS
2025-05-16,1718.0477294921875,1724.6825993616694,1702.3021531137006,1723.0981654554037,1448249,SUNPHARMA.NS
2025-05-19,1713.3931884765625,1747.8551976682609,1709.8281822219678,1728.0494730487903,2074023,SUNPHARMA.NS
2025-05-20,1691.2109375,1731.0203971352148,1686.754649292272,1726.8612431618237,2706777,SUNPHARMA.NS
2025-05-21,1714.977783203125,1741.6163867307562,1691.2109131047398,1699.727350713084,2754306,SUNPHARMA.NS
2025-05-22,1702.0048828125,1723.0980277124547,1690.6165912500326,1717.3543192662605,2670554,SUNPHARMA.NS
2025-05-23,1667.245849609375,1673.0885624625373,1620.702397442616,1641.8945466486455,8339783,SUNPHARMA.NS
2025-05-26,1659.8187255859375,1685.8633017834197,1650.807145071694,1676.6535914924873,2282131,SUNPHARMA.NS
2025-05-27,1667.0478515625,1675.5642889012822,1644.9644204412464,1659.8187137825698,2800622,SUNPHARMA.NS
2025-05-28,1650.2130126953125,1670.5138805929525,1646.846015306111,1667.0478787567702,2657712,SUNPHARMA.NS
2025-05-29,1683.28857421875,1686.7545760075059,1654.1741350162908,1658.7294274760316,2377583,SUNPHARMA.NS
2025-05-30,1661.30419921875,1696.9545044418328,1652.8867660410776,1685.4672080468613,3640641,SUNPHARMA.NS
2025-06-02,1658.333251953125,1667.14682333985,1644.3702406627983,1662.6905354247747,1819538,SUNPHARMA.NS
2025-06-03,1651.30224609375,1678.5351167189842,1641.4983884917563,1678.5351167189842,2556920,SUNPHARMA.NS
2025-06-04,1648.7275390625,1652.7876883560878,1632.9819641097595,1639.9139675959743,1700482,SUNPHARMA.NS
2025-06-05,1666.750732421875,1677.842010747808,1645.8557171096074,1645.8557171096074,2037073,SUNPHARMA.NS
2025-06-06,1662.888671875,1672.5935257661272,1652.7878001797906,1668.63238064886,2500047,SUNPHARMA.NS
2025-06-09,1677.9410400390625,1682.2983237000342,1657.0460244174062,1663.5818894665877,2589656,SUNPHARMA.NS
2025-06-10,1672.3955078125,1690.319665194212,1661.4032334639328,1685.269229373942,2369135,SUNPHARMA.NS
2025-06-11,1674.1778564453125,1678.535139982649,1662.9876947094904,1678.3371310928126,1999978,SUNPHARMA.NS
2025-06-12,1671.009033203125,1710.7194874320173,1664.770181508742,1678.436180037128,3588365,SUNPHARMA.NS
2025-06-13,1671.4052734375,1683.486718001096,1644.9645565711005,1650.609261038663,2404272,SUNPHARMA.NS
2025-06-16,1668.929443359375,1673.385731425313,1639.6168740402327,1648.826584396991,2249326,SUNPHARMA.NS
2025-06-17,1634.1702880859375,1665.3643043250918,1625.158707571536,1663.680866088227,5408285,SUNPHARMA.NS
2025-06-18,1631.99169921875,1645.162554368449,1622.583980078836,1629.0208405429876,1455885,SUNPHARMA.NS
2025-06-19,1631.5955810546875,1639.2208576156943,1620.1082848742983,1632.0907241735367,1696525,SUNPHARMA.NS
2025-06-20,1648.9256591796875,1653.7780861242686,1629.615076736919,1631.5956492951518,2567882,SUNPHARMA.NS
2025-06-23,1646.3509521484375,1650.807240439967,1631.1995236034143,1647.0441041955196,840643,SUNPHARMA.NS
2025-06-24,1645.55859375,1670.0187363655616,1642.6868603667087,1654.2731610004403,2066326,SUNPHARMA.NS
2025-06-25,1653.3819580078125,1662.492664364672,1641.9936657251553,1645.5586721758584,1372945,SUNPHARMA.NS
2025-06-26,1653.5799560546875,1662.5915363574031,1634.3683794706653,1658.5313870874484,2102627,SUNPHARMA.NS
2025-06-27,1671.20703125,1679.228325601745,1651.9954540538424,1653.9760265300536,5313904,SUNPHARMA.NS
2025-06-30,1659.422607421875,1687.9428995462629,1655.3624580064475,1679.5254664889774,2160184,SUNPHARMA.NS
2025-07-01,1651.005126953125,1667.9391179132515,1641.3993990350646,1659.4225597686893,3298070,SUNPHARMA.NS
2025-07-02,1661.205078125,1665.6613659649777,1639.9139251117736,1639.9139251117736,1611046,SUNPHARMA.NS
2025-07-03,1663.3836669921875,1676.3565128044447,1658.2342271518046,1661.2050857253819,1553777,SUNPHARMA.NS
2025-07-04,1660.0169677734375,1670.315848553093,1655.36254964748,1670.315848553093,1264399,SUNPHARMA.NS
2025-07-07,1669.05810546875,1671.5419707006272,1652.267152244763,1663.891593016956,1550620,SUNPHARMA.NS
2025-07-08,1661.7059326171875,1671.1446210236827,1638.45692849627,1669.1575287275784,1860328,SUNPHARMA.NS
2025-07-09,1658.6259765625,1669.9524269938443,1636.3705184185847,1649.2866184425322,2178705,SUNPHARMA.NS
2025-07-10,1651.7703857421875,1659.818084868856,1636.569081949883,1651.273612693844,1741718,SUNPHARMA.NS
2025-07-11,1661.2091064453125,1669.0581450205405,1651.4723059926273,1655.0491690372774,1298302,SUNPHARMA.NS
2025-07-14,1671.74072265625,1685.948481071095,1664.686569269172,1669.554969645884,1309704,SUNPHARMA.NS
2025-07-15,1716.3509521484375,1719.7290332716816,1677.0065493687105,1693.9961640596734,3332578,SUNPHARMA.NS
2025-07-16,1690.02197265625,1720.1264690066841,1687.0413342565037,1718.834810520466,2285143,SUNPHARMA.NS
2025-07-17,1692.406494140625,1705.918697188592,1685.054228556699,1693.0025975593248,1461039,SUNPHARMA.NS
2025-07-18,1682.669677734375,1698.3677548795465,1675.81418527775,1697.9703121766654,1253929,SUNPHARMA.NS
2025-07-21,1681.378173828125,1690.4194194057986,1666.6736425079068,1670.250384339653,2390289,SUNPHARMA.NS
2025-07-22,1667.17041015625,1682.172932498894,1662.0040187807986,1675.2181095721396,1244491,SUNPHARMA.NS
2025-07-23,1671.641357421875,1678.6955106617793,1660.6130196769561,1667.6671729168602,1229173,SUNPHARMA.NS
2025-07-24,1681.080078125,1685.054262706856,1669.2568547374815,1671.6413897430925,1079045,SUNPHARMA.NS
2025-07-25,1688.034912109375,1691.0155505651303,1671.34328824415,1679.0929967421093,1088592,SUNPHARMA.NS
2025-07-28,1691.214111328125,1699.0631497208833,1682.9677515240733,1691.1147809753018,2168507,SUNPHARMA.NS
2025-07-29,1699.460693359375,1706.9122895009684,1686.1471506632306,1687.0413664567195,1325544,SUNPHARMA.NS
2025-07-30,1722.6103515625,1729.2670622088262,1701.050327485951,1708.8993662735888,2318723,SUNPHARMA.NS
2025-07-31,1695.6851806640625,1736.7186855343634,1683.0671929606474,1704.4284353742567,3233087,SUNPHARMA.NS
2025-08-01,1619.18212890625,1684.0607416859682,1597.6222257410245,1679.0930108845346,8774548,SUNPHARMA.NS
2025-08-04,1631.0052490234375,1636.7678649006018,1603.1859582998518,1619.2814778451302,1898762,SUNPHARMA.NS
2025-08-05,1621.566650390625,1633.9859772903794,1609.644096566861,1630.3099050410478,1622897,SUNPHARMA.NS
2025-08-06,1584.90478515625,1619.1821276597536,1580.7319397992544,1619.1821276597536,2376257,SUNPHARMA.NS
2025-08-07,1588.0841064453125,1595.038929127571,1560.860919118262,1570.7963800929167,3435674,SUNPHARMA.NS
2025-08-08,1576.6583251953125,1591.6608469998002,1570.6970486147889,1579.7382938387532,1654424,SUNPHARMA.NS
2025-08-11,1598.0196533203125,1649.2866104488512,1573.9757636996972,1576.6584110765473,1140902,SUNPHARMA.NS
2025-08-12,1611.73046875,1626.1368875025048,1599.7085849440618,1601.2982344809448,1679088,SUNPHARMA.NS
2025-08-13,1629.217041015625,1632.8931132931275,1606.8622524247546,1613.7176238999627,1313668,SUNPHARMA.NS
2025-08-14,1630.806640625,1640.4439895646522,1621.6659434674307,1629.216991074875,1738094,SUNPHARMA.NS
2025-08-18,1622.1627197265625,1638.953673598573,1614.9099057390576,1638.953673598573,3080173,SUNPHARMA.NS
2025-08-19,1616.10205078125,1627.4285004990954,1608.650455082994,1622.2621093279643,2656391,SUNPHARMA.NS
2025-08-20,1622.5601806640625,1625.9382618042353,1605.5705658879585,1623.4543964485918,1831706,SUNPHARMA.NS
2025-08-21,1629.6142578125,1641.8349233037904,1613.4195292205059,1620.2750215379986,1727099,SUNPHARMA.NS
2025-08-22,1631.2041015625,1640.7421202523267,1624.5472696533852,1631.4027622775534,2098310,SUNPHARMA.NS
2025-08-25,1646.0078125,1649.7833362781898,1623.4543640340632,1638.556216581851,1904984,SUNPHARMA.NS
2025-08-26,1589.971923828125,1636.7679223969371,1585.8982876602297,1634.3833874232264,4502371,SUNPHARMA.NS
2025-08-28,1575.466064453125,1589.6738227570108,1557.482903589684,1582.8183301398738,4993739,SUNPHARMA.NS
2025-08-29,1584.2093505859375,1591.3628344180145,1565.6300859249247,1570.7964774389259,3176534,SUNPHARMA.NS
2025-09-01,1553.210693359375,1589.8724480539984,1546.15641890205,1588.6802412264847,9366820,SUNPHARMA.NS
2025-09-02,1555.098388671875,1560.1655710733091,1547.944904890128,1555.8932741065087,2855840,SUNPHARMA.NS
2025-09-03,1568.51123046875,1570.8957654426454,1548.2429863968566,1552.0183889299112,2091370,SUNPHARMA.NS
2025-09-04,1572.088134765625,1586.6932147794025,1550.9255530811818,1586.6932147794025,2298657,SUNPHARMA.NS
2025-09-05,1583.3150634765625,1588.9783490975083,1565.3319030644045,1572.1873955095048,1814479,SUNPHARMA.NS
2025-09-08,1570.79638671875,1594.144720107675,1568.014409121119,1587.2892277497494,1369139,SUNPHARMA.NS
2025-09-09,1581.4273681640625,1586.6932113044306,1567.3190612603253,1569.802926650595,1709406,SUNPHARMA.NS
2025-09-10,1583.116455078125,1591.2634849715168,1572.1874474598008,1581.824796573873,2408379,SUNPHARMA.NS
2025-09-11,1599.3111572265625,1606.5640924898203,1580.731893105321,1582.2222123005806,1762484,SUNPHARMA.NS
2025-09-12,1606.1666259765625,1612.028572314202,1592.753753418016,1599.6092458711034,1878894,SUNPHARMA.NS
2025-09-15,1591.660888671875,1606.6634108691514,1585.1035085181136,1606.1666378077682,2005917,SUNPHARMA.NS
2025-09-16,1600.1060791015625,1604.5770367892105,1589.6738444970506,1592.1577098790772,1480567,SUNPHARMA.NS
2025-09-17,1609.743408203125,1611.6311701264297,1597.0260903751814,1602.1924817923948,2128406,SUNPHARMA.NS
2025-09-18,1637.9600830078125,1640.6427302584464,1617.1949451750547,1624.5472106020936,1832386,SUNPHARMA.NS
2025-09-19,1645.3123779296875,1657.3342617486428,1632.4956087001874,1637.9601123708476,3191406,SUNPHARMA.NS
2025-09-22,1633.389892578125,1647.200208505448,1624.7460894698136,1639.3511695583372,1785320,SUNPHARMA.NS
2025-09-23,1620.67236328125,1633.3898019799758,1614.6117562773588,1632.5949165803738,1967731,SUNPHARMA.NS
2025-09-24,1616.598876953125,1625.3421313727292,1614.512454345545,1619.4801849743005,1131058,SUNPHARMA.NS
2025-09-25,1616.89697265625,1632.1976070917785,1612.2272331438078,1617.3937457140107,2762750,SUNPHARMA.NS
2025-09-26,1576.4595947265625,1592.5551147894816,1538.0094080385923,1574.7706148198765,7256759,SUNPHARMA.NS
2025-09-29,1579.04296875,1608.4519109812734,1569.8029409013186,1570.7964870664462,4180922,SUNPHARMA.NS
2025-09-30,1584.0106201171875,1593.9460812700709,1575.7641388473005,1578.8441075481974,2257443,SUNPHARMA.NS
2025-10-01,1625.64013671875,1640.8414410892474,1601.4970384204441,1601.4970384204441,3109095,SUNPHARMA.NS
2025-10-03,1620.67236328125,1634.8801211423663,1589.6737732165213,1589.6737732165213,4041865,SUNPHARMA.NS
2025-10-06,1644.020751953125,1648.988482661006,1609.5447493534264,1619.4802107691883,1756916,SUNPHARMA.NS
2025-10-07,1642.4310302734375,1652.2671608996916,1636.3704233324065,1638.7549582239958,2174852,SUNPHARMA.NS
2025-10-08,1621.06982421875,1644.3188276700992,1618.4866285647079,1634.383366475718,1846507,SUNPHARMA.NS
2025-10-09,1647.7962646484375,1651.5717884738617,1621.8647347853546,1634.383391827965,2197566,SUNPHARMA.NS
2025-10-10,1660.1162109375,1665.7793752224488,1638.3575269836463,1644.3188036130591,1454056,SUNPHARMA.NS
2025-10-13,1657.63232421875,1664.1897041697284,1645.1136677155218,1651.770378019208,1375179,SUNPHARMA.NS
2025-10-14,1643.7227783203125,1659.1227436781396,1635.5756271034522,1656.8375390152728,2108287,SUNPHARMA.NS
2025-10-15,1644.418212890625,1657.9304163093134,1639.450482127689,1641.8350171503962,2088737,SUNPHARMA.NS
2025-10-16,1648.29296875,1652.1678227702848,1632.5948919631978,1643.3252382836047,2895957,SUNPHARMA.NS
2025-10-17,1668.2633056640625,1681.0800751745505,1646.0078477882328,1647.498167003813,1594147,SUNPHARMA.NS
2025-10-20,1677.7020263671875,1685.9485080320117,1671.9395313920309,1674.0259540775617,1647622,SUNPHARMA.NS
2025-10-21,1679.5897216796875,1685.0542253586216,1673.1316718773107,1679.0929486179662,74296,SUNPHARMA.NS
2025-10-23,1678.99365234375,1700.9509978610427,1671.3432742684568,1693.9961748557698,2687094,SUNPHARMA.NS
2025-10-24,1688.034912109375,1690.9162202064363,1675.1188121344358,1679.0929967421093,994307,SUNPHARMA.NS
2025-10-27,1682.669677734375,1697.473539118685,1679.092935973414,1690.0219432489805,2067904,SUNPHARMA.NS
2025-10-28,1676.1123046875,1691.7109302608092,1668.3625964373616,1681.0800352882336,2440939,SUNPHARMA.NS
2025-10-29,1704.8258056640625,1710.8864127185896,1676.4104109869058,1679.0929369886273,1016738,SUNPHARMA.NS
2025-10-30,1692.406494140625,1705.8193668325564,1669.2568209074827,1704.7264903511925,1986233,SUNPHARMA.NS
2025-10-31,1679.788330078125,1693.9960877138794,1675.9135973433574,1689.0283572513754,1560918,SUNPHARMA.NS
2025-11-03,1695.3870849609375,1701.7458042411731,1670.3496505354751,1677.3044732176897,1099955,SUNPHARMA.NS
2025-11-04,1679.093017578125,1700.156147747174,1671.343308983999,1695.983302370331,1597993,SUNPHARMA.NS
2025-11-06,1675.0194091796875,1712.77416131628,1656.24136346578,1688.0348389492265,3389867,SUNPHARMA.NS
2025-11-07,1680.48388671875,1698.9638198004336,1672.2374056301176,1683.0670823052249,1512908,SUNPHARMA.NS
2025-11-10,1686.8426513671875,1692.1083730346895,1674.9200979249385,1686.5445390181371,1235665,SUNPHARMA.NS
2025-11-11,1705.0245361328125,1707.9058442452217,1684.0607364721645,1690.618116853257,1315353,SUNPHARMA.NS
2025-11-12,1720.9212646484375,1732.8438184656877,1699.162579675458,1710.2903693410517,1833097,SUNPHARMA.NS
2025-11-13,1726.18701171875,1736.5199153752737,1714.2644585648725,1723.3057037833998,1727602,SUNPHARMA.NS
2025-11-14,1745.7598876953125,1748.7405260971425,1723.5044300384848,1726.187077369624,1667322,SUNPHARMA.NS
2025-11-17,1752.5159912109375,1756.5895059671477,1736.4204716107533,1754.4037530586884,1430618,SUNPHARMA.NS
2025-11-18,1747.448974609375,1753.1121390135681,1738.705720189144,1752.615365950657,1429522,SUNPHARMA.NS
2025-11-19,1772.5855712890625,1778.745629873463,1739.7985500161499,1750.6282267536994,2131124,SUNPHARMA.NS
2025-11-20,1765.928955078125,1780.4347046429366,1761.656658110908,1778.4476123386478,1513894,SUNPHARMA.NS
2025-11-21,1768.2139892578125,1775.864367185946,1762.2527125108188,1766.5250093591587,2199311,SUNPHARMA.NS
2025-11-24,1769.3070068359375,1774.374067871133,1760.3650916153026,1774.374067871133,3434492,SUNPHARMA.NS
2025-11-25,1765.332763671875,1780.533946272675,1754.7017476042085,1773.479793200475,1848114,SUNPHARMA.NS
2025-11-26,1793.25146484375,1795.2385571376026,1762.153421931962,1764.0411838676196,1158948,SUNPHARMA.NS
2025-11-27,1798.6165771484375,1803.1868650124306,1790.4694262511168,1790.4694262511168,2902053,SUNPHARMA.NS
2025-11-28,1819.779052734375,1821.170041561623,1795.8346154515186,1798.6165931060145,1623103,SUNPHARMA.NS
2025-12-01,1795.7353515625,1837.0668475095704,1789.3766318900682,1829.1184782396533,1869293,SUNPHARMA.NS
2025-12-02,1787.88623046875,1803.1868648665188,1777.0565535797946,1792.3571879775634,2948688,SUNPHARMA.NS
2025-12-03,1795.039794921875,1804.2798227031194,1770.9960264142678,1793.3508149664815,2114510,SUNPHARMA.NS
2025-12-04,1806.56494140625,1811.4332203221738,1786.694019194368,1796.7288106548715,1713961,SUNPHARMA.NS
2025-12-05,1793.64892578125,1808.4526664948564,1788.581743354456,1807.2604596194283,1777401,SUNPHARMA.NS
2025-12-08,1784.6075439453125,1794.3443447164593,1774.1753093830075,1793.6489109253014,2410074,SUNPHARMA.NS
2025-12-09,1764.5379638671875,1789.5752783550101,1760.563779263883,1784.4088868837098,2401728,SUNPHARMA.NS
2025-12-10,1773.9765625,1780.1364998103056,1756.4901753871322,1776.3610973977736,2321746,SUNPHARMA.NS
2025-12-11,1795.5364990234375,1798.8152497314682,1763.6436928373055,1766.525000840956,1280916,SUNPHARMA.NS
2025-12-12,1781.9249267578125,1800.1068688641526,1779.4410615128197,1796.3313451787706,1442309,SUNPHARMA.NS
2025-12-15,1785.501708984375,1792.953304888502,1766.127559633645,1767.5185484589124,1396948,SUNPHARMA.NS
2025-12-16,1769.8037109375,1780.3352753082418,1766.823072646772,1778.4475134676177,1533979,SUNPHARMA.NS
2025-12-17,1781.328857421875,1785.9984756587708,1760.0669462616247,1769.505634373104,1910628,SUNPHARMA.NS
2025-12-18,1734.6322021484375,1773.479831340348,1724.7960712643385,1773.479831340348,3461351,SUNPHARMA.NS
2025-12-19,1733.638671875,1748.6411942280731,1729.9624784130965,1735.7250944979794,2768986,SUNPHARMA.NS
2025-12-22,1758.3779296875,1761.755889388824,1731.850176147664,1733.6386076339388,1467257,SUNPHARMA.NS
2025-12-23,1744.567626953125,1763.1468905709062,1740.394660549985,1760.5636949589527,1124853,SUNPHARMA.NS
2025-12-24,1725.7896728515625,1747.647688282037,1707.9058420448107,1744.5677194551502,2224786,SUNPHARMA.NS
2025-12-26,1708.402587890625,1725.7896453422597,1696.9768072795507,1725.7896453422597,2507337,SUNPHARMA.NS
2025-12-29,1706.1173095703125,1716.3508828842944,1699.2619385257333,1708.4025141068273,1800816,SUNPHARMA.NS
2025-12-30,1709.0980224609375,1711.9793305250298,1695.9832619186739,1711.9793305250298,2639497,SUNPHARMA.NS
