Price,Close,High,Low,Open,Volume
Ticker,SUNPHARMA.NS,SUNPHARMA.NS,SUNPHARMA.NS,SUNPHARMA.NS,SUNPHARMA.NS
Date,,,,,
2021-01-01,562.5928955078125,565.8953275988437,552.7799314013818,559.0545754102791,8229768
2021-01-04,570.2827758789062,575.0477013262881,561.6020871171347,566.1311245959349,11329298
2021-01-05,569.3865356445312,574.3401842511506,566.1312693279255,574.104296222264,7790158
2021-01-06,571.1321411132812,576.4632341349609,562.4986729469309,569.9998669434721,6422080
2021-01-07,567.9239501953125,573.6795941400574,564.244074499596,571.8396562921992,4555702
2021-01-08,585.7569580078125,587.6440616467486,569.9052989587154,572.7359544171196,11451416
2021-01-11,585.9458618164062,592.5507266033867,579.3881631170769,588.493464037926,7516087
2021-01-12,575.2365112304688,588.6821274968053,572.783241427967,585.9458036066655,6747035
2021-01-13,568.3013305664062,579.8126759270266,563.5364047150799,576.5102440869214,6186661
2021-01-14,572.7833251953125,577.1236996699577,562.7345292805704,568.3014524510771,6730284
2021-01-15,570.1884765625,581.9828768620298,564.3384424959642,574.6231825930922,8389544
2021-01-18,548.6282958984375,573.0662569855238,545.7976400326856,569.9997131309593,7414570
2021-01-19,562.8759765625,568.9618989397757,550.4210777045552,553.77073362923,5500391
2021-01-20,561.13037109375,569.5279491179924,559.4791551373726,567.263458931723,5182972
2021-01-21,549.9965209960938,564.9517981705998,547.8735288526552,564.2441341227869,4546393
2021-01-22,542.7311401367188,553.8178765088855,538.3907662371121,549.9965022985759,5591688
2021-01-25,553.2988891601562,560.46986097849,534.9939582067406,544.5238099113475,8149590
2021-01-27,537.6359252929688,552.8271472506243,531.9274471343737,552.8271472506243,8534047
2021-01-28,532.4935302734375,542.0706057876062,519.3310263875441,523.5770102448882,9863454
2021-01-29,553.1103515625,566.1313613557093,522.8222891760535,535.9376887500715,22539938
2021-02-01,556.8372192382812,565.5650749781299,546.8826998631207,562.3569752378163,12621971
2021-02-02,575.0477905273438,582.0772645994515,558.1110202379936,563.2533902687218,15788247
2021-02-03,593.6829223632812,611.7991320507191,576.0384886698401,577.9255926458264,23788455
2021-02-04,595.85302734375,604.8167704312648,590.899379848018,596.7965792476989,7926593
2021-02-05,598.919677734375,607.8834224188596,587.9744967345226,597.7402376443113,10981738
2021-02-08,598.8252563476562,608.4494399768474,596.8437627376513,604.722455919386,6479801
2021-02-09,593.5427856445312,608.4384871355386,591.0681275106288,601.4427764965226,5794015
2021-02-10,596.8740844726562,601.1096084167964,584.5006776791151,593.0193039748656,6902162
2021-02-11,612.6265258789062,617.480686069647,592.020018089126,592.020018089126,11433578
2021-02-12,596.9217529296875,622.8583185585117,592.353063702083,622.8583185585117,15471776
2021-02-15,597.2548217773438,606.5824551840525,593.2572480049563,601.5379240849104,7310676
2021-02-16,600.7289428710938,603.9174514895518,592.9717451189767,600.5861495506811,6137454
2021-02-17,591.3060302734375,601.9186285410128,589.9259080006203,598.3969552531208,4700733
2021-02-18,586.3567504882812,597.0169288719726,584.5007276917812,592.019975700864,5633766
2021-02-19,578.0284423828125,592.3054501384885,572.2224824661548,586.213961685376,7301975
2021-02-22,566.6068725585938,581.4073599302859,561.9430845815995,578.6947515198555,5330343
2021-02-23,574.9351196289062,579.0278504394573,563.4659344401271,566.321336134925,7564187
2021-02-24,572.46044921875,579.9796386657753,567.1303313125436,577.8380874402367,3296243
2021-02-25,580.1700439453125,589.0694144087448,573.6502330744977,577.1719069121496,6261754
2021-02-26,565.9406127929688,591.4012788101403,561.5623532759333,575.7917838462458,15404415
2021-03-01,575.31591796875,581.3598288952527,568.2725698790996,571.0803934321347,5274758
2021-03-02,584.595947265625,586.6422837245934,575.3634697144097,579.6465724666261,4776776
2021-03-03,594.256591796875,595.2560287508626,582.7398295101839,586.7849814504343,6626297
2021-03-04,589.1170654296875,606.059106574313,586.3092416957626,592.020045997994,11530735
2021-03-05,581.7405395507812,589.5928945171426,577.6478085809133,589.5928945171426,6127488
2021-03-08,585.1668701171875,591.9246877648384,581.8355687410075,582.0259404383036,4554461
2021-03-09,583.072998046875,590.9729891455057,578.2188384429439,588.212744292575,4035628
2021-03-10,595.8270874023438,597.6355315119671,585.6903892755151,588.2126837294703,5825924
2021-03-12,584.0247802734375,598.8253249465606,582.0260224035637,597.730731102924,4264170
2021-03-15,576.315185546875,584.4054895553778,567.7489813025779,584.4054895553778,4030762
2021-03-16,573.2694091796875,580.5507059835109,570.3664293764048,576.7910825233229,4189930
2021-03-17,556.5654296875,574.887592186832,553.9479779018811,574.887592186832,7667561
2021-03-18,546.8569946289062,563.0376039861574,544.4299148439776,559.0876665578644,5537584
2021-03-19,550.4261474609375,554.5665139648355,535.0069697051728,543.4780163141077,6186643
2021-03-22,562.5140991210938,564.988757199707,550.7117496078012,550.7117496078012,7033955
2021-03-23,559.5159301757812,566.0357988003724,554.8997207448107,562.7044968748032,5341729
2021-03-24,557.0888061523438,568.2248833235744,555.0900483930444,556.8032776286282,7299582
2021-03-25,547.9991455078125,559.6111233882085,543.9539933264696,556.2322431848041,4710869
2021-03-26,558.8972778320312,561.8478362113035,546.9045564054003,552.8533096646537,5761818
2021-03-30,568.8912353515625,570.1285645240233,558.9449073735103,566.2737836780382,4637718
2021-03-31,568.9863891601562,576.7911657276053,566.9876311301027,569.36713263888,5269919
2021-04-01,581.312255859375,583.1682787738615,568.558103717403,571.0803987157184,6033653
2021-04-05,579.456298828125,582.4544944995935,564.1799080442393,582.2165443064073,5353987
2021-04-06,590.544677734375,591.9248001852816,574.4116463870326,579.4085994003416,7444994
2021-04-07,591.11572265625,598.1114915866506,586.4519347959451,591.068144247192,4757224
2021-04-08,584.6436157226562,595.8272746314739,583.7393933837072,590.6399488806372,3222479
2021-04-09,606.05908203125,611.0560355933451,580.1225135422801,583.4538159170103,16755446
2021-04-12,589.49755859375,614.7202693687935,585.5476217623094,608.200459820861,15229597
2021-04-13,597.1119995117188,604.9167749568566,586.4042442619751,593.9234911857778,7399207
2021-04-15,602.7276611328125,610.5800151862602,596.3030078163554,603.0607680674603,8588761
2021-04-16,614.9107666015625,618.6703905938308,596.1602831449052,602.7277305285282,9804095
2021-04-19,609.77099609375,620.0028511756303,604.393300185492,612.9595044400895,11340358
2021-04-20,614.0541381835938,627.7124526188778,608.3433349755372,612.7691726058044,13831258
2021-04-22,609.1047973632812,626.2847863426223,607.343931421081,619.3366536751098,11295290
2021-04-23,607.201171875,614.6727829476,599.7771392111927,605.8210494602414,7668180
2021-04-26,604.1077270507812,612.9594591748667,600.5860539430759,612.9594591748667,6527947
2021-04-27,608.4385375976562,611.484311156578,601.5379832017501,602.2042552448421,5112384
2021-04-28,612.3884887695312,616.1004760080147,607.5342711746451,610.0565658351218,6069155
2021-04-29,613.4354248046875,620.5739285844162,610.1992798538935,617.6709486659851,5676290
2021-04-30,622.9058227539062,634.4701634885707,609.2474512949974,611.0558954065694,10874266
2021-05-03,627.4269409179688,631.9479935790303,618.7655209639577,622.4299879767955,6567597
2021-05-04,614.0541381835938,632.8521987434464,611.0559432620463,630.091953955568,5604638
2021-05-05,650.4605102539062,654.743612670609,611.2938949171845,611.2938949171845,25296369
2021-05-06,646.6534423828125,663.1195834742144,640.8950014633185,656.5997135856333,11153908
2021-05-07,646.7008056640625,657.6940888739052,644.939940034694,648.1760846933856,6466334
2021-05-10,664.5470581054688,669.5915886615179,650.6507372587957,654.8386823015271,10924222
2021-05-11,673.969970703125,687.0572287410873,662.6435786026125,664.8327083284848,14760511
2021-05-12,668.9730834960938,680.4899065593379,666.2604748002994,680.4899065593379,7250661
2021-05-14,658.1224365234375,676.7301238083712,653.8869128781308,669.1157201649578,6851035
2021-05-17,654.02978515625,664.8326983924522,647.2719662507568,654.8387924037326,6318234
2021-05-18,657.5037841796875,662.3103651620446,651.7454026822778,657.6941559013567,4080423
2021-05-19,669.49658203125,672.6850908837221,657.503859315157,660.8351614985218,7745431
2021-05-20,653.744140625,667.8308342935798,651.9833329630732,666.2603402542354,6226376
2021-05-21,657.1231689453125,661.0255282360964,654.8388242281271,658.4080765404171,3434231
2021-05-24,657.6466064453125,664.7375322132713,656.3616408374486,657.694184854501,3722957
2021-05-25,662.5484619140625,663.7858493321016,657.6943014503763,661.5015043531281,2800233
2021-05-26,669.8772583007812,672.1140245922688,662.6435968956062,665.7845272927665,6235460
2021-05-27,665.7845458984375,675.5405024323317,661.0255427111721,673.161000838699,9875654
2021-05-28,637.4683837890625,661.0254461239326,634.1846604509979,660.5495458747433,28316552
2021-05-31,636.0881958007812,643.1315419991968,627.2364636980548,639.609868899989,13947126
2021-06-01,638.7057495117188,640.847300756102,632.2810957785691,637.8015273676534,6443084
2021-06-02,644.79736328125,645.4159988490358,637.8492301406854,638.6582374575212,4978457
2021-06-03,642.9412231445312,648.0333324665387,641.0376221877747,645.320724340477,3604574
2021-06-04,641.4660034179688,646.5105348018117,640.371409529164,646.1774278408518,3747803
2021-06-07,642.7984619140625,645.1303848211212,638.5629960485426,641.4659760338103,2793705
2021-06-08,646.0346069335938,647.1767791832954,633.0425065181641,640.561753909847,5695920
2021-06-09,640.4189453125,651.697816130897,635.4219926709209,648.2237210570536,4492551
2021-06-10,643.4647216796875,648.1761458119572,640.5617417495554,640.6093201562868,3099864
2021-06-11,648.4617919921875,653.2683738099495,641.5612370587094,642.6558310785823,3822099
2021-06-14,644.4641723632812,650.7460912703078,639.1816905753788,649.1280186081965,3640962
2021-06-15,640.7521362304688,648.5569122903293,639.3720138264754,644.4641234867706,3862284
2021-06-16,636.3262329101562,647.700260865842,634.7081603899957,642.4653579492186,4842448
2021-06-17,632.9949340820312,641.0852386282396,629.7588471195246,639.4195876922555,2776147
2021-06-18,636.2786254882812,640.5617276793018,621.2401894140228,634.850924757941,4158743
2021-06-21,638.9913330078125,642.2750568169034,630.0920203087478,630.0920203087478,2932177
2021-06-22,634.6605834960938,647.4623122777601,633.7563613714976,645.3207610794875,4577152
2021-06-23,633.1853637695312,639.943124948241,632.2335631475553,634.6606431149341,2631031
2021-06-24,632.7569580078125,638.6581327006047,629.6160279902384,632.1859009476325,3460776
2021-06-25,639.8479614257812,644.7497578149681,632.7570352476241,632.7570352476241,3010243
2021-06-28,643.7026977539062,647.1292145760835,637.2780440672807,642.4653686625485,3342385
2021-06-29,644.9400634765625,648.6521090547675,640.6569607755406,640.799754102894,2937766
2021-06-30,642.8936767578125,650.508080964065,641.7515045082159,645.368334887527,3768943
2021-07-01,651.17431640625,652.7447523296789,641.2279898513713,642.4653188467885,4102748
2021-07-02,648.4140625,656.2664162844037,645.606239528131,652.4592144495413,5071894
2021-07-05,647.4146728515625,651.9357249551442,645.8917572870143,651.0315029157701,1600769
2021-07-06,640.7997436523438,650.0797993532132,639.9907363926638,645.3207964296904,2682423
2021-07-07,647.319580078125,649.1280244980641,633.9943713640885,635.8028157840276,2576763
2021-07-08,634.7556762695312,648.0808811614957,633.042389165938,644.368836561421,2548016
2021-07-09,635.7076416015625,639.8955293699327,632.185967776064,634.3750975292231,1994075
2021-07-12,636.3262329101562,640.4189635717665,634.2798966259982,636.3738113180121,1555035
2021-07-13,650.0797729492188,656.123683179291,636.7545653045788,637.9918943957792,7744032
2021-07-14,652.8876342773438,659.0267597762403,648.1762096808278,649.0804318709952,2663467
2021-07-15,650.0797729492188,655.0291474073155,648.4617004022821,652.9351745873558,1905193
2021-07-16,655.4098510742188,662.1200915858824,649.7466841417204,651.888235430133,3479357
2021-07-19,656.028564453125,658.1701158060732,645.36838609979,645.36838609979,1940882
2021-07-20,643.845458984375,658.2652016841549,641.4183793312727,655.7905436247745,2724983
2021-07-22,654.1725463867188,655.0291901714046,642.9888892405479,647.2244135656298,2047831
2021-07-23,660.5496215820312,665.2610462076523,648.7472708121221,653.1255884624492,3956261
2021-07-26,669.49658203125,671.0194397920396,661.6918052972784,661.6918052972784,4715053
2021-07-27,655.1243286132812,671.6856819683334,641.3707985922514,671.0194099426386,5327355
2021-07-28,654.6483764648438,658.5983718024029,640.1334187470866,655.124276717885,3332667
2021-07-29,669.11572265625,671.9235456288709,647.8905840398661,654.6483440612407,4397443
2021-07-30,736.64599609375,745.973629216814,662.5959300689402,669.0681617404565,35893710
2021-08-02,737.6455078125,763.2489686758288,727.2708574330422,747.1635143649194,18661462
2021-08-03,756.4910888671875,765.5807727815425,728.3653933653678,736.6460700245744,14678219
2021-08-04,747.8773803710938,759.4417818095078,742.1189979060825,752.8743339147759,5796169
2021-08-05,748.2579956054688,756.1103498279928,745.5453292908029,747.6393020354678,5026619
2021-08-06,747.353759765625,758.0615153268238,743.8796647240081,748.591088789594,4064324
2021-08-09,750.7802734375,754.7778474258802,744.3080412194682,751.1134384909544,2873586
2021-08-10,755.1109008789062,760.2982252049869,744.4983601958434,751.8748140458474,5656020
2021-08-11,741.97607421875,756.6814036825601,736.027321045145,755.7296031747834,4275776
2021-08-12,741.1195068359375,743.5941649796722,735.8846039144806,742.4044143157048,2821380
2021-08-13,740.786376953125,750.4947544505358,730.649735670995,731.9346432117463,4319920
2021-08-16,743.1658325195312,745.259805276899,733.8857774729798,737.8357728583164,2310304
2021-08-17,746.3543701171875,754.9681528481599,740.6911456388274,745.2597763271556,5686055
2021-08-18,745.1646118164062,753.2549158180952,741.738095265599,750.0187709801035,4036305
2021-08-20,724.4629516601562,746.6398910133856,707.5208568035669,737.645364944756,6238261
2021-08-23,724.65380859375,734.8172128228891,716.4944862564786,730.0456724798834,2375417
2021-08-24,736.10546875,742.4039366368329,719.786824888323,725.0832227559663,2732537
2021-08-25,733.9105834960938,740.5430359961,724.8923609058938,734.8171877796353,2254852
2021-08-26,725.7989501953125,735.8668881186702,724.558361423309,730.1888020183839,1735864
2021-08-27,736.534912109375,741.4973254216966,723.4608806939847,725.9898202246534,2432862
2021-08-30,751.2314453125,758.627334045846,733.0518853010939,733.8630239926622,3617125
2021-08-31,757.768310546875,764.400763275752,747.8912453311746,751.4699005899562,7435465
2021-09-01,752.471923828125,767.1682916123352,751.0404617028971,758.7226301256849,2811619
2021-09-02,753.855712890625,759.2952808372239,752.2810811902282,754.1896974349054,2679549
2021-09-03,753.3308715820312,760.7744634501311,748.1775843099293,756.7663575992015,2860730
2021-09-06,748.416015625,756.8616177498401,744.1216298165045,753.3307249043677,4613445
2021-09-07,734.7217407226562,747.2231520237525,731.5724777760613,746.2688440390478,3851664
2021-09-08,741.9268798828125,743.3583421020553,728.6619733526238,732.2406289007308,2548562
2021-09-09,740.829345703125,746.5074903889086,736.2009748458471,736.9167059008699,2008287
2021-09-13,744.6466064453125,747.2232499911024,736.3918762431537,740.829374006022,1935832
2021-09-14,745.6963500976562,751.9947600687306,741.7836520581227,748.8455550831934,1996844
2021-09-15,744.9805297851562,749.8474770663721,743.2150251172498,748.8454653609847,1393824
2021-09-16,745.3623657226562,748.7024442333812,742.7380183213724,744.3603538187081,1353677
2021-09-17,734.7217407226562,751.8992844473402,731.6202397723661,749.1317679931619,4052622
2021-09-20,721.93408203125,739.3502049619443,717.257949014334,731.6680363595918,2206369
2021-09-21,729.568603515625,731.3340503498571,716.7331468470155,721.9341380766125,2123997
2021-09-22,734.9125366210938,738.6343609632412,729.5684353441833,730.0455893241337,1817865
2021-09-23,734.6739501953125,741.6881485582978,731.0952953916469,735.8668351298677,2109768
2021-09-24,735.2467041015625,741.163426106084,727.1827888229575,733.8629456756619,1777859
2021-09-27,728.1848754882812,739.111716254549,725.3696545905269,736.2010878333527,2862731
2021-09-28,739.6841430664062,754.8576642945034,720.4548708896415,731.6679904287823,4938824
2021-09-29,774.230224609375,782.2941404819724,736.1056006853203,748.1776226140486,18565413
2021-09-30,780.862548828125,794.89088857733,769.7448369333804,777.5701744615249,10478553
2021-10-01,788.8309936523438,792.7436915199378,768.5042442792868,774.8981197243096,5730355
2021-10-04,793.9842529296875,800.5690014027596,788.6878551994361,792.075636937068,4007435
2021-10-05,783.009765625,796.2746709981101,777.7133675250682,790.1670760968922,2987134
2021-10-06,764.0191650390625,786.3500014866171,760.8699594493698,782.9622188333665,2910453
2021-10-07,785.6341552734375,788.5924871298922,767.3591315819615,771.1286602835597,4089061
2021-10-08,783.86865234375,795.7020371672636,781.1965432176701,787.3995455171513,2753935
2021-10-11,794.5092163085938,797.992464256758,780.4331714916116,788.2585097509996,2988841
2021-10-12,791.7894287109375,804.243137554202,786.0635802086233,795.4157877798011,2407031
2021-10-13,804.0521850585938,808.1079940147488,789.4512844657031,790.119311707749,4113083
2021-10-14,802.859375,811.1618669343613,799.9487470090922,805.340610952546,2300231
2021-10-18,797.7061157226562,812.1161438604213,794.1274605646344,811.1618358182822,2632795
2021-10-19,789.546875,803.7183868798626,787.9245976385292,798.755972533847,2029762
2021-10-20,777.6657104492188,796.6564070933842,770.6038070612034,787.3519029214378,2089252
2021-10-21,781.0057373046875,791.1213794123889,773.0372300793272,785.4432348228266,3155655
2021-10-22,775.423095703125,789.0696909520638,763.5897092846556,787.399651646339,1709523
2021-10-25,776.0433349609375,783.7255032829663,759.1997742098048,772.9895374845695,2129988
2021-10-26,776.3296508789062,786.2544785648329,769.458620807599,779.6697292785083,1628608
2021-10-27,787.3995971679688,800.1396453665667,778.524543406574,778.524543406574,3569869
2021-10-28,770.6991577148438,791.2645427849703,766.3570677375507,786.3021292767751,1647229
2021-10-29,758.6749267578125,779.2402543181424,743.739981945112,763.446467177673,4321416
2021-11-01,774.7073364257812,776.6636564635702,751.0405062023464,762.444500124955,1935341
2021-11-02,778.1429443359375,797.8016703302231,746.9847577164858,777.4272131723637,17608860
2021-11-03,751.9471435546875,784.4413254981323,745.6486746065281,782.5327091343898,9452138
2021-11-04,759.1044311523438,760.5835971386639,752.4719778467208,760.5835971386639,485870
2021-11-08,763.4464721679688,766.3093964385987,747.2232346343994,761.5378559875488,4280584
2021-11-09,764.73486328125,774.8982690494662,760.5836458527397,763.4465704920849,3232291
2021-11-10,774.039306640625,777.7611316735523,760.5835852071425,763.2079325839551,2900645
2021-11-11,758.5317993164062,773.4190411998536,755.9074519399313,771.9875789945037,2107377
2021-11-12,769.6494140625,771.6057338438933,759.7245874084158,767.2159402736283,2076523
2021-11-15,773.6575927734375,782.1986619668796,769.7926565954548,771.3672300217136,2109222
2021-11-16,761.96728515625,780.0991383676379,759.295234226998,775.1844285407512,1512946
2021-11-17,755.1917114257812,768.2180406306655,751.4222409290799,763.4465000056304,1662900
2021-11-18,754.5237426757812,758.0546361428239,744.4557453553381,753.9034190957086,3177648
2021-11-22,735.5330200195312,757.72068491146,730.0934518161114,755.6688990530221,2894426
2021-11-23,749.3226928710938,755.5733989523438,726.7532841791593,734.8171988548213,2739763
2021-11-24,743.3582153320312,760.5357590335394,740.1135448898783,747.7003050073117,2404041
2021-11-25,747.1278076171875,751.2790244026795,738.9684270618505,740.161312143468,1861259
2021-11-26,732.2405395507812,762.396708237568,727.1827186425616,739.588723028852,5432649
2021-11-29,716.733154296875,739.5888470917546,714.8245379172834,737.6802307121629,4664270
2021-11-30,719.1665649414062,726.8487917870639,711.9615503947999,716.6853871658677,5505266
2021-12-01,711.29345703125,728.3755938306954,706.5219169471969,722.1725917214264,3687799
2021-12-02,731.2385864257812,735.5329729039751,712.0092547859978,718.5940040177661,4896650
2021-12-03,717.44873046875,736.6303558881831,714.6812722639288,736.6303558881831,3135454
2021-12-06,703.4682006835938,718.1645096708498,700.1758262696529,716.8762171049491,2577704
2021-12-07,709.7190551757812,716.6854937318939,701.4165617748895,707.2378187849563,2583462
2021-12-08,722.9361572265625,728.6143026027299,713.2022020454683,715.9220153330524,2530785
2021-12-09,725.03564453125,731.7635055953007,721.600158359158,723.5564784917756,2604449
2021-12-10,726.5625,739.5888297844197,719.7392315504429,719.7392315504429,2950388
2021-12-13,727.7552490234375,738.0140599039269,724.3197635619946,728.9481340095409,2491218
2021-12-14,721.5046997070312,733.6244254416462,719.1666329783051,722.649881191137,3224172
2021-12-15,739.6841430664062,743.2627982384724,711.2457749483214,718.1168045279567,6231786
2021-12-16,729.5208129882812,750.5632942025425,725.274130443652,750.5632942025425,6186549
2021-12-17,733.815185546875,737.0597979639861,719.0711145482109,727.1827329605,7171030
2021-12-20,729.0436401367188,739.3024515854262,718.6416591832141,732.9085760564985,7474026
2021-12-21,742.9764404296875,748.1297266416199,729.1389751992658,729.1389751992658,5599344
2021-12-22,761.060791015625,764.4008697222766,741.9746269776156,749.131938491869,5871235
2021-12-23,756.241455078125,767.2159980769665,753.9033886160597,765.2119161467634,4277384
2021-12-24,749.5136108398438,758.4840721014696,742.069961005154,757.1480756989353,3076272
2021-12-27,757.81591796875,760.201687837996,745.4576766431238,748.1774309955302,3598487
2021-12-28,777.8564453125,782.4371704144578,757.9114426036102,759.6291853936749,5477769
2021-12-29,800.4735717773438,805.1020007161101,779.1925141485796,784.9183623848214,8748856
2021-12-30,796.3223876953125,803.4796982835386,789.5467653906527,798.4218771171273,5179861
2021-12-31,807.058349609375,812.0684669964987,795.8929334973735,796.3223837798241,3346523
2022-01-03,810.159912109375,820.752709230304,802.4777431841654,806.3903832838085,3726756
2022-01-04,799.423828125,814.9790369706045,794.3660073434196,813.5475749618739,3027262
2022-01-05,796.9426879882812,805.9609113746601,792.696063449893,801.6188210764318,2436343
2022-01-06,791.6939697265625,806.294930129428,784.4412515267986,799.5193077292615,2423850
2022-01-07,791.0737915039062,797.8016526430737,787.4951357653757,791.6940568841082,1475374
2022-01-10,788.9264526367188,796.8471975620195,780.194510945737,794.07968100249,4837873
2022-01-11,794.3660888671875,803.0502693128531,790.4533906939707,792.9346267115496,4950526
2022-01-12,797.9924926757812,806.3903928096179,789.6900000591228,806.3903928096179,3953446
2022-01-13,825.9535522460938,831.202246107854,796.1314280315468,797.9923402318017,7395140
2022-01-14,820.4663696289062,829.19831183655,817.6511491510186,825.9536410745197,2351963
2022-01-17,814.2156982421875,823.9496526988262,811.6390546733206,820.4664047682392,1750754
2022-01-18,808.0126953125,827.5760117351955,806.3903598623245,815.9334410441272,3354708
2022-01-19,800.1873779296875,809.2533052884615,795.8929912860577,809.2533052884615,1677779
2022-01-20,782.53271484375,804.2432261397199,778.3814975208626,800.9508512389733,2886894
2022-01-21,771.7966918945312,782.2463774556953,764.4962114794638,779.1925798230415,3218477
2022-01-24,764.257568359375,787.3041307582902,755.4302190145094,767.2636619753519,5300160
2022-01-25,771.1286010742188,774.6118487232786,748.940939115403,754.8576606203552,3779497
2022-01-27,774.99365234375,780.0515323122172,755.1440537807804,765.3551629911542,3593525
2022-01-28,789.546875,804.3864142767716,774.9936747835828,778.7155001046823,5073701
2022-01-31,796.3701171875,810.9233158538983,782.5803533592504,792.1711382081653,8041517
2022-02-01,851.0042114257812,854.105712616848,801.4755998760554,808.6806723169914,12337459
2022-02-02,849.9544677734375,857.3980587367606,841.6996800391436,849.3341442571857,4404741
2022-02-03,843.1790161132812,850.4794972946621,840.2206839298865,848.7139921398899,2292825
2022-02-04,853.103759765625,861.5970671280538,841.0794424460228,842.5586666364549,4222492
2022-02-07,846.5189819335938,860.2610417662536,839.5048407511729,860.2610417662536,3494623
2022-02-08,853.246826171875,855.0123310576295,841.6997217681504,845.5169540664187,4766558
2022-02-09,852.6217651367188,860.4126336420411,851.5637075444391,859.787473829569,2874380
2022-02-10,860.1722412109375,862.0478382068071,846.417961084508,857.3829445173085,3159839
2022-02-11,846.5139770507812,861.6148521124715,841.2720045826364,860.4606342576111,2682532
2022-02-14,831.845947265625,852.814072119398,829.2971106357204,836.7994386896775,5163415
2022-02-15,843.33984375,846.417738175465,826.2672132356653,829.5855672458393,3219287
2022-02-16,835.693359375,847.524019919958,834.010141995705,842.5705281499332,2136415
2022-02-17,829.6337890625,839.0597946511737,828.4314909336905,839.0597946511737,2275289
2022-02-18,829.9703369140625,834.7795286711125,823.7183876298976,829.6336582674966,1797851
2022-02-21,811.6473999023438,831.0284692829365,807.463425883131,822.8528419809631,2305713
2022-02-22,813.5230102539062,816.6009052658302,793.1320218441202,804.0970044784854,3171552
2022-02-23,808.1846923828125,820.4481316305137,806.0686362224103,817.4183172751701,1979574
2022-02-24,787.0243530273438,805.0107447277314,783.8983779007457,798.9030350260311,3679222
2022-02-25,799.8167724609375,803.1351269421904,785.8701145679294,789.1884690491822,2098988
2022-02-28,811.6954956054688,814.6771713333957,789.6693715049798,789.6693715049798,4123139
2022-03-02,789.5731201171875,812.7053205505212,784.5715489869103,812.128182320516,3807036
2022-03-03,789.5731201171875,801.0189611878706,785.8219270929912,801.0189611878706,2657776
2022-03-04,797.9891967773438,807.5594412297874,778.4638316448146,785.1486198030485,4082674
2022-03-07,791.2564086914062,797.3640592454626,778.2234509874642,786.783836505173,3065234
2022-03-08,822.3718872070312,828.8162166608399,794.6709511686182,794.6709511686182,4864275
2022-03-09,835.1162719726562,851.9965257922124,827.1811044013641,830.451378761615,7276355
2022-03-10,836.36669921875,848.2454405320949,833.5292637557101,836.7033779347522,2899758
2022-03-11,867.5782470703125,872.3874391272433,835.8856596739471,838.7230947287278,7194497
2022-03-14,858.2003784179688,877.0043088432896,855.9881616689831,867.5302233568683,3861194
2022-03-15,857.623291015625,873.3493264399511,847.7163078588611,859.5950481281793,4039746
2022-03-16,855.2666625976562,865.654504915451,846.8505771332004,865.654504915451,3134307
2022-03-17,876.8118896484375,880.0821637940996,858.1522593227171,858.1522593227171,5484100
2022-03-21,878.9279174804688,895.4715496885157,876.5233214823793,877.6775393026537,3878744
2022-03-22,879.216552734375,886.8151003958571,868.0592495740359,878.9280129244628,2174495
2022-03-23,866.4239501953125,890.6622876922754,861.6147585771037,882.9675811031414,2578669
2022-03-24,874.1668701171875,879.7936603911659,851.7079653214734,852.1888845565504,3141478
2022-03-25,867.9149169921875,880.034116896852,862.095806009524,877.0523824263411,1571676
2022-03-28,871.3295288085938,876.1387213537213,864.9813594254472,874.2150443356702,1545077
2022-03-29,884.26611328125,886.8150085343661,866.7125624073321,873.3973510566732,3177777
2022-03-30,885.4684448242188,886.8150421232756,873.7340628151209,886.8150421232756,2084073
2022-03-31,879.8417358398438,891.6242570358405,876.0424621619832,885.4684673775885,1901705
2022-04-01,874.022705078125,883.9296304353915,869.5982125096019,879.1204376691488,1184766
2022-04-04,890.7106323242188,893.3556884995655,868.1555051968859,873.3494571690458,1876408
2022-04-05,893.6439819335938,904.8013419476356,888.882929095527,892.5859832375686,2911697
2022-04-06,892.6822509765625,902.9739342366757,889.7005752338388,892.3937111798409,1881754
2022-04-07,895.4234619140625,911.8227947407293,891.4798892870741,892.68218727592,2728625
2022-04-08,889.3157958984375,901.5311557968179,884.2180639204878,901.2426160067375,1453271
2022-04-11,890.0852661132812,897.9242137376024,883.5447181220519,884.8913153451771,1102625
2022-04-12,886.1417846679688,892.7304135151244,876.6196188881262,884.8914063784091,1420380
2022-04-13,901.002197265625,907.0136877731352,886.1417809898675,886.1417809898675,1825531
2022-04-18,892.1051025390625,905.1380009212182,884.169935858796,892.2012628952288,1287320
2022-04-19,886.8150634765625,901.9640192789007,880.1302744130686,895.4235294673373,2001066
2022-04-20,888.2578125,895.471600906876,881.0921042746444,882.9677010016243,1455897
2022-04-21,908.0715942382812,909.8991106490286,885.468392229558,895.4715348987796,2410164
2022-04-22,889.5081787109375,906.2922712516424,883.3043090237937,905.0899732001014,1745381
2022-04-25,865.6546020507812,887.1516678526583,862.3843278495387,880.6111781561333,1146270
2022-04-26,883.015869140625,889.4601991672147,869.5501294397967,870.4638878035461,3142879
2022-04-27,871.521728515625,886.5264423962659,869.1171325769924,875.3210018398557,1586283
2022-04-28,885.8532104492188,891.96086111054,874.5996888684439,884.8913720013911,3150038
2022-04-29,893.2113037109375,930.1458651177134,884.458538556731,888.7387314178467,4290688
2022-05-02,888.16162109375,889.7005390843775,868.1072548000029,887.2478628529582,2119174
2022-05-04,866.5202026367188,885.7569698507123,860.8453328262088,884.9874521973888,3925917
2022-05-05,844.6383666992188,884.1218190462262,839.3001169161976,870.4637027970595,4462293
2022-05-06,849.5918579101562,851.9002935822408,828.6237922615602,829.1047114677481,2350532
2022-05-09,851.6116943359375,857.3827244072288,834.9237638228813,834.9237638228813,2522123
2022-05-10,828.96044921875,856.853764422478,814.1962524122645,851.2270329413515,6975331
2022-05-11,822.1795654296875,833.9140072615271,818.5245907492036,820.4482678132441,2768829
2022-05-12,817.562744140625,823.1894760149717,803.3275457485458,820.3520993383141,2700591
2022-05-13,848.8225708007812,855.0745217471892,827.325501413597,830.0186377723942,4870689
2022-05-16,851.8040771484375,860.6049221312408,841.656693607724,848.2934021559978,2739020
2022-05-17,857.719482421875,861.4225371646921,845.1675017373817,846.5621793036505,2317400
2022-05-18,864.8370971679688,874.3111827617147,854.1125745791009,856.9980900337599,2878378
2022-05-19,850.8422241210938,865.6545589454316,844.8307341284171,851.2269829630078,2715634
2022-05-20,880.7073974609375,882.6791545360575,855.1224595476554,858.921733154424,2877917
2022-05-23,886.8630981445312,895.7601034766097,881.6210670455205,884.8913411364514,2195036
2022-05-24,875.1767578125,895.3272247330154,872.3874030524419,892.5860088563022,2911410
2022-05-25,876.42724609375,887.4403085738986,872.6279723072407,880.0822206240014,2405811
2022-05-26,865.6065673828125,887.2479335719746,859.4026973340601,883.7371995744587,4113170
2022-05-27,869.4058227539062,877.9661499747551,861.8072753039975,867.5302259827555,2374509
2022-05-30,854.401123046875,880.5631418422558,852.6698254977168,870.4638376485434,3541617
2022-05-31,827.7582397460938,849.1110674803991,818.7169925221398,834.1544896408316,24360628
2022-06-01,807.222900390625,841.608624178489,800.826651364485,841.608624178489,5999099
2022-06-02,826.7482299804688,829.9704240194338,801.019051379975,804.818325007969,3553217
2022-06-03,832.0863037109375,841.6085265219668,822.2274609716802,829.248927643425,2618353
2022-06-06,826.9887084960938,840.5987463903853,825.2574109834745,831.9902803038525,2095566
2022-06-07,815.8794555664062,824.6803007622384,806.5976911512599,822.3718650271469,3031449
2022-06-08,814.9175415039062,821.4099503621551,805.6357779501022,812.8495655703787,3208941
2022-06-09,826.074951171875,829.2009262171406,803.5679660695398,813.7153502445173,2297715
2022-06-10,813.4268798828125,821.3620479828106,809.8680654785898,817.5627739391939,2124778
2022-06-13,797.8450317382812,818.5245593843006,788.4671064104352,807.9443359375,2191412
2022-06-14,793.5648803710938,803.7604041788685,790.4869852837284,794.4786387306817,2461692
2022-06-15,790.9197387695312,798.3739866917715,787.889982902132,793.7571739133824,2008725
2022-06-16,783.5135498046875,794.4785312240614,775.7707623008988,791.2082571288914,2327414
2022-06-17,763.1227416992188,779.3777782400252,759.7563067184286,774.4724250361179,5719089
2022-06-20,774.568603515625,782.455691681885,764.1807585018533,770.432709326601,2745302
2022-06-21,786.2548217773438,788.9960377696723,774.6165417663968,775.8188397816213,1342717
2022-06-22,778.4158325195312,789.6693539330948,772.59672173783,782.9364848983424,2032073
2022-06-23,793.4205932617188,794.959511362128,777.6464185556932,778.6082570449396,1778752
2022-06-24,793.1320190429688,801.9809451562612,790.1503431173644,796.3061331194716,1404748
2022-06-27,803.7603149414062,815.6389961793228,796.4022274015086,796.4022274015086,2980249
2022-06-28,796.9793090820312,805.5396946930939,793.5647943561659,805.0587754723816,2823691
2022-06-29,806.6939697265625,811.5031622744661,792.4106326357102,792.5549318945328,2975927
2022-06-30,798.9030151367188,815.7833273648703,792.2182846894934,804.0969663924518,3809670
2022-07-01,797.6046142578125,805.0107828030879,793.5168004373775,798.2298327950889,2316527
2022-07-04,797.7488403320312,807.6076845238674,790.5350518989804,793.8052674317205,2097164
2022-07-05,803.9044799804688,814.4847018145657,795.1036943147694,797.7487497732938,2682730
2022-07-06,805.7321166992188,810.49322897705,799.5282466830122,807.9443334902018,2364840
2022-07-07,817.0337524414062,820.3521071167517,810.0123429016392,810.8779623565347,2327906
2022-07-08,824.9688720703125,826.7001695847952,817.3222444498891,820.9291387325453,2927832
2022-07-11,824.5359497070312,830.0665203816483,818.6206201987543,824.1031106956527,1768048
2022-07-12,819.1016235351562,827.1810902243838,816.6008669773277,820.4482208853481,1695338
2022-07-13,827.3253784179688,830.3070541744385,816.9374760404181,821.9871279771871,2663538
2022-07-14,846.3217163085938,849.2553119808799,831.2208401767074,834.298735105812,4934156
2022-07-15,844.8788452148438,851.1788747786933,839.540595312221,851.1307946015253,1413559
2022-07-18,849.1109619140625,861.4224821878087,845.0231485497276,854.6896131171394,2866600
2022-07-19,841.8972778320312,857.2866947555679,840.1659801693266,846.4179307945134,1604458
2022-07-20,834.3948364257812,850.9384691312652,829.1528052511364,850.9384691312652,2885666
2022-07-21,836.4628295898438,844.3979967839869,830.739879084391,838.7231264597308,2321107
2022-07-22,841.1277465820312,842.7148035485329,833.4330387802516,837.7613119187528,1939758
2022-07-25,835.2124633789062,844.4942286684109,823.7185399193188,836.7995204345301,2419358
2022-07-26,834.5391845703125,843.9171097943168,829.1047736504278,836.0300224801157,1560211
2022-07-27,859.8836059570312,862.769121413263,833.000208548614,834.3948860936517,2797789
2022-07-28,860.701171875,862.6248489054685,845.2155952621139,861.807309649905,3183169
2022-07-29,907.2059936523438,915.6220796804635,845.4559564248334,862.7690476826798,11315800
2022-08-01,883.6410522460938,904.080120615234,875.2730454549471,904.080120615234,4219890
2022-08-02,882.2462768554688,891.2394424585026,877.2447054090187,883.6409542837034,2043767
2022-08-03,862.7691040039062,882.7753323555582,859.4507495550067,880.0821963919445,2863168
2022-08-04,883.448486328125,884.8912437908274,861.4223655818205,866.6163159299299,3151481
2022-08-05,880.9959716796875,893.5479521620852,877.1005375583863,884.4104865587053,3317738
2022-08-08,875.6576538085938,884.6988990387412,873.733977116313,884.6988990387412,2677742
2022-08-10,884.6028442382812,891.6242532617175,878.3508942423792,878.3508942423792,3077870
2022-08-11,885.9013061523438,891.5280963942985,882.4387111618801,887.776902899662,1526395
2022-08-12,878.59130859375,887.5844742575396,872.5317383434027,885.9012570376676,1384417
2022-08-16,879.697509765625,884.3624619324069,871.7142615833998,872.387560306086,1635836
2022-08-17,885.6608276367188,890.6623992875166,880.0821764018118,883.9295301784317,1828327
2022-08-18,881.765380859375,883.92951732726,861.0377744303792,875.2729714557199,2989998
2022-08-19,869.7993774414062,888.5685669539549,866.5666634479343,883.9365965682714,1708425
2022-08-22,849.7275390625,871.825979423171,847.4115831212484,868.9792283611808,2860170
2022-08-23,857.3027954101562,860.7767587694752,842.0558057031238,843.551597189904,2314528
2022-08-24,850.1618041992188,868.4484972384093,847.3150531205134,860.7767642970524,3223687
2022-08-25,846.59130859375,859.4740455481399,844.3718287094547,856.916781593138,5016244
2022-08-26,849.3414916992188,859.3291795471658,847.3632022241999,851.416198343185,1542618
2022-08-29,848.4730224609375,850.161766037061,834.7218247696457,841.47679907414,2068888
2022-08-30,861.7899169921875,864.1541696604455,851.1267198665695,852.0917161475973,3672052
2022-09-01,841.3320922851562,870.3302813793825,839.9328946166296,861.7417898139158,2939235
2022-09-02,839.112548828125,847.266779614405,835.6868236287867,842.345321879998,1963435
2022-09-05,853.6357421875,855.1315336393898,834.1911011986618,838.5818227833219,2808538
2022-09-06,856.675537109375,859.522288212656,851.6575441491567,855.9517898237292,2252661
2022-09-07,862.4653930664062,865.0226566724594,848.7141965895432,848.7141965895432,1698682
2022-09-08,862.9961547851562,869.2203925230124,855.9516937750897,866.8079018415718,1772605
2022-09-09,858.8467407226562,870.3302207030356,855.6622645873576,863.1892242431641,1405210
2022-09-12,856.627197265625,863.816431228388,854.1181716343444,860.0046841972467,1571387
2022-09-13,858.991455078125,862.0311579956984,852.5742063098618,858.7019090775672,2216354
2022-09-14,852.8154296875,866.277139056083,849.2449318089276,853.6356529345101,1889322
2022-09-15,843.6961669921875,857.0613997190181,840.608167368379,852.0916457229908,1780723
2022-09-16,837.6650390625,859.329218103813,835.49379735477,847.9422733719024,5625488
2022-09-19,844.22705078125,846.2535784975836,826.808878081537,841.862856793584,1920725
2022-09-20,880.0283813476562,882.7303591888278,846.1087380828063,846.8324853026934,4408042
2022-09-21,873.6112060546875,890.2091554758205,871.0540010014864,886.3974080168064,4153228
2022-09-22,876.2166137695312,879.3528516492129,863.9611493522663,868.400167536573,2317690
2022-09-23,888.8580932617188,894.2621080322705,871.005661211787,871.005661211787,4802181
2022-09-26,869.1721801757812,893.9242999596415,867.5799127194949,885.8183663696657,3760536
2022-09-27,865.7464599609375,878.0018659348809,863.092720117986,873.562906484333,3096645
2022-09-28,885.7218017578125,893.5865449080047,860.8249098025342,862.7066643064321,5559336
2022-09-29,898.1221313476562,922.0540294908598,892.7181163484141,892.7181163484141,8519098
2022-09-30,915.4437866210938,917.6632663872784,897.4465816131348,901.25832887392,4182345
2022-10-03,911.4390258789062,933.9716664319429,909.7502823158696,919.593256577309,4444578
2022-10-04,911.4873046875,922.8260119750868,910.0398101401485,922.2470377156277,1856830
2022-10-06,920.510009765625,928.3264563689182,914.3822478173165,921.2819950389983,3449485
2022-10-07,921.7161865234375,927.892127149219,913.0794583551441,919.6414210382168,1762328
2022-10-10,912.934814453125,920.8477965569604,902.5128653182051,912.8383383745082,1683827
2022-10-11,911.6802978515625,918.5800452847019,907.0965652082231,917.5185139649175,2426935
2022-10-12,922.102294921875,926.3965406661624,908.1098471722298,912.8865911147809,2875040
2022-10-13,934.5025634765625,939.6652708015862,918.1941003006,923.3568076256237,4498223
2022-10-14,942.1258544921875,945.5998764324298,930.2564120517646,941.8363673885086,3307000
2022-10-17,945.6964111328125,950.5213928222656,939.2309238892049,942.1259129028767,2647369
2022-10-18,944.1041259765625,950.5213750631189,938.7001701448212,949.3151296632926,2065146
2022-10-19,942.7049560546875,946.3719303978681,931.2697139900403,941.4504136831468,2424533
2022-10-20,946.0341796875,948.4466706428908,932.7172413934833,936.0464906916636,1669666
2022-10-21,943.4768676757812,957.1798265289829,941.5951131641225,946.6613435962123,1791608
2022-10-24,952.451416015625,955.2981670833558,947.7229102489736,951.4864196468149,191840
2022-10-25,956.8421630859375,962.4391303937067,951.0039466795686,957.2281852031791,2119595
2022-10-27,976.2385864257812,977.927330047603,957.7588826617928,964.0313589714166,4379157
2022-10-28,955.3463745117188,968.3738250732422,952.9821217041463,966.9263305664062,3934980
2022-10-31,981.3047485351562,991.3407334868544,956.504332161184,960.123068240109,3546309
2022-11-01,1000.3151245117188,1012.281101993717,983.4759864735852,986.1779642892528,5264069
2022-11-02,1015.1276245117188,1033.462550849456,996.5032700154968,1002.4380197316611,5923662
2022-11-03,1007.6491088867188,1018.6500904795881,1003.1619702426003,1008.4211530606543,2386317
2022-11-04,1003.499755859375,1009.7722323089848,995.3454657964367,1008.7107598539174,1576349
2022-11-07,992.3539428710938,1013.1978398395468,985.2612434731524,1008.4211551708563,2853521
2022-11-09,978.072021484375,1000.3634721148014,974.6462962821337,984.344497648567,2268760
2022-11-10,975.2736206054688,986.5157931577864,971.5101111423807,974.6463493953856,2419991
2022-11-11,978.072021484375,995.3454205050054,974.50152327271,980.1950251966111,2390487
2022-11-14,981.3047485351562,985.6472318298662,966.9262802887481,982.9934920386546,1764788
2022-11-15,980.4844970703125,986.2262369418374,969.2905633416077,986.2262369418374,1703050
2022-11-16,982.9934692382812,986.9981684001837,971.847715254757,971.847715254757,1485506
2022-11-17,977.87890625,994.4286151563304,975.0804525218197,987.4806305196037,1758031
2022-11-18,974.26025390625,982.2214734873636,970.7862907394261,979.712506633402,1130682
2022-11-21,968.0361328125,977.3483124503911,958.7238942759045,967.8913597974155,1108922
2022-11-22,974.7427368164062,976.9622754202335,961.3775616517935,970.9310485591808,1723123
2022-11-23,982.0284423828125,983.4276398049983,974.1154614738526,979.6641898266598,1311376
2022-11-24,998.86767578125,1001.0872144551179,978.3132657699001,984.9235259574294,1994268
2022-11-25,997.661376953125,1001.617838127506,991.0028790854414,1001.617838127506,1948596
2022-11-28,998.5299072265625,1005.0436321589416,991.9678853609101,996.8411637255754,1427648
2022-11-29,1013.1012573242188,1014.4039786608621,997.8060908070129,998.771087026362,1179559
2022-11-30,1009.434326171875,1021.2555296692204,1002.968780927547,1016.141002669781,3060171
2022-12-01,1009.8203735351562,1020.8213553778395,1003.2101721613096,1018.0711393665199,1878374
2022-12-02,1003.59619140625,1013.1013817749918,998.5782575681806,1011.605708129704,2284133
2022-12-05,1003.0171508789062,1009.3378057959485,994.6699095482963,1005.6708906327339,2294634
2022-12-06,997.371826171875,1003.5960042717226,987.4323186260001,1003.0170301364269,1321211
2022-12-07,982.125,1000.8459520782718,979.8089852835558,1000.2669778485111,2954262
2022-12-08,946.4683837890625,982.3662588591367,940.8714168837507,979.4712698841098,10021644
2022-12-09,958.0964965820312,962.1012545511259,945.6963184153494,946.4683036302349,4231753
2022-12-12,952.8373413085938,960.1712894068958,945.8411183455787,960.074813339299,1875104
2022-12-13,959.8336791992188,961.4741259369756,945.5034475233444,945.6964585803468,1863361
2022-12-14,965.2376708984375,967.8914110583682,959.737179514476,964.0314253711963,1570685
2022-12-15,967.119384765625,971.7513556144335,963.1628642645161,965.9613773287466,1304660
2022-12-16,958.86865234375,969.9178134968951,953.0303772731495,963.2111359441417,2618988
2022-12-19,953.3681640625,958.3861569059285,939.6169659552786,953.0303799978374,1547342
2022-12-20,953.7540283203125,955.9735668333348,945.1173589275851,953.3680651562154,1352408
2022-12-21,970.4003295898438,974.1638390058116,953.8024390853304,957.2764024702973,2043630
2022-12-22,975.2736206054688,997.8545595865864,971.7995982783017,984.2480752112496,5163443
2022-12-23,966.4920043945312,991.8713945671489,963.5005395109571,976.5762272161771,3612433
2022-12-26,965.0444946289062,976.3832006439071,954.0918106760226,974.6462191617741,2307374
2022-12-27,965.1410522460938,980.194970642832,958.2413052900145,965.2375283145387,1870105
2022-12-28,960.17138671875,975.2253065088287,958.2413939816269,963.9348961156218,1686511
2022-12-29,965.5269775390625,969.5317355002932,954.477758795453,963.5969850562905,2162872
2022-12-30,966.3473510742188,971.5582959313023,958.9651055699728,968.8563179796254,1629162
2023-01-02,962.101318359375,966.3473256708925,952.6443663277591,966.3473256708925,1616012
2023-01-03,973.7777099609375,977.3482079303764,953.4163122764559,958.2412936138874,1810117
2023-01-04,968.9528198242188,989.9897875544401,965.7201055833463,976.5763146143856,2573870
2023-01-05,980.6292114257812,986.1297018888336,972.9574793772108,973.7777026389275,2246533
2023-01-06,973.3917846679688,986.0332127044396,968.9527663255902,979.4712496099455,1773153
2023-01-09,981.2565307617188,987.5290071378685,975.1288273998849,979.4713110449117,1567316
2023-01-10,976.4315795898438,988.1563093590057,974.6945978570399,980.4363381921385,1607654
2023-01-11,992.0162353515625,996.889513976872,973.0540337525308,976.5762939453125,3258157
2023-01-12,996.6963500976562,999.2053167802346,985.4059411273572,995.827829915927,1641398
2023-01-13,995.4901123046875,998.77112312855,984.4409523127061,995.0559111092415,1491367
2023-01-16,999.205322265625,1003.1136042061651,990.1826308666356,995.4901102539698,1437532
2023-01-17,996.5516357421875,999.736170663454,990.8582517881056,999.2053755774429,1245848
2023-01-18,1003.692626953125,1005.0436453311008,994.0909608977743,996.5516307815949,1238451
2023-01-19,1004.1270141601562,1007.4562044985879,999.7362335828899,1001.7627023887791,824263
2023-01-20,994.2838745117188,1010.8335839565,981.2564249810144,1007.5043939731669,2963571
2023-01-23,1012.5706176757812,1017.9745731452914,986.7086709180901,998.7711241077978,2106604
2023-01-24,1004.271728515625,1014.1629418338287,998.3370947626346,1013.2462423525708,2088556
2023-01-25,1003.64453125,1009.048487413737,994.2358165533243,994.2358165533243,1753333
2023-01-27,1006.8771362304688,1014.2110843561528,997.8061476919715,1008.3728097772943,3448013
2023-01-30,1014.886474609375,1034.6207179314758,1003.7890181104915,1005.4777614907564,3320916
2023-01-31,998.2886962890625,1023.1856485450538,990.1345244774845,1018.071120913447,5265462
2023-02-01,979.3748168945312,1007.4078901183276,969.9178055675844,1000.1704175101762,4717887
2023-02-02,972.3302612304688,980.146766703471,958.2413386228855,974.5980379047987,2117181
2023-02-03,992.1609497070312,996.3103630362126,966.5885482647221,971.7512548077465,2332076
2023-02-06,987.5289916992188,990.0379586509728,977.3000539436638,984.2962774846084,1215157
2023-02-07,971.17236328125,992.498759344037,966.9263557245747,990.3275175272903,2360600
2023-02-08,984.8809814453125,988.672748348158,969.7140325157952,976.908586509158,1815142
2023-02-09,978.8529663085938,992.8532710200791,973.6028965474815,975.1584595861237,1474402
2023-02-10,978.6585693359375,986.1934432643206,969.0334111481094,978.8530295635657,1530150
2023-02-13,987.0684814453125,989.1101654765201,974.1862776736795,980.2627888867139,1355766
2023-02-14,978.8043823242188,989.790702236777,975.4015361974397,989.742102017437,1832842
2023-02-15,967.76953125,978.4641912687362,963.0541228189985,974.1863035248691,2251350
2023-02-16,967.5264282226562,981.9641948762976,963.6860613349048,971.172334886801,1678410
2023-02-17,957.1719970703125,968.8388979995595,954.7413927100527,964.658270368098,1847026
2023-02-20,957.0747680664062,964.1235205007752,947.8870719906645,962.6651579281471,2157871
2023-02-21,944.6300659179688,963.2971194919625,942.2481210897091,962.5193379557393,1771813
2023-02-22,941.6646728515625,950.8523686499537,939.1854684211199,944.5813979087709,2605147
2023-02-23,945.5051879882812,950.123336721386,937.2897325843611,945.9913089075554,2835983
2023-02-24,943.5606079101562,956.0538905227248,936.9493759516655,943.6578083477074,1823835
2023-02-27,938.2619018554688,945.553715080615,933.4006930387046,943.5606313339273,1548675
2023-02-28,930.0464477539062,948.9079617128484,927.5186429037473,942.102269364498,3819644
2023-03-01,932.6714477539062,939.2340792064749,924.6018535396732,924.6018535396732,1862513
2023-03-02,938.5049438476562,940.1577666810514,924.6990992112487,933.3520744713643,1510195
2023-03-03,940.0606079101562,942.831473267688,931.5534922709788,940.2064085736988,2215832
2023-03-06,938.4563598632812,952.310804958388,937.0465974415584,943.0745082283167,1989152
2023-03-08,930.9215087890625,938.2133221738331,920.7129700503834,933.3521132506527,4734482
2023-03-09,926.2547607421875,932.7687925720148,920.8588307018495,930.9215094435358,2994556
2023-03-10,929.025634765625,930.9215181328806,919.8379379404096,920.2268583945394,2001392
2023-03-13,927.6157836914062,933.2548330330073,921.2476124145833,928.5880253929341,1412106
2023-03-14,930.6298828125,936.9980548710638,923.9213905120699,927.0325762070655,1879695
2023-03-15,924.9908447265625,938.1161086359251,922.9977016231388,925.5741660528295,2189113
2023-03-16,940.5466918945312,943.0744967060323,925.2824845641967,928.7339309056055,2228093
2023-03-17,931.1159057617188,941.8105646662075,926.3032973865137,941.6647046720489,2218687
2023-03-20,934.518798828125,935.9285612592444,921.053214743132,923.6296791634857,1955757
2023-03-21,929.6575927734375,938.2133084852208,926.7894676824213,938.2133084852208,1687239
2023-03-22,945.0675659179688,947.3523695980324,930.0464192554869,930.4353396855607,1626129
2023-03-23,950.51220703125,955.6650766354345,945.019017196974,947.9357425586932,1857923
2023-03-24,945.8453979492188,951.8247086705999,941.1300490226156,950.4635464335756,1534322
2023-03-27,956.1511840820312,963.442997383779,936.2688279444134,952.7969380950416,2473222
2023-03-28,956.8803100585938,960.3803565045906,949.1995767553631,959.6025749989163,1394675
2023-03-29,964.3666381835938,968.8389266021343,951.8246955780126,958.2901271035503,3045795
2023-03-31,955.8108520507812,967.5750129701834,954.1580885288757,967.5750129701834,1822710
2023-04-03,951.8732299804688,960.5748051135997,949.102364855934,953.7691131745357,1671570
2023-04-05,969.4708251953125,971.2694485859541,948.2273086582228,957.658064922087,1544121
2023-04-06,984.005859375,985.8531424512698,965.8249859761063,969.4708925680118,1423990
2023-04-10,980.60302734375,988.72128174319,978.7072033614003,986.825398419912,1110974
2023-04-11,981.2349853515625,993.8741280907949,979.5821625097851,980.60300447823,1786844
2023-04-12,988.4782104492188,991.881056613312,977.3460304156423,987.3115084676298,3246327
2023-04-13,975.6446533203125,995.4297503563054,974.1862906098187,993.922787423648,1445693
2023-04-17,970.9778442382812,981.8669636688428,967.4291381266718,971.7070255482618,1768817
2023-04-18,976.9085083007812,978.3182707205641,960.8665192653633,971.2695179625774,1217390
2023-04-19,967.8666381835938,981.3808219106742,965.4360338687178,975.6445719911967,2174563
2023-04-20,960.331787109375,974.2834324643933,956.4428201152596,971.3667072188067,1638094
2023-04-21,961.9846801757812,966.700029264,957.6095919880162,966.700029264,1216575
2023-04-24,951.9705810546875,955.2275673443751,932.6229455217219,947.9357538531967,3485350
2023-04-25,945.5051879882812,955.6165268455572,940.1578578762653,952.797001777394,2377746
2023-04-26,944.2898559570312,949.6857861228854,936.4633212713393,948.7135443149501,2911028
2023-04-27,951.532958984375,954.3524242959717,936.8034735653547,941.1299609772884,2777173
2023-04-28,960.234619140625,964.9499680440657,951.9705639986859,957.6095544626468,2009995
2023-05-02,946.0398559570312,961.4499238364253,943.3661910513025,960.2346216065487,3152556
2023-05-03,936.8521728515625,945.4079481470274,932.8660052159851,943.5606649943861,3087472
2023-05-04,946.9635009765625,948.8107841090897,938.3591848939993,940.789789362625,1197830
2023-05-05,943.5120239257812,950.1232559980272,940.9841597557657,946.9634702912033,1062645
2023-05-08,935.1506958007812,942.1022479924106,934.3243140564568,935.2965557984511,2676958
2023-05-09,930.8728637695312,940.0119005007347,923.1435300854645,935.1993513711344,6902170
2023-05-10,927.32421875,933.3035295678377,925.1852749177125,930.4354043841519,2180917
2023-05-11,934.3729248046875,937.1438494051522,925.5741488086728,927.3241720957978,1296607
2023-05-12,929.463134765625,936.3660276159021,925.5741676745555,934.324343629462,2014927
2023-05-15,926.5464477539062,929.2201127395549,921.7338389115523,926.5464477539062,1814239
2023-05-16,914.8308715820312,935.8312693025066,911.9627465982119,926.5463726099105,2625163
2023-05-17,909.9696655273438,919.0601020310642,903.0667135907403,915.1225348647715,2956985
2023-05-18,903.8445434570312,916.8239467504795,896.8443911682698,916.8239467504795,3014019
2023-05-19,900.1500244140625,908.4627390701356,898.6430615297147,906.1293350717767,1309343
2023-05-22,911.4280395507812,916.5809089527626,897.2332744095395,900.1499996568036,1382485
2023-05-23,905.7404174804688,929.6576008457971,903.309813033236,911.4766677123098,3057684
2023-05-24,925.7200927734375,928.2964980478868,906.7127173064945,909.5322423821601,2953574
2023-05-25,918.7684936523438,925.2825255284353,916.5323493984129,923.3380419439858,2331464
2023-05-26,942.9773559570312,949.5885884017645,910.9905766478579,917.747669100572,4137189
2023-05-29,941.5675659179688,946.2343146047306,920.1296464868643,943.0259285913899,5344765
2023-05-30,932.9631958007812,940.5953294392767,929.75480976935,938.213325191072,2624815
2023-05-31,948.2760009765625,952.1163678943368,934.0812946562276,938.2133222412277,5595631
2023-06-01,960.283203125,962.9568679786562,947.9357208417475,952.6024694453982,3261906
2023-06-02,971.852783203125,975.8390097925254,953.7691112521452,959.1650408390566,3734815
2023-06-05,980.748779296875,989.4503540643972,970.7833022333875,977.4431339004226,3629780
2023-06-06,985.65869140625,987.7490349414377,976.1307339589006,980.8947423530394,1632644
2023-06-07,986.4365234375,989.2560484421598,981.9642348172789,986.8254439005328,1608613
2023-06-08,959.6026000976562,987.7976106375063,955.9566935623308,986.8253688947528,3395935
2023-06-09,956.6373291015625,963.1999612386886,953.7692039290029,956.6859293232811,2306206
2023-06-12,958.0955810546875,962.4220684242978,953.8176939011781,960.4775850528705,593319
2023-06-13,960.6720581054688,968.3527917361324,958.1928534887877,962.5193411835052,2413311
2023-06-14,959.3109130859375,967.3805074608936,956.9289090134517,964.0748618899838,2139387
2023-06-15,960.9638061523438,967.186117985526,958.3387414588613,961.0610065946867,2731724
2023-06-16,964.4638671875,967.0403316981128,959.7971184080045,962.5193835842994,3611214
2023-06-19,973.9918823242188,978.75589116894,966.1653472286913,967.5265095674499,1327862
2023-06-20,964.4151611328125,979.7765680441843,962.130357545223,979.679367611063,1445688
2023-06-21,964.3666381835938,966.2624621678244,956.2969839965532,964.4152384040484,1396686
2023-06-22,962.81103515625,968.5472854678457,959.6998495523494,959.6998495523494,5384143
2023-06-23,963.9291381835938,968.3042262550239,950.1718930670585,966.4083428892181,1218237
2023-06-26,967.3319702148438,975.936286225563,963.9291239871808,966.4083286562924,2066932
2023-06-27,973.9918823242188,975.498845337244,958.6304728226311,972.1932586217263,4647465
2023-06-28,993.4365844726562,997.0825502887025,967.3805180653134,967.3805180653134,5296330
2023-06-30,1022.409423828125,1025.7150695897144,991.7352077858316,993.3880306666263,4765060
2023-07-03,1004.0340576171875,1024.4025945003948,1001.4090522345595,1023.770613595137,2338356
2023-07-04,1019.6871337890625,1024.6455426806615,1001.3117420784572,1011.1313594288487,1549174
2023-07-05,1015.700927734375,1028.340070720584,1013.7079033187405,1025.7150654192678,1840716
2023-07-06,1013.5620727539062,1027.2706583468675,1011.1314682628897,1011.1314682628897,2551103
2023-07-07,1006.9507446289062,1022.0204919279075,1000.1937118611287,1004.8118602269516,1721224
2023-07-10,1015.9927978515625,1021.8262493224805,1002.4786115408941,1007.2426206451854,1221769
2023-07-11,1042.486328125,1044.9169327604045,1019.9303645811929,1022.7984305782234,4369937
2023-07-12,1048.805908203125,1053.6671175111348,1040.2987919141078,1045.1600012221177,5088473
2023-07-13,1045.7918701171875,1051.8683811011322,1041.9514439662214,1051.8683811011322,1541690
2023-07-14,1043.166748046875,1050.021099921885,1035.4374735340812,1049.9724403611835,2641580
2023-07-17,1047.6876220703125,1051.0419271120422,1040.7847298033157,1043.8958557405447,1254025
2023-07-18,1037.5277099609375,1048.9515494522357,1034.8053858434655,1048.5139694966545,2238739
2023-07-19,1051.8197021484375,1055.854529103759,1034.3193508373256,1037.5277960504372,2311282
2023-07-20,1067.1810302734375,1073.8408615862925,1052.2571452498687,1055.903051298713,5218991
2023-07-21,1066.695068359375,1073.5493015430907,1060.083776933266,1072.7715793459254,1879610
2023-07-24,1069.854736328125,1076.611768328773,1062.1740035500673,1063.6323660263374,2130036
2023-07-25,1064.653564453125,1079.1885337182925,1060.5215362834829,1079.1885337182925,1702900
2023-07-26,1081.1326904296875,1083.4660940734575,1063.7295415506114,1066.5977255625637,1321572
2023-07-27,1103.4456787109375,1123.2794332849187,1085.313465807326,1096.688646314981,6366612
2023-07-28,1110.861083984375,1116.08095085347,1094.3720596684998,1102.4701363798963,2677679
2023-07-31,1115.593017578125,1117.154082431943,1099.59183484786,1112.2756803252532,1718336
2023-08-01,1115.641845703125,1124.618177970225,1108.3730734518597,1115.5931331379804,1448567
2023-08-02,1107.64111328125,1116.4710680570563,1099.0550785920504,1116.129484654523,1731918
2023-08-03,1113.2513427734375,1141.2533227731062,1095.0548793889393,1102.7627784133897,8460399
2023-08-04,1111.2509765625,1117.1538897340465,1093.7863953143078,1101.543005685361,3527805
2023-08-07,1132.56982421875,1138.375074795405,1105.933702404621,1111.2511127949485,3353219
2023-08-08,1120.7154541015625,1136.2775107685652,1112.2269621091398,1133.9358536981856,3073468
2023-08-09,1124.764404296875,1131.1063268491525,1112.5683993886491,1123.1545078286672,1306791
2023-08-10,1122.3250732421875,1129.7402195466807,1115.7879439080396,1122.6177058651037,1443067
2023-08-11,1104.8116455078125,1123.0081082674812,1103.0066606397806,1122.0812595546456,1756630
2023-08-14,1106.6656494140625,1114.2271735780114,1093.2500420264114,1103.4946876678905,1824622
2023-08-16,1115.8367919921875,1117.6417767156688,1094.5669139435154,1107.3483019738942,1224080
2023-08-17,1116.9591064453125,1121.0080853202307,1109.8365910117952,1115.837050027481,1964341
2023-08-18,1107.2998046875,1121.349627472039,1101.5432660137822,1113.2514318172944,1473774
2023-08-21,1109.73876953125,1116.0806913240415,1099.7380467041557,1102.4698800154774,941384
2023-08-22,1109.8853759765625,1119.1055088578905,1102.518940723118,1107.3973431156983,1438879
2023-08-23,1096.3719482421875,1102.9577905241213,1083.5905596338662,1100.5674213365053,3050418
2023-08-24,1091.103271484375,1105.5432677269757,1086.127206926875,1096.274305349693,1575291
2023-08-25,1079.395263671875,1095.9818303106988,1073.4923496685906,1090.8106766003039,1515282
2023-08-28,1089.8350830078125,1096.8112221759484,1078.273293279665,1083.0541513942935,1959645
2023-08-29,1084.5662841796875,1097.6892567225168,1079.541506413522,1097.6892567225168,1749707
2023-08-30,1087.7861328125,1091.9327746307947,1083.4931151097073,1090.3228781045457,1543173
2023-08-31,1084.5662841796875,1091.6399669189823,1074.9070246188116,1091.6399669189823,4782404
2023-09-01,1082.0296630859375,1090.3229472484536,1078.858701494387,1084.956704555061,2715249
2023-09-04,1081.93212890625,1086.9080756296516,1075.199909644413,1086.9080756296516,1205294
2023-09-05,1104.3726806640625,1108.37294652751,1080.273303059407,1083.0052558499438,1698118
2023-09-06,1114.568603515625,1121.0569027084575,1101.5921242315844,1109.3487366227296,2960249
2023-09-07,1105.49462890625,1113.6902482736,1101.1527800421457,1112.2755594570363,1863837
2023-09-08,1102.9578857421875,1110.373152232917,1101.0553565593589,1105.4459184596842,1789037
2023-09-11,1109.2510986328125,1112.2756841289809,1098.323406415489,1102.9578884326932,2032253
2023-09-12,1117.39794921875,1125.740064063777,1109.4461303439575,1114.2758196600919,3989578
2023-09-13,1120.8128662109375,1128.5694777967362,1114.5197752339018,1121.0567863123981,2115524
2023-09-14,1115.9832763671875,1122.9105833074516,1111.056042763028,1120.8128466511776,2065163
2023-09-15,1121.8375244140625,1125.740246545819,1116.1785296823646,1116.1785296823646,2404169
2023-09-18,1119.739501953125,1128.8620887898367,1114.7635563241547,1121.056646516441,962842
2023-09-20,1125.1058349609375,1127.8865001765184,1111.299933997452,1120.0810572687226,2303191
2023-09-21,1118.276123046875,1128.8133999885135,1113.3977210086316,1121.0567883883514,2088934
2023-09-22,1104.8116455078125,1120.0810671512324,1100.8602114618413,1114.714825104776,1585418
2023-09-25,1096.713623046875,1109.1535483939942,1094.3719662200358,1098.811240667255,1009279
2023-09-26,1098.469970703125,1102.5190689803267,1091.2987421721198,1097.6406660202367,1966198
2023-09-27,1112.2269287109375,1118.0322990966813,1095.8842804773403,1098.76260938841,2332018
2023-09-28,1104.7630615234375,1123.9839194497683,1101.3968923870289,1115.1539634141366,2685663
2023-09-29,1130.47216796875,1139.0093718364399,1106.7143730258454,1106.7143730258454,2288577
2023-10-03,1113.6903076171875,1133.6917551468957,1111.5438584497642,1131.350217546655,1946966
2023-10-04,1096.4698486328125,1111.300145337312,1085.9324510627112,1110.4220090228653,1803871
2023-10-05,1091.8839111328125,1101.2017065875955,1084.7615156782597,1097.2989849900507,2348562
2023-10-06,1099.884521484375,1104.6165474273305,1095.7865924964494,1100.567450098226,1056281
2023-10-09,1095.7379150390625,1106.2264792833375,1082.0295578512496,1083.9809186408822,1080276
2023-10-10,1099.1041259765625,1102.9093038948097,1092.5671140130921,1094.7135635558839,1092093
2023-10-11,1101.2991943359375,1106.8605246866264,1095.054816279736,1100.5674340739204,1456045
2023-10-12,1102.9091796875,1105.0069164281294,1093.9328482884755,1101.5432032679078,1221965
2023-10-13,1117.4468994140625,1119.3005970414968,1094.7134966295039,1098.7137627701252,1934884
2023-10-16,1107.68994140625,1119.3492738682235,1105.494660633791,1113.7391118941616,1144308
2023-10-17,1109.153564453125,1116.17841593374,1106.4216115986549,1110.9585494347925,798807
2023-10-18,1125.3497314453125,1133.5454701468975,1106.470340628436,1109.3485499996666,2178517
2023-10-19,1113.7392578125,1122.032541817236,1107.3973347500548,1119.495796412582,1765065
2023-10-20,1114.422119140625,1117.1540719353477,1105.543451210195,1110.3243090501535,957910
2023-10-23,1095.1524658203125,1121.251917675701,1090.8107354887545,1107.39730302302,702730
2023-10-25,1093.054931640625,1102.2262332258779,1085.7373277577367,1097.6405824332514,1800673
2023-10-26,1076.8582763671875,1090.7617203439127,1070.8091062776018,1088.8103597857757,2223975
2023-10-27,1084.273681640625,1092.5669650825398,1080.712424342304,1084.9566102834322,1250965
2023-10-30,1088.0787353515625,1092.713217255448,1077.0047866226007,1088.5665755519715,1078813
2023-10-31,1062.125732421875,1092.371826895059,1042.3682029676177,1092.2254510047037,6475786
2023-11-01,1089.054443359375,1105.0069135984252,1056.2716048811844,1065.4430247016867,3973264
2023-11-02,1105.299560546875,1109.885330067187,1083.5906707978613,1100.4211583560855,3454692
2023-11-03,1113.348876953125,1117.8369829580222,1103.9823689642938,1110.8121317418015,1741756
2023-11-06,1122.0323486328125,1123.0080289359714,1112.2755456012228,1112.3730898112187,1428537
2023-11-07,1142.4730224609375,1145.0098870169816,1118.666513779232,1121.0568833397863,1811831
2023-11-08,1148.0831298828125,1154.1324200916754,1142.5217989971707,1146.4245207700046,1702301
2023-11-09,1147.59521484375,1154.4738091605668,1138.4726271148209,1152.278528306469,1849169
2023-11-10,1150.668701171875,1152.7664379346947,1141.6436571169484,1145.4976663094812,957539
2023-11-13,1149.156494140625,1158.6693786315188,1145.2049406345293,1151.4004877390441,816825
2023-11-15,1152.1810302734375,1155.595911738918,1142.5217703078986,1150.8150538669227,2246320
2023-11-16,1160.620849609375,1165.8407167482628,1150.9127566448126,1153.2544137926363,2205723
2023-11-17,1165.5478515625,1169.2554849443618,1159.059552695051,1160.8646568240424,891965
2023-11-20,1159.1083984375,1169.1091232556687,1156.4252771448207,1166.913842198022,1054810
2023-11-21,1172.1824951171875,1175.6949208529395,1157.4009127483814,1160.08403393705,999135
2023-11-22,1174.8167724609375,1185.2566244386483,1169.8408261284205,1175.6949086611733,1401782
2023-11-23,1169.6456298828125,1180.4756577499195,1165.6940768967586,1174.2801114607657,1177434
2023-11-24,1166.3770751953125,1180.1829765413602,1163.7916174417473,1170.81646861278,1376695
2023-11-28,1162.376708984375,1171.1578317402757,1160.815644314757,1168.0357024010398,886708
2023-11-29,1172.963134765625,1180.0856505742747,1155.6936363003128,1162.9624089133006,1813462
2023-11-30,1196.037841796875,1201.2089957619257,1163.3525471048847,1163.3525471048847,4672807
2023-12-01,1201.3065185546875,1211.648707198673,1195.2085159224303,1203.0627909534232,1749751
2023-12-04,1201.2088623046875,1209.8436094063395,1190.8178429680947,1207.160488498382,1615837
2023-12-05,1209.4046630859375,1213.3560971653324,1190.8667358595565,1196.0866020740316,930042
2023-12-06,1210.1851806640625,1227.4059638338827,1203.3067051893954,1218.185831539528,1704590
2023-12-07,1209.160888671875,1211.6976341460563,1199.0137876735266,1201.0626928987645,1478355
2023-12-08,1205.7459716796875,1217.2589297572015,1200.7211934421432,1205.9898917970283,1612113
2023-12-11,1211.2095947265625,1216.0391647562817,1185.5491542110747,1205.94089708403,1172972
2023-12-12,1188.3787841796875,1219.6005584766908,1183.1589176097307,1218.6248780299093,2832873
2023-12-13,1203.1114501953125,1209.4533726518057,1183.1588341074507,1188.671452063032,2448178
2023-12-14,1201.3553466796875,1209.7461744566488,1194.476752090106,1208.8680382598661,2341190
2023-12-15,1205.697021484375,1216.1855854989064,1203.0139004574019,1210.8193434449602,3474624
2023-12-18,1222.28369140625,1237.0652741368149,1203.9896828539713,1205.697123652184,2135393
2023-12-19,1214.6732177734375,1237.1138660761999,1206.4287663637176,1234.0405682203675,2187458
2023-12-20,1202.1846923828125,1224.4789668838403,1198.574603250551,1224.4789668838403,1837031
2023-12-21,1203.501708984375,1207.8434388913458,1179.1585319479516,1194.3302898949391,1916222
2023-12-22,1213.4049072265625,1220.5761340740623,1205.9897602883204,1209.8436500814048,2058127
2023-12-26,1217.1612548828125,1219.6004557944013,1209.160723533444,1213.404909299287,1796483
2023-12-27,1221.9908447265625,1224.8691733095552,1211.0632721073052,1219.6004754353528,2005268
2023-12-28,1231.4549560546875,1233.8941568870655,1219.1614076798228,1224.4299861964769,2043365
2023-12-29,1228.8206787109375,1241.0166841731589,1222.088578977084,1231.4062556892516,1840160
2024-01-01,1229.6011962890625,1233.2111660467683,1222.039673360088,1230.3329565725116,733452
2024-01-02,1264.677001953125,1267.408954962438,1226.5767503261204,1230.3330963877092,3174447
2024-01-03,1267.0185546875,1272.9214687997085,1259.7497832846493,1264.6768978867226,1699057
2024-01-04,1281.01953125,1296.1914090835303,1265.5063081990133,1272.2872393262503,2851729
2024-01-05,1268.57958984375,1285.9467483498163,1255.7006563931816,1285.9467483498163,2960339
2024-01-08,1273.5556640625,1278.092482606663,1267.701581707079,1273.653208281435,1678133
2024-01-09,1291.8009033203125,1301.0210358430927,1275.0679599441407,1282.970947692469,1712486
2024-01-10,1292.630126953125,1301.0697860560751,1281.2147141536816,1297.7037363874624,1278475
2024-01-11,1284.2393798828125,1299.5088025978487,1278.3364655767978,1295.7036250593542,1320281
2024-01-12,1293.703369140625,1297.6549223719508,1273.7995844095917,1286.9224380515811,1538242
2024-01-15,1297.020751953125,1307.4117723221275,1289.459228643053,1296.8743760687362,1475983
2024-01-16,1281.5074462890625,1299.1673578101284,1275.7510268844646,1297.7038371272745,824502
2024-01-17,1267.4088134765625,1288.3371099845504,1262.8718758897542,1280.092658415127,2544642
2024-01-18,1303.2650146484375,1310.7289930725842,1258.627639076537,1267.3599304822017,2842572
2024-01-19,1303.1187744140625,1311.7048099436447,1296.825683204296,1307.4117921788536,1605745
2024-01-23,1344.7803955078125,1360.683915188274,1283.9954565720022,1283.9954565720022,4129729
2024-01-24,1348.48779296875,1356.1956915829599,1327.2667452767146,1346.4388880463919,1719845
2024-01-25,1335.0235595703125,1356.2933211577015,1315.705039711435,1349.9026859000116,1870910
2024-01-29,1366.7818603515625,1386.2954682920542,1322.2420264070681,1331.8037419385535,3413149
2024-01-30,1338.3896484375,1374.9288334077405,1335.8529031045975,1367.8064376308073,1935332
2024-01-31,1383.953857421875,1403.906593663787,1333.6576027479975,1338.3407973480812,5796356
2024-02-01,1373.7091064453125,1395.6619144050653,1364.8792707046864,1392.2958648252122,2442481
2024-02-02,1382.19775390625,1398.9794102556336,1370.9774285640779,1374.7337745322202,1775449
2024-02-05,1428.201171875,1430.3476213468764,1388.9787440851412,1392.1009931643353,3481964
2024-02-06,1439.2261962890625,1442.0556933914122,1411.3705911287032,1414.7366410132258,1893995
2024-02-07,1459.81298828125,1463.9596300421563,1444.3973091957896,1446.9340544527274,2259235
2024-02-08,1463.13037109375,1470.8382704274243,1449.2269247563763,1464.5451791995756,2213750
2024-02-09,1506.0107421875,1510.13191196876,1464.2588340710736,1472.7466039911415,6343881
2024-02-12,1505.667236328125,1525.9299142772393,1492.5676752572829,1510.9659688344648,4059288
2024-02-13,1513.271728515625,1521.9067081050352,1496.8359210618794,1508.6599379184343,4687838
2024-02-14,1491.8807373046875,1516.8043143514665,1479.7624195021447,1516.8043143514665,2105672
2024-02-15,1481.57763671875,1500.3684489948828,1477.3092570616939,1500.3684489948828,2161691
2024-02-16,1481.626708984375,1493.4507261807462,1476.622397392836,1486.5820303310318,3480879
2024-02-19,1501.398681640625,1503.9989974533648,1479.1245313847187,1486.43473793737,777823
2024-02-20,1509.83740234375,1513.0755496813574,1483.8835927403584,1503.2631271801813,2230669
2024-02-21,1514.4493408203125,1520.4348947007138,1504.2443972740848,1511.1622031776828,1993748
2024-02-22,1528.8245849609375,1531.7192017798188,1506.2069024548507,1520.5330158119916,1981678
2024-02-23,1531.9644775390625,1539.029373894757,1521.3180229803293,1528.7754401959069,1340283
2024-02-26,1527.7449951171875,1537.5084268738472,1519.6497469685683,1532.700316138559,974892
2024-02-27,1553.0611572265625,1555.7104633655279,1519.9933416110382,1527.5488589559002,2140963
2024-02-28,1544.3280029296875,1557.6728728107598,1533.3381382701082,1556.7407406387615,578316
2024-02-29,1548.3511962890625,1558.0165284995628,1527.303597451945,1545.4565794968285,2350244
2024-03-01,1530.001953125,1552.2271136777301,1519.0120880181387,1550.3627294773128,4069161
2024-03-04,1522.9862060546875,1539.6673257700304,1519.8462784910819,1521.465352301918,2298105
2024-03-05,1544.6715087890625,1546.8303136168267,1506.5993811909898,1524.6542626260118,1408172
2024-03-06,1573.9124755859375,1576.6108916132823,1537.0177931318017,1545.456452024845,1761032
2024-03-07,1575.5806884765625,1589.5633910321708,1570.3801762364922,1580.536009926034,2440999
2024-03-11,1563.707763671875,1596.4812816708927,1556.6428667604782,1584.853583938129,2994345
2024-03-12,1554.582275390625,1573.7165008755892,1550.51009575438,1562.3339939934203,1294598
2024-03-13,1529.3641357421875,1562.3338511456716,1515.038022952759,1551.5401864743762,2881503
2024-03-14,1540.74658203125,1544.76977120862,1517.2458773086817,1537.8519652139248,3062556
2024-03-15,1519.1593017578125,1543.9847802001032,1512.2906055637225,1539.3238792112563,3421374
2024-03-18,1541.77685546875,1546.6830666237818,1514.4982735345548,1519.2082841556035,2281873
2024-03-19,1519.4044189453125,1550.1173473590889,1511.5054911958234,1544.4752047749364,3692624
2024-03-20,1520.287841796875,1530.6889869613497,1491.979023382333,1530.6889869613497,3412218
2024-03-21,1535.8402099609375,1541.3842522258772,1513.6151704411147,1535.4478089139473,2567975
2024-03-22,1578.720703125,1590.5937105679475,1536.7234862971056,1539.4710125496033,4941447
2024-03-26,1568.1231689453125,1584.4117658528314,1563.2169578418102,1565.1304520405029,3649049
2024-03-27,1574.0596923828125,1595.6470206908807,1562.2356760109494,1571.9499977056885,2530169
2024-03-28,1590.1522216796875,1603.3498824078497,1577.7884731512445,1579.7509577074352,4427587
2024-04-01,1598.68896484375,1603.1045550489346,1588.140610464698,1600.994860217014,1148498
2024-04-02,1591.8203125,1602.368667167514,1579.7019941171525,1598.6890085625673,1921533
2024-04-03,1589.4652099609375,1598.3944903408133,1564.2963226841675,1578.8187556702956,2098379
2024-04-04,1588.9744873046875,1597.4622560487692,1557.3785372778548,1590.4954605835342,2439461
2024-04-05,1578.8187255859375,1608.1087817782068,1575.973099203353,1580.7812100179897,1548980
2024-04-08,1569.693115234375,1588.5330375324156,1567.0438091799138,1580.7812001182474,1170390
2024-04-09,1572.4898681640625,1578.6716226771773,1562.0886041422668,1570.9688947135494,1389391
2024-04-10,1573.961669921875,1578.3281499969025,1554.0424044498568,1572.9804276775499,1928878
2024-04-12,1511.113037109375,1565.0813598632812,1505.2255837180398,1565.0813598632812,8258068
2024-04-15,1511.162353515625,1515.1363132291804,1475.5923177517711,1489.1333905328456,2474028
2024-04-16,1508.7091064453125,1514.3512495213524,1496.5416782904379,1506.2068907341527,2058697
2024-04-18,1487.9556884765625,1516.5589224173525,1478.1922567678403,1516.5589224173525,3266796
2024-04-19,1494.2357177734375,1499.6325500457233,1475.4938953306996,1476.7695581436399,2536516
2024-04-22,1511.2110595703125,1518.9628967592357,1493.401490022357,1499.7795642012557,1680307
2024-04-23,1456.8013916015625,1533.141969989396,1449.9816858093186,1532.7004588705727,9160422
2024-04-24,1457.8807373046875,1474.8071668645096,1451.6007626713094,1456.8013947381428,4652803
2024-04-25,1491.635498046875,1498.651404409162,1460.7263657679161,1462.0510189094753,3846327
2024-04-26,1478.29052734375,1503.2630941482903,1471.912452858134,1502.281851919734,1794350
2024-04-29,1493.05810546875,1499.141878968538,1481.7248299429787,1487.563173112569,1091667
2024-04-30,1473.9239501953125,1500.466600797629,1468.9196387089266,1498.3569060177226,1991646
2024-05-02,1490.507080078125,1501.300745569145,1473.8259606829122,1474.8072030002777,2494925
2024-05-03,1482.80419921875,1508.169286555722,1473.335187874702,1498.3568643920544,3183226
2024-05-06,1500.466552734375,1505.225553507413,1480.4491876494847,1489.52567811229,1240626
2024-05-07,1486.9254150390625,1514.20399741795,1481.7738932422997,1507.1389813712035,1532550
2024-05-08,1493.2054443359375,1497.1795234947892,1474.071219815122,1481.6758475092922,1026357
2024-05-09,1466.6136474609375,1501.25142452696,1461.8546468467457,1492.6655554568315,1477007
2024-05-10,1478.29052734375,1497.8171518675845,1463.032162777481,1466.6137208678206,1528487
2024-05-13,1496.443603515625,1501.300704942925,1473.8259208001787,1484.6195859991146,1628326
2024-05-14,1516.2646484375,1518.9139547079556,1487.612421485217,1496.3944920674244,2206236
2024-05-15,1498.749267578125,1521.1706265058488,1491.8314625835915,1516.2644158091682,1207536
2024-05-16,1507.4825439453125,1512.2415449880702,1480.0077604466946,1500.3194274780956,2684392
2024-05-17,1502.674560546875,1508.4639143749248,1491.6355840961462,1507.188251406172,1341676
2024-05-21,1512.045166015625,1529.069814526163,1495.4131581336405,1501.3006115121193,1791791
2024-05-22,1510.4261474609375,1534.6627815852662,1477.1620133413126,1517.981664394122,3948239
2024-05-23,1467.0552978515625,1481.6758316698454,1439.4824139467967,1481.6758316698454,11618479
2024-05-24,1458.812744140625,1477.456346110763,1449.3928428907693,1475.7882822677573,5307322
2024-05-27,1438.55029296875,1472.844662753556,1433.1534604270148,1458.8128502328236,3474806
2024-05-28,1437.4217529296875,1451.355344550151,1428.639563186889,1441.3957120548366,2616438
2024-05-29,1451.2081298828125,1466.9571153883296,1438.15768025638,1440.5616757774073,2843365
2024-05-30,1431.7305908203125,1449.6873725070577,1422.3106888619184,1448.3136093550822,3133423
2024-05-31,1432.41748046875,1451.6498045590222,1412.9888360606965,1437.5198922423058,5503924
2024-06-03,1425.794189453125,1469.9009834680653,1423.7825948011769,1468.4291199999732,1855318
2024-06-04,1403.029296875,1448.6080741688013,1351.3668651546072,1434.183740303603,5055952
2024-06-05,1459.401611328125,1462.0509174273525,1405.1388682925963,1422.5068077887436,2487724
2024-06-06,1445.075439453125,1465.975947663357,1427.7566092559734,1465.975947663357,3004955
2024-06-07,1478.5848388671875,1481.7738761331234,1444.535781201566,1452.1404085280287,3404664
2024-06-10,1484.7177734375,1493.156433677796,1476.8678346501435,1490.5071272492874,1433942
2024-06-11,1471.6180419921875,1496.394408426795,1469.2630366719968,1495.413166191761,1441589
2024-06-12,1478.5848388671875,1486.1404759501945,1467.7911742747885,1471.863353508939,994784
2024-06-13,1482.4608154296875,1486.1894640515413,1469.9008669189625,1486.1894640515413,1412477
2024-06-14,1487.563232421875,1489.5257168973656,1477.3092989496554,1485.4535376546135,937490
2024-06-18,1492.4202880859375,1494.284672236922,1481.8719343517714,1494.0393616849647,1478241
2024-06-19,1475.7884521484375,1501.1535422136276,1471.8634828608087,1496.3454308801709,1537367
2024-06-20,1443.407470703125,1460.0394803221172,1439.4825013742245,1460.0394803221172,4168375
2024-06-21,1439.727783203125,1460.0885611901515,1433.4969184740496,1452.3367229642809,4426556
2024-06-24,1466.466552734375,1474.7090116473055,1447.3814387525272,1447.3814387525272,3726155
2024-06-25,1476.9656982421875,1479.7132242896896,1464.3077698004815,1469.9499123997293,1833311
2024-06-26,1492.61669921875,1500.2213267921554,1467.2025005334533,1473.8258858393224,2563493
2024-06-27,1487.8084716796875,1499.3871774424035,1476.7694970340838,1496.3943408484902,3881458
2024-06-28,1492.3223876953125,1510.0828500796622,1487.1708654142394,1491.48835566306,2634599
2024-07-01,1491.5863037109375,1501.3006258342095,1475.6411173254435,1492.3222353902681,1451094
2024-07-02,1495.4622802734375,1506.1087345963342,1479.9586050056155,1485.6007478723698,1336816
2024-07-03,1505.176513671875,1507.433418777382,1470.1953230003573,1490.8504006618987,1061099
2024-07-04,1528.67724609375,1541.531494947195,1497.3755959830805,1506.2067757759035,2630823
2024-07-05,1538.9803466796875,1545.2112109212921,1527.7941612347688,1532.7003724140711,2481046
2024-07-08,1527.2054443359375,1545.2603254849207,1521.8576022664593,1541.1390362138713,1120204
2024-07-09,1555.6614990234375,1560.0770891822638,1520.7292986119448,1535.4479324746987,1492840
2024-07-10,1568.56494140625,1571.116147454258,1538.1954200658076,1562.9227981279098,1899956
2024-07-11,1552.0799560546875,1572.440733097921,1542.8072645423988,1570.9688696972053,1707500
2024-07-12,1552.6214599609375,1562.5141445942818,1525.748550332855,1557.2478752429527,1426598
2024-07-15,1561.3819580078125,1569.7489653534258,1552.621305268354,1555.2297467242734,832804
2024-07-16,1554.5902099609375,1570.044518600244,1550.3081742364416,1564.1383950193026,688481
2024-07-18,1569.3062744140625,1571.619482149193,1545.6817797702254,1550.3574610018181,1665636
2024-07-19,1544.106689453125,1564.8765316374668,1540.6614509812073,1559.9054966352612,1649335
2024-07-22,1562.51416015625,1564.6305451018031,1530.7196008546932,1530.7196008546932,826636
2024-07-23,1576.5411376953125,1580.5278189419064,1549.6683490802811,1562.1695951931613,1502677
2024-07-24,1594.11181640625,1599.5257626562652,1567.0913509135091,1576.9348895499006,2923358
2024-07-25,1639.7366943359375,1654.9941790383104,1577.1316932353147,1589.583793492231,5329712
2024-07-26,1687.4285888671875,1696.8292162072228,1638.9491617114581,1644.313842134589,4591049
2024-07-29,1696.287841796875,1701.7017881946017,1666.2650481367532,1688.4130106729085,3187339
2024-07-30,1674.9764404296875,1698.453255065579,1670.4484368780043,1689.2495708567535,1525840
2024-07-31,1692.4488525390625,1703.8673337375808,1668.6766818415629,1675.468747778047,1594881
2024-08-01,1688.3636474609375,1719.1247047633856,1654.9941486275457,1698.5025400119764,5258291
2024-08-02,1704.5562744140625,1714.547489472833,1657.504114913849,1673.4014527470208,2992406
2024-08-05,1693.43310546875,1730.494051595578,1688.1668364541615,1698.010374859142,5165558
2024-08-06,1680.83349609375,1706.869607849445,1677.2897260391114,1698.0104230336174,1710278
2024-08-07,1707.3125,1709.6749732899702,1682.6545079669627,1693.0886348239173,1922313
2024-08-08,1709.8719482421875,1721.2904291708571,1701.3079974253963,1707.8539747323841,2480113
2024-08-09,1708.1492919921875,1722.4224228842272,1702.9814342554146,1722.4224228842272,751683
2024-08-12,1706.721923828125,1721.1427319742554,1702.9814512394812,1707.8539548043084,1526788
2024-08-13,1712.8741455078125,1724.4403034826953,1698.6010143898718,1712.775734152869,2076963
2024-08-14,1714.4000244140625,1725.5724173454016,1705.491573396697,1720.1584707992522,2207250
2024-08-16,1715.4827880859375,1723.7513850171242,1701.6034218945115,1722.2255883822993,2180718
2024-08-19,1720.453857421875,1725.4247727024883,1713.4157027473273,1725.4247727024883,1363446
2024-08-20,1738.71337890625,1743.093825584569,1717.8451255905554,1724.3911026498006,1766597
2024-08-21,1737.0400390625,1744.2257500449111,1729.805062323617,1742.3063081086052,1184193
2024-08-22,1723.2591552734375,1741.814202000164,1721.0443590290179,1741.814202000164,1369554
2024-08-23,1747.9664306640625,1753.5771998066004,1724.4896142786613,1726.3106449540192,3515492
2024-08-26,1744.7178955078125,1752.1498149781921,1736.8923306342808,1752.1498149781921,933372
2024-08-27,1761.4027099609375,1764.5525940500074,1739.5008379580777,1750.181052633015,1231023
2024-08-28,1783.50146484375,1794.4770340925743,1758.4004421507382,1768.7854231329793,1768949
2024-08-29,1771.0494384765625,1798.2668470700282,1762.2395193861257,1781.5820970034213,3205924
2024-08-30,1793.148193359375,1799.5464933075689,1763.2730784025766,1770.0158781620587,3036374
2024-09-02,1787.5374755859375,1808.2581739283698,1776.9556708119962,1801.3184306403725,1617946
2024-09-03,1783.1571044921875,1810.7682796780687,1776.857215448379,1791.5241127108923,2148689
2024-09-04,1804.1729736328125,1806.2893584936423,1773.116681009439,1783.1570424584377,2473477
2024-09-05,1797.9224853515625,1815.0502680724544,1791.5241846919484,1804.5176087365458,1902919
2024-09-06,1796.0029296875,1821.0546880070094,1776.7587631635959,1791.081160260454,1701134
2024-09-09,1793.3450927734375,1806.683135915515,1784.4859078508314,1796.0029203464508,1544883
2024-09-10,1807.6181640625,1813.4258757955909,1797.1347715531685,1801.3675411621286,1460472
2024-09-11,1816.8218994140625,1828.4373232057144,1802.4503568680489,1807.6674804708248,1701900
2024-09-12,1836.2137451171875,1842.2182797313092,1811.6048982065367,1826.1241178838206,2744070
2024-09-13,1824.7459716796875,1835.8199526271706,1822.4327641360678,1835.8199526271706,1322430
2024-09-16,1833.802001953125,1844.0393062773085,1821.9406098647519,1832.86691383675,1284085
2024-09-17,1836.9027099609375,1840.3972142201903,1830.1599100672588,1833.851237033913,738265
2024-09-18,1807.2735595703125,1838.772880870013,1800.9736712782976,1838.772880870013,1202676
2024-09-19,1817.16650390625,1826.96077681695,1806.289345613741,1816.3297069911462,1675819
2024-09-20,1836.558349609375,1841.7262077551336,1813.081532350721,1822.1375404657986,4229991
2024-09-23,1833.5560302734375,1845.663631761953,1828.4374378655082,1837.7888002664354,812520
2024-09-24,1838.871337890625,1851.2250263338403,1826.9606807604155,1826.9606807604155,2528953
2024-09-25,1841.283203125,1846.647883720909,1829.4709565340347,1844.6791759557482,956893
2024-09-26,1868.6973876953125,1875.1940991247704,1837.8379182850995,1841.2831567874284,2452807
2024-09-27,1918.2103271484375,1928.6445742375151,1885.2837384543107,1887.9414458235608,3809008
2024-09-30,1896.5545654296875,1929.6780973997247,1890.9930621568226,1918.5057049356399,2608461
2024-10-01,1889.91015625,1904.478641525461,1872.5855522470085,1894.7335142236582,1275678
2024-10-03,1880.95263671875,1906.0045157156342,1866.3842710102826,1871.0599520624671,2492195
2024-10-04,1880.1651611328125,1921.7048464638563,1873.8652723204211,1880.9525721341208,2798189
2024-10-07,1875.440185546875,1887.9414314632731,1858.5093472751635,1880.1651321233626,1691999
2024-10-08,1887.154052734375,1891.3867022944673,1871.7981563388612,1874.209775264938,2309881
2024-10-09,1900.6397705078125,1916.5371105829906,1864.8585290187345,1864.9077947796193,1597182
2024-10-10,1858.2139892578125,1907.628504700873,1854.4242509491964,1899.4091740459926,2383012
2024-10-11,1872.19189453125,1879.4761375886474,1860.9210901846081,1869.288098524502,1019117
2024-10-14,1879.8697509765625,1885.7758740323861,1865.4489431498498,1873.2253625387607,676879
2024-10-15,1868.74658203125,1890.3532218699002,1865.0061093702523,1887.9907485174674,1383203
2024-10-16,1868.7957763671875,1884.7422606059836,1857.4757071397855,1879.0822259922827,1401914
2024-10-17,1859.98583984375,1893.5522816367034,1850.2407128302139,1893.4538702851282,1447059
2024-10-18,1880.46044921875,1887.8923692294302,1843.3995008440684,1870.2724103837372,1203693
2024-10-21,1867.3192138671875,1890.500794607445,1860.970179733425,1888.7781754064604,660583
2024-10-22,1858.0172119140625,1876.1784929129958,1851.5696459440423,1862.3975386103818,1192915
2024-10-23,1810.5712890625,1859.9859260416238,1803.3363120609265,1850.634564161395,1673366
2024-10-24,1819.9718017578125,1830.4551939724718,1800.8260478633456,1801.3674905284754,1739776
2024-10-25,1831.2919921875,1846.2541231794423,1821.1530991050695,1827.748342232607,2148004
2024-10-28,1873.126953125,1886.0219644448168,1806.2893031086842,1834.0480334356298,2445724
2024-10-29,1842.316650390625,1892.6171083327952,1832.866877417755,1891.9281086986707,2295542
2024-10-30,1823.1217041015625,1851.4711424633488,1791.5239701977332,1839.2651309420135,1900203
2024-10-31,1819.9718017578125,1843.2025278768144,1813.278147717927,1830.8981051273029,2572932
2024-11-01,1829.3232421875,1835.770687890946,1802.8933650102174,1830.8981843354968,107596
2024-11-04,1780.5977783203125,1816.132929770465,1732.5612603522018,1816.132929770465,5031861
2024-11-05,1775.3804931640625,1804.3205189734533,1771.2954008538968,1776.758612518867,1658010
2024-11-06,1798.857421875,1811.2111109404048,1774.0024867928016,1787.143707014073,2060619
2024-11-07,1762.928466796875,1816.1328400673362,1750.9686637344926,1816.1328400673362,1909269
2024-11-08,1781.2867431640625,1786.651543863973,1762.928519414806,1771.6401473123922,1644075
2024-11-11,1766.5213623046875,1789.2107661891127,1763.9128006186538,1788.964677731192,1069649
2024-11-12,1772.673583984375,1796.445753188785,1767.0135494195335,1773.7072035777592,2471888
2024-11-13,1751.16552734375,1769.1792511529236,1742.7492537265953,1762.977773733927,1810332
2024-11-14,1740.534423828125,1767.8995088330114,1735.5635089980697,1751.8544930661983,1473358
2024-11-18,1720.4044189453125,1770.8525531011971,1715.925560921955,1770.8525531011971,1533025
2024-11-19,1749.4429931640625,1778.4814336188888,1702.9322707406545,1702.9815365004965,1933316
2024-11-21,1752.14990234375,1763.4207061795037,1730.5433827919237,1744.2750713219802,2014349
2024-11-22,1767.2105712890625,1786.5530289296892,1740.3869280217095,1757.0716782467896,1420813
2024-11-25,1770.754150390625,1801.367530844485,1756.23493122125,1777.7430386366884,3137448
2024-11-26,1734.0377197265625,1778.4813201271122,1725.7691233468631,1778.4813201271122,1589883
2024-11-27,1722.0777587890625,1750.771696948305,1713.021751622685,1732.5611511043055,1982546
2024-11-28,1707.1156005859375,1733.1517108815951,1696.4353857445187,1722.0777304828107,3071758
2024-11-29,1753.035888671875,1767.7027858485048,1711.9882588489422,1715.6304403837553,2427677
2024-12-02,1780.2532958984375,1785.6179765952768,1764.1098678883209,1771.8370219798776,1948045
2024-12-03,1771.88623046875,1803.336288528219,1760.369218101897,1802.5980231262558,1543970
2024-12-04,1772.0338134765625,1786.4546219056908,1757.071682507599,1782.1727065434218,2320116
2024-12-05,1785.0765380859375,1797.38096187864,1747.6219441571845,1780.4008570447106,2742263
2024-12-06,1776.6109619140625,1795.4120957796356,1772.8212237521095,1787.4388538970015,1590478
2024-12-09,1778.3829345703125,1791.4747688810555,1768.5885415154817,1786.405442603655,1528215
2024-12-10,1781.6312255859375,1794.4770915572894,1767.8995372665343,1792.5083838320484,2043634
2024-12-11,1785.617919921875,1797.7746661825408,1776.8080008508025,1795.7568128455632,1745911
2024-12-12,1777.20166015625,1791.5240571387385,1769.9175375906975,1790.5397032611897,1082394
2024-12-13,1785.0765380859375,1788.3742197906927,1746.2930904196505,1776.512707190372,1391111
2024-12-16,1781.4837646484375,1793.9850113133236,1764.3067167237166,1790.2444183696116,1483330
2024-12-17,1761.0584716796875,1787.3406739218574,1755.2014936163112,1781.6806387435283,1608164
2024-12-18,1772.8704833984375,1793.9355588734522,1764.749564439215,1769.8681562039071,1732860
2024-12-19,1794.7725830078125,1800.7771179968256,1762.7810800265868,1772.821442128845,1924091
2024-12-20,1780.5484619140625,1797.3808889474024,1766.0292424278111,1794.7724473375015,2513418
2024-12-23,1786.20849609375,1799.3988618924343,1768.5393923138286,1782.66484621838,1299181
2024-12-24,1790.5396728515625,1803.0901845771575,1774.937688189468,1786.503846054232,1121058
2024-12-26,1812.5399169921875,1816.1820982918753,1786.0116291014133,1791.5239865664648,1402706
2024-12-27,1832.1285400390625,1836.8042206650857,1808.0118715469432,1816.6249674369858,1668898
2024-12-30,1854.42431640625,1866.0888859644024,1825.9764649684644,1832.916207953389,6021550
2024-12-31,1856.8358154296875,1880.1158074439886,1839.5604778815998,1847.435308488695,1844944
2025-01-01,1860.3795166015625,1873.1761166918582,1849.2563901577657,1860.330371005137,1338092
2025-01-02,1848.61669921875,1866.3350701377794,1835.7708322382962,1862.3976543779952,2507223
2025-01-03,1820.710205078125,1854.5227373236849,1815.1485815418657,1848.616613956412,1515825
2025-01-06,1818.495361328125,1827.4529575024972,1797.0856646808427,1821.5468342894537,1397724
2025-01-07,1824.401611328125,1835.820092968127,1816.7728683144505,1819.6275187645492,1615649
2025-01-08,1808.996337890625,1833.4575077078648,1800.5800641761023,1833.4575077078648,1298188
2025-01-09,1797.7747802734375,1812.1955894141072,1785.6180332412769,1812.1955894141072,1199181
2025-01-10,1756.8748779296875,1805.8956297505906,1745.0133654438162,1796.88876758916,857827
2025-01-13,1719.56787109375,1757.613173784557,1715.18742409373,1756.677965472908,1645287
2025-01-14,1743.14306640625,1756.136609882772,1714.8428919984221,1727.5410812430555,1962645
2025-01-15,1729.362060546875,1747.2281071961975,1720.355198666435,1745.0625767612908,857867
2025-01-16,1735.711181640625,1747.818661828744,1713.5632201448668,1747.2773393106322,2180496
2025-01-17,1758.597412109375,1763.912826750902,1739.943834626419,1751.1654925059195,1163986
2025-01-20,1750.42724609375,1772.2798536535424,1740.6329732814052,1761.3535498736462,1341246
2025-01-21,1735.1204833984375,1777.496964706741,1731.9705991424676,1744.3734336208743,2489267
2025-01-22,1770.8033447265625,1775.3806142498852,1746.0960866446023,1749.1968253642974,2262270
2025-01-23,1804.9111328125,1810.9649328123953,1758.1051809624137,1760.1230341887936,1974760
2025-01-24,1793.6895751953125,1814.2625951258215,1779.9086210049752,1800.3832295804873,1277935
2025-01-27,1758.8927001953125,1795.70755920856,1746.539131141445,1789.6537588359963,1452975
2025-01-28,1678.8155517578125,1752.1499162292032,1666.6095395452621,1751.9530935162534,5972497
2025-01-29,1708.198486328125,1716.7131714456407,1669.4641850755772,1678.815546961319,1433336
2025-01-30,1711.889892578125,1732.7582679531458,1698.3058804645843,1713.2187463491769,2017991
2025-01-31,1716.6639404296875,1742.1587305399157,1679.3570236482724,1714.744498383712,4275269
2025-02-01,1714.9412841796875,1761.0090938952092,1706.180630763185,1712.775753704675,1477972
2025-02-03,1713.3663330078125,1757.9576116671103,1683.7865711220554,1753.5771648214666,2210231
2025-02-04,1737.630615234375,1748.4585074692302,1713.4155348139568,1721.9302195579874,2796294
2025-02-05,1725.326171875,1746.0468680167262,1708.0507141309702,1746.0468680167262,1787905
2025-02-06,1725.07861328125,1751.1726312742373,1719.434030122037,1735.971761815173,3421791
2025-02-07,1732.802978515625,1735.9718462530805,1710.5215372488285,1734.3874123843527,1371545
2025-02-10,1715.2747802734375,1733.0009282305343,1706.9563516410208,1724.3359235893818,1237839
2025-02-11,1683.239013671875,1717.3543258245982,1678.584716760651,1708.441749785153,2779274
2025-02-12,1677.3963623046875,1698.2913782758192,1671.6527745103654,1689.873945040826,1757284
2025-02-13,1729.3863525390625,1735.7242086574404,1683.437046786511,1683.486609452374,2750390
2025-02-14,1683.981689453125,1731.9610076703173,1668.6322532952165,1730.3765739212488,2123774
2025-02-17,1697.548583984375,1718.493161640431,1679.5749858623913,1683.981711172033,2277889
2025-02-18,1685.071044921875,1712.9476268063138,1681.9021773018378,1697.5486273920292,2163972
2025-02-19,1660.3138427734375,1682.4962781514014,1631.1003994506204,1648.9255513086105,2576319
2025-02-20,1653.0848388671875,1661.650717980516,1646.8459873142822,1650.955699312812,1670915
2025-02-21,1627.7830810546875,1668.0382427189738,1616.1472172053232,1661.7499489858033,2244190
2025-02-24,1623.57421875,1653.6789432928745,1611.24520396052,1613.9189283365738,2357441
2025-02-25,1597.9259033203125,1631.7937663322086,1590.6473234025875,1623.5743419259406,2836717
2025-02-27,1631.49658203125,1637.0421608038846,1589.458979455039,1613.1267239070628,2744489
2025-02-28,1577.7735595703125,1654.768315105597,1570.990122970159,1654.768315105597,3549979
2025-03-03,1569.7027587890625,1591.7861911944533,1566.8309043991671,1569.9008885758637,1425492
2025-03-04,1551.283447265625,1574.555174690293,1540.8854413950287,1569.6037433233423,1717135
2025-03-05,1567.0784912109375,1570.8911901349716,1537.9641709934328,1549.4019051118648,2428171
2025-03-06,1598.322021484375,1602.1841620700768,1557.274704416556,1582.7250129104102,2458676
2025-03-07,1593.667724609375,1612.9287439888355,1590.0531555879154,1608.224884259628,980890
2025-03-10,1595.8463134765625,1625.5053387117098,1587.181308671772,1606.1947565753194,1600589
2025-03-11,1639.2208251953125,1647.4401282749168,1589.755956069868,1600.4015329145766,3325416
2025-03-12,1660.5615234375,1663.9285209643763,1641.944213915485,1645.8557963652988,2389362
2025-03-13,1667.097412109375,1670.7615439253354,1647.2916862432883,1655.7586824048633,1666929
2025-03-17,1687.744873046875,1703.4408856424727,1671.949735120467,1677.5944391719095,2588408
2025-03-18,1687.744873046875,1687.744873046875,1687.744873046875,1687.744873046875,0
2025-03-19,1715.5223388671875,1731.0203426565547,1709.5311796627507,1730.8223337629315,2167448
2025-03-20,1733.24853515625,1740.0815345610301,1706.164229987911,1718.7903798654954,1602232
2025-03-21,1767.165771484375,1775.3851955195173,1733.2484682210857,1741.9134727044077,2483162
2025-03-24,1767.462890625,1802.3209171523695,1760.3327573231188,1777.068618587872,1182084
2025-03-25,1747.6075439453125,1778.5044245452243,1741.4182552927225,1767.462830296639,1471028
2025-03-26,1741.8638916015625,1753.5988799709714,1729.1387379005184,1750.776467547211,1762361
2025-03-27,1714.631103515625,1735.2786688284705,1703.2923741462057,1733.991248331399,3279881
2025-03-28,1717.8494873046875,1724.4349149589302,1688.6360433074972,1714.6310570338105,1956781
2025-04-01,1681.8526611328125,1717.1068281397131,1665.2653661235754,1714.1855319993706,4142445
2025-04-02,1697.0040283203125,1701.7573297106799,1669.523585338969,1678.5351658874724,3369489
2025-04-03,1752.806640625,1795.0918146184608,1733.000915872175,1737.9523470603813,5715573
2025-04-04,1692.7457275390625,1761.5706198924483,1641.9441169370045,1761.5706198924483,5345276
2025-04-07,1650.1634521484375,1675.5643183859863,1604.3627135400736,1604.3627135400736,5715334
2025-04-08,1671.9498291015625,1693.2409842799836,1629.0209427210527,1629.0209427210527,2807382
2025-04-09,1636.15087890625,1663.4333131976173,1624.0694351207574,1633.9722975300303,3481864
2025-04-11,1671.1575927734375,1720.1271989907707,1665.7604602343595,1693.389470509049,3801939
2025-04-15,1688.43798828125,1707.7485693788947,1680.3176897119565,1703.2922814332844,1993085
2025-04-16,1676.6536865234375,1686.1604106914103,1665.7605373782576,1674.6731139515866,2205374
2025-04-17,1734.486328125,1740.9231886061948,1671.0090050950514,1678.53515625,2683908
2025-04-21,1727.9505615234375,1743.89414652257,1714.4826922348705,1743.89414652257,1539511
2025-04-22,1730.42626953125,1737.9524210809573,1717.651552344684,1733.9912759616843,961907
2025-04-23,1771.424072265625,1773.89978786255,1725.1776323843349,1737.160071696542,1471029
2025-04-24,1786.37744140625,1790.3385865190153,1756.6688530605102,1772.6124379624794,2101177
2025-04-25,1770.0377197265625,1797.8647399968627,1747.063005516993,1788.457020343891,2036801
2025-04-28,1823.7110595703125,1828.0683430698152,1763.8977483287135,1770.0375953594596,3216482
2025-04-29,1787.9617919921875,1828.0683843907937,1779.5443590196405,1827.0780981587293,2886160
2025-04-30,1814.5015869140625,1821.037452140905,1785.7832849884787,1792.41815466574,2667314
2025-05-02,1806.876220703125,1833.2178100929195,1796.1812020112825,1814.501497161058,1885257
2025-05-05,1818.759765625,1825.39475626075,1803.7074624569946,1810.0453188536228,1219830
2025-05-06,1801.4296875,1810.144254826256,1781.524958114871,1802.3209692990913,1414772
2025-05-07,1763.996826171875,1808.658708849283,1761.4219853883812,1800.2412762935912,2015237
2025-05-08,1750.0338134765625,1771.5230976424903,1737.952369574651,1763.9969463158297,2647871
2025-05-09,1727.8514404296875,1749.1425941032496,1714.8785942744369,1734.8824483961403,1148956
2025-05-12,1669.820556640625,1695.7661278374987,1607.8286641572022,1679.2282756226243,9221075
2025-05-13,1683.4866943359375,1731.5155794390512,1674.8712519599235,1694.3798435345818,6988329
2025-05-14,1691.60693359375,1694.7759221426484,1675.6633490542597,1685.4672071623734,1639324
2025-05-15,1723.1971435546875,1727.4554229419255,1667.7411114916051,1684.575978367898,3880385
2025-05-16,1718.0477294921875,1724.6825993616694,1702.3021531137006,1723.0981654554037,1448249
2025-05-19,1713.3931884765625,1747.8551976682609,1709.8281822219678,1728.0494730487903,2074023
2025-05-20,1691.2108154296875,1731.020272191486,1686.7545275436112,1726.8611185182995,2706777
2025-05-21,1714.977783203125,1741.6163867307562,1691.2109131047398,1699.727350713084,2754306
2025-05-22,1702.0048828125,1723.0980277124547,1690.6165912500326,1717.3543192662605,2670554
2025-05-23,1667.2459716796875,1673.088684960634,1620.7025161051683,1641.8946668628182,8339783
2025-05-26,1659.8187255859375,1685.8633017834197,1650.807145071694,1676.6535914924873,2282131
2025-05-27,1667.0478515625,1675.5642889012822,1644.9644204412464,1659.8187137825698,2800622
2025-05-28,1650.2130126953125,1670.5138805929525,1646.846015306111,1667.0478787567702,2657712
2025-05-29,1683.28857421875,1686.7545760075059,1654.1741350162908,1658.7294274760316,2377583
2025-05-30,1661.30419921875,1696.9545044418328,1652.8867660410776,1685.4672080468613,3640641
2025-06-02,1658.3333740234375,1667.1469460589315,1644.37036170529,1662.6906578158278,1819538
2025-06-03,1651.30224609375,1678.5351167189842,1641.4983884917563,1678.5351167189842,2556920
2025-06-04,1648.7276611328125,1652.78781072701,1632.982085014284,1639.914089013738,1700482
2025-06-05,1666.750732421875,1677.842010747808,1645.8557171096074,1645.8557171096074,2037073
2025-06-06,1662.888671875,1672.5935257661272,1652.7878001797906,1668.63238064886,2500047
2025-06-09,1677.9410400390625,1682.2983237000342,1657.0460244174062,1663.5818894665877,2589656
2025-06-10,1672.3955078125,1690.319665194212,1661.4032334639328,1685.269229373942,2369135
2025-06-11,1674.177978515625,1678.5352623706667,1662.9878159638881,1678.3372534663927,1999978
2025-06-12,1671.009033203125,1710.7194874320173,1664.770181508742,1678.436180037128,3588365
2025-06-13,1671.4051513671875,1683.486595048421,1644.9644364318735,1650.6091404871777,2404272
2025-06-16,1668.929443359375,1673.385731425313,1639.6168740402327,1648.826584396991,2249326
2025-06-17,1634.1702880859375,1665.3643043250918,1625.158707571536,1663.680866088227,5408285
2025-06-18,1631.99169921875,1645.162554368449,1622.583980078836,1629.0208405429876,1455885
2025-06-19,1631.5955810546875,1639.2208576156943,1620.1082848742983,1632.0907241735367,1696525
2025-06-20,1648.9256591796875,1653.7780861242686,1629.615076736919,1631.5956492951518,2567882
2025-06-23,1646.350830078125,1650.8071180392387,1631.1994026565192,1647.0439820738125,840643
2025-06-24,1645.55859375,1670.0187363655616,1642.6868603667087,1654.2731610004403,2066326
2025-06-25,1653.3818359375,1662.4925416217097,1641.9935444956482,1645.5585506831444,1372945
2025-06-26,1653.5799560546875,1662.5915363574031,1634.3683794706653,1658.5313870874484,2102627
2025-06-27,1671.20703125,1679.228325601745,1651.9954540538424,1653.9760265300536,5313904
2025-06-30,1659.4227294921875,1687.9430237145828,1655.3625797780876,1679.5255900380948,2160184
2025-07-01,1651.0052490234375,1667.939241235612,1641.3995203951588,1659.4226824613615,3298070
2025-07-02,1661.205078125,1665.6613659649777,1639.9139251117736,1639.9139251117736,1611046
2025-07-03,1663.3837890625,1676.3566358267922,1658.2343488442164,1661.2052076358154,1553777
2025-07-04,1660.016845703125,1670.3157257254463,1655.3624279194328,1670.3157257254463,1264399
2025-07-07,1669.05810546875,1671.5419707006272,1652.267152244763,1663.891593016956,1550620
2025-07-08,1661.7059326171875,1671.1446210236827,1638.45692849627,1669.1575287275784,1860328
2025-07-09,1658.6259765625,1669.9524269938443,1636.3705184185847,1649.2866184425322,2178705
2025-07-10,1651.7703857421875,1659.818084868856,1636.569081949883,1651.273612693844,1741718
2025-07-11,1661.2091064453125,1669.0581450205405,1651.4723059926273,1655.0491690372774,1298302
2025-07-14,1671.74072265625,1685.948481071095,1664.686569269172,1669.554969645884,1309704
2025-07-15,1716.3509521484375,1719.7290332716816,1677.0065493687105,1693.9961640596734,3332578
2025-07-16,1690.02197265625,1720.1264690066841,1687.0413342565037,1718.834810520466,2285143
2025-07-17,1692.406494140625,1705.918697188592,1685.054228556699,1693.0025975593248,1461039
2025-07-18,1682.669677734375,1698.3677548795465,1675.81418527775,1697.9703121766654,1253929
2025-07-21,1681.378173828125,1690.4194194057986,1666.6736425079068,1670.250384339653,2390289
2025-07-22,1667.17041015625,1682.172932498894,1662.0040187807986,1675.2181095721396,1244491
2025-07-23,1671.641357421875,1678.6955106617793,1660.6130196769561,1667.6671729168602,1229173
2025-07-24,1681.080078125,1685.054262706856,1669.2568547374815,1671.6413897430925,1079045
2025-07-25,1688.034912109375,1691.0155505651303,1671.34328824415,1679.0929967421093,1088592
2025-07-28,1691.214111328125,1699.0631497208833,1682.9677515240733,1691.1147809753018,2168507
2025-07-29,1699.460693359375,1706.9122895009684,1686.1471506632306,1687.0413664567195,1325544
2025-07-30,1722.6103515625,1729.2670622088262,1701.050327485951,1708.8993662735888,2318723
2025-07-31,1695.6851806640625,1736.7186855343634,1683.0671929606474,1704.4284353742567,3233087
2025-08-01,1619.18212890625,1684.0607416859682,1597.6222257410245,1679.0930108845346,8774548
2025-08-04,1631.0052490234375,1636.7678649006018,1603.1859582998518,1619.2814778451302,1898762
2025-08-05,1621.566650390625,1633.9859772903794,1609.644096566861,1630.3099050410478,1622897
2025-08-06,1584.90478515625,1619.1821276597536,1580.7319397992544,1619.1821276597536,2376257
2025-08-07,1588.0841064453125,1595.038929127571,1560.860919118262,1570.7963800929167,3435674
2025-08-08,1576.6583251953125,1591.6608469998002,1570.6970486147889,1579.7382938387532,1654424
2025-08-11,1598.0196533203125,1649.2866104488512,1573.9757636996972,1576.6584110765473,1140902
2025-08-12,1611.73046875,1626.1368875025048,1599.7085849440618,1601.2982344809448,1679088
2025-08-13,1629.217041015625,1632.8931132931275,1606.8622524247546,1613.7176238999627,1313668
2025-08-14,1630.806640625,1640.4439895646522,1621.6659434674307,1629.216991074875,1738094
2025-08-18,1622.1627197265625,1638.953673598573,1614.9099057390576,1638.953673598573,3080173
2025-08-19,1616.10205078125,1627.4285004990954,1608.650455082994,1622.2621093279643,2656391
2025-08-20,1622.5601806640625,1625.9382618042353,1605.5705658879585,1623.4543964485918,1831706
2025-08-21,1629.6142578125,1641.8349233037904,1613.4195292205059,1620.2750215379986,1727099
2025-08-22,1631.2041015625,1640.7421202523267,1624.5472696533852,1631.4027622775534,2098310
2025-08-25,1646.0078125,1649.7833362781898,1623.4543640340632,1638.556216581851,1904984
2025-08-26,1589.971923828125,1636.7679223969371,1585.8982876602297,1634.3833874232264,4502371
2025-08-28,1575.466064453125,1589.6738227570108,1557.482903589684,1582.8183301398738,4993739
2025-08-29,1584.2093505859375,1591.3628344180145,1565.6300859249247,1570.7964774389259,3176534
2025-09-01,1553.210693359375,1589.8724480539984,1546.15641890205,1588.6802412264847,9366820
2025-09-02,1555.098388671875,1560.1655710733091,1547.944904890128,1555.8932741065087,2855840
2025-09-03,1568.51123046875,1570.8957654426454,1548.2429863968566,1552.0183889299112,2091370
2025-09-04,1572.088134765625,1586.6932147794025,1550.9255530811818,1586.6932147794025,2298657
2025-09-05,1583.3150634765625,1588.9783490975083,1565.3319030644045,1572.1873955095048,1814479
2025-09-08,1570.79638671875,1594.144720107675,1568.014409121119,1587.2892277497494,1369139
2025-09-09,1581.4273681640625,1586.6932113044306,1567.3190612603253,1569.802926650595,1709406
2025-09-10,1583.116455078125,1591.2634849715168,1572.1874474598008,1581.824796573873,2408379
2025-09-11,1599.3111572265625,1606.5640924898203,1580.731893105321,1582.2222123005806,1762484
2025-09-12,1606.1666259765625,1612.028572314202,1592.753753418016,1599.6092458711034,1878894
2025-09-15,1591.660888671875,1606.6634108691514,1585.1035085181136,1606.1666378077682,2005917
2025-09-16,1600.1060791015625,1604.5770367892105,1589.6738444970506,1592.1577098790772,1480567
2025-09-17,1609.743408203125,1611.6311701264297,1597.0260903751814,1602.1924817923948,2128406
2025-09-18,1637.9600830078125,1640.6427302584464,1617.1949451750547,1624.5472106020936,1832386
2025-09-19,1645.3123779296875,1657.3342617486428,1632.4956087001874,1637.9601123708476,3191406
2025-09-22,1633.389892578125,1647.200208505448,1624.7460894698136,1639.3511695583372,1785320
2025-09-23,1620.67236328125,1633.3898019799758,1614.6117562773588,1632.5949165803738,1967731
2025-09-24,1616.598876953125,1625.3421313727292,1614.512454345545,1619.4801849743005,1131058
2025-09-25,1616.89697265625,1632.1976070917785,1612.2272331438078,1617.3937457140107,2762750
2025-09-26,1576.4595947265625,1592.5551147894816,1538.0094080385923,1574.7706148198765,7256759
2025-09-29,1579.04296875,1608.4519109812734,1569.8029409013186,1570.7964870664462,4180922
2025-09-30,1584.0106201171875,1593.9460812700709,1575.7641388473005,1578.8441075481974,2257443
2025-10-01,1625.64013671875,1640.8414410892474,1601.4970384204441,1601.4970384204441,3109095
2025-10-03,1620.67236328125,1634.8801211423663,1589.6737732165213,1589.6737732165213,4041865
2025-10-06,1644.020751953125,1648.988482661006,1609.5447493534264,1619.4802107691883,1756916
2025-10-07,1642.4310302734375,1652.2671608996916,1636.3704233324065,1638.7549582239958,2174852
2025-10-08,1621.06982421875,1644.3188276700992,1618.4866285647079,1634.383366475718,1846507
2025-10-09,1647.7962646484375,1651.5717884738617,1621.8647347853546,1634.383391827965,2197566
2025-10-10,1660.1162109375,1665.7793752224488,1638.3575269836463,1644.3188036130591,1454056
2025-10-13,1657.63232421875,1664.1897041697284,1645.1136677155218,1651.770378019208,1375179
2025-10-14,1643.7227783203125,1659.1227436781396,1635.5756271034522,1656.8375390152728,2108287
2025-10-15,1644.418212890625,1657.9304163093134,1639.450482127689,1641.8350171503962,2088737
2025-10-16,1648.29296875,1652.1678227702848,1632.5948919631978,1643.3252382836047,2895957
2025-10-17,1668.2633056640625,1681.0800751745505,1646.0078477882328,1647.498167003813,1594147
2025-10-20,1677.7020263671875,1685.9485080320117,1671.9395313920309,1674.0259540775617,1647622
2025-10-21,1679.5897216796875,1685.0542253586216,1673.1316718773107,1679.0929486179662,74296
2025-10-23,1678.99365234375,1700.9509978610427,1671.3432742684568,1693.9961748557698,2687094
2025-10-24,1688.034912109375,1690.9162202064363,1675.1188121344358,1679.0929967421093,994307
2025-10-27,1682.669677734375,1697.473539118685,1679.092935973414,1690.0219432489805,2067904
2025-10-28,1676.1123046875,1691.7109302608092,1668.3625964373616,1681.0800352882336,2440939
2025-10-29,1704.8258056640625,1710.8864127185896,1676.4104109869058,1679.0929369886273,1016738
2025-10-30,1692.406494140625,1705.8193668325564,1669.2568209074827,1704.7264903511925,1986233
2025-10-31,1679.788330078125,1693.9960877138794,1675.9135973433574,1689.0283572513754,1560918
2025-11-03,1695.3870849609375,1701.7458042411731,1670.3496505354751,1677.3044732176897,1099955
2025-11-04,1679.093017578125,1700.156147747174,1671.343308983999,1695.983302370331,1597993
2025-11-06,1675.0194091796875,1712.77416131628,1656.24136346578,1688.0348389492265,3389867
2025-11-07,1680.48388671875,1698.9638198004336,1672.2374056301176,1683.0670823052249,1512908
2025-11-10,1686.8426513671875,1692.1083730346895,1674.9200979249385,1686.5445390181371,1235665
2025-11-11,1705.0245361328125,1707.9058442452217,1684.0607364721645,1690.618116853257,1315353
2025-11-12,1720.9212646484375,1732.8438184656877,1699.162579675458,1710.2903693410517,1833097
2025-11-13,1726.18701171875,1736.5199153752737,1714.2644585648725,1723.3057037833998,1727602
2025-11-14,1745.7598876953125,1748.7405260971425,1723.5044300384848,1726.187077369624,1667322
2025-11-17,1752.5159912109375,1756.5895059671477,1736.4204716107533,1754.4037530586884,1430618
2025-11-18,1747.448974609375,1753.1121390135681,1738.705720189144,1752.615365950657,1429522
2025-11-19,1772.5855712890625,1778.745629873463,1739.7985500161499,1750.6282267536994,2131124
2025-11-20,1765.928955078125,1780.4347046429366,1761.656658110908,1778.4476123386478,1513894
2025-11-21,1768.2139892578125,1775.864367185946,1762.2527125108188,1766.5250093591587,2199311
2025-11-24,1769.3070068359375,1774.374067871133,1760.3650916153026,1774.374067871133,3434492
2025-11-25,1765.332763671875,1780.533946272675,1754.7017476042085,1773.479793200475,1848114
2025-11-26,1793.25146484375,1795.2385571376026,1762.153421931962,1764.0411838676196,1158948
2025-11-27,1798.6165771484375,1803.1868650124306,1790.4694262511168,1790.4694262511168,2902053
2025-11-28,1819.779052734375,1821.170041561623,1795.8346154515186,1798.6165931060145,1623103
2025-12-01,1795.7353515625,1837.0668475095704,1789.3766318900682,1829.1184782396533,1869293
2025-12-02,1787.88623046875,1803.1868648665188,1777.0565535797946,1792.3571879775634,2948688
2025-12-03,1795.039794921875,1804.2798227031194,1770.9960264142678,1793.3508149664815,2114510
2025-12-04,1806.56494140625,1811.4332203221738,1786.694019194368,1796.7288106548715,1713961
2025-12-05,1793.64892578125,1808.4526664948564,1788.581743354456,1807.2604596194283,1777401
2025-12-08,1784.6075439453125,1794.3443447164593,1774.1753093830075,1793.6489109253014,2410074
2025-12-09,1764.5379638671875,1789.5752783550101,1760.563779263883,1784.4088868837098,2401728
2025-12-10,1773.9765625,1780.1364998103056,1756.4901753871322,1776.3610973977736,2321746
2025-12-11,1795.5364990234375,1798.8152497314682,1763.6436928373055,1766.525000840956,1280916
2025-12-12,1781.9249267578125,1800.1068688641526,1779.4410615128197,1796.3313451787706,1442309
2025-12-15,1785.501708984375,1792.953304888502,1766.127559633645,1767.5185484589124,1396948
2025-12-16,1769.8037109375,1780.3352753082418,1766.823072646772,1778.4475134676177,1533979
2025-12-17,1781.328857421875,1785.9984756587708,1760.0669462616247,1769.505634373104,1910628
2025-12-18,1734.6322021484375,1773.479831340348,1724.7960712643385,1773.479831340348,3461351
2025-12-19,1733.638671875,1748.6411942280731,1729.9624784130965,1735.7250944979794,2768986
2025-12-22,1758.3779296875,1761.755889388824,1731.850176147664,1733.6386076339388,1467257
2025-12-23,1744.567626953125,1763.1468905709062,1740.394660549985,1760.5636949589527,1124853
2025-12-24,1725.7896728515625,1747.647688282037,1707.9058420448107,1744.5677194551502,2224786
2025-12-26,1708.402587890625,1725.7896453422597,1696.9768072795507,1725.7896453422597,2507337
2025-12-29,1706.1173095703125,1716.3508828842944,1699.2619385257333,1708.4025141068273,1800816
2025-12-30,1709.0980224609375,1711.9793305250298,1695.9832619186739,1711.9793305250298,2639497
