Price,Close,High,Low,Open,Volume
Ticker,TCS.NS,TCS.NS,TCS.NS,TCS.NS,TCS.NS
Date,,,,,
2021-01-01,2569.267822265625,2579.577357623474,2526.0555144891096,2526.9329217536074,2681440
2021-01-04,2666.8359375,2676.750684179323,2580.411306707027,2588.351886693109,5113293
2021-01-05,2713.8203125,2732.4652144206675,2666.9668564165904,2666.9668564165904,5801309
2021-01-06,2677.408447265625,2731.807701314607,2664.86147969927,2719.962702449103,3726716
2021-01-07,2661.00048828125,2703.159945329196,2632.4408422674323,2698.0270277384734,3717827
2021-01-08,2738.2998046875,2744.5294809455468,2684.8657965771654,2711.1880102690984,5879039
2021-01-11,2787.039794921875,2834.0249888957114,2760.805407798739,2834.0249888957114,9508039
2021-01-12,2785.636962890625,2816.477747242311,2763.833303368623,2787.040686200782,3611458
2021-01-13,2771.685302734375,2787.522544800205,2742.994131470457,2785.7677304817917,3572801
2021-01-14,2857.615478515625,2871.504937638506,2743.071705797272,2773.4878549669324,6931542
2021-01-15,2842.36376953125,2878.0981645602974,2821.83723525918,2843.814160767429,4131692
2021-01-18,2832.166259765625,2862.9339540596566,2801.969879661121,2857.000184445808,4160906
2021-01-19,2866.4072265625,2882.494383612486,2841.1777517034325,2842.056828978093,2975735
2021-01-20,2908.689697265625,2925.523934097384,2872.0322333632444,2874.581470532571,3453446
2021-01-21,2877.966552734375,2908.9978016243012,2867.6373971573257,2905.349717629565,2778546
2021-01-22,2903.67919921875,2922.9308988404446,2849.879517446125,2849.879517446125,3052459
2021-01-25,2893.306396484375,2935.941634277251,2882.1859428044563,2908.8220208853404,2272887
2021-01-27,2866.713623046875,2906.6236264461163,2836.781013188258,2900.953623650837,2786662
2021-01-28,2810.012939453125,2878.9764702989037,2798.8047104466177,2839.41801498182,3083938
2021-01-29,2735.115966796875,2827.858578666377,2725.138358250766,2821.8808128923442,5445659
2021-02-01,2759.730224609375,2782.2784618413975,2675.9981476771814,2725.138461835176,3985846
2021-02-02,2816.07861328125,2834.143684966106,2769.0919998893405,2790.1898436980214,2881837
2021-02-03,2813.090087890625,2844.6928596468942,2780.2124829296085,2824.4740908669564,2505866
2021-02-04,2802.892822265625,2846.3193518083062,2791.9483573025227,2827.155431621027,2057261
2021-02-05,2776.081298828125,2818.189217864985,2750.632061413705,2812.1234575107587,2366135
2021-02-08,2825.441650390625,2835.902581505412,2773.619886265713,2803.8162689744304,2526592
2021-02-09,2792.7392578125,2853.3077836933403,2781.3992518932832,2808.6506352082934,2658751
2021-02-10,2824.738037109375,2830.1002777917115,2775.509727373465,2799.860116229869,2127983
2021-02-11,2818.32080078125,2830.0125675509667,2799.904180954972,2826.2324936093946,1165882
2021-02-12,2804.958984375,2853.0444542059204,2797.2230637138314,2799.1569902245205,2777404
2021-02-15,2760.170166015625,2820.958258279834,2752.873783564449,2820.958258279834,2630853
2021-02-16,2732.874267578125,2784.6078135757903,2725.138348053523,2769.0921923769665,3435770
2021-02-17,2701.49169921875,2754.0165516150078,2677.2730841859975,2729.6221641004277,3678426
2021-02-18,2687.646484375,2723.292889441269,2664.482716711281,2694.371338409791,4189909
2021-02-19,2700.392822265625,2713.8425289396955,2651.428060692321,2688.2175197249344,3725028
2021-02-22,2600.705322265625,2721.6224072152963,2587.255401166751,2721.6224072152963,5366696
2021-02-23,2619.824951171875,2661.844870183656,2609.1002558471237,2610.8584096583413,3832829
2021-02-24,2591.606689453125,2640.175688079094,2567.915395351724,2612.616541472933,3774549
2021-02-25,2633.099365234375,2663.5153004809417,2609.496062078548,2614.3749823229737,4224073
2021-02-26,2544.312255859375,2612.924249244175,2531.7414135558906,2602.067563932443,5553153
2021-03-01,2570.597412109375,2606.463803492592,2550.9061693907397,2572.179793935691,3265871
2021-03-02,2642.8134765625,2659.2081783269623,2591.5192428786395,2602.068167883573,3306469
2021-03-03,2689.1845703125,2693.49196181922,2634.505808531232,2667.9987284991294,3509857
2021-03-04,2680.9208984375,2708.8315912558814,2651.340045282069,2657.4495870855635,3916760
2021-03-05,2644.3076171875,2692.78862797106,2634.2422284443805,2651.3842299729936,3203686
2021-03-08,2643.340087890625,2666.2400827282695,2633.714239318792,2651.2957762968877,2003125
2021-03-09,2682.019775390625,2696.0410098074835,2630.2862256983,2643.3403896236246,1942397
2021-03-10,2699.6015625,2719.161026418552,2689.9757119446654,2703.161867395375,3053778
2021-03-12,2688.173583984375,2740.0831259740735,2673.5810339324644,2703.161890397907,2938317
2021-03-15,2695.3818359375,2724.2596010016764,2673.2731354133907,2673.2731354133907,3097083
2021-03-16,2733.973876953125,2761.181271261382,2689.976023578424,2689.976023578424,4894756
2021-03-17,2736.522216796875,2773.4874409863096,2712.2158279236933,2729.5335988153697,3838390
2021-03-18,2669.317138671875,2765.971605676394,2625.846826743809,2747.950528336439,3656306
2021-03-19,2681.360595703125,2724.259595798463,2641.6263586235505,2663.603283404112,5776626
2021-03-22,2751.203125,2759.818122141022,2653.6255823341885,2680.041887934514,2821646
2021-03-23,2762.587158203125,2785.794702569668,2745.225389387804,2760.3014724104632,3305973
2021-03-24,2743.687255859375,2771.1144147890072,2734.940268188996,2734.984264961801,2207104
2021-03-25,2694.238525390625,2752.2575922323485,2681.184149503896,2735.862681694699,3179786
2021-03-26,2695.952880859375,2740.9615718936734,2675.074806025355,2716.918734605886,3697370
2021-03-30,2776.608642578125,2802.89295847513,2690.76664657172,2710.1943337083953,4694008
2021-03-31,2793.574951171875,2817.441806052853,2753.269184573334,2773.487955724415,3530069
2021-04-01,2782.278564453125,2826.232412232795,2764.697025341257,2805.2225588414717,4285076
2021-04-05,2847.24267578125,2868.4285193103187,2769.971886100771,2787.553427745333,5317862
2021-04-06,2869.92236328125,2878.9768984351203,2839.4184372352483,2878.9768984351203,2291562
2021-04-07,2875.812255859375,2881.218707886969,2843.6381681767643,2864.911787498394,2491268
2021-04-08,2916.2060546875,2931.721677267056,2871.1093634748245,2874.5816745617008,2578118
2021-04-09,2920.513427734375,2948.731883972365,2907.986581065637,2948.4241211892822,2911129
2021-04-12,2853.967529296875,2934.4470730375683,2824.650224965105,2920.5136164862206,3791828
2021-04-13,2728.69921875,2825.3536995556697,2701.4478296130287,2825.3536995556697,8654596
2021-04-15,2829.705078125,2845.7922313533463,2714.1064439685506,2778.147294061527,6062760
2021-04-16,2808.7822265625,2854.362445705138,2797.749984123038,2838.539062883243,3224657
2021-04-19,2779.465576171875,2803.376426569832,2755.994264254095,2785.794887362746,2679106
2021-04-20,2764.301513671875,2835.330975379309,2748.3023558299074,2835.0232125941484,3141893
2021-04-22,2741.66552734375,2767.3345341010545,2729.753990475635,2767.3345341010545,1988980
2021-04-23,2733.489990234375,2741.8412219138177,2717.2710621595616,2729.534143649376,1615309
2021-04-26,2725.842041015625,2771.7298181062615,2714.633809115576,2726.9408872803356,2490260
2021-04-27,2753.268798828125,2756.873099897442,2727.775569209346,2730.4127998595645,1471417
2021-04-28,2746.32421875,2769.9713014232066,2735.687302452878,2769.0482277580213,1639037
2021-04-29,2738.54443359375,2775.5536585645473,2729.9734334404593,2765.2245045336585,1621395
2021-04-30,2668.570068359375,2753.3132218090022,2654.812598851763,2724.259683391263,3072305
2021-05-03,2669.7568359375,2685.5802218600797,2640.7472950794368,2659.1199184421807,1545831
2021-05-04,2680.96484375,2716.3476898721206,2667.998459146241,2692.4368405095456,1990777
2021-05-05,2721.35888671875,2724.6114290067053,2683.2948060480226,2698.7666485777945,1939289
2021-05-06,2735.204345703125,2755.0275768392307,2702.282951883789,2729.973879985396,1791671
2021-05-07,2754.06005859375,2777.751353813853,2735.5116639367457,2754.148052135079,1912540
2021-05-10,2765.13671875,2781.5754158169793,2747.115640150612,2765.5322604784997,2137153
2021-05-11,2745.005615234375,2749.8405381869234,2717.358475020094,2747.1153139481335,2415625
2021-05-12,2714.238037109375,2742.720044026913,2699.2937291771773,2742.720044026913,1978558
2021-05-14,2682.50341796875,2723.8200362366615,2672.3940326478782,2723.8200362366615,2043935
2021-05-17,2698.54638671875,2703.337313029576,2668.8775405417787,2685.580002093259,2890462
2021-05-18,2715.29296875,2746.236434952546,2705.798894617137,2725.1385878210285,2098538
2021-05-19,2709.314697265625,2740.961462061719,2696.216538794585,2711.072850865408,1986041
2021-05-20,2689.975830078125,2715.293292579016,2683.0312070831365,2696.2173631129313,2329027
2021-05-21,2707.996337890625,2714.765186965572,2685.6678709113507,2690.854338673333,1685566
2021-05-24,2708.875244140625,2729.5335495883955,2700.52401427876,2708.875244140625,1652260
2021-05-25,2750.836181640625,2763.4243048225067,2722.65653952181,2731.401886201931,1841613
2021-05-26,2790.146484375,2795.8884353480685,2741.825801627591,2756.1364670729777,1923753
2021-05-27,2809.138671875,2842.4861513917554,2793.06125468533,2793.193674959177,5959785
2021-05-28,2776.984130859375,2825.0397552505065,2769.961110903209,2817.5310504601284,1763701
2021-05-31,2790.72021484375,2800.6142092520568,2763.733221463764,2782.6374019909617,1652799
2021-06-01,2785.28759765625,2800.260794224567,2766.7366812113464,2799.068364711175,1377441
2021-06-02,2764.484375,2790.9856875450187,2751.719619257796,2783.388774016387,2240078
2021-06-03,2774.907958984375,2786.656916039065,2758.477060767355,2786.656916039065,1281706
2021-06-04,2777.1162109375,2788.688534934649,2760.552893576044,2763.203024353877,1836060
2021-06-07,2811.965576171875,2818.370059314613,2768.1502071066175,2778.2206184706743,2559821
2021-06-08,2826.939208984375,2854.1914794488234,2815.4995183950705,2825.0400344405252,2574057
2021-06-09,2827.02734375,2844.474040114054,2814.615853329523,2828.57325355441,1710925
2021-06-10,2841.64697265625,2848.007243465834,2820.622558432509,2835.63996635401,1874324
2021-06-11,2892.0,2923.0948308603947,2836.5238748542542,2837.0097753940586,3452954
2021-06-14,2894.25244140625,2922.8295591519113,2888.952179184316,2896.593304286982,1847360
2021-06-15,2882.23828125,2913.377320224504,2872.3445020711756,2913.377320224504,1304985
2021-06-16,2892.4853515625,2910.4619427775083,2873.6251677448518,2881.6639841155666,1635552
2021-06-17,2930.82421875,2946.9900619599393,2879.8091939190717,2884.6677677124935,2273413
2021-06-18,2912.75927734375,2966.380222751199,2893.0599254050558,2960.1081592410437,3380431
2021-06-21,2891.38134765625,2902.7768246995624,2872.4769504377414,2884.22590768231,1130569
2021-06-22,2916.2041015625,2939.03948321946,2901.893437333948,2918.6776002896086,1708688
2021-06-23,2881.04541015625,2940.7617764131733,2876.6285255416315,2940.7617764131733,1467104
2021-06-24,2980.16064453125,2988.4643018161614,2896.151408071027,2901.0099814260343,4155204
2021-06-25,2986.520751953125,3003.1722775928047,2959.3126995223847,2981.6179668844566,2722861
2021-06-28,2947.60791015625,2995.972796072502,2944.295246737329,2995.972796072502,1355238
2021-06-29,2951.230224609375,2973.7121267952775,2938.553678014563,2952.2460219223417,1497322
2021-06-30,2955.55859375,2987.5810099566615,2949.1541105086676,2955.7794379997013,1693146
2021-07-01,2951.804443359375,2969.913673073236,2943.7216295348694,2966.380164836385,990310
2021-07-02,2937.6259765625,2950.214098705569,2910.903822539493,2942.5287620044955,1682274
2021-07-05,2933.6953125,2980.514298215899,2916.911147809395,2952.2462313685637,1972858
2021-07-06,2881.8408203125,2939.878645879054,2876.3639260649975,2926.6279909246714,2159420
2021-07-07,2893.015625,2899.8617971333256,2863.555129801397,2893.0598369861177,2640710
2021-07-08,2878.484375,2913.3777715973606,2854.986457100049,2913.3777715973606,2485811
2021-07-09,2834.006103515625,2899.2435873844856,2827.6900436373367,2870.9755207189455,6365067
2021-07-12,2820.71142578125,2858.608216049346,2816.5153846730195,2857.7248389739293,1892226
2021-07-13,2815.808349609375,2839.173627711881,2804.721925322098,2839.173627711881,1809339
2021-07-14,2839.659423828125,2846.2405389860573,2813.5555917661677,2815.3223456699457,2044279
2021-07-15,2835.5869140625,2861.172351997801,2827.663479475212,2857.409806666627,2232968
2021-07-16,2828.372314453125,2850.549246811429,2825.893417350475,2844.484821411991,1256526
2021-07-19,2819.341796875,2832.7983868188567,2811.728089019713,2815.2693082754054,1597058
2021-07-20,2838.110107421875,2846.2548681714516,2794.1545954042767,2819.3416893105386,1811945
2021-07-22,2847.4501953125,2855.0636869502946,2824.122327250977,2824.122327250977,2859334
2021-07-23,2844.351318359375,2869.759520258406,2838.8622562571436,2859.53420765034,1776193
2021-07-26,2830.806396484375,2854.443991333239,2824.8748975730673,2832.9753500089523,1259611
2021-07-27,2817.881103515625,2841.8286435684886,2798.581414048037,2832.97559483463,1121367
2021-07-28,2831.027587890625,2836.91477805401,2773.1285272482296,2822.3515580665385,1660654
2021-07-29,2829.257080078125,2855.50628054373,2824.3879037521106,2833.196643150491,1731997
2021-07-30,2804.15869140625,2853.7800694857933,2799.6437665357093,2849.7961978206204,2999943
2021-08-02,2850.150146484375,2855.019322815732,2803.760262073905,2815.2692243116567,2608669
2021-08-03,2908.137451171875,2912.6525917970707,2849.751646852832,2858.64900270904,3804735
2021-08-04,2898.443359375,2926.109132013964,2887.1557241383025,2921.50559067461,2929598
2021-08-05,2907.296630859375,2934.7853879014283,2888.30688628308,2899.3731961922103,2534521
2021-08-06,2930.1826171875,2942.7539053242176,2890.520908809738,2897.2050049813247,2292362
2021-08-09,2941.60205078125,2954.261951939117,2930.3587236794956,2942.6643732539064,1510489
2021-08-10,2951.517822265625,2965.6827001982383,2935.3169160413063,2935.3169160413063,2040777
2021-08-11,2960.635986328125,2974.6238440607035,2945.4974053764813,2965.770796905761,1929707
2021-08-12,2967.3203125,2981.706515253226,2944.523714291042,2944.523714291042,1310205
2021-08-13,3066.164794921875,3080.86094219364,2972.4110958089495,2975.288336631401,4363584
2021-08-16,3074.619384765625,3093.5650379258386,3042.3500667442145,3063.1547303753764,2083489
2021-08-17,3145.532470703125,3152.3935833564606,3065.810724967882,3082.720134220687,4336019
2021-08-18,3152.172119140625,3182.670826952774,3130.96911193571,3163.9467164708954,2631309
2021-08-20,3151.2421875,3164.9644108196376,3098.5665560471975,3103.878384428993,2836148
2021-08-23,3220.208251953125,3251.725195737372,3153.367725876846,3169.3918324910946,3744176
2021-08-24,3198.782958984375,3246.722339074466,3182.1391870835214,3237.5593488015643,2511141
2021-08-25,3239.330810546875,3273.6363773434564,3193.339261643497,3195.9508680170043,2123263
2021-08-26,3250.706298828125,3264.6498484951503,3229.5030773757558,3240.2153511945357,1902533
2021-08-27,3293.466552734375,3301.744239038429,3232.33642943804,3245.5273844523076,3944728
2021-08-30,3276.778564453125,3311.3497586964454,3264.64993242064,3288.90719648561,2033114
2021-08-31,3352.162109375,3367.787867811746,3278.681815520326,3283.9493355267155,3207480
2021-09-01,3288.863037109375,3378.942800881244,3281.8249071480936,3360.6170346733647,2643336
2021-09-02,3396.693603515625,3416.524346986112,3295.1048653900193,3305.7285242789717,3403717
2021-09-03,3401.385498046875,3414.5321452155067,3368.1865666025374,3386.2910073224075,1746812
2021-09-06,3410.19482421875,3432.858718436517,3376.5532345717324,3408.158579512332,1723693
2021-09-07,3378.234375,3426.0851408991393,3371.461879985868,3420.817620761608,1585039
2021-09-08,3341.273193359375,3377.4379827229823,3325.2049968827055,3373.0114584992302,4147175
2021-09-09,3356.544677734375,3371.8604946659234,3333.172716457,3355.039702736924,1441148
2021-09-13,3404.307373046875,3410.5485998446184,3334.9436458552505,3334.9436458552505,1691473
2021-09-14,3440.205810546875,3449.5901278133597,3386.2908350791995,3408.379146448871,1991188
2021-09-15,3500.982421875,3523.5133876208283,3422.588632297016,3436.84212717988,2461369
2021-09-16,3455.610595703125,3525.062720600188,3445.6952242336656,3479.2481928696525,2946666
2021-09-17,3388.814208984375,3492.527584251267,3368.584906990132,3470.3949633117786,6477148
2021-09-20,3384.962890625,3427.014868473748,3371.1079570103802,3372.1259710711715,2002008
2021-09-21,3419.887939453125,3427.5016467557025,3383.3248100645906,3415.505724170102,1568129
2021-09-22,3419.179931640625,3449.900181873406,3410.5925180954796,3419.489874783857,1744067
2021-09-23,3425.4658203125,3434.09754267421,3395.1441289393133,3426.1297989557083,2003869
2021-09-24,3427.280517578125,3491.9961688146536,3412.850006101466,3443.8356741205457,2320754
2021-09-27,3396.8701171875,3456.229845648555,3366.725446335667,3452.688626544407,1673362
2021-09-28,3345.69921875,3408.423144104183,3320.9993037196923,3408.423144104183,2253075
2021-09-29,3356.9873046875,3369.4701892693497,3295.2372926797393,3328.56914927478,2489161
2021-09-30,3342.512939453125,3368.58512538238,3319.9819731037724,3368.58512538238,2252412
2021-10-01,3302.3642578125,3373.011631270028,3297.760715611773,3348.0017681247846,1578374
2021-10-04,3340.52099609375,3349.6837720532653,3282.2235824322406,3297.583708781848,1356860
2021-10-05,3393.63916015625,3399.570659485388,3312.456747791628,3323.4344415906635,1877966
2021-10-06,3373.80859375,3415.0195829652303,3359.732331307594,3396.029834755186,1678154
2021-10-07,3446.4033203125,3451.8037665978186,3381.9089887502187,3390.717729179186,1647233
2021-10-08,3484.25,3532.277788850689,3452.688968067958,3474.821589658137,2934339
2021-10-11,3262.879638671875,3326.532970873897,3240.21574807677,3324.319708750894,11845402
2021-10-12,3233.88623046875,3281.82540642427,3214.188195590698,3280.9401014859304,5752877
2021-10-13,3235.966064453125,3253.893486668199,3226.9359987133057,3231.3625227170273,3545655
2021-10-14,3203.369140625,3255.3032452461207,3200.4863788955586,3215.388082838471,6442299
2021-10-18,3235.034912109375,3239.957825124647,3194.4988931682005,3196.27290026894,3590107
2021-10-19,3223.503662109375,3273.1316808571055,3215.565024146303,3254.4158205064023,3135441
2021-10-20,3201.0634765625,3219.823518707063,3173.9654694786304,3203.857451672152,2933693
2021-10-21,3133.34033203125,3199.8212109811748,3114.491504839272,3196.849878744259,4871211
2021-10-22,3103.492431640625,3159.1519039386526,3091.2073459542025,3157.7326116490563,2691670
2021-10-25,3098.2587890625,3117.4181510183253,3060.1620325763606,3107.1732174246354,2595594
2021-10-26,3089.0791015625,3130.2359856793646,3082.337786975288,3099.634358729538,3878763
2021-10-27,3095.420654296875,3114.491230718505,3089.433380304038,3089.433380304038,2510813
2021-10-28,3035.015625,3120.4785040796774,3029.1171379852467,3120.4785040796774,2424942
2021-10-29,3013.81591796875,3069.9188851710232,3003.349234136505,3015.8560691777293,3960501
2021-11-01,3083.5791015625,3092.981425957141,3027.298768768552,3049.4738578562856,2020718
2021-11-02,3090.49755859375,3116.5755914866954,3077.6804012995885,3099.190236224732,3087414
2021-11-03,3097.63818359375,3122.163745415681,3074.39873362359,3108.23783282908,1537639
2021-11-04,3112.1845703125,3116.2648728066724,3108.947094339255,3115.9987284607782,328991
2021-11-08,3106.951904296875,3147.0888177704123,3087.8369331330086,3147.0888177704123,2526082
2021-11-09,3109.56884765625,3135.558099543106,3100.96495502198,3111.608999490019,1782692
2021-11-10,3090.586669921875,3121.986510569045,3086.94986856028,3102.7385758648256,1516489
2021-11-11,3094.0458984375,3113.427013620151,3047.744354064243,3086.7725122652982,1284514
2021-11-12,3127.618896484375,3134.803495274356,3091.8282167841194,3109.83443207749,1747259
2021-11-15,3151.789306640625,3166.2475057480005,3129.3480767252768,3129.3480767252768,1809157
2021-11-16,3154.5390625,3171.5253089279527,3141.7662991193665,3165.7153928732405,2013204
2021-11-17,3123.9375,3160.260466102447,3110.188945926167,3149.3946733666758,1632914
2021-11-18,3082.958251953125,3123.0065929021084,3061.5815959383253,3117.9504993315195,2136598
2021-11-22,3067.613037109375,3118.6601354949016,3051.5584025436406,3085.35310837777,3167936
2021-11-23,3072.80224609375,3087.6151630225495,3022.7309357804584,3055.727426655977,2153461
2021-11-24,3054.2197265625,3098.348158369713,3037.1005127215394,3079.8540455536813,2161746
2021-11-25,3056.525390625,3071.693237675039,3046.0145286811985,3054.7513835573277,1849619
2021-11-26,3057.36865234375,3095.6427736544447,3026.3677011812993,3037.987535749706,1941251
2021-11-29,3106.2861328125,3130.54576418905,3021.5329084651667,3057.633906161152,2981745
2021-11-30,3130.36865234375,3161.059063368577,3096.529551797882,3096.529551797882,5588446
2021-12-01,3173.521240234375,3184.3426398781166,3135.5574462309587,3135.5574462309587,2102118
2021-12-02,3231.2646484375,3235.7884524678047,3170.2389868311807,3183.632608442972,3152938
2021-12-03,3229.091796875,3251.7103857650372,3220.5766933426667,3234.413817790303,2486263
2021-12-06,3136.799072265625,3244.658783850488,3124.026308562444,3229.091829206644,1849642
2021-12-07,3179.464111328125,3191.4386588251064,3126.06654283749,3159.950033925637,1484458
2021-12-08,3217.072998046875,3234.4139602705127,3194.099693371914,3194.099693371914,1428660
2021-12-09,3194.764892578125,3224.036008412116,3163.054517091301,3202.082671536623,1567957
2021-12-10,3225.854248046875,3230.466622758769,3171.1261775123917,3179.9074252032365,1510718
2021-12-13,3201.772216796875,3248.2069383784756,3194.7205820190884,3237.562895980731,1883864
2021-12-14,3214.32373046875,3224.258127606222,3172.5457737481966,3197.648019262842,1747007
2021-12-15,3166.91259765625,3213.6132388923147,3156.0909832004613,3210.952228757985,1603233
2021-12-16,3176.8916015625,3200.707513951153,3166.6022750557354,3177.246316316427,2072320
2021-12-17,3179.330810546875,3238.760039975643,3169.8840941458316,3195.4298360766725,4333992
2021-12-20,3154.983154296875,3198.53511955677,3113.515734208334,3183.4560577063917,2312310
2021-12-21,3200.574951171875,3229.7572813308107,3163.4093725133384,3177.8231801936154,2340989
2021-12-22,3220.488037109375,3225.8544517275404,3198.756450823021,3214.500763336604,1224328
2021-12-23,3248.828369140625,3255.7470412271514,3219.823391814347,3235.789458220038,1792861
2021-12-24,3256.101318359375,3286.3482267165896,3232.950655115478,3268.60815531731,2209923
2021-12-27,3278.4541015625,3281.9133289905308,3240.3129466580153,3256.1902245200645,1534135
2021-12-28,3287.722900390625,3304.0880718249186,3276.4579991343157,3290.7830191866974,1456218
2021-12-29,3277.212158203125,3299.6089991071835,3268.6082665922886,3275.039042693454,1456923
2021-12-30,3311.849365234375,3317.3931371882327,3264.172926431202,3265.370467794672,1966475
2021-12-31,3315.929443359375,3335.1329814850587,3309.676025708375,3319.8765654123854,1207141
2022-01-03,3386.35791015625,3397.2237039875417,3321.828399852048,3326.263417742371,2346158
2022-01-04,3445.786865234375,3449.6895940340164,3380.991215898721,3398.199213823808,2488606
2022-01-05,3424.67626953125,3432.703694867435,3381.6122044154104,3428.2686771738076,1733031
2022-01-06,3377.22216796875,3401.6591630242797,3345.7779303592133,3381.2580780830654,1810293
2022-01-07,3418.068603515625,3428.1803586173028,3367.4206079125356,3388.353980908184,2460591
2022-01-10,3441.440673828125,3528.499982192148,3424.7205709512023,3528.499982192148,3937092
2022-01-11,3473.417236328125,3481.4890555369284,3420.2858084459604,3420.2858084459604,1906106
2022-01-12,3423.7451171875,3485.037152715186,3403.033713010251,3481.4891383067206,3203744
2022-01-13,3457.450927734375,3479.7148026675522,3421.1725704534156,3475.2797850755724,6684507
2022-01-14,3519.762939453125,3527.613007244821,3423.877988650264,3439.6666946537052,3348123
2022-01-17,3565.0,3586.1551199160176,3514.573981387204,3541.538800935803,3442604
2022-01-18,3539.676025390625,3585.001771384683,3530.273702275697,3578.127494703116,2389041
2022-01-19,3478.409912109375,3564.91152862164,3474.722465771417,3564.91152862164,3102539
2022-01-20,3400.127197265625,3483.1632784636076,3386.310013832859,3474.277657855282,6176776
2022-01-21,3406.302978515625,3422.3415685992545,3350.856787511947,3382.7560817031394,3112358
2022-01-24,3351.078857421875,3420.653098273078,3323.3112910112377,3412.078560539118,3258414
2022-01-25,3349.789794921875,3384.8879938998243,3307.405430935319,3349.434456895731,3330501
2022-01-27,3242.58544921875,3317.35786790561,3221.1267599154967,3315.225405503914,5718297
2022-01-28,3278.8388671875,3314.159213319958,3239.6976603507437,3239.6976603507437,3143862
2022-01-31,3319.890380859375,3339.216607900845,3306.695145967757,3331.219548435409,2739393
2022-02-01,3377.11328125,3383.6442991156814,3320.0231693229566,3349.8789410887916,2105169
2022-02-02,3426.473388671875,3433.4042169687295,3377.1137168552855,3401.3270359319927,1984212
2022-02-03,3398.39501953125,3449.842683269199,3390.7977694626597,3421.8529744416446,1960538
2022-02-04,3389.775634765625,3398.483587159522,3348.990719148999,3390.1311897835267,2307366
2022-02-07,3357.87646484375,3404.7925911476827,3337.5727323379806,3368.539210961275,1919149
2022-02-08,3326.287841796875,3376.2694613033686,3306.339665487328,3369.02776676185,2946443
2022-02-09,3341.482177734375,3356.9430711731097,3328.6424990482747,3332.1078043912007,1638721
2022-02-10,3350.1904296875,3367.4729203279344,3339.216600228163,3367.4729203279344,2112459
2022-02-11,3283.19287109375,3334.3296693022535,3278.794531572369,3334.3296693022535,3851488
2022-02-14,3317.6689453125,3370.538393520359,3296.565594137094,3309.005464303649,5951745
2022-02-15,3392.352294921875,3407.6355190520553,3330.3306194021134,3364.095977869904,3931683
2022-02-16,3388.17626953125,3424.607316053256,3381.8673917745273,3415.6327519656547,3256906
2022-02-17,3362.496826171875,3407.6358265307354,3357.8763464040803,3398.750205079547,3134372
2022-02-18,3371.1162109375,3390.709051805688,3338.861575025704,3348.991097834247,3688883
2022-02-21,3304.91796875,3401.238235819317,3292.6115131522834,3385.421786187314,7465922
2022-02-22,3186.7392578125,3259.157074169786,3172.1669250983023,3243.2518982097486,5408531
2022-02-23,3166.657958984375,3219.171853968917,3159.4160470145603,3208.5980507387485,2426203
2022-02-24,3022.5771484375,3095.617125825377,3013.2029919298166,3086.8647024601314,5039136
2022-02-25,3128.4052734375,3136.6244735452315,3076.20224572623,3081.533618769083,2549723
2022-02-28,3158.127197265625,3166.6130082367754,3070.781504293489,3101.0815569965193,3288942
2022-03-02,3150.974853515625,3173.899802351873,3115.299166886402,3156.617310428963,2761341
2022-03-03,3149.41943359375,3179.8084310877025,3136.7131690580727,3165.813577954369,1928039
2022-03-04,3131.6044921875,3164.3478813538386,3098.461076456285,3111.3007577444255,2370257
2022-03-07,3096.550048828125,3152.618405439203,3049.145389831269,3065.539317577579,3054130
2022-03-08,3198.779541015625,3206.8210725450217,3074.425300915981,3074.425300915981,3300992
2022-03-09,3227.79150390625,3246.806650388833,3196.2030706942073,3203.267097605841,2719654
2022-03-10,3217.439453125,3273.46334667686,3212.152551095779,3273.46334667686,2005441
2022-03-11,3198.068603515625,3234.2332591475283,3192.4708351186337,3201.7117953641396,1623423
2022-03-14,3237.032470703125,3241.786365799121,3181.0530455990083,3181.0530455990083,1765688
2022-03-15,3193.40380859375,3251.2492982969325,3185.8510294094035,3251.2492982969325,3651133
2022-03-16,3248.49462890625,3259.246318858256,3213.263222620275,3234.8108570892805,3090475
2022-03-17,3263.466796875,3296.565738589953,3252.4042409503854,3284.6590919681585,3600452
2022-03-21,3222.54833984375,3300.075388245015,3212.1522059664503,3284.1257408719225,2413831
2022-03-22,3288.5244140625,3297.4545080572443,3221.038154596473,3234.3665883396307,2907611
2022-03-23,3298.6982421875,3314.159354710851,3278.794535574468,3294.7886552601967,1596195
2022-03-24,3331.97509765625,3339.394461966447,3283.2373735512606,3287.6801846115463,1879046
2022-03-25,3294.299560546875,3358.320504138264,3262.800077046092,3340.904599959908,1690133
2022-03-28,3294.52197265625,3299.2313956274616,3253.203831019655,3283.2372762842633,1760990
2022-03-29,3292.433837890625,3307.228310863317,3279.6828843085714,3283.0149923595486,2689063
2022-03-30,3315.714111328125,3321.445293769234,3293.1889742074877,3321.445293769234,1583455
2022-03-31,3323.177734375,3336.23955366899,3305.6286331541824,3323.222205866177,2168110
2022-04-01,3339.883056640625,3343.659445863298,3312.604241407199,3330.331013312687,1387014
2022-04-04,3350.1904296875,3358.7649677654217,3320.645737841415,3342.7708488713006,1472994
2022-04-05,3389.68701171875,3408.1691482536567,3351.656507431064,3351.656507431064,2314947
2022-04-06,3336.862060546875,3384.799946643338,3315.358682300862,3384.799946643338,2051729
2022-04-07,3273.5966796875,3328.1100630485403,3269.0206706596127,3328.1100630485403,2494829
2022-04-08,3274.928955078125,3292.1227192112146,3236.587585621282,3278.7942871496307,2296773
2022-04-11,3284.481201171875,3298.6539416877777,3248.672318365914,3278.794489914239,2291660
2022-04-12,3279.77197265625,3322.3340146067667,3241.7859391915695,3272.5745321735017,4483476
2022-04-13,3253.870361328125,3296.43262160667,3248.183649923165,3293.9001325191025,1621672
2022-04-18,3134.891845703125,3207.7094730408703,3129.960282212317,3207.7094730408703,3820792
2022-04-19,3084.999267578125,3166.4361300253568,3055.89885314942,3154.3960678443605,3170014
2022-04-20,3160.43798828125,3171.4116009849918,3092.196369835976,3109.96761334078,2640370
2022-04-21,3224.28125,3237.9207670078954,3169.856813397576,3181.0527842723013,2280996
2022-04-22,3209.9755859375,3213.929644546312,3173.500062343697,3182.0303466809823,1581465
2022-04-25,3152.79638671875,3184.606957189106,3139.3792275227693,3161.504339754141,1960694
2022-04-26,3151.10791015625,3188.071964429589,3126.094756154156,3176.7427973254776,1943469
2022-04-27,3164.34765625,3170.7897321857427,3115.5656783516138,3150.841554226717,1727648
2022-04-28,3184.87353515625,3202.7335052062913,3143.7775334280645,3188.161171907679,1703660
2022-04-29,3151.464111328125,3219.4836040744854,3142.71190215236,3196.158841883923,2051115
2022-05-02,3147.642333984375,3152.573897085291,3103.5253119643658,3127.6496864948044,1324161
2022-05-04,3091.974365234375,3150.35285932751,3079.1346846244674,3144.1773953249044,2305825
2022-05-05,3121.8740234375,3139.2899275277423,3096.950029855675,3120.7190662444004,1612262
2022-05-06,3050.078369140625,3087.309034575563,3042.8809293147265,3073.536321944704,2010812
2022-05-09,3061.18603515625,3070.8712773534085,2973.8847900752394,3019.3346644811577,2481830
2022-05-10,3055.54296875,3078.690055200708,3040.6595533442382,3051.32229870956,1622685
2022-05-11,3031.774169921875,3064.1622181217003,3005.2505019723253,3052.211100141161,1841769
2022-05-12,3028.79736328125,3065.2728838583857,2976.772221615572,3001.5630194609157,2807195
2022-05-13,3034.350830078125,3056.56488405373,3005.250419370082,3052.21101624816,2187823
2022-05-16,3000.497314453125,3047.7687869454467,2991.434022088691,3034.4403520171136,1195813
2022-05-17,3066.96142578125,3080.645197108395,2977.0387561429793,2994.4546623176498,1754076
2022-05-18,3064.472900390625,3105.524424503682,3059.3636685048177,3078.867562490775,1866781
2022-05-19,2898.445068359375,3025.553918820275,2870.0555529484545,3018.445422094706,4642963
2022-05-20,2926.03515625,2944.6060183878694,2905.6426983201104,2941.140712780899,3065125
2022-05-23,2951.581787109375,2966.8205436107723,2902.9330017268994,2936.5206996791653,2293690
2022-05-24,2921.59228515625,2954.3358864396305,2910.5742015114233,2945.716660226276,1711510
2022-05-25,2833.613525390625,2945.6110559752246,2821.4478094645397,2945.6110559752246,3548046
2022-05-26,2886.660400390625,2899.6761119484217,2845.153478156193,2854.50145711165,2813186
2022-05-27,2917.38818359375,2933.132090597313,2888.673117763423,2910.142260546347,3103153
2022-05-30,3019.32177734375,3029.474979929779,2939.7965833136136,2949.323427865297,2094624
2022-05-31,3009.571044921875,3026.612000510551,2974.3705125505267,3000.446485475332,4840965
2022-06-01,3001.3857421875,3030.7269440021355,2987.833434858042,3030.7269440021355,1493835
2022-06-02,3062.03662109375,3070.0875499835674,2993.424859678505,3001.2073805929103,2657939
2022-06-03,3077.37744140625,3110.610011492241,3069.371285099151,3094.597480482661,1913622
2022-06-06,3069.14794921875,3088.872766865215,3021.021246154396,3057.563601837621,1084210
2022-06-07,3008.094970703125,3058.3239461384833,3002.101545860968,3042.400956238807,2308256
2022-06-08,3045.174072265625,3053.940682272369,2993.6034913799344,3023.704930238696,2185707
2022-06-09,3065.703857421875,3074.5597904085103,2999.5073417133417,3028.043319910622,1279197
2022-06-10,3005.590087890625,3035.1996977943127,2998.523249928245,3025.3596751960995,1527582
2022-06-13,2880.0849609375,2945.7446542107127,2855.7978674460373,2943.0610119505754,3030921
2022-06-14,2871.98974609375,2897.3500386797054,2839.920128333768,2853.606749841241,2611493
2022-06-15,2868.187744140625,2892.966666653976,2863.4465986268947,2879.1011801564077,1404536
2022-06-16,2810.66796875,2902.6722574403984,2802.6618130909724,2898.333615133673,2032028
2022-06-17,2763.167724609375,2789.8700552215146,2704.977583624793,2765.940909256889,5240434
2022-06-20,2784.18994140625,2807.761358689215,2745.3666618294546,2767.730352460193,1502769
2022-06-21,2873.241943359375,2896.321313698456,2795.8188096638946,2799.9338157288753,2964461
2022-06-22,2883.081787109375,2907.7713851734843,2847.3446585890692,2862.4624238008673,3336315
2022-06-23,2959.878662109375,2968.108455014427,2883.0816757569546,2883.0816757569546,3692578
2022-06-24,2945.8349609375,2992.2618967303943,2931.879930204445,2986.8946108169766,2132118
2022-06-27,2965.156982421875,3008.2741344642945,2957.821735542528,2996.73455740737,2037686
2022-06-28,2968.24267578125,2978.8431509287448,2927.49621220182,2958.2685585950026,1400046
2022-06-29,2943.5087890625,2981.5270609163695,2926.065111388372,2926.065111388372,2133994
2022-06-30,2922.57666015625,2961.7576717790407,2911.752546434991,2926.959856201318,2719603
2022-07-01,2965.514892578125,2981.5272075648168,2909.1136216452282,2916.225231521543,1502879
2022-07-04,2893.90576171875,2968.063657707223,2884.960287249917,2962.7411440773417,2622535
2022-07-05,2877.133056640625,2926.959306784252,2868.7689504809973,2911.7519998724756,2170627
2022-07-06,2916.89599609375,2923.828739778401,2864.5649631192855,2879.101361167748,2182144
2022-07-07,2941.138427734375,2969.361229929666,2920.742698680176,2926.0652132459163,1989921
2022-07-08,2921.1005859375,2956.479989245835,2907.2798683960555,2952.007250986764,2136916
2022-07-11,2785.4423828125,2884.9160330481313,2778.4648677976734,2868.0537232952515,6974600
2022-07-12,2759.410400390625,2805.4795928143903,2755.429708025315,2786.4256889678177,3734815
2022-07-13,2718.306396484375,2782.04291010001,2714.9518431361835,2776.675624742904,3863530
2022-07-14,2689.60546875,2741.85041032722,2661.1286121821595,2740.9535014589414,4764908
2022-07-15,2685.883544921875,2716.6473457633606,2648.5720461846936,2707.3644698054904,4574806
2022-07-18,2747.68017578125,2759.7435556409487,2703.552305539903,2711.3553684957465,3202795
2022-07-19,2757.322021484375,2761.5374492687492,2717.678694261558,2717.678694261558,1865074
2022-07-20,2838.537109375,2844.949919921643,2778.668444964135,2787.4133060578565,3402251
2022-07-21,2849.74853515625,2855.757780661632,2819.9263158701324,2840.5103301995564,2420640
2022-07-22,2844.09765625,2867.4172838319932,2819.4326655382765,2856.65437879415,2075886
2022-07-25,2840.2861328125,2857.9551935626573,2824.4557790199847,2838.716542307275,1797504
2022-07-26,2794.677978515625,2842.214143830151,2777.2780357816973,2838.447170750544,2639367
2022-07-27,2860.107666015625,2864.816437135854,2789.3863207449663,2793.870864668994,1389808
2022-07-28,2924.371337890625,2927.5105189004753,2871.5881638933847,2884.4588936225273,2106333
2022-07-29,2961.5029296875,2975.3154558936158,2937.376171773738,2950.829803094839,2430257
2022-08-01,2958.722900390625,2984.0156856722806,2933.78879105321,2984.0156856722806,1306913
2022-08-02,2952.444580078125,2971.369225326498,2934.371735466329,2950.8301003625766,1269114
2022-08-03,2995.226806640625,3003.7474398680797,2939.2148983239913,2941.860735373933,2895824
2022-08-04,3009.083984375,3038.6370840635946,2966.3912590118593,3004.6443298312643,2150567
2022-08-05,3018.143310546875,3028.861328010929,3009.129332388708,3014.6901237242273,1106933
2022-08-08,3026.57421875,3030.565419593508,2992.08811505521,3018.0984733695386,1068836
2022-08-10,3008.45654296875,3036.0364904074586,2991.1910474176884,3036.0364904074586,1878359
2022-08-11,3069.670166015625,3075.2309564153497,3027.1118900503357,3049.489719343499,1449248
2022-08-12,3050.880615234375,3066.531632271564,3032.673320157422,3066.531632271564,1472354
2022-08-16,3042.9423828125,3062.809043729428,3038.2785009375384,3059.355857327806,839942
2022-08-17,3050.476806640625,3065.589589525235,3023.56954088203,3036.126264902708,1622326
2022-08-18,3032.673095703125,3042.3148659889093,3015.4076000750924,3040.5210482613215,1430659
2022-08-19,3036.708984375,3068.7734741310087,3023.7038067117237,3037.830120380455,1398410
2022-08-22,3008.725341796875,3035.229039600273,3002.3123127432127,3018.0979945979097,1536532
2022-08-23,2945.986572265625,2997.3792685403614,2932.891616907202,2977.692165242651,1849256
2022-08-24,2919.75244140625,2966.9746068558716,2915.13322924158,2952.624064621986,1691923
2022-08-25,2886.431884765625,2940.201524060297,2883.337593169555,2938.2732577100746,1946930
2022-08-26,2890.019287109375,2921.2317549356044,2885.176067520762,2900.871970410345,1457962
2022-08-29,2809.612060546875,2818.7155984293877,2763.3763622653864,2802.8403544561284,2539173
2022-08-30,2880.10888671875,2893.876525731647,2818.1775032098362,2829.7475402706787,3431525
2022-09-01,2808.848876953125,2861.138696932818,2799.2519978455566,2861.138696932818,3546935
2022-09-02,2807.683837890625,2836.923158794826,2798.6251883999794,2836.923158794826,2052900
2022-09-05,2810.3740234375,2823.4240906299206,2791.4044893857963,2801.6291623975735,2147912
2022-09-06,2804.67919921875,2817.0565866260768,2786.113227593717,2812.258036114902,1936453
2022-09-07,2824.904052734375,2835.935855830716,2782.211106134661,2782.211106134661,1291534
2022-09-08,2842.88671875,2855.308992469009,2834.3214154044554,2843.200724399798,1346113
2022-09-09,2885.938720703125,2900.1548137963414,2841.8557375950854,2865.623822507905,1561185
2022-09-12,2908.63037109375,2932.7124601440546,2892.530901806751,2905.894755438751,1785928
2022-09-13,2896.432861328125,2927.017323620031,2892.5312200007593,2927.017323620031,1972678
2022-09-14,2798.7138671875,2817.548950205799,2792.7944010505757,2811.8088220175355,5090269
2022-09-15,2784.3193359375,2814.2760067345016,2780.417694487118,2807.3249624982836,2138023
2022-09-16,2698.529541015625,2775.349913346331,2690.7264780237324,2758.8915488003336,5322221
2022-09-19,2716.557373046875,2728.3965252199246,2679.7841128450286,2723.015072507459,2072220
2022-09-20,2726.872314453125,2762.4346666011033,2717.63410850771,2735.5722874417543,1544295
2022-09-21,2691.802734375,2727.85842551412,2689.0671186515897,2715.839934791707,2253818
2022-09-22,2697.363525390625,2717.588863283786,2672.1605186728298,2681.7573993510473,2017983
2022-09-23,2674.62744140625,2710.907365497516,2671.8918252496605,2694.3145495300373,2652374
2022-09-26,2685.703857421875,2713.9118168201303,2624.445156215398,2654.715830856097,2925489
2022-09-27,2706.3779296875,2713.1496362102757,2669.2010966485227,2699.1577686794003,2227447
2022-09-28,2722.701171875,2735.527011795521,2672.7882836301883,2672.7882836301883,2739767
2022-09-29,2688.3046875,2740.8187395314417,2681.757209715352,2739.1593707259813,2493902
2022-09-30,2694.8076171875,2708.395699120603,2645.9709725023213,2682.520009335048,2817353
2022-10-03,2677.22802734375,2709.292518723233,2667.406919233083,2686.2420050783735,1763331
2022-10-04,2772.479248046875,2778.623160247525,2711.355007562385,2717.588479250171,2145875
2022-10-06,2782.166748046875,2801.9436347175456,2773.6461127940524,2790.283818055789,1790816
2022-10-07,2748.93603515625,2784.902170094704,2742.8372297358187,2778.085574778819,1939879
2022-10-10,2797.05517578125,2804.634011871847,2695.2111306923252,2699.6956750029613,3064063
2022-10-11,2753.1064453125,2820.7781703423966,2738.5765665760173,2780.417274423348,4730645
2022-10-12,2781.08984375,2789.2964713334904,2746.3795184552414,2766.8737522836636,1665247
2022-10-13,2783.377197265625,2789.386442591945,2737.679736477988,2781.090035970088,2054781
2022-10-14,2779.655029296875,2825.262932800845,2754.407132263935,2820.778388463066,2245977
2022-10-17,2798.17919921875,2813.1512922234274,2761.9401831157984,2763.019215303223,1517005
2022-10-18,2827.808349609375,2837.385280197572,2813.2858738876407,2832.574312201108,1793722
2022-10-19,2807.261962890625,2840.6682779001144,2798.4044573678875,2840.6682779001144,1194289
2022-10-20,2839.13916015625,2841.5670374514175,2792.1093833185605,2792.1093833185605,1587601
2022-10-21,2821.244140625,2841.9264308188326,2811.8922363527845,2839.5885645200665,1021913
2022-10-24,2843.095947265625,2857.7534427519686,2837.071149113424,2850.6496123176526,260949
2022-10-25,2843.45556640625,2863.373425161377,2833.6088212517743,2860.0013123108297,2069643
2022-10-27,2839.229248046875,2854.156556669097,2818.5021682804067,2842.1967515125716,2438421
2022-10-28,2844.489990234375,2858.2032510740414,2828.0790387377256,2832.575189832698,1355739
2022-10-31,2871.37646484375,2876.637048668789,2857.5734147297503,2876.637048668789,1919414
2022-11-01,2931.22021484375,2933.8281137695244,2880.638523413628,2890.5750595933964,2991060
2022-11-02,2915.033935546875,2940.4821892267983,2897.364153326128,2940.4821892267983,1405955
2022-11-03,2883.606201171875,2902.75984672767,2873.0402472110827,2902.75984672767,1422652
2022-11-04,2893.1826171875,2895.565708495487,2847.097078046765,2892.8230129901267,1464013
2022-11-07,2907.83984375,2916.022924105761,2873.1296994229197,2903.613506895121,1474498
2022-11-09,2891.968994140625,2922.318009880542,2879.0199490351015,2922.318009880542,1162267
2022-11-10,2882.61669921875,2900.01688836437,2850.5592360046676,2850.5592360046676,1573092
2022-11-11,2981.802001953125,3004.8673857085314,2927.038976756328,2940.1228186004687,3265394
2022-11-14,2999.38232421875,3011.5219318868517,2975.552723981365,2989.0411769459224,1342074
2022-11-15,2996.77490234375,3003.384113141955,2960.2660653625226,2986.343743338073,1400708
2022-11-16,3017.231689453125,3028.516851149373,2986.7476584957576,3002.439179238099,1748235
2022-11-17,3011.521728515625,3021.413260021648,2983.4207867371497,3003.428657283424,1417986
2022-11-18,3006.531005859375,3023.886191689514,2986.3433328677056,3012.4210072589017,1164540
2022-11-21,2952.621826171875,2997.763130116702,2943.179910784391,2987.691797611102,1304194
2022-11-22,2980.90234375,2984.499263628318,2927.2183584738145,2949.474300220908,1149739
2022-11-23,2974.9228515625,2994.4360999578107,2959.3661276159623,2994.4360999578107,1150011
2022-11-24,3039.532470703125,3051.0426596485013,2974.9229211016186,2982.0717563383823,1296591
2022-11-25,3048.075439453125,3060.395068338358,3010.6225909150426,3042.09564667431,1588981
2022-11-28,3053.111328125,3072.669584921029,3026.404235166422,3026.808844847581,2195437
2022-11-29,3054.999755859375,3083.4603033901794,3042.0957148932566,3042.0957148932566,1576028
2022-11-30,3049.109130859375,3070.780442157209,3034.9012529379065,3042.0950929448704,3410702
2022-12-01,3125.408935546875,3129.320674205069,3075.366869477395,3079.8630198713677,2180856
2022-12-02,3092.5869140625,3119.3390078373773,3069.0721362573277,3109.6274990054326,2411749
2022-12-05,3080.67236328125,3092.5871623054572,3063.6770019225387,3087.056984913436,1475065
2022-12-06,3044.20849609375,3064.5309632236253,3028.6067671234496,3057.4271337408773,1166999
2022-12-07,3039.937255859375,3051.717038027653,3016.017648233855,3028.8766821146633,1167505
2022-12-08,3012.914794921875,3039.9366974104078,3002.9332551847533,3021.412473596154,1285619
2022-12-09,2960.939697265625,3034.092148416434,2946.192412509452,3034.092148416434,1797896
2022-12-12,2955.27490234375,2963.8625942414624,2909.9987957113176,2927.443772922658,1527610
2022-12-13,2996.32470703125,3000.2362262470147,2938.5041676355268,2946.9568427685667,1378016
2022-12-14,3026.22412109375,3036.7000639995404,3004.237769399859,3011.3418189511494,1213311
2022-12-15,2972.045166015625,3025.684147794048,2966.5147697828043,3020.333773192401,1415694
2022-12-16,2913.730224609375,2960.2653805768264,2900.1967681932483,2944.9784694377604,2703680
2022-12-19,2879.37939453125,2918.450893161783,2872.5901642906533,2901.815138571275,2120965
2022-12-20,2917.057373046875,2921.5985288569414,2844.8491537414297,2876.5470140498965,1529971
2022-12-21,2939.178466796875,2952.2173027124622,2913.5054045863976,2921.598475154693,1432566
2022-12-22,2931.22021484375,2962.06385014797,2918.0915875468195,2962.06385014797,1384101
2022-12-23,2903.029541015625,2937.649899386993,2892.82319170629,2892.82319170629,1360281
2022-12-26,2925.10546875,2942.2808512656748,2900.0620424940166,2903.0295456954937,870157
2022-12-27,2931.04052734375,2943.8995617533924,2905.8620844029233,2939.7630154548165,835883
2022-12-28,2928.88232421875,2936.975394780793,2900.916181461144,2922.317900855153,910795
2022-12-29,2939.358642578125,2941.8315255661446,2902.7150128465582,2905.5027142121367,1037927
2022-12-30,2928.522705078125,2966.5601832850143,2919.0807887627284,2954.915197070413,1163131
2023-01-02,2932.79443359375,2937.6504086315626,2909.1896397031755,2932.389823891924,709547
2023-01-03,2977.66552734375,2985.4437794959777,2918.2713383650357,2924.296135819554,1245178
2023-01-04,2980.633056640625,2992.053454899718,2955.050003400902,2973.484221029113,1231668
2023-01-05,2977.441162109375,3001.000949117812,2951.228470416505,2994.616326970122,1826057
2023-01-06,2887.92236328125,2968.8530692467866,2877.5362121079547,2967.4592187363287,2488376
2023-01-09,2985.398681640625,2991.7382972331907,2896.5547111423953,2903.613754663653,2885060
2023-01-10,2955.2294921875,2965.6606483841506,2904.6030169681453,2953.970657956924,3864655
2023-01-11,2993.267333984375,3011.971364872046,2941.5165953316505,2958.5571821774433,2720512
2023-01-12,2998.34814453125,3012.421008591764,2981.442573769341,2993.537175403577,2250391
2023-01-13,3034.49658203125,3038.4981115465553,2971.955092826684,3006.035821355623,1742837
2023-01-16,3066.2255859375,3083.6532862672816,3033.1174683396407,3050.5451686694223,1843607
2023-01-17,3107.0126953125,3110.139707684702,3054.2237329495765,3062.5007620361607,1688475
2023-01-18,3117.6806640625,3135.1083621018756,3101.3565248922614,3108.4839659384215,2421189
2023-01-19,3102.138916015625,3114.9222389947813,3091.0108193863184,3108.484549100195,1585044
2023-01-20,3092.941650390625,3121.9570534848303,3086.044126765296,3094.688933230869,1529349
2023-01-23,3140.58056640625,3144.3513027053577,3086.044322440379,3115.841536579629,1067916
2023-01-24,3160.26171875,3174.654462857429,3142.787990669495,3149.8694039858374,1387863
2023-01-25,3154.238037109375,3159.066304386822,3131.4762056585528,3150.145550703775,874110
2023-01-27,3137.040283203125,3169.1827036169857,3110.599771674109,3150.789304292453,1785879
2023-01-30,3157.82470703125,3180.632567224445,3113.5887161305623,3145.271301734969,1953798
2023-01-31,3088.895263671875,3171.941500962948,3081.8138503122173,3171.941500962948,2820375
2023-02-01,3134.55712890625,3144.351523952907,3085.492647809887,3092.8500073277646,2205161
2023-02-02,3182.42578125,3190.3350325720744,3145.363262166592,3151.708894962381,1813847
2023-02-03,3202.566650390625,3222.523443017251,3175.5282196617327,3222.523443017251,1804469
2023-02-06,3182.011962890625,3194.1515611886443,3160.7677220012893,3194.1515611886443,1138714
2023-02-07,3193.60009765625,3212.407304216629,3183.345642457426,3190.2431674450086,1455647
2023-02-08,3237.330078125,3255.5393623719233,3198.6579142429127,3198.6579142429127,1986946
2023-02-09,3256.4130859375,3262.620857439781,3223.718777786401,3232.639530446887,1655427
2023-02-10,3253.378173828125,3257.792634083155,3226.339745096551,3237.2379228015834,1187821
2023-02-13,3202.658203125,3263.9083050860527,3194.3811744561426,3263.9083050860527,1087939
2023-02-14,3218.936767578125,3241.6985980328905,3214.246361188052,3223.4430603616947,1579818
2023-02-15,3237.836181640625,3242.756506082764,3182.1961451635952,3206.8893751306296,1429449
2023-02-16,3272.23193359375,3287.8202954032563,3243.6761347936463,3243.8600238904237,1618931
2023-02-17,3219.902587890625,3254.6201310073884,3209.6483570199803,3242.8943382990774,1061369
2023-02-20,3207.1650390625,3239.0775411980735,3195.8990822539604,3220.6841423269884,1296082
2023-02-21,3173.78076171875,3227.029558057199,3168.0328249581758,3213.326566631502,1139541
2023-02-22,3128.30322265625,3170.1021750983955,3122.2793398488698,3140.6267096205747,1218430
2023-02-23,3139.569580078125,3175.0687083691123,3134.2354490208595,3146.1911593604345,1441570
2023-02-24,3127.2919921875,3158.1009390158974,3110.6000705084193,3147.570761796732,977592
2023-02-27,3064.203125,3117.681855212234,3049.6262630925567,3117.681855212234,1128022
2023-02-28,3046.728759765625,3119.52054831469,3034.8188539926205,3061.121505031087,4116217
2023-03-01,3113.7265625,3116.7615182969907,3048.705940736065,3056.0633004723813,1669307
2023-03-02,3054.63720703125,3099.195163858581,3051.464391132479,3091.010192464214,1556538
2023-03-03,3073.674560546875,3088.251417771033,3063.5123881251166,3084.57273829781,1043190
2023-03-06,3100.98876953125,3131.4297058280413,3089.170922543595,3091.8378752076405,1334132
2023-03-08,3118.048583984375,3123.1988249795963,3063.2824237877426,3093.769389644099,1844590
2023-03-09,3068.80078125,3113.0827998019863,3063.28276151623,3113.0827998019863,1648500
2023-03-10,3063.420654296875,3069.16859157978,3025.7141857210204,3046.774538114063,1024404
2023-03-13,3018.310302734375,3099.103385748149,3009.159632986029,3065.2594916694484,1901233
2023-03-14,2956.692626953125,3038.9570525672148,2951.5884142286423,3016.517197373872,2670334
2023-03-15,2941.93212890625,2998.4460272576657,2935.5864960289846,2988.9273534129698,1780522
2023-03-16,2929.1484375,2961.1529928060677,2917.1927295918367,2950.300843799058,1901060
2023-03-17,2923.90673828125,2962.62470874156,2891.4423439035454,2897.420198622175,6739966
2023-03-20,2890.79833984375,2915.031506138674,2846.4242687303476,2915.031506138674,2289468
2023-03-21,2856.58642578125,2903.167610853642,2848.6311473770124,2890.798097078478,1815297
2023-03-22,2879.302490234375,2890.9822527438723,2856.5866892222766,2878.6127378279625,1123939
2023-03-23,2873.646728515625,2893.603746811064,2851.896623184191,2864.6799461628207,1372218
2023-03-24,2869.830078125,2915.3537406365167,2856.4948638539495,2895.9486148857454,1329577
2023-03-27,2871.485595703125,2899.48950141767,2856.4949302682685,2883.165359430464,1524217
2023-03-28,2865.599365234375,2896.5463922339063,2860.3112632842117,2875.807790984465,1303530
2023-03-29,2886.752197265625,2896.960624515923,2854.747859513075,2877.6475536858165,1740616
2023-03-31,2948.369384765625,2954.899130296117,2898.7992713020108,2933.7006960491485,2382581
2023-04-03,2942.94384765625,2965.889568062685,2918.8025114059446,2965.889568062685,1521830
2023-04-05,2979.546630859375,3002.124572143045,2929.608509647277,2929.608509647277,2655065
2023-04-06,2961.981201171875,2995.68724226627,2956.739126941226,2965.9358271805454,1703464
2023-04-10,3001.25048828125,3009.1597387753586,2956.7385575069616,2961.3369067410313,2203187
2023-04-11,2955.63525390625,3010.033640232757,2935.7242652855402,3001.8026392985266,2348779
2023-04-12,2981.247802734375,2998.99747647919,2942.023971821231,2968.6483701740635,2417727
2023-04-13,2932.689453125,2970.5337797333086,2924.550284690997,2952.140381716384,4174070
2023-04-17,2887.3037109375,2909.2837321918887,2823.6165690415223,2882.3375831860076,5505048
2023-04-18,2879.256591796875,2903.260066434997,2860.725332786317,2901.51255887594,2617302
2023-04-19,2841.412109375,2887.763380835499,2824.7659949796926,2879.2564345702986,3298034
2023-04-20,2855.391357421875,2862.9326062428067,2830.744157409367,2841.7801970094033,2419999
2023-04-21,2906.938720703125,2910.2493976571473,2851.7124977803655,2860.173416034582,1929184
2023-04-24,2919.767822265625,2925.423701910702,2875.025750302378,2897.971692192347,1640676
2023-04-25,2920.87158203125,2934.8505195080106,2894.66099006403,2927.3092712863568,2024090
2023-04-26,2941.24267578125,2950.6692937783187,2925.470424261097,2925.470424261097,2000029
2023-04-27,2931.86181640625,2942.2081034997614,2915.951481125579,2929.1488349186,2434446
2023-04-28,2960.647216796875,2968.0045757265557,2939.4948098740424,2943.311350007304,2931312
2023-05-02,2960.785400390625,2975.1323416797973,2952.140592516893,2975.1323416797973,2321159
2023-05-03,2924.458251953125,2957.658425458373,2918.2504800713327,2957.658425458373,2468285
2023-05-04,2961.981201171875,2965.42996376162,2922.7113360557437,2924.6885367956716,1953253
2023-05-05,2971.177490234375,2983.4091447657124,2952.186396679855,2961.3370672458673,1710027
2023-05-08,2989.479248046875,2993.38784535891,2971.7295729946986,2984.3290064830276,928235
2023-05-09,3019.50634765625,3033.071479348302,2985.248642196661,2991.3185536466567,1107375
2023-05-10,3022.77099609375,3040.888447761684,3003.687846149381,3025.713894793873,1559987
2023-05-11,3018.49462890625,3043.831580870088,3009.160068749002,3043.1878568124844,1719623
2023-05-12,3011.275634765625,3025.7144093818356,2998.124308384433,3015.7358997095816,1027479
2023-05-15,2993.5712890625,3027.5530439667627,2987.4095461813217,3020.195685415203,1150390
2023-05-16,2996.42236328125,3021.115589647415,2989.3409500316684,2994.6290519009144,986306
2023-05-17,2950.94482421875,3016.517334349857,2941.3343184708624,2994.39922789193,1588815
2023-05-18,2942.8056640625,2969.567922023238,2938.345175471324,2966.8089124688054,1369364
2023-05-19,2963.9580078125,2974.6720715435754,2945.7485002335166,2952.140160660033,1152449
2023-05-22,3033.715087890625,3042.6818695151333,2958.6241295338236,2970.533809965233,1333243
2023-05-23,3032.197998046875,3060.6157110445483,3025.806336495552,3040.4289995858485,1687418
2023-05-24,3037.99169921875,3050.7289928061655,3012.838637267653,3012.838637267653,1016555
2023-05-25,3028.9326171875,3040.4284901842643,3004.6534232298413,3029.3924521073704,1374917
2023-05-26,3061.489013671875,3070.455795118888,3026.6336145765354,3028.932789306539,1791115
2023-05-29,3053.62646484375,3101.1273319405063,3045.947130304554,3090.8270725408915,1210372
2023-05-30,3049.80908203125,3059.69553282269,3036.152119608709,3048.705523127727,1344224
2023-05-31,3025.254150390625,3060.3854958314014,3002.8600984079567,3043.1877135256354,5815424
2023-06-01,3056.98291015625,3071.6976293387106,3032.611656510299,3047.786210667212,1177314
2023-06-02,3040.060791015625,3067.926608260491,3032.565346909803,3059.0518838880043,2030661
2023-06-05,3024.7021484375,3059.741660328517,3021.1615541519814,3048.7056218782786,1861468
2023-06-06,2972.649169921875,3024.6565495489344,2961.8890766094332,3016.5173808287786,2022849
2023-06-07,3011.826904296875,3015.45978007146,2980.6501840988403,2991.6862230402735,1567196
2023-06-08,2976.465576171875,3007.320545945049,2973.2927599511754,2999.0435169195125,1759366
2023-06-09,2951.496337890625,2988.926853893633,2947.8636870816445,2984.328504887643,1775689
2023-06-12,2986.076171875,2992.9736962713932,2953.0601115757804,2956.7387912538566,2324605
2023-06-13,2983.133056640625,3002.7220694111443,2978.810653238192,2998.1237201471154,1371928
2023-06-14,2989.8935546875,2994.308016119298,2966.7179128316056,2983.133889570481,1658544
2023-06-15,2979.932861328125,3008.793544788029,2974.0958056287536,3006.8016396344283,2273810
2023-06-16,2941.575439453125,2964.2749262033685,2924.0644972966825,2962.0513934909673,4156189
2023-06-19,2974.466064453125,2978.6353572818057,2941.6677180136153,2955.565360775884,1468186
2023-06-20,2990.494873046875,2994.942164191664,2965.8034836575825,2977.8017372658956,1528452
2023-06-21,3018.75390625,3021.718692096379,2987.020948531467,3011.1565718315724,1645987
2023-06-22,3000.501220703125,3027.508883993475,2992.7186308509686,3020.4211763137832,1529603
2023-06-23,2979.9794921875,3010.600456074895,2973.308441549502,2999.3898246945273,1119505
2023-06-26,2955.2412109375,2977.7090684012846,2939.8149168077966,2969.463223564131,1978803
2023-06-27,2962.37548828125,2973.771375126299,2948.431473899292,2966.683667337439,863542
2023-06-28,2979.145263671875,2993.506162547034,2958.7156816452284,2972.242812355477,1575872
2023-06-30,3059.566650390625,3066.7471005505245,2977.8949109868468,2983.3612277258876,2672406
2023-07-03,3031.817626953125,3074.9003264457365,3028.5284723972923,3070.7310329464513,1687264
2023-07-04,3065.681640625,3071.3795846691332,3036.450215024391,3048.216842703303,1656681
2023-07-05,3075.9658203125,3084.350778301896,3062.114545595604,3076.0121910370362,1453008
2023-07-06,3078.69873046875,3083.8409041072446,3059.334769860957,3063.550433878052,1848238
2023-07-07,3084.582275390625,3110.2001769257495,3059.3348872388206,3059.3348872388206,1789326
2023-07-10,3031.4931640625,3080.412918176495,3025.239224007551,3080.412918176495,1407431
2023-07-11,3031.90966796875,3052.848873636109,3021.1622932374844,3052.848873636109,1110172
2023-07-12,3020.3291015625,3047.429512270567,3011.2494867970267,3039.832177414365,1515240
2023-07-13,3095.0517578125,3119.974776122977,3032.2343603066984,3042.6575935366886,4585146
2023-07-14,3256.35693359375,3265.8075126422405,3105.660234929049,3117.704859945182,6306101
2023-07-17,3235.09375,3289.0165672292546,3221.520473895772,3252.0489220985337,2743228
2023-07-18,3239.865234375,3265.0198799170403,3210.3558126880093,3220.5474184425743,2600090
2023-07-19,3215.034912109375,3258.3956097228456,3192.42794053721,3242.7838313695074,2405370
2023-07-20,3217.125,3231.615999345678,3191.8119589657226,3207.6500721995853,1715404
2023-07-21,3128.877685546875,3190.743550376295,3120.2851854216624,3162.0865373821553,3770223
2023-07-24,3153.447509765625,3170.8182482458337,3132.4075869016933,3140.6748745909354,1680132
2023-07-25,3157.53466796875,3164.641033805337,3139.9316997265273,3156.0020424597774,1272980
2023-07-26,3147.4560546875,3177.6924112049487,3144.390576862288,3158.6495731471414,1066803
2023-07-27,3155.44482421875,3169.1463793117077,3144.4372702670335,3153.633477546884,1701769
2023-07-28,3116.89404296875,3152.4716782766636,3094.2285150204625,3144.3901300943457,2599831
2023-07-31,3178.249267578125,3183.0796001094527,3122.0031873822436,3125.2544032688634,2743678
2023-08-01,3206.6748046875,3214.05966520828,3172.2583111810045,3172.2583111810045,1956167
2023-08-02,3196.08447265625,3201.4257559135945,3170.957399805504,3190.789680697638,1914899
2023-08-03,3158.27783203125,3189.210877378925,3128.5989179384605,3176.9027017071066,2026351
2023-08-04,3198.779052734375,3224.2778338068492,3159.4857338621564,3159.4857338621564,2248493
2023-08-07,3236.39990234375,3240.0690865999345,3196.642128515489,3208.439353054858,1853889
2023-08-08,3223.906005859375,3241.8804503952497,3210.901141336807,3236.399919632617,1634225
2023-08-09,3216.3818359375,3220.5619711755417,3181.593866924947,3218.6111506830484,1794589
2023-08-10,3197.431640625,3218.61080881872,3186.2381232080143,3204.770008770933,1096701
2023-08-11,3203.655517578125,3220.236583715237,3171.329094804473,3193.7161307988767,1679974
2023-08-14,3204.631103515625,3209.4149453532923,3168.5425118958265,3196.1313591222456,1190425
2023-08-16,3212.5732421875,3219.6331170018425,3191.022367661881,3204.770413634263,1328445
2023-08-17,3191.533447265625,3214.802913522075,3170.586278504093,3209.4151379764926,1843241
2023-08-18,3127.762939453125,3167.6134698101937,3117.9163083336994,3167.6134698101937,2526749
2023-08-21,3159.856689453125,3167.3810227911003,3132.3143364914113,3135.101093018539,1375579
2023-08-22,3141.7431640625,3168.5425667238806,3125.8587859478707,3158.324458182701,1222012
2023-08-23,3156.698486328125,3160.181932020387,3136.0300418873685,3147.177068102608,1330046
2023-08-24,3146.944580078125,3170.4462704435236,3137.9806046138942,3165.7551852723045,1152881
2023-08-25,3140.953369140625,3145.133503987289,3112.110393341278,3135.1011349979294,1158046
2023-08-28,3135.6123046875,3152.7508133982506,3121.2605527357937,3152.7508133982506,1037485
2023-08-29,3136.16943359375,3148.6170828467652,3125.8120786392947,3140.7212722469335,944517
2023-08-30,3149.9169921875,3165.848084833373,3142.578624772021,3156.465914737002,1188200
2023-08-31,3118.19482421875,3174.4871701530287,3105.9794053350392,3159.2529918099285,3417652
2023-09-01,3139.002685546875,3148.1061360779117,3118.1949930075107,3126.741001486648,1277950
2023-09-04,3175.5087890625,3188.8388640168155,3130.502720384443,3137.887579187692,1828332
2023-09-05,3185.588134765625,3201.9834627096716,3163.1081158549873,3176.902652296802,1501842
2023-09-06,3186.0986328125,3199.1034965488716,3156.559195183631,3189.907290764311,1314818
2023-09-07,3209.647216796875,3214.059581829734,3179.0393826105205,3186.9351937219517,1885092
2023-09-08,3197.24560546875,3218.703720990079,3190.8826476046866,3209.646762467813,1518917
2023-09-11,3233.240966796875,3237.9320518567147,3200.125103968354,3215.916722768778,1783604
2023-09-12,3326.273193359375,3334.7262201689637,3235.424869998596,3243.785140980505,4476016
2023-09-13,3314.2431640625,3333.7504596439576,3293.0172779174695,3317.26215028344,1754929
2023-09-14,3306.997802734375,3341.9715088947505,3293.574969875399,3316.28699181143,2604721
2023-09-15,3342.52880859375,3350.935569707804,3309.2269764561156,3314.243274416184,2952897
2023-09-18,3349.820556640625,3362.0359753584007,3321.117055435085,3325.5759111878315,1395753
2023-09-20,3349.727783203125,3367.330749626567,3325.529402389823,3325.529402389823,1649396
2023-09-21,3330.453125,3348.7527827829417,3277.2260243157334,3333.472111558681,2004073
2023-09-22,3347.49853515625,3375.45908502732,3311.6424013468136,3329.2453693121192,1989083
2023-09-25,3322.88232421875,3362.686591856432,3305.697323680257,3346.430510265966,1238778
2023-09-26,3330.82470703125,3339.4172075080314,3284.6574795566185,3314.0114097379874,1726062
2023-09-27,3334.168701171875,3357.112952975128,3302.956934967385,3334.818899053876,1541134
2023-09-28,3285.353759765625,3346.7088954834967,3276.6220132450994,3344.10787733265,1755753
2023-09-29,3277.783203125,3314.8004838838106,3256.371577894297,3285.7717693049917,2243791
2023-10-03,3264.081787109375,3282.9851507659523,3232.7307740458355,3282.9851507659523,1948148
2023-10-04,3286.28271484375,3295.8041332105504,3230.12961480862,3238.4898845941034,1788138
2023-10-05,3334.21484375,3366.4017900176427,3298.7764548387318,3301.37747288154,2990768
2023-10-06,3363.987060546875,3376.573957922691,3320.931802445196,3335.748014629831,2075691
2023-10-09,3379.732177734375,3417.492640385133,3372.904533090084,3385.955889020274,4233074
2023-10-10,3370.95361328125,3388.6960545006336,3345.362079715791,3381.311194805018,1848148
2023-10-11,3353.30419921875,3390.553937299432,3348.7525873875215,3390.553937299432,2426417
2023-10-12,3290.741943359375,3333.5649718150416,3286.608299299206,3320.8853185860926,4241281
2023-10-13,3317.0302734375,3322.7430341793447,3274.4392495057846,3279.0838441859346,2890357
2023-10-16,3273.556640625,3320.5598001135572,3268.958537503607,3312.5247424765194,1671104
2023-10-17,3257.76513671875,3282.9387033243615,3254.32818207953,3279.083780529412,1672065
2023-10-18,3239.372314453125,3272.302442885238,3236.353328139562,3261.434137513778,1408245
2023-10-19,3218.324462890625,3238.0686815240006,3214.832003562597,3231.223370291604,1514545
2023-10-20,3254.552490234375,3259.162490288135,3207.5207126205582,3213.4344729854533,1481211
2023-10-23,3175.94921875,3240.0242499313185,3167.7071513441997,3234.4829267293885,1106272
2023-10-25,3157.27685546875,3189.7799234472504,3145.26265743506,3157.6492935614315,1518537
2023-10-26,3107.590087890625,3142.0024058676267,3101.3036615496458,3136.7405251390774,1984471
2023-10-27,3120.81494140625,3131.1061000295,3107.8230386075074,3119.9302305469437,1108851
2023-10-30,3146.51953125,3150.524263288147,3104.796239719202,3119.930229639093,910972
2023-10-31,3137.392578125,3165.5650829081633,3119.976893370138,3165.5650829081633,999811
2023-11-01,3101.9091796875,3140.0470177894435,3083.608783594488,3124.5869734096973,1563475
2023-11-02,3129.336669921875,3144.0979943996585,3113.5971840186144,3113.5971840186144,1245384
2023-11-03,3120.7685546875,3155.227488075118,3114.621962453366,3149.732776133044,1402598
2023-11-06,3148.1025390625,3159.325019444616,3128.311938084739,3143.213096467994,1099852
2023-11-07,3138.9755859375,3170.361105826031,3134.8312466684147,3146.0071156404942,1191144
2023-11-08,3149.313720703125,3168.312609208247,3138.137850435721,3139.907272278595,992899
2023-11-09,3117.55517578125,3158.579973678366,3112.5261256846,3157.2762132454977,2112352
2023-11-10,3104.51708984375,3117.5556054640406,3094.1795460261487,3108.754652895078,1338557
2023-11-13,3102.747314453125,3125.5181025923366,3098.509751884596,3125.5181025923366,1030990
2023-11-15,3170.50146484375,3178.6039257134944,3125.5651509217823,3150.757471869869,2059802
2023-11-16,3257.6259765625,3286.9626306205105,3179.720725473167,3194.482275686725,3951984
2023-11-17,3261.91064453125,3282.4463523893537,3252.6906421657363,3257.626697192936,2021292
2023-11-20,3277.8828125,3291.200542556456,3251.4797282683567,3251.4797282683567,1475621
2023-11-21,3269.128173828125,3295.996918736589,3260.560052355792,3277.8827416982326,1807236
2023-11-22,3287.7080078125,3290.036314045069,3242.0268214284124,3259.6287255971747,1798051
2023-11-23,3267.311767578125,3300.606542947873,3259.628357877414,3287.5680295163634,2729804
2023-11-24,3219.675048828125,3263.8662551978136,3215.8565356961108,3254.273588142524,1989733
2023-11-28,3231.82861328125,3242.1663837595383,3197.2300740959413,3219.675036815199,1689195
2023-11-29,3272.43408203125,3276.3922022300785,3237.0904424364394,3241.933273440279,1441634
2023-11-30,3248.080078125,3275.134811820615,3241.9332593640556,3259.116112089636,3266235
2023-12-01,3270.478515625,3275.4145702734368,3250.3620863601263,3259.6286996171643,1172141
2023-12-04,3271.2236328125,3304.1459737662194,3257.766068313779,3301.212171500063,1625213
2023-12-05,3289.05859375,3295.0189667313125,3262.2364605867833,3295.0189667313125,1377656
2023-12-06,3356.579345703125,3364.728417171479,3283.051256098317,3289.989790276004,1896572
2023-12-07,3366.637451171875,3381.2127840148296,3345.030815693545,3357.4174498180882,1967653
2023-12-08,3377.626953125,3394.6701987746455,3354.6699465710817,3383.494329807486,1641155
2023-12-11,3392.714111328125,3402.1205580498986,3366.730308609467,3374.0876642542135,1102503
2023-12-12,3419.9091796875,3444.4027776512853,3381.631736937403,3389.0357047671787,2236866
2023-12-13,3346.754150390625,3399.3272621622086,3318.302201392863,3393.3202772695595,3850968
2023-12-14,3415.392333984375,3425.404050554102,3378.465488934795,3380.7005719171807,3290396
2023-12-15,3595.835693359375,3628.38536492244,3414.879710246803,3414.879710246803,8531230
2023-12-18,3594.159912109375,3659.1662710789706,3567.104946763213,3593.1355937363787,2521612
2023-12-19,3554.11279296875,3590.341373765734,3529.7121895342984,3580.934925794031,2004435
2023-12-20,3520.44580078125,3631.0403520286277,3507.87294653418,3564.4041790444217,2586083
2023-12-21,3527.384033203125,3545.265380055125,3486.2662350262744,3498.2802045463336,1517562
2023-12-22,3561.377197265625,3581.819680420596,3503.635202958494,3539.025457533832,2413058
2023-12-26,3534.88134765625,3570.6906542039846,3529.852069465564,3557.512531080164,1285231
2023-12-27,3549.4560546875,3555.9753117984196,3509.2229705634127,3538.093966340341,1293976
2023-12-28,3538.93212890625,3574.4156056228353,3531.6679956087487,3561.377091167723,1682889
2023-12-29,3532.87841796875,3560.073214846418,3506.8013899069297,3531.574657515115,1574996
2024-01-01,3549.36328125,3568.8278306083957,3513.879802945062,3529.712285492124,825907
2024-01-02,3523.37939453125,3549.3634298706984,3508.524845464829,3549.3634298706984,1344068
2024-01-03,3438.20947265625,3512.8084878989966,3433.8323028478494,3508.2914833063164,1803075
2024-01-04,3414.97314453125,3463.58813008378,3400.258204607658,3447.5228181063812,3598144
2024-01-05,3481.190185546875,3490.3638028676905,3422.4704854443794,3422.6100928660567,1963127
2024-01-08,3425.683349609375,3482.9130676229634,3420.188410832366,3481.190030173045,1067805
2024-01-09,3436.486572265625,3494.647840404757,3429.827707784857,3455.159632618118,1370944
2024-01-10,3458.046875,3473.1342532438607,3434.7172021085626,3436.579847012092,1292227
2024-01-11,3479.001708984375,3513.879690118427,3452.412406909358,3468.244888948058,1777909
2024-01-12,3616.138916015625,3637.0470599000287,3559.142026578151,3583.7288487280734,6813450
2024-01-15,3635.696533203125,3692.6934202169923,3618.1876261142534,3688.036808085571,2801505
2024-01-16,3596.11572265625,3631.226536485312,3590.760618120525,3631.226536485312,1432672
2024-01-17,3617.8154296875,3641.4243183462013,3550.713598917996,3556.7205834939423,3458696
2024-01-18,3634.579345703125,3640.353499833649,3596.7675605644026,3630.2951711755672,2239110
2024-01-19,3697.834716796875,3717.059837136614,3671.5760158450357,3699.6634019644803,2941975
2024-01-23,3618.30810546875,3689.253392795468,3603.772039730458,3657.4617018928593,2618854
2024-01-24,3602.88134765625,3642.1285897607904,3568.9326446510017,3638.7056721419845,2657709
2024-01-25,3573.340087890625,3620.8870436828015,3543.7051787524156,3601.0991467068993,2205154
2024-01-29,3564.618408203125,3582.436811190723,3545.7216145125103,3564.430891857951,1646747
2024-01-30,3564.196533203125,3608.5080891700763,3551.4891523141855,3570.6673355072853,1411621
2024-01-31,3578.638671875,3595.566200692752,3560.351363342525,3574.184071078628,2459358
2024-02-01,3614.462890625,3662.0567819751186,3568.4165242500367,3582.4367479301113,2363107
2024-02-02,3719.638427734375,3736.612663128637,3631.2028376276817,3634.063205902369,2826510
2024-02-05,3726.203369140625,3771.8747052852855,3715.6999348975555,3735.300087307631,1691523
2024-02-06,3878.78466796875,3891.8201438143014,3741.8643194379383,3748.428993682566,4474396
2024-02-07,3829.456298828125,3896.603639652877,3820.594033092657,3894.7280181656797,2124267
2024-02-08,3877.003173828125,3899.4167572083225,3831.9413254430674,3835.6456317898123,2345173
2024-02-09,3876.62841796875,3924.5034728185747,3845.0240130368975,3879.3008122308597,2100596
2024-02-12,3864.4365234375,3900.9172660904946,3850.228325776773,3873.1579793046585,1013716
2024-02-13,3891.4453125,3910.670430925413,3827.674187966924,3868.8911494158424,1257415
2024-02-14,3845.11767578125,3858.997090733716,3797.6643636034514,3851.5884779156377,1391283
2024-02-15,3848.025390625,3888.4446690678324,3829.0814296291696,3871.282914893268,1091582
2024-02-16,3871.56396484375,3889.992312550588,3845.1179762463685,3857.450096117476,1307556
2024-02-19,3848.587158203125,3871.563519103643,3802.822181698031,3866.640013196389,772291
2024-02-20,3779.986572265625,3843.1482139238024,3760.6208730684352,3828.2371155114192,1193648
2024-02-21,3743.271240234375,3810.653027573639,3733.0491956484493,3763.434169375059,1885939
2024-02-22,3832.92626953125,3840.287946278356,3724.0463538039667,3724.0463538039667,2982052
2024-02-23,3800.10302734375,3873.1583931027276,3794.757322908657,3873.1583931027276,2538072
2024-02-26,3752.227294921875,3798.133079811019,3735.065314473416,3785.0037308931537,1379284
2024-02-27,3849.150146484375,3867.5313277921664,3750.3049902620937,3750.3049902620937,2960475
2024-02-28,3862.795654296875,3896.509674983892,3834.7080400231876,3840.8976823678586,1939225
2024-02-29,3840.428955078125,3880.754817970432,3811.778790417747,3844.0863254782985,3772719
2024-03-01,3839.725341796875,3882.5363087877504,3832.6448252006635,3851.776300908435,2043265
2024-03-04,3826.924072265625,3861.8105844645606,3822.4225351204777,3849.712918034811,1749271
2024-03-05,3762.59033203125,3811.2626148853183,3732.4865175304053,3809.386993519725,2070859
2024-03-06,3811.544189453125,3818.7652862706927,3712.276832263034,3745.662985779128,1744204
2024-03-07,3853.089111328125,3867.5313044415575,3786.598195707899,3812.200473461429,2688905
2024-03-11,3865.98388671875,3894.7276920199565,3834.707809455719,3834.707809455719,2304068
2024-03-12,3931.537353515625,3966.893004086542,3864.765040927229,3865.984469724928,4039801
2024-03-13,3890.9765625,3977.255146194866,3874.9399080779876,3943.493961270788,2837260
2024-03-14,3945.932373046875,3962.2501875616867,3831.8945009176455,3895.1500154804917,2919608
2024-03-15,3956.857421875,3975.3791814488654,3917.2349235460983,3931.8648606659913,3373143
2024-03-18,3894.2587890625,3990.1499296240027,3861.76374108121,3953.106408331295,1526904
2024-03-19,3729.95458984375,3805.6358684946754,3719.9200610190014,3799.3056461900082,8931209
2024-03-20,3723.9521484375,3768.123120804515,3713.9176204628307,3738.113180569138,1817913
2024-03-21,3725.874755859375,3759.1200974295043,3702.476426060684,3741.9114094702163,3829582
2024-03-22,3667.68359375,3693.0983540468014,3615.2600697944185,3654.6481172474314,5852485
2024-03-26,3636.361328125,3701.2577888212077,3630.687527069717,3634.016801156512,3440925
2024-03-27,3602.037109375,3652.772761001774,3591.252286075508,3646.6769913107573,1968575
2024-03-28,3635.235595703125,3671.5288233376846,3601.661927465741,3610.6650016041267,4311783
2024-04-01,3673.169677734375,3688.690488998942,3646.254559231282,3655.304339963308,1569676
2024-04-02,3642.26904296875,3666.6990561572848,3632.140642171932,3648.083423198765,2142666
2024-04-03,3701.8203125,3733.424488071944,3611.509094088183,3611.509094088183,3973090
2024-04-04,3754.338134765625,3778.1115018886544,3690.5200621075737,3728.6419806952936,3394637
2024-04-05,3731.782958984375,3753.1181508715135,3714.1990096268437,3730.610695693873,1636819
2024-04-08,3725.5,3781.8622865716975,3713.7304297404708,3735.3000761758317,2302538
2024-04-09,3701.116943359375,3766.1072720566044,3680.954012876369,3736.2379090370728,1876992
2024-04-10,3736.847412109375,3742.052307422326,3674.3424188992844,3710.3542591400274,2101965
2024-04-12,3752.5556640625,3763.76268515537,3700.1321372268762,3724.0463102085732,4354821
2024-04-15,3696.099365234375,3811.450077595125,3675.326950485817,3752.555521752734,4200329
2024-04-16,3631.953369140625,3684.37689632826,3622.622198353119,3659.33739612377,3051420
2024-04-18,3621.824951171875,3691.2229435040135,3610.571222685582,3635.704595429841,3476284
2024-04-19,3588.251708984375,3612.963115642039,3564.525049477962,3599.317922437399,2957749
2024-04-22,3624.26318359375,3636.829754907987,3574.9342510854167,3598.3795176848753,1728883
2024-04-23,3633.735107421875,3652.772710601142,3620.5121138030436,3635.9390541705266,1807586
2024-04-24,3592.800048828125,3655.5864350077914,3586.6104060723746,3648.0839487378935,1317312
2024-04-25,3612.634521484375,3632.7505162587627,3573.9967644173494,3574.184280775608,2856271
2024-04-26,3583.702880859375,3635.704436508526,3566.0719945433134,3615.4006982107267,2039178
2024-04-29,3629.51513671875,3636.6425900369045,3581.686788233394,3599.3176762116937,1110693
2024-04-30,3583.04638671875,3640.3467125091584,3573.058794270598,3631.2030581143713,2203078
2024-05-02,3623.044189453125,3630.3591588386275,3543.095825813969,3543.095825813969,2491044
2024-05-03,3604.38134765625,3651.4596252829774,3561.4298032069573,3648.2239953859785,2962234
2024-05-06,3677.20263671875,3694.927167103904,3613.384573734727,3613.384573734727,2053831
2024-05-07,3731.501953125,3739.9891860111734,3670.1222867238534,3686.3464581217104,2062112
2024-05-08,3729.62646484375,3736.519465528825,3693.6615594889295,3714.6684289785862,1247685
2024-05-09,3713.917724609375,3724.0461255143723,3666.8866116609574,3715.6058295864877,1726486
2024-05-10,3651.7412109375,3726.484911351382,3643.4417231221314,3716.1689930361385,1672489
2024-05-13,3702.2890625,3709.041253630369,3629.327345524533,3642.925600436705,931326
2024-05-14,3658.587158203125,3700.413608162642,3650.803283386374,3691.2230172569975,1058317
2024-05-15,3639.080810546875,3682.735947564617,3634.485629369305,3661.682141626229,1115021
2024-05-16,3684.94189453125,3693.018499850829,3630.6731306245456,3675.6374588606977,2599399
2024-05-17,3621.7939453125,3702.937300542508,3617.9208829280115,3701.992673680125,2765804
2024-05-21,3608.66357421875,3631.8542103330115,3599.0757035999536,3618.487832180219,1908117
2024-05-22,3619.810302734375,3628.548101612322,3606.160490071024,3622.644183451547,1311168
2024-05-23,3677.857421875,3688.7679082914883,3613.6700725144915,3628.2645114562283,2095742
2024-05-24,3636.34130859375,3668.742057896385,3631.429294761055,3663.4993323947815,1309452
2024-05-27,3634.02685546875,3691.9325288692844,3628.64252842061,3641.5365929797185,1841538
2024-05-28,3627.273193359375,3655.706558843557,3617.9214781319956,3644.3710346300886,1801993
2024-05-29,3593.02978515625,3635.774149635783,3589.5819894414226,3635.774149635783,1568095
2024-05-30,3529.220703125,3584.2922676744465,3509.714018991741,3567.8558516313005,2919230
2024-05-31,3467.67822265625,3542.162149196739,3451.43068539674,3532.904759051333,10956800
2024-06-03,3497.811767578125,3543.815050940118,3491.3409811408733,3526.1032967744277,2156773
2024-06-04,3509.2890625,3537.6278705417226,3392.627636061575,3495.1196584791387,3395997
2024-06-05,3538.99755859375,3574.2794671048623,3495.1196832887176,3510.2337143515874,2799670
2024-06-06,3618.298828125,3627.2727837806888,3534.321587974697,3571.63435096414,4328036
2024-06-07,3678.329833984375,3698.2142761529285,3624.8168128885063,3624.8168128885063,4552445
2024-06-10,3645.03173828125,3689.6180814133613,3629.161960387638,3679.3217405498876,1734661
2024-06-11,3638.79736328125,3665.1050839975637,3628.3119124726636,3632.0904200618043,1419898
2024-06-12,3619.4794921875,3677.9047569591216,3615.5121054162055,3659.8622913039767,2177001
2024-06-13,3663.404541015625,3674.598461482482,3638.7026410361236,3643.236896058969,1932323
2024-06-14,3619.857421875,3673.6538756786167,3616.031636949793,3673.6538756786167,1860730
2024-06-18,3603.84619140625,3629.256562858962,3584.9063758687394,3614.1898098741085,1774045
2024-06-19,3591.187744140625,3621.5576348500226,3582.922259445668,3615.7007640544557,1509050
2024-06-20,3577.537841796875,3598.9808239935414,3570.7365749735936,3585.8033262818503,2846526
2024-06-21,3599.73681640625,3663.074093663598,3587.7401013764106,3615.087002922448,4642195
2024-06-24,3605.45166015625,3643.425611853127,3581.3636764636767,3597.8473681995324,1702154
2024-06-25,3625.90283203125,3634.593352796922,3582.875033532891,3605.6406325261373,1338808
2024-06-26,3642.339599609375,3652.8248194664434,3628.3117983770853,3631.6179924136177,1639845
2024-06-27,3716.303466796875,3723.7188794930803,3606.6797101565076,3618.865303738709,4526556
2024-06-28,3687.965087890625,3740.722593484322,3682.0141228075263,3700.8593836882187,2731571
2024-07-01,3757.91455078125,3780.113282123888,3668.9307461619287,3668.9307461619287,2658723
2024-07-02,3794.94384765625,3800.61160880511,3762.0237400230303,3772.4619129298726,2307449
2024-07-03,3745.681884765625,3803.162524946505,3735.9994588608656,3797.4002085008037,1821198
2024-07-04,3798.29736328125,3823.2356509992096,3761.598747788845,3778.3658747158024,2518001
2024-07-05,3789.654052734375,3803.7761780539627,3767.171887521997,3787.953678275629,1668616
2024-07-08,3772.083984375,3808.027083028784,3757.7729794930797,3799.2892844506714,1758882
2024-07-09,3764.810791015625,3785.072993408959,3754.986762770923,3764.338477530364,1305801
2024-07-10,3692.687744140625,3781.624495280163,3685.9337548037774,3763.109717845867,2669716
2024-07-11,3706.432373046875,3759.6149115124776,3679.8884965924376,3713.3281952652137,4872189
2024-07-12,3952.27197265625,3967.386003323572,3751.3969204452933,3759.6151284962884,13509164
2024-07-15,3938.33837890625,4005.217774223689,3926.860793883842,4001.1560633368813,4848030
2024-07-16,3947.076416015625,3962.2845399612966,3915.383907085896,3940.983388073058,2029521
2024-07-18,4076.584228515625,4085.51113676854,3929.6477061172545,3929.6477061172545,5613364
2024-07-19,4073.602294921875,4126.955747028112,4057.364408362997,4087.8046089351637,3903354
2024-07-22,4059.352783203125,4090.219237805453,4038.191243077126,4071.282819315056,1896386
2024-07-23,4073.554931640625,4129.748843691779,4039.421761308917,4055.233855032219,2365208
2024-07-24,4077.247314453125,4108.350472060897,4041.1261912304362,4059.494423388743,1809793
2024-07-25,4092.633056640625,4112.042883745572,4046.901795265646,4066.5954836949645,2810342
2024-07-26,4154.50830078125,4187.268397348249,4106.409520256929,4118.671036198701,3552210
2024-07-29,4148.1171875,4195.363458517048,4138.5542038316435,4180.214323934273,1746803
2024-07-30,4133.20556640625,4164.119182746497,4097.178746292494,4157.586209643113,1797906
2024-07-31,4152.1416015625,4179.267930989599,4113.937281411375,4118.671386453276,2330091
2024-08-01,4163.26611328125,4184.285259071731,4132.920227203137,4165.443616342355,2202244
2024-08-02,4055.28076171875,4164.11800080395,4042.9249348414887,4132.872913485503,2811282
2024-08-05,3934.087890625,4013.5736879846177,3891.907205581687,4013.5736879846177,2787771
2024-08-06,3949.37890625,4031.799467797811,3939.531600575893,3949.142201061965,2203067
2024-08-07,3977.07373046875,4019.2072572996026,3957.994920939523,4003.1584593448297,1237666
2024-08-08,3950.65673828125,4006.9454168344964,3938.7743227862725,3958.657558550338,2441283
2024-08-09,4003.8681640625,4027.443907788756,3981.901738189192,3992.7430204792345,1302536
2024-08-12,3972.528564453125,4013.5733382592252,3963.7233160113306,4005.051951129163,936912
2024-08-13,3973.76025390625,4008.8397841438527,3960.5519171170845,3988.956544779889,1495593
2024-08-14,4066.832275390625,4077.2001486736017,3965.42766940822,3985.1689766880017,3226545
2024-08-16,4181.2080078125,4191.575880991633,4095.0949293450403,4118.670675923561,3457058
2024-08-19,4251.2255859375,4255.249574521071,4156.87498137627,4185.894947757169,2055210
2024-08-20,4282.75439453125,4322.237007322546,4260.693654534821,4265.427758595415,2212298
2024-08-21,4309.45556640625,4317.503544504559,4253.640286316128,4277.737064489385,1896990
2024-08-22,4262.58740234375,4318.402675534502,4258.042847258311,4317.5030108146375,1829872
2024-08-23,4226.513671875,4266.374923745363,4218.087058430003,4260.6939984141445,1809253
2024-08-26,4263.01416015625,4310.070883859805,4246.491949695793,4250.279233485934,1844164
2024-08-27,4257.99560546875,4270.162346746741,4248.1959164894,4265.428242149461,930697
2024-08-28,4266.421875,4319.8700965173775,4220.2643589002255,4259.510267771518,1848058
2024-08-29,4271.8662109375,4313.715878264525,4222.821074859477,4222.821074859477,2133641
2024-08-30,4311.58544921875,4348.038051973605,4249.14242918416,4260.693828489569,3637222
2024-09-02,4280.62353515625,4344.013365863458,4272.054992758483,4332.651517478462,1216500
2024-09-03,4272.38720703125,4313.6210706253505,4256.811818932973,4280.62427113772,1717263
2024-09-04,4241.0478515625,4248.385714117528,4200.760804008931,4238.870348246334,1265505
2024-09-05,4237.92236328125,4259.746395831193,4217.281394309991,4242.703622965008,1688793
2024-09-06,4219.74365234375,4278.636091754635,4203.884403748528,4236.029155230157,1649179
2024-09-09,4212.92626953125,4251.462060686222,4194.889518372097,4218.086627772867,1184938
2024-09-10,4268.12646484375,4298.5195066181295,4204.310831961278,4206.204473662924,1385591
2024-09-11,4241.14208984375,4307.419549702135,4233.4727484543055,4281.003340307267,1325919
2024-09-12,4277.45263671875,4291.5601745835365,4195.6469473824145,4270.398636628928,2742216
2024-09-13,4282.09228515625,4305.194622601226,4265.428144890812,4289.098667337487,1458786
2024-09-16,4273.2392578125,4304.2947971775275,4255.43921052289,4286.258044672285,1155120
2024-09-17,4266.0439453125,4294.5905059936595,4228.502585133184,4273.239877374013,1699364
2024-09-18,4115.025390625,4257.900566019319,4091.2129384450927,4257.900566019319,2961779
2024-09-19,4067.684326171875,4187.031372404745,4054.097354431545,4156.590712046438,2927551
2024-09-20,4057.03271484375,4100.397388735434,4002.685288545634,4087.330983142617,5447908
2024-09-23,4041.50439453125,4080.2292709651647,4026.8286728221638,4071.329248327135,1702319
2024-09-24,4044.156005859375,4062.808562887148,4014.5206960245882,4025.551067266487,3012026
2024-09-25,4047.42236328125,4061.4827451400292,4014.5203392742264,4026.21366904617,2713073
2024-09-26,4064.22900390625,4087.2365684956953,4033.457322455591,4033.457322455591,3964251
2024-09-27,4079.56689453125,4145.181389897665,4071.3765249026305,4104.468096209772,3012477
2024-09-30,4041.50439453125,4070.145722382854,4033.5035742219807,4058.925803968104,2503416
2024-10-01,4059.873046875,4067.305683040906,4017.3137268821633,4029.243299789114,1823365
2024-10-03,4007.65576171875,4051.446223942952,3986.1155884084665,4035.9184552064203,3350119
2024-10-04,4026.119140625,4069.436196462167,3999.4186065272825,4000.318271301223,2965463
2024-10-07,4045.62353515625,4068.7258712834955,4004.483984564525,4046.6175121163583,1472619
2024-10-08,4027.065673828125,4051.8249459382696,3980.3875920827627,4045.386749254377,1541867
2024-10-09,4026.7822265625,4066.5958614206456,4020.8645957979184,4033.457129138987,1082504
2024-10-10,4002.590087890625,4065.5065138830532,3975.3218342504942,4027.065497608203,2378875
2024-10-11,3928.54931640625,4016.3669515997326,3893.7536496314738,3922.6788421196575,5759183
2024-10-14,3916.666015625,3943.8871125530773,3902.9847329926533,3919.837957643063,2137590
2024-10-15,3897.871826171875,3948.1957233726384,3877.231316907688,3911.364023062213,2759474
2024-10-16,3877.18408203125,3896.1678867388287,3850.9098028436433,3867.7632605900644,2359151
2024-10-17,3890.48681640625,3910.3228978529323,3875.2902957519555,3894.0845506582914,2522659
2024-10-18,3913.313232421875,3935.238244757566,3872.4533402747466,3881.944647481302,2361000
2024-10-21,3872.31103515625,3929.3538837407996,3862.9620049373275,3922.3776803062365,1595450
2024-10-22,3811.234619140625,3881.7550819217454,3802.550165255864,3859.165723179126,1928049
2024-10-23,3859.40283203125,3904.2965301967497,3791.919544419266,3796.143361546141,1966476
2024-10-24,3841.986083984375,3871.504141566946,3800.319338767848,3800.319338767848,2676744
2024-10-25,3851.1455078125,3883.8430156937015,3827.5595160672574,3850.670942439126,1759676
2024-10-28,3882.75146484375,3923.7063623671393,3844.928513292037,3861.9653632236445,1532534
2024-10-29,3867.94482421875,3894.757766071196,3853.565587028902,3887.4970090191655,1445885
2024-10-30,3876.866943359375,3898.0801089564193,3853.518465231179,3867.7079240315093,1935002
2024-10-31,3766.57763671875,3870.839735602275,3758.5575287403312,3862.9619045386735,3740372
2024-11-01,3781.5263671875,3795.5260445630315,3773.791044919392,3786.8890945031435,154895
2024-11-04,3762.496337890625,3788.834714578836,3714.1856783834955,3764.5371079100955,2269192
2024-11-05,3769.330322265625,3783.234994421101,3740.61911840681,3740.61911840681,967590
2024-11-06,3929.06884765625,3938.7024316660963,3773.031851752117,3799.9398000465167,3792017
2024-11-07,3939.746337890625,3991.853518092011,3877.2462233751357,3957.5902722464216,3724349
2024-11-08,3936.045166015625,3957.6378902806014,3908.1880861984155,3943.6382119110012,1648039
2024-11-11,3985.115478515625,4018.9041625726113,3908.188152909336,3918.2017604204366,1406487
2024-11-12,3983.880859375,4003.4330432658335,3952.512277070728,4001.534781984057,1587640
2024-11-13,3939.224609375,3983.2641802267012,3920.9061091902613,3965.5629857379695,1098813
2024-11-14,3935.0009765625,3948.383812461554,3907.0493548019417,3924.6555443578186,1825432
2024-11-18,3815.03076171875,3998.6875479838523,3787.221186498161,3998.6875479838523,3313944
2024-11-19,3834.06103515625,3921.9504005395133,3809.9057047468586,3815.4104775297365,1776233
2024-11-21,3865.6669921875,3884.2698145282143,3819.3018656674813,3839.1386042394874,2384347
2024-11-22,4028.680908203125,4038.5045052126043,3847.7764750732804,3863.911699561748,3096553
2024-11-25,4095.5947265625,4107.933427922923,4035.894487284092,4062.280140200796,4052167
2024-11-26,4131.28173828125,4144.474563456407,4090.7536685314544,4101.241378290607,2060669
2024-11-27,4112.15625,4154.724856872267,4104.088638616241,4137.213672581404,1558993
2024-11-28,4028.96484375,4119.179995477792,4017.670281030027,4099.2955217974695,2558544
2024-11-29,4053.594482421875,4080.027862103414,3982.219676510733,4005.331099119542,2017425
2024-12-02,4059.10009765625,4070.0628363390956,4014.8705101832115,4052.7884705955157,1670944
2024-12-03,4083.871826171875,4104.989982730431,4048.469438981126,4094.8818341898173,2010905
2024-12-04,4132.89453125,4163.789012881952,4070.8687487593297,4094.1224503683907,3302642
2024-12-05,4236.96630859375,4260.647302659025,4138.209454130842,4176.933797590591,3746747
2024-12-06,4219.3603515625,4237.868399443609,4188.276322428843,4226.4788315167725,1842087
2024-12-09,4225.67236328125,4242.0448686697655,4190.934085246633,4205.07650413352,2066639
2024-12-10,4207.0693359375,4265.20359458783,4187.659890094591,4200.994991803812,2087828
2024-12-11,4202.22900390625,4222.350297163338,4182.819095248504,4206.405086397892,1635256
2024-12-12,4228.330078125,4256.851270827812,4200.852558457947,4204.696352489294,1914642
2024-12-13,4246.31591796875,4266.247663475759,4170.8600242636485,4209.347553772588,1967048
2024-12-16,4190.60205078125,4247.359881247422,4173.327686669254,4232.1737900519,1646224
2024-12-17,4108.3125,4207.449393387959,4098.346627007046,4185.666657040545,3225027
2024-12-18,4126.67822265625,4140.108330075579,4071.3913564877716,4092.3672387441043,1575404
2024-12-19,4054.5908203125,4142.005839166766,4045.19452028615,4064.1771318313686,3015763
2024-12-20,3958.159423828125,4159.090570831168,3941.2650833812017,4108.7866456248585,4116989
2024-12-23,3946.77001953125,4002.484177211474,3905.5778396822147,3986.39622640784,2195338
2024-12-24,3966.891845703125,4003.4333784366027,3946.7700890546093,3946.7700890546093,1181886
2024-12-26,3957.020751953125,3986.301525685132,3932.3906257955578,3966.8916181900954,1208464
2024-12-27,3952.987060546875,3968.2681573970385,3936.2822676568094,3951.2310760757846,858100
2024-12-30,3947.244873046875,3985.6846693501766,3902.8257382512747,3939.841838395195,1527169
2024-12-31,3886.500244140625,3929.353632155194,3826.9422956665308,3924.6552500458943,1555429
2025-01-01,3903.252685546875,3923.706266508262,3877.6259252343875,3886.1205985527304,763161
2025-01-02,3963.332275390625,3970.213472540019,3888.5409662336,3910.4182421383885,1720835
2025-01-03,3891.3408203125,3967.3190100554248,3884.127566106747,3967.3190100554248,1791953
2025-01-06,3886.6904296875,3938.560332599053,3859.545197490021,3896.656302584134,2085593
2025-01-07,3823.38330078125,3929.7334436078268,3807.4853613249484,3905.6256161656233,2669054
2025-01-08,3899.40869140625,3916.113485341044,3813.3700813691175,3829.6475810881293,2181277
2025-01-09,3833.396484375,3927.265414585994,3820.5357175020263,3892.384862598553,2392472
2025-01-10,4048.658935546875,4078.4142731653005,3957.8746844541083,3986.3486030473036,7894300
2025-01-13,4072.814697265625,4103.044601693763,4012.3548884093498,4029.0596808346854,4003771
2025-01-14,4017.71728515625,4094.454590373018,4004.429456147033,4083.160028403723,3441709
2025-01-15,4033.426025390625,4039.9276635514543,3993.4202579833063,4003.4334017642514,1653474
2025-01-16,3992.328369140625,4075.567318807286,3978.613708278282,4043.2968742708517,2637705
2025-01-17,3986.52880859375,4021.6165011799776,3963.08887255939,4020.939695681563,1761466
2025-01-20,3941.58251953125,4007.3107665807174,3932.206591942462,4007.3107665807174,1287799
2025-01-21,3901.033935546875,3973.6734816653625,3895.379258358407,3958.497981875744,1971591
2025-01-22,4017.750244140625,4024.0812547656583,3909.104787428617,3914.711087541146,2409223
2025-01-23,4006.972900390625,4051.3395327602407,4001.7529079009387,4028.769436842585,1822998
2025-01-24,4013.641845703125,4038.4349192551795,3966.9068713794295,3966.9068713794295,1910099
2025-01-27,3929.354736328125,4017.5084152856,3906.0599315038703,3964.973867046099,1551782
2025-01-28,3905.335205078125,3964.974090445813,3893.7360609812577,3934.8163629909964,2468272
2025-01-29,3962.84716796875,3970.6285432095738,3918.5772926221866,3918.5772926221866,1217089
2025-01-30,3963.088623046875,3991.941585340912,3922.9267796325357,3962.9437281550117,1531251
2025-01-31,3975.0263671875,3990.5405047390313,3948.7833995175843,3972.7066328908318,1492943
2025-02-01,3937.087646484375,3997.741503018046,3920.5106310847846,3975.606564509793,437172
2025-02-03,3932.737548828125,3940.8087133119993,3865.1242603626174,3896.248579260421,1265713
2025-02-04,3969.854736328125,3981.2608431833637,3930.2245680255955,3947.284879379769,2547132
2025-02-05,3954.43798828125,4011.3703550712034,3939.8423053663196,4011.3703550712034,1693912
2025-02-06,3946.36669921875,4001.2209788539626,3916.2089750568643,3968.259986916976,2284536
2025-02-07,3894.798828125,3953.374595002479,3874.113784051329,3953.374595002479,1548940
2025-02-10,3902.096923828125,3916.644230568612,3880.2520112210996,3905.045086746592,1339511
2025-02-11,3831.149169921875,3905.045339609273,3822.8847322165034,3884.1667849836185,1810908
2025-02-12,3818.1962890625,3887.404606196338,3808.5303361658844,3838.446649169052,1678002
2025-02-13,3779.532470703125,3851.3505477933163,3771.896462322554,3835.4501025039126,2277310
2025-02-14,3803.407470703125,3816.1181040365336,3769.72153134308,3793.886412954254,1681975
2025-02-17,3774.071044921875,3802.585603975581,3727.3844484945375,3727.6744742582173,1799806
2025-02-18,3743.816650390625,3793.3062796669183,3735.4073189681676,3768.174803332807,2149879
2025-02-19,3657.693359375,3745.508400554833,3642.2759755929487,3742.850263486918,4366672
2025-02-20,3653.150146484375,3661.4629603766616,3625.988960412709,3635.848185178673,2888572
2025-02-21,3659.52978515625,3689.4942392872176,3648.8972369162293,3649.960586134303,1833931
2025-02-24,3552.81787109375,3637.4914799757285,3547.4048428794777,3618.111196511734,2508516
2025-02-25,3508.305908203125,3535.8054964280086,3500.283120267886,3503.907852529123,4101954
2025-02-27,3491.873779296875,3516.4735816470966,3480.419530987875,3491.0520789257853,3823856
2025-02-28,3366.89306640625,3479.743067268356,3341.5199398740847,3465.195760859545,7085018
2025-03-03,3376.365478515625,3405.556606946145,3360.0298777157327,3368.584339801977,4990439
2025-03-04,3414.06298828125,3432.3799220820893,3348.576156481458,3357.952083726606,2797737
2025-03-05,3428.56201171875,3480.081589993446,3403.237261275363,3403.237261275363,2501894
2025-03-06,3481.28955078125,3488.877181911339,3417.9775618337376,3438.1793081878077,2786513
2025-03-07,3490.568603515625,3503.907664719036,3454.997852301583,3479.7427842726975,2051315
2025-03-10,3469.73876953125,3501.1049762137254,3462.9244613654673,3486.0259949428714,1004626
2025-03-11,3455.8681640625,3468.8688234276665,3419.4757100500633,3439.146018462038,1995450
2025-03-12,3389.076416015625,3450.020297279617,3370.3729384283747,3445.912267227522,3174167
2025-03-13,3393.764404296875,3406.5717917540665,3367.714708703622,3385.306695598729,1693004
2025-03-17,3380.860107421875,3412.516101378981,3361.1900359739784,3372.450776071524,2690906
2025-03-18,3380.860107421875,3380.860107421875,3380.860107421875,3380.860107421875,0
2025-03-19,3380.28076171875,3428.513776271942,3347.0781163759984,3428.513776271942,3051244
2025-03-20,3444.1240234375,3459.3962767054963,3394.682767165146,3394.682767165146,2845192
2025-03-21,3458.57470703125,3495.450223009194,3349.252685164703,3358.9186380800415,4161925
2025-03-24,3507.725830078125,3527.831058731868,3447.4587570622184,3479.7429444303652,1834751
2025-03-25,3535.56396484375,3586.0685693582973,3516.473707634902,3523.2398747468987,3135390
2025-03-26,3514.34716796875,3557.553929809202,3504.7295921250025,3525.897934373459,1734499
2025-03-27,3529.23291015625,3540.6387825331667,3489.892526436254,3494.097310621218,2528474
2025-03-28,3485.6875,3538.656968927356,3471.9135171595426,3529.0393930182477,2051919
2025-04-01,3432.1865234375,3464.277439125219,3407.248318336048,3453.354865404157,2618493
2025-04-02,3425.565185546875,3445.0422214056125,3412.129605979645,3425.6135625063594,1764313
2025-04-03,3289.46875,3385.0167912281404,3282.702582798802,3374.3842427691143,4537821
2025-04-04,3189.184326171875,3286.085501586113,3185.414699028632,3250.2733357697866,5317367
2025-04-07,3164.68115234375,3181.4514379526936,2953.963392712106,2996.445205771086,6623955
2025-04-08,3182.949951171875,3237.127665022999,3146.5577324611054,3191.7460628104113,5557558
2025-04-09,3138.148193359375,3160.76642752928,3104.752280697163,3151.6321497293247,2990265
2025-04-11,3123.552734375,3188.749540631033,3098.904554048043,3179.6636391398747,7108961
2025-04-15,3139.69482421875,3203.683386247662,3130.415650876791,3203.683386247662,3512160
2025-04-16,3164.439697265625,3168.596104196088,3121.136181217996,3139.6947635283577,2384391
2025-04-17,3188.701171875,3193.2443586174536,3110.50370573642,3137.085076745666,2932346
2025-04-21,3210.64306640625,3241.9606599617177,3174.3957423905777,3180.1953142330854,2432946
2025-04-22,3203.68310546875,3222.531712274605,3184.931252579041,3211.6093750675464,2710498
2025-04-23,3298.989990234375,3306.625999245761,3225.8187680904407,3252.5934125809176,3543923
2025-04-24,3287.970458984375,3298.5062526941524,3274.534643572778,3287.487161364933,2252175
2025-04-25,3332.82080078125,3361.6253897019787,3291.25720030747,3305.7561307053,2742991
2025-04-28,3328.470703125,3342.2930622298845,3291.2567864500143,3320.2546435993536,1593296
2025-04-29,3356.501953125,3378.250345909827,3315.808199342435,3339.5865365145787,1578332
2025-04-30,3338.330078125,3392.65268577439,3253.5597190937174,3356.0188189819924,2809332
2025-05-02,3316.38818359375,3374.867194117627,3305.7556362257724,3356.0185874198487,1721761
2025-05-05,3338.909912109375,3387.4329449049897,3331.27366828836,3334.753505470742,1284443
2025-05-06,3344.419677734375,3356.9854164079434,3322.1879862349847,3344.419677734375,1324763
2025-05-07,3330.017333984375,3343.9362109554654,3306.335750758935,3306.335750758935,1477128
2025-05-08,3333.6904296875,3360.851851961966,3314.1652518601954,3332.820588313161,2543591
2025-05-09,3325.378173828125,3331.0809922460435,3284.587895488488,3285.457736947085,2531757
2025-05-12,3499.46142578125,3509.22413241534,3385.209911911905,3387.916425868549,2228678
2025-05-13,3397.582275390625,3501.97456151927,3393.232596801932,3499.4613194961807,3062887
2025-05-14,3430.15673828125,3442.0459078220697,3391.396407841002,3403.3820953219624,2119499
2025-05-15,3460.314453125,3479.7431132346333,3396.712670565691,3444.945682102287,3548330
2025-05-16,3442.335693359375,3473.8465567565913,3427.6434928317944,3473.8465567565913,1666727
2025-05-19,3401.255615234375,3431.413341631395,3386.659931697025,3431.413341631395,2537377
2025-05-20,3381.4404296875,3439.1461226598826,3377.2840226457647,3413.82137266364,2038374
2025-05-21,3408.021728515625,3418.8475485914832,3381.4403579795026,3390.8162851170264,1440153
2025-05-22,3360.851806640625,3380.9570357698217,3336.0103550080185,3378.250521774226,2034383
2025-05-23,3397.195556640625,3416.9140041659366,3349.8323922264435,3360.85148302262,1274331
2025-05-26,3419.137451171875,3426.5801874567637,3392.8461073678304,3403.3819012793415,967470
2025-05-27,3381.826904296875,3421.747337093333,3366.7481593177404,3414.014574749619,2467680
2025-05-28,3380.860107421875,3411.114585484783,3376.31715701285,3402.4152283668,1222933
2025-05-29,3381.247314453125,3414.498100356932,3370.034713912086,3387.626702221486,3188072
2025-05-30,3347.705810546875,3389.5594310198626,3337.750068509547,3373.417337946492,3404365
2025-06-02,3334.560546875,3344.4197718377163,3304.4028204069105,3334.7538187399196,1877585
2025-06-03,3291.4501953125,3357.468700034321,3286.9072447003623,3330.8873298742683,2848125
2025-06-04,3297.0087890625,3310.56402774214,3286.379348716646,3304.9078969735056,2544807
2025-06-05,3287.451904296875,3324.4113841471617,3280.235380032571,3324.4113841471617,3584683
2025-06-06,3300.226806640625,3306.7605099618336,3275.359545608902,3287.4520036268846,2070390
2025-06-09,3336.991455078125,3348.791310023286,3306.760665733127,3315.634960419095,1718678
2025-06-10,3376.97412109375,3399.3060406489903,3338.2592545088482,3354.6424396212137,2419874
2025-06-11,3385.750732421875,3402.4265208353168,3363.516665314218,3383.8979728571367,2847013
2025-06-12,3348.986083984375,3388.481144938844,3338.259030391803,3385.7505745896515,4060134
2025-06-13,3360.200927734375,3364.8818717382055,3309.003623498393,3309.003623498393,2178493
2025-06-16,3409.54541015625,3421.9302340050463,3341.1847251814343,3354.642349665819,1934088
2025-06-17,3428.073974609375,3432.6573046439225,3401.5489430536663,3422.905437301184,2111940
2025-06-18,3365.75927734375,3450.2105407013996,3357.665418209048,3431.7796073253016,2696327
2025-06-19,3339.039306640625,3365.3693479021017,3328.3122527933565,3364.394161188714,2672768
2025-06-20,3350.448974609375,3360.786049100129,3326.2642962767654,3340.0145242959966,2351248
2025-06-23,3309.393798828125,3340.014567071261,3286.3792966511382,3330.2626997221478,3123421
2025-06-24,3306.27294921875,3356.690292940616,3298.081476031171,3349.376392565029,3403048
2025-06-25,3359.3232421875,3364.3941654870573,3315.634829755361,3322.7537403887272,1757699
2025-06-26,3356.397705078125,3365.759354753242,3330.555256962972,3359.3232652421043,2879106
2025-06-27,3355.71533203125,3380.387367158931,3345.8658502962735,3369.2703330730474,1778433
2025-06-30,3376.096435546875,3378.924381810933,3344.8904604060604,3354.5447137321717,1468351
2025-07-01,3344.59814453125,3398.526022577794,3328.800165873544,3369.2704183662204,2375183
2025-07-02,3338.356689453125,3403.3039810516498,3335.1385257152824,3400.671024568939,3090585
2025-07-03,3316.4150390625,3350.058980842342,3313.294489180619,3344.8904436190446,2531870
2025-07-04,3334.943603515625,3341.964900305915,3305.980605453995,3323.4363525656718,1109320
2025-07-07,3327.044677734375,3341.0875101654565,3323.8265137554163,3333.481005692293,1639174
2025-07-08,3321.680908203125,3340.0144658805552,3309.1984707578945,3320.5107317732236,2325242
2025-07-09,3299.8369140625,3329.2875057764963,3283.4537293349335,3325.3867588452995,2034938
2025-07-10,3298.081298828125,3314.659472122057,3272.7264455550526,3296.130925499427,3035012
2025-07-11,3184.959716796875,3252.247598137654,3180.1813972680684,3218.0184502225306,7635550
2025-07-14,3142.734130859375,3190.8108827918168,3120.5974403831947,3184.9597625910983,3924009
2025-07-15,3171.599853515625,3178.523536457564,3126.448660244279,3126.448660244279,2590889
2025-07-16,3163.576171875,3175.1222359666176,3151.344969328223,3157.607249475903,2540733
2025-07-17,3140.18994140625,3172.2846643823304,3135.199754145851,3154.7696780470374,2947640
2025-07-18,3121.304931640625,3159.3685771406017,3118.46738821797,3155.6502438038765,3432645
2025-07-21,3090.28662109375,3128.839514334287,3084.2199924907163,3121.4028477301345,3844346
2025-07-22,3091.65673828125,3111.7159107005,3086.764257203384,3091.65673828125,3198036
2025-07-23,3110.7373046875,3113.5748480562365,3089.6996367952283,3091.6566291573,1922875
2025-07-24,3080.30615234375,3105.4534578423713,3072.478182452152,3097.0385335433134,2934778
2025-07-25,3068.368408203125,3089.014534530361,3058.3877948178133,3072.4780444334683,2568917
2025-07-28,3013.083251953125,3050.951005299135,3003.8852447797885,3043.123036074506,3374473
2025-07-29,2990.284423828125,3007.8973556438664,2975.802632112602,2994.1984086760676,4785312
2025-07-30,2987.93603515625,3003.0047807939304,2981.673516260727,2994.1983151611034,2880121
2025-07-31,2971.497314453125,2994.0027271024683,2950.166049468222,2976.2918502873677,2968371
2025-08-01,2938.424072265625,2971.4972914199097,2935.488583681943,2964.7455243430377,2053847
2025-08-04,3008.28857421875,3013.181055141491,2927.2692812506943,2944.392964480288,2519252
2025-08-05,2998.014404296875,3011.322048140622,2976.5854331255146,3008.2886143717656,1927996
2025-08-06,2967.093994140625,3000.8521121202134,2960.9294204705666,2997.1337788834585,1487081
2025-08-07,2981.47802734375,2985.9792055799644,2946.154217712285,2951.1446440658847,2543076
2025-08-08,2971.105712890625,2994.002666894786,2959.9509519667536,2982.5543093380406,2762140
2025-08-11,2975.411376953125,2984.3155492907413,2956.3307005130723,2971.1058502168585,1884215
2025-08-12,2970.127197265625,3029.8154640054736,2961.809979769089,2975.6068714078456,3358232
2025-08-13,2970.91015625,2978.9337774241835,2963.473728360306,2970.812449963036,2148166
2025-08-14,2957.30908203125,2990.1864106721328,2954.1779420022144,2968.757439673081,3342174
2025-08-18,2946.44775390625,2983.434958599791,2938.815435653507,2980.988718063058,2945609
2025-08-19,2951.34033203125,2959.9511467818434,2946.350144506624,2946.4478507969,2650784
2025-08-20,3031.96826171875,3036.664852119672,2946.1539583708727,2946.1539583708727,4952358
2025-08-21,3035.882568359375,3062.693270119804,3016.801891436903,3062.693270119804,3230726
2025-08-22,2988.327392578125,3029.1306363096523,2984.4134077810354,3019.639270954844,1593791
2025-08-25,3073.065185546875,3084.2199463957195,3010.9306783780526,3020.9112915939663,3448370
2025-08-26,3089.308349609375,3094.0051794435944,3052.9083364528824,3061.714802808035,5522097
2025-08-28,3027.173583984375,3078.8382300613293,3020.1284592672155,3077.3704857914763,3116051
2025-08-29,3018.3671875,3048.0156702082504,3011.028465982645,3026.4887537573413,2271789
2025-09-01,3045.667236328125,3063.7694152474464,3023.5531276055535,3023.5531276055535,1246862
2025-09-02,3044.5908203125,3087.1554035307527,3036.3715480748965,3053.98447906176,2185229
2025-09-03,3030.891845703125,3074.3369795089966,3021.5961322134785,3062.595025627338,1799774
2025-09-04,3029.130859375,3050.9513740037746,3024.336323201764,3048.9943814611165,1481391
2025-09-05,2982.75,3036.664997028233,2963.47367273015,3030.5006621101975,2802055
2025-09-08,2954.080078125,2998.9929589138555,2951.144589474992,2984.413460841752,2626187
2025-09-09,2983.826171875,2994.19832699537,2965.62628616296,2966.898378981974,2489301
2025-09-10,3043.123291015625,3055.550145422665,2987.740308555338,2990.675797260498,2079428
2025-09-11,3057.017822265625,3071.4996140027415,3043.221168990462,3071.4996140027415,2263446
2025-09-12,3066.02001953125,3080.991059765134,3053.8867617246956,3076.3921752202637,1447167
2025-09-15,3044.982177734375,3066.6070389449774,3029.4241839737238,3066.6070389449774,1732539
2025-09-16,3078.0556640625,3082.263245795216,3042.2428439695796,3060.7363278880744,2573429
2025-09-17,3104.57275390625,3113.966173979194,3074.8263264485827,3084.2199854121977,2418271
2025-09-18,3108.388916015625,3134.1234145595795,3093.4178759668794,3116.51048247651,2633138
2025-09-19,3101.050048828125,3112.107103450778,3076.3919928468,3101.8328935510035,4901694
2025-09-22,3007.70166015625,3040.089740964508,2999.090845838676,3028.445731768582,3634901
2025-09-23,2996.546630859375,3014.453158879609,2986.3703660594774,3003.983297445149,3177741
2025-09-24,2970.127197265625,2991.262810224855,2967.778901999341,2984.4133369924134,1625714
2025-09-25,2893.804443359375,2964.4520571099356,2887.5421635017433,2957.015390749667,4974361
2025-09-26,2836.758544921875,2891.260737711385,2829.126226471788,2877.7574418213358,3934636
2025-09-29,2833.82275390625,2866.3087778304835,2831.7678164651984,2853.2947314486933,3110035
2025-09-30,2826.288330078125,2852.610021207006,2823.0594837288886,2848.402439766557,2253458
2025-10-01,2851.53369140625,2861.9058470940704,2804.957413772581,2828.8326264436423,1952902
2025-10-03,2839.498046875,2861.1229086009284,2828.9304789544044,2861.1229086009284,2899519
2025-10-06,2924.137939453125,2929.22631078988,2833.3336834873367,2839.5959635916415,2112774
2025-10-07,2909.75390625,2939.891634958981,2891.9453243871753,2930.5959216848555,3062943
2025-10-08,2962.103515625,2977.5638026677234,2904.176590968716,2911.0260640606234,4121889
2025-10-09,2995.86181640625,3000.069397912704,2955.0585719818546,2968.757519004287,3211304
2025-10-10,2963.179931640625,3003.983173218589,2942.239970746985,2984.413250266025,8817365
2025-10-13,2942.533935546875,2970.2254277677166,2933.7274691163334,2961.908209472205,2866865
2025-10-14,2896.642333984375,2962.1036338769445,2891.9455044700007,2956.0370052457697,3611416
2025-10-15,2916.7763671875,2926.499513769408,2898.31197994854,2917.954894078994,4282226
2025-10-16,2917.66015625,2921.883430677564,2890.553079047838,2916.87439174088,3251495
2025-10-17,2909.311767578125,2935.4369375213087,2902.6331292681275,2916.972551528368,4374683
2025-10-20,2961.365478515625,2969.0262624451843,2925.320781572273,2932.1958010354274,3133039
2025-10-21,2953.017333984375,2977.669286180243,2942.508423286113,2976.981832168517,310644
2025-10-23,3018.330078125,3042.687339125331,2981.892616996725,3000.4550745732363,5564758
2025-10-24,3008.508544921875,3034.8300966289034,3003.6961270890743,3025.0086400055093,2684318
2025-10-27,3029.821044921875,3038.9550474990237,3005.5620951218402,3011.7496607245316,1946312
2025-10-28,3003.30322265625,3035.0265765381446,2985.919291823652,3021.0801556355614,3470737
2025-10-29,3003.0087890625,3021.080174034828,2991.714113509379,3003.3032409472494,2895420
2025-10-30,2981.106689453125,3009.0978400091353,2978.6513253692647,2994.6603471523654,2241536
2025-10-31,3003.4013671875,3012.6334402910475,2971.088871543434,2980.8120174669925,1868085
2025-11-03,2962.93701171875,3003.4013640895914,2956.2583734171585,2992.499451583931,2194877
2025-11-04,2936.81201171875,2975.214004338424,2922.8655907942766,2965.6872390451917,2670720
2025-11-06,2957.142333984375,2970.0085383136757,2936.61558517126,2936.7138956519902,2542721
2025-11-07,2938.383544921875,2950.3656744717186,2907.6423366423182,2947.419237380036,1830520
2025-11-10,2971.18701171875,2993.4816703122747,2938.579823663838,2939.5619693268272,1556656
2025-11-11,2992.597900390625,3001.142519888641,2964.1156755427983,2990.633609021809,2806868
2025-11-12,3075.8837890625,3080.4015151753365,3002.51755709654,3005.3656835637266,4460315
2025-11-13,3050.249755859375,3075.9819244274895,3046.61586484088,3075.8838537295965,1740435
2025-11-14,3050.54443359375,3057.517763723578,3022.356900982103,3034.830102963518,2210794
2025-11-17,3046.812255859375,3067.7320066302495,3031.4909272444793,3050.544457369475,2232853
2025-11-18,3031.98193359375,3049.5622448251693,3023.0443122614724,3046.6158078736476,2548350
2025-11-19,3091.499755859375,3098.6694669245953,3028.4460542827223,3041.705020306013,3151053
2025-11-20,3088.65185546875,3108.0000778660146,3082.0715272134535,3091.794673762747,2700767
2025-11-21,3094.34814453125,3113.4016740052466,3079.2229578295533,3088.6516518716926,4177037
2025-11-24,3085.115966796875,3122.1428110333977,3075.0981288018247,3101.616062202543,6703764
2025-11-25,3063.5087890625,3093.562543096727,3059.3838251197944,3089.142887490615,2737920
2025-11-26,3106.428466796875,3121.2589624366606,3061.348076121797,3063.115986297256,2508527
2025-11-27,3080.59814453125,3123.223169867727,3069.205159068128,3123.223169867727,2836233
2025-11-28,3081.48193359375,3091.1070087848907,3069.205113141185,3083.937297684263,1616690
2025-12-01,3077.455078125,3097.687374390369,3066.4550948216056,3081.8747335418534,1747647
2025-12-02,3079.714111328125,3087.8659682974553,3064.6872347092776,3075.0980746626374,2512003
2025-12-03,3123.22314453125,3154.5534946281955,3082.9551731709416,3083.9373188138757,3952112
2025-12-04,3171.544677734375,3191.9733551637537,3130.4909417024,3136.9731988901626,5025905
2025-12-05,3180.384033203125,3213.187842167148,3164.866083794654,3172.330486734928,5244013
2025-12-08,3178.71435546875,3201.6964674714213,3151.3125880977464,3185.0983021118977,2544725
2025-12-09,3151.01806640625,3175.964471029267,3124.401822284255,3172.330579931189,2734893
2025-12-10,3132.259033203125,3167.41989738469,3121.357359750894,3167.41989738469,1386849
2025-12-11,3134.91064453125,3151.1160479641035,3096.8035846478047,3147.7768486239356,1914362
2025-12-12,3163.0,3165.4553640739014,3128.8212841349605,3140.607031689688,1146554
2025-12-15,3172.52685546875,3180.384020730158,3140.2143592438706,3153.7680172761306,1562190
2025-12-16,3147.875244140625,3162.509118995985,3134.1252044928165,3162.509118995985,1734623
2025-12-17,3160.348388671875,3179.107227122374,3143.3572206041695,3143.3572206041695,1376350
2025-12-18,3222.2236328125,3229.09865265339,3163.4912725011322,3170.366292342023,2307422
2025-12-19,3223.402099609375,3258.661033366418,3220.259281411304,3240.09857605464,3902511
2025-12-22,3265.5361328125,3269.170263717588,3232.2414895890165,3250.9022578364156,2632816
2025-12-23,3250.902099609375,3260.625245626059,3234.6966963938,3260.625245626059,2365420
2025-12-24,3259.741455078125,3267.696930860065,3237.2504153109776,3245.107580613968,1367708
2025-12-26,3221.437744140625,3260.7235702886815,3213.384197736604,3253.9468611908032,1176664
2025-12-29,3193.446533203125,3229.294848891858,3184.9999848268185,3221.437683809396,2079473
2025-12-30,3188.83056640625,3209.160933545371,3181.6608551553877,3191.973384551631,2807593
