Date,Close,High,Low,Open,Volume,Ticker
2021-01-01,2569.26806640625,2579.5776027437464,2526.055754523553,2526.933161871425,2681440,TCS.NS
2021-01-04,2666.835693359375,2676.750439131033,2580.4110704783106,2588.351649737457,5113293,TCS.NS
2021-01-05,2713.8203125,2732.4652144206675,2666.9668564165904,2666.9668564165904,5801309,TCS.NS
2021-01-06,2677.408203125,2731.807452213563,2664.8612367027454,2719.96245442815,3726716,TCS.NS
2021-01-07,2661.0009765625,2703.160441346511,2632.4413253081198,2698.0275228139217,3717827,TCS.NS
2021-01-08,2738.30029296875,2744.5299703376445,2684.8662753303042,2711.1884937158957,5879039,TCS.NS
2021-01-11,2787.0400390625,2834.025237152171,2760.80564964127,2834.025237152171,9508039,TCS.NS
2021-01-12,2785.63623046875,2816.4770067115314,2763.83257667954,2787.0399534098296,3611458,TCS.NS
2021-01-13,2771.685791015625,2787.523035871465,2742.994614697251,2785.7682212439095,3572801,TCS.NS
2021-01-14,2857.615478515625,2871.504937638506,2743.071705797272,2773.4878549669324,6931542,TCS.NS
2021-01-15,2842.363525390625,2878.0979173503197,2821.836992881651,2843.813916502225,4131692,TCS.NS
2021-01-18,2832.166015625,2862.933707266771,2801.969638123508,2856.9999381644293,4160906,TCS.NS
2021-01-19,2866.406005859375,2882.4931560584005,2841.176541744663,2842.0556186449553,2975735,TCS.NS
2021-01-20,2908.690185546875,2925.5244252045945,2872.032715490812,2874.5819530880785,3453446,TCS.NS
2021-01-21,2877.96630859375,2908.997554851266,2867.637153892933,2905.349471166,2778546,TCS.NS
2021-01-22,2903.6796875,2922.931390359051,2849.8799966804477,2849.8799966804477,3052459,TCS.NS
2021-01-25,2893.3056640625,2935.9408910625407,2882.185213197653,2908.8212845357853,2272887,TCS.NS
2021-01-27,2866.7138671875,2906.6238739856344,2836.781254779704,2900.9538707074753,2786662,TCS.NS
2021-01-28,2810.013427734375,2878.976970563586,2798.8051967802726,2839.418508372636,3083938,TCS.NS
2021-01-29,2735.115966796875,2827.858578666377,2725.138358250766,2821.8808128923442,5445659,TCS.NS
2021-02-01,2759.730224609375,2782.2784618413975,2675.9981476771814,2725.138461835176,3985846,TCS.NS
2021-02-02,2816.07861328125,2834.143684966106,2769.0919998893405,2790.1898436980214,2881837,TCS.NS
2021-02-03,2813.08984375,2844.692612763549,2780.2122416423435,2824.473845738344,2505866,TCS.NS
2021-02-04,2802.892822265625,2846.3193518083062,2791.9483573025227,2827.155431621027,2057261,TCS.NS
2021-02-05,2776.08056640625,2818.188474333651,2750.6313357061786,2812.122715579773,2366135,TCS.NS
2021-02-08,2825.44091796875,2835.9018463718144,2773.619167277275,2803.81554215837,2526592,TCS.NS
2021-02-09,2792.73974609375,2853.3082825643633,2781.3997381918516,2808.6511262714807,2658751,TCS.NS
2021-02-10,2824.738525390625,2830.100766999873,2775.510207145161,2799.860600210748,2127983,TCS.NS
2021-02-11,2818.3203125,2830.012077244088,2799.9036958644483,2826.2320039574233,1165882,TCS.NS
2021-02-12,2804.958740234375,2853.044205879988,2797.2228202465326,2799.1567465888947,2777404,TCS.NS
2021-02-15,2760.169921875,2820.958008762423,2752.873540069198,2820.958008762423,2630853,TCS.NS
2021-02-16,2732.874755859375,2784.6083111002467,2725.1388349526,2769.092687129255,3435770,TCS.NS
2021-02-17,2701.49169921875,2754.0165516150078,2677.2730841859975,2729.6221641004277,3678426,TCS.NS
2021-02-18,2687.64599609375,2723.292394683918,2664.482232638335,2694.3708489067953,4189909,TCS.NS
2021-02-19,2700.39208984375,2713.8417928698846,2651.4273415510556,2688.216790605341,3725028,TCS.NS
2021-02-22,2600.70556640625,2721.622662706986,2587.255644044768,2721.622662706986,5366696,TCS.NS
2021-02-23,2619.825439453125,2661.8453662965508,2609.100742129512,2610.8588962684134,3832829,TCS.NS
2021-02-24,2591.60595703125,2640.174941930986,2567.914669625318,2612.6158031133996,3774549,TCS.NS
2021-02-25,2633.099365234375,2663.5153004809417,2609.496062078548,2614.3749823229737,4224073,TCS.NS
2021-02-26,2544.3125,2612.9244999684947,2531.7416564902746,2602.0678136150045,5553153,TCS.NS
2021-03-01,2570.597412109375,2606.463803492592,2550.9061693907397,2572.179793935691,3265871,TCS.NS
2021-03-02,2642.81298828125,2659.2076870166584,2591.518764074416,2602.06768713035,3306469,TCS.NS
2021-03-03,2689.18408203125,2693.4914727558676,2634.505330178127,2667.99824406464,3509857,TCS.NS
2021-03-04,2680.921142578125,2708.8318379382204,2651.340286728885,2657.449829088751,3916760,TCS.NS
2021-03-05,2644.307373046875,2692.7883793543356,2634.2419852330613,2651.383985179007,3203686,TCS.NS
2021-03-08,2643.340576171875,2666.2405752396367,2633.7147258219425,2651.296266047723,2003125,TCS.NS
2021-03-09,2682.02001953125,2696.0412552244425,2630.28646512969,2643.3406302433177,1942397,TCS.NS
2021-03-10,2699.601318359375,2719.160780509051,2689.975468674562,2703.1616229327706,3053778,TCS.NS
2021-03-12,2688.173583984375,2740.0831259740735,2673.5810339324644,2703.161890397907,2938317,TCS.NS
2021-03-15,2695.381591796875,2724.2593542453787,2673.272893275314,2673.272893275314,3097083,TCS.NS
2021-03-16,2733.973388671875,2761.180778120956,2689.975543155086,2689.975543155086,4894756,TCS.NS
2021-03-17,2736.5224609375,2773.487688424811,2712.216069895808,2729.5338423325,3838390,TCS.NS
2021-03-18,2669.317626953125,2765.9721116380324,2625.8473070733103,2747.951031001596,3656306,TCS.NS
2021-03-19,2681.360107421875,2724.2590997052175,2641.625877577986,2663.602798356505,5776626,TCS.NS
2021-03-22,2751.202392578125,2759.8173874256727,2653.6248758892857,2680.0411744570947,2821646,TCS.NS
2021-03-23,2762.587158203125,2785.794702569668,2745.225389387804,2760.3014724104632,3305973,TCS.NS
2021-03-24,2743.687255859375,2771.1144147890072,2734.940268188996,2734.984264961801,2207104,TCS.NS
2021-03-25,2694.239013671875,2752.258091028489,2681.1846354192803,2735.8631775195627,3179786,TCS.NS
2021-03-26,2695.953369140625,2740.962068326735,2675.0752905252434,2716.9192266843957,3697370,TCS.NS
2021-03-30,2776.608154296875,2802.892465571644,2690.7661733862365,2710.193857106451,4694008,TCS.NS
2021-03-31,2793.5751953125,2817.4420522792884,2753.269425191492,2773.4881981095646,3530069,TCS.NS
2021-04-01,2782.2783203125,2826.2321642352886,2764.6967827433846,2805.222312687547,4285076,TCS.NS
2021-04-05,2847.2421875,2868.4280273958516,2769.9714110708946,2787.5529497003513,5317862,TCS.NS
2021-04-06,2869.923095703125,2878.9776331677685,2839.4191618723335,2878.9776331677685,2291562,TCS.NS
2021-04-07,2875.8125,2881.2189524865717,2843.638409585986,2864.9120307136286,2491268,TCS.NS
2021-04-08,2916.206298828125,2931.7219227066266,2871.1096038400187,2874.581915217592,2578118,TCS.NS
2021-04-09,2920.5126953125,2948.7311444737156,2907.9858517853113,2948.4233817678155,2911129,TCS.NS
2021-04-12,2853.966796875,2934.446319961997,2824.649500067014,2920.512866986432,3791828,TCS.NS
2021-04-13,2728.69921875,2825.3536995556697,2701.4478296130287,2825.3536995556697,8654596,TCS.NS
2021-04-15,2829.70458984375,2845.7917402961693,2714.105975634484,2778.146814676858,6062760,TCS.NS
2021-04-16,2808.782958984375,2854.3631900125724,2797.7507136681297,2838.5398030645506,3224657,TCS.NS
2021-04-19,2779.465576171875,2803.376426569832,2755.994264254095,2785.794887362746,2679106,TCS.NS
2021-04-20,2764.30126953125,2835.330724965426,2748.302113102314,2835.0229622074467,3141893,TCS.NS
2021-04-22,2741.665771484375,2767.3347805274607,2729.754233555558,2767.3347805274607,1988980,TCS.NS
2021-04-23,2733.48974609375,2741.8409770273056,2717.270819467524,2729.533899862066,1615309,TCS.NS
2021-04-26,2725.842041015625,2771.7298181062615,2714.633809115576,2726.9408872803356,2490260,TCS.NS
2021-04-27,2753.26904296875,2756.8733443576716,2727.7758110894097,2730.4130419734793,1471417,TCS.NS
2021-04-28,2746.32470703125,2769.9717939087773,2735.6877888429435,2769.0487200794746,1639037,TCS.NS
2021-04-29,2738.544921875,2775.5541534445256,2729.9739201935035,2765.2249975719533,1621395,TCS.NS
2021-04-30,2668.569580078125,2753.312718021885,2654.8121130877844,2724.259184920213,3072305,TCS.NS
2021-05-03,2669.756103515625,2685.5794850972125,2640.746570616048,2659.119188938441,1545831,TCS.NS
2021-05-04,2680.96484375,2716.3476898721206,2667.998459146241,2692.4368405095456,1990777,TCS.NS
2021-05-05,2721.3583984375,2724.610940141866,2683.2943245964398,2698.7661643501683,1939289,TCS.NS
2021-05-06,2735.2041015625,2755.027330929211,2702.282710681683,2729.9736363116353,1791671,TCS.NS
2021-05-07,2754.06005859375,2777.751353813853,2735.5116639367457,2754.148052135079,1912540,TCS.NS
2021-05-10,2765.13671875,2781.5754158169793,2747.115640150612,2765.5322604784997,2137153,TCS.NS
2021-05-11,2745.006103515625,2749.8410273282093,2717.358958383474,2747.115802604657,2415625,TCS.NS
2021-05-12,2714.238037109375,2742.720044026913,2699.2937291771773,2742.720044026913,1978558,TCS.NS
2021-05-14,2682.50341796875,2723.8200362366615,2672.3940326478782,2723.8200362366615,2043935,TCS.NS
2021-05-17,2698.546142578125,2703.3370684555102,2668.8772990853286,2685.579759125718,2890462,TCS.NS
2021-05-18,2715.29296875,2746.236434952546,2705.798894617137,2725.1385878210285,2098538,TCS.NS
2021-05-19,2709.31591796875,2740.962697023544,2696.2177535962314,2711.074072360683,1986041,TCS.NS
2021-05-20,2689.975830078125,2715.293292579016,2683.0312070831365,2696.2173631129313,2329027,TCS.NS
2021-05-21,2707.996337890625,2714.765186965572,2685.6678709113507,2690.854338673333,1685566,TCS.NS
2021-05-24,2708.8759765625,2729.534287595834,2700.5247444426413,2708.8759765625,1652260,TCS.NS
2021-05-25,2750.836181640625,2763.4243048225067,2722.65653952181,2731.401886201931,1841613,TCS.NS
2021-05-26,2790.146728515625,2795.88867999112,2741.826041540108,2756.136708237692,1923753,TCS.NS
2021-05-27,2809.138671875,2842.4861513917554,2793.06125468533,2793.193674959177,5959785,TCS.NS
2021-05-28,2776.98388671875,2825.0395068850357,2769.960867380018,2817.530802754791,1763701,TCS.NS
2021-05-31,2790.720458984375,2800.6144542582383,2763.7334632434854,2782.637645424478,1652799,TCS.NS
2021-06-01,2785.287841796875,2800.261039677647,2766.736923725916,2799.068610059735,1377441,TCS.NS
2021-06-02,2764.484130859375,2790.9854410639764,2751.719376244468,2783.388528206253,2240078,TCS.NS
2021-06-03,2774.908203125,2786.657161213381,2758.4773034623645,2786.657161213381,1281706,TCS.NS
2021-06-04,2777.11669921875,2788.689025250581,2760.5533789450797,2763.203510188867,1836060,TCS.NS
2021-06-07,2811.9658203125,2818.3703040112887,2768.150447443102,2778.2208596814926,2559821,TCS.NS
2021-06-08,2826.938232421875,2854.1904934720615,2815.4985457843964,2825.0390585340924,2574057,TCS.NS
2021-06-09,2827.02685546875,2844.4735488194283,2814.615367191973,2828.572765006152,1710925,TCS.NS
2021-06-10,2841.6474609375,2848.007732839972,2820.6230431011263,2835.640453603074,1874324,TCS.NS
2021-06-11,2892.0,2923.0948308603947,2836.5238748542542,2837.0097753940586,3452954,TCS.NS
2021-06-14,2894.25244140625,2922.8295591519113,2888.952179184316,2896.593304286982,1847360,TCS.NS
2021-06-15,2882.238037109375,2913.3770734462396,2872.3442587686054,2913.3770734462396,1304985,TCS.NS
2021-06-16,2892.4853515625,2910.4619427775083,2873.6251677448518,2881.6639841155666,1635552,TCS.NS
2021-06-17,2930.823974609375,2946.9898164726833,2879.80895402805,2884.6675274167474,2273413,TCS.NS
2021-06-18,2912.759033203125,2966.3799741161924,2893.059682915584,2960.1079111317467,3380431,TCS.NS
2021-06-21,2891.38134765625,2902.7768246995624,2872.4769504377414,2884.22590768231,1130569,TCS.NS
2021-06-22,2916.204345703125,2939.0397292718317,2901.8936802765033,2918.677844637311,1708688,TCS.NS
2021-06-23,2881.045654296875,2940.7620256141804,2876.628769307968,2940.7620256141804,1467104,TCS.NS
2021-06-24,2980.160888671875,2988.464546637038,2896.1516453294503,2901.010219082481,4155204,TCS.NS
2021-06-25,2986.52099609375,3003.17252309465,2959.312941438819,2981.618210624291,2722861,TCS.NS
2021-06-28,2947.608154296875,2995.973044219031,2944.2954906035766,2995.973044219031,1355238,TCS.NS
2021-06-29,2951.230224609375,2973.7121267952775,2938.553678014563,2952.2460219223417,1497322,TCS.NS
2021-06-30,2955.558349609375,2987.5807631708603,2949.153866897078,2955.7791938408336,1693146,TCS.NS
2021-07-01,2951.804443359375,2969.913673073236,2943.7216295348694,2966.380164836385,990310,TCS.NS
2021-07-02,2937.6259765625,2950.214098705569,2910.903822539493,2942.5287620044955,1682274,TCS.NS
2021-07-05,2933.695068359375,2980.5140501790215,2916.9109050655393,2952.2459856841406,1972858,TCS.NS
2021-07-06,2881.840576171875,2939.8783968216444,2876.363682388358,2926.627742989816,2159420,TCS.NS
2021-07-07,2893.015625,2899.8617971333256,2863.555129801397,2893.0598369861177,2640710,TCS.NS
2021-07-08,2878.4833984375,2913.3767831968316,2854.9854885095174,2913.3767831968316,2485811,TCS.NS
2021-07-09,2834.00537109375,2899.2428381026043,2827.689312847787,2870.974778742677,6365067,TCS.NS
2021-07-12,2820.71142578125,2858.608216049346,2816.5153846730195,2857.7248389739293,1892226,TCS.NS
2021-07-13,2815.808349609375,2839.173627711881,2804.721925322098,2839.173627711881,1809339,TCS.NS
2021-07-14,2839.660400390625,2846.241517811811,2813.556559351526,2815.323313862893,2044279,TCS.NS
2021-07-15,2835.587158203125,2861.1725983413016,2827.6637229336393,2857.410052686177,2232968,TCS.NS
2021-07-16,2828.37158203125,2850.548508646721,2825.8926855705236,2844.484084817698,1256526,TCS.NS
2021-07-19,2819.341796875,2832.7983868188567,2811.728089019713,2815.2693082754054,1597058,TCS.NS
2021-07-20,2838.110107421875,2846.2548681714516,2794.1545954042767,2819.3416893105386,1811945,TCS.NS
2021-07-22,2847.4501953125,2855.0636869502946,2824.122327250977,2824.122327250977,2859334,TCS.NS
2021-07-23,2844.352294921875,2869.760505544406,2838.8632309350623,2859.535189425642,1776193,TCS.NS
2021-07-26,2830.806396484375,2854.443991333239,2824.8748975730673,2832.9753500089523,1259611,TCS.NS
2021-07-27,2817.880859375,2841.828397353054,2798.581171579533,2832.9753493862218,1121367,TCS.NS
2021-07-28,2831.027587890625,2836.91477805401,2773.1285272482296,2822.3515580665385,1660654,TCS.NS
2021-07-29,2829.25732421875,2855.5065269494357,2824.388147472567,2833.1968876310666,1731997,TCS.NS
2021-07-30,2804.158935546875,2853.7803179466428,2799.644010283248,2849.7964459346185,2999943,TCS.NS
2021-08-02,2850.150146484375,2855.019322815732,2803.760262073905,2815.2692243116567,2608669,TCS.NS
2021-08-03,2908.137939453125,2912.653080836421,2849.7521253310056,2858.649482681095,3804735,TCS.NS
2021-08-04,2898.443603515625,2926.109378484922,2887.1559673281517,2921.505836757805,2929598,TCS.NS
2021-08-05,2907.296875,2934.7856343504254,2888.307128829039,2899.373439667464,2534521,TCS.NS
2021-08-06,2930.181884765625,2942.753169760051,2890.5201863016146,2897.2042808024594,2292362,TCS.NS
2021-08-09,2941.6025390625,2954.262442321804,2930.3592100944475,2942.6648617114934,1510489,TCS.NS
2021-08-10,2951.517822265625,2965.6827001982383,2935.3169160413063,2935.3169160413063,2040777,TCS.NS
2021-08-11,2960.63671875,2974.624579942988,2945.498134053273,2965.7715305979195,1929707,TCS.NS
2021-08-12,2967.320068359375,2981.706269928955,2944.5234720260405,2944.5234720260405,1310205,TCS.NS
2021-08-13,3066.1650390625,3080.861187504432,2972.4113324845202,2975.2885735360687,4363584,TCS.NS
2021-08-16,3074.619384765625,3093.5650379258386,3042.3500667442145,3063.1547303753764,2083489,TCS.NS
2021-08-17,3145.5322265625,3152.39333868331,3065.8104870148636,3082.7198949552444,4336019,TCS.NS
2021-08-18,3152.171875,3182.670580449976,3130.968869437291,3163.946471418309,2631309,TCS.NS
2021-08-20,3151.2421875,3164.9644108196376,3098.5665560471975,3103.878384428993,2836148,TCS.NS
2021-08-23,3220.20751953125,3251.72445614711,3153.367008657548,3169.391111627186,3744176,TCS.NS
2021-08-24,3198.783203125,3246.722586873967,3182.1394299538442,3237.5595959017187,2511141,TCS.NS
2021-08-25,3239.33056640625,3273.6361306173026,3193.3390209691447,3195.9506271458217,2123263,TCS.NS
2021-08-26,3250.70703125,3264.650584058669,3229.5038050202993,3240.2160812526786,1902533,TCS.NS
2021-08-27,3293.466064453125,3301.74374952995,3232.335950219792,3245.526903278401,3944728,TCS.NS
2021-08-30,3276.77880859375,3311.3500054128417,3264.650175657606,3288.907441529894,2033114,TCS.NS
2021-08-31,3352.162353515625,3367.7881130904075,3278.682054309323,3283.9495746993503,3207480,TCS.NS
2021-09-01,3288.863037109375,3378.942800881244,3281.8249071480936,3360.6170346733647,2643336,TCS.NS
2021-09-02,3396.69287109375,3416.5236102881754,3295.1041548735093,3305.727811471704,3403717,TCS.NS
2021-09-03,3401.385009765625,3414.531655047008,3368.186083087115,3386.290521208027,1746812,TCS.NS
2021-09-06,3410.194580078125,3432.858472673352,3376.552992839556,3408.1583355174844,1723693,TCS.NS
2021-09-07,3378.235107421875,3426.0858836953535,3371.462610939425,3420.8183624157914,1585039,TCS.NS
2021-09-08,3341.2734375,3377.4382295061014,3325.2052398492574,3373.011704958911,4147175,TCS.NS
2021-09-09,3356.544677734375,3371.8604946659234,3333.172716457,3355.039702736924,1441148,TCS.NS
2021-09-13,3404.30712890625,3410.5483552564024,3334.94340668906,3334.94340668906,1691473,TCS.NS
2021-09-14,3440.205810546875,3449.5901278133597,3386.2908350791995,3408.379146448871,1991188,TCS.NS
2021-09-15,3500.98193359375,3523.51289619719,3422.5881549493306,3436.841647844263,2461369,TCS.NS
2021-09-16,3455.610595703125,3525.062720600188,3445.6952242336656,3479.2481928696525,2946666,TCS.NS
2021-09-17,3388.814208984375,3492.527584251267,3368.584906990132,3470.3949633117786,6477148,TCS.NS
2021-09-20,3384.962890625,3427.014868473748,3371.1079570103802,3372.1259710711715,2002008,TCS.NS
2021-09-21,3419.888427734375,3427.5021361240147,3383.325293125468,3415.506211825673,1568129,TCS.NS
2021-09-22,3419.179931640625,3449.900181873406,3410.5925180954796,3419.489874783857,1744067,TCS.NS
2021-09-23,3425.46533203125,3434.0970531625558,3395.143644980253,3426.129310579812,2003869,TCS.NS
2021-09-24,3427.28076171875,3491.996417565266,3412.8502492141406,3443.835919440469,2320754,TCS.NS
2021-09-27,3396.869873046875,3456.229597241614,3366.7252043616068,3452.688378391981,1673362,TCS.NS
2021-09-28,3345.699951171875,3408.4238902572306,3321.0000307343994,3408.4238902572306,2253075,TCS.NS
2021-09-29,3356.987548828125,3369.470434317807,3295.2375323295264,3328.5693913486634,2489161,TCS.NS
2021-09-30,3342.5126953125,3368.5848793374157,3319.981730608833,3368.5848793374157,2252412,TCS.NS
2021-10-01,3302.364501953125,3373.011880633546,3297.760959412062,3348.002015639347,1578374,TCS.NS
2021-10-04,3340.520751953125,3349.6835272429826,3282.2233425522586,3297.5834677792773,1356860,TCS.NS
2021-10-05,3393.63916015625,3399.570659485388,3312.456747791628,3323.4344415906635,1877966,TCS.NS
2021-10-06,3373.80810546875,3415.019088719637,3359.7318450635594,3396.029343257922,1678154,TCS.NS
2021-10-07,3446.4033203125,3451.8037665978186,3381.9089887502187,3390.717729179186,1647233,TCS.NS
2021-10-08,3484.249267578125,3532.2770463329243,3452.688242280506,3474.8208592182013,2934339,TCS.NS
2021-10-11,3262.87939453125,3326.532721970496,3240.2155056319402,3324.3194600130973,11845402,TCS.NS
2021-10-12,3233.885986328125,3281.8251586645006,3214.187952937166,3280.939853792997,5752877,TCS.NS
2021-10-13,3235.966796875,3253.89422314773,3226.936729091334,3231.3632540969465,3545655,TCS.NS
2021-10-14,3203.368896484375,3255.3029971474057,3200.4861349746393,3215.387837781838,6442299,TCS.NS
2021-10-18,3235.034912109375,3239.957825124647,3194.4988931682005,3196.27290026894,3590107,TCS.NS
2021-10-19,3223.50390625,3273.1319287564406,3215.5652676856744,3254.4160669882417,3135441,TCS.NS
2021-10-20,3201.0625,3219.822536421355,3173.964501183039,3203.856474257282,2933693,TCS.NS
2021-10-21,3133.33984375,3199.820712339937,3114.4910194953113,3196.8493805660564,4871211,TCS.NS
2021-10-22,3103.49267578125,3159.152152457809,3091.207589128404,3157.7328600565615,2691670,TCS.NS
2021-10-25,3098.259033203125,3117.4183966686946,3060.162273714988,3107.173462267711,2595594,TCS.NS
2021-10-26,3089.078857421875,3130.2357382859686,3082.337543367453,3099.634113754694,3878763,TCS.NS
2021-10-27,3095.4208984375,3114.491476363256,3089.433623972437,3089.433623972437,2510813,TCS.NS
2021-10-28,3035.015380859375,3120.478253064307,3029.116894319104,3120.478253064307,2424942,TCS.NS
2021-10-29,3013.81591796875,3069.9188851710232,3003.349234136505,3015.8560691777293,3960501,TCS.NS
2021-11-01,3083.5791015625,3092.981425957141,3027.298768768552,3049.4738578562856,2020718,TCS.NS
2021-11-02,3090.497314453125,3116.5753452859794,3077.6801581714835,3099.18999139741,3087414,TCS.NS
2021-11-03,3097.63818359375,3122.163745415681,3074.39873362359,3108.23783282908,1537639,TCS.NS
2021-11-04,3112.18505859375,3116.2653617280953,3108.9475821125666,3115.999217340445,328991,TCS.NS
2021-11-08,3106.95166015625,3147.088570475876,3087.8366904944155,3147.088570475876,2526082,TCS.NS
2021-11-09,3109.56787109375,3135.5571148186614,3100.963981161539,3111.608022286807,1782692,TCS.NS
2021-11-10,3090.586181640625,3121.9860173269394,3086.949380853607,3102.738085663698,1516489,TCS.NS
2021-11-11,3094.045654296875,3113.426767950228,3047.744113577115,3086.7722686985917,1284514,TCS.NS
2021-11-12,3127.61865234375,3134.8032505729047,3091.8279754373,3109.834189325113,1747259,TCS.NS
2021-11-15,3151.789306640625,3166.2475057480005,3129.3480767252768,3129.3480767252768,1809157,TCS.NS
2021-11-16,3154.53955078125,3171.525799838451,3141.7667854235606,3165.7158828844404,2013204,TCS.NS
2021-11-17,3123.937744140625,3160.2607130817687,3110.189188992321,3149.394919496819,1632914,TCS.NS
2021-11-18,3082.95849609375,3123.006840214177,3061.5818383861247,3117.950746243194,2136598,TCS.NS
2021-11-22,3067.613037109375,3118.6601354949016,3051.5584025436406,3085.35310837777,3167936,TCS.NS
2021-11-23,3072.80224609375,3087.6151630225495,3022.7309357804584,3055.727426655977,2153461,TCS.NS
2021-11-24,3054.219482421875,3098.3479107016587,3037.1002699493474,3079.8537993639643,2161746,TCS.NS
2021-11-25,3056.525146484375,3071.6929923228795,3046.014285380131,3054.751139558402,1849619,TCS.NS
2021-11-26,3057.3681640625,3095.6422792605736,3026.3672178510988,3037.9870505637437,1941251,TCS.NS
2021-11-29,3106.28662109375,3130.5462562837033,3021.5333834239445,3057.6343867946935,2981745,TCS.NS
2021-11-30,3130.3681640625,3161.0585703001743,3096.5290687949237,3096.5290687949237,5588446,TCS.NS
2021-12-01,3173.52099609375,3184.3423949049957,3135.557205010908,3135.557205010908,2102118,TCS.NS
2021-12-02,3231.264892578125,3235.788696950229,3170.2392263609663,3183.6328489847224,3152938,TCS.NS
2021-12-03,3229.092041015625,3251.7106316157765,3220.5769368394936,3234.414062333308,2486263,TCS.NS
2021-12-06,3136.79931640625,3244.6590363859564,3124.02655170895,3229.092080530519,1849642,TCS.NS
2021-12-07,3179.464111328125,3191.4386588251064,3126.06654283749,3159.950033925637,1484458,TCS.NS
2021-12-08,3217.072998046875,3234.4139602705127,3194.099693371914,3194.099693371914,1428660,TCS.NS
2021-12-09,3194.764892578125,3224.036008412116,3163.054517091301,3202.082671536623,1567957,TCS.NS
2021-12-10,3225.8544921875,3230.46686724847,3171.126417511061,3179.907665866492,1510718,TCS.NS
2021-12-13,3201.772216796875,3248.2069383784756,3194.7205820190884,3237.562895980731,1883864,TCS.NS
2021-12-14,3214.323486328125,3224.25788271104,3172.545532780773,3197.6477763888033,1747007,TCS.NS
2021-12-15,3166.9130859375,3213.613734373968,3156.0914698132124,3210.952723829358,1603233,TCS.NS
2021-12-16,3176.891845703125,3200.7077599220047,3166.602518405637,3177.2465604843114,2072320,TCS.NS
2021-12-17,3179.3310546875,3238.7602886798354,3169.884337561044,3195.4300814535413,4333992,TCS.NS
2021-12-20,3154.982666015625,3198.5346245351966,3113.5152523447928,3183.4555650185303,2312310,TCS.NS
2021-12-21,3200.575439453125,3229.7577740641314,3163.4098551245897,3177.8236650038443,2340989,TCS.NS
2021-12-22,3220.48779296875,3225.8542071800953,3198.7562083298367,3214.500519649866,1224328,TCS.NS
2021-12-23,3248.8271484375,3255.7458179244295,3219.8221820094477,3235.788242416106,1792861,TCS.NS
2021-12-24,3256.101318359375,3286.3482267165896,3232.950655115478,3268.60815531731,2209923,TCS.NS
2021-12-27,3278.45361328125,3281.9128401940757,3240.312464057373,3256.1897395547167,1534135,TCS.NS
2021-12-28,3287.72314453125,3304.088317180793,3276.458242438429,3290.783263554562,1456218,TCS.NS
2021-12-29,3277.211669921875,3299.608507488964,3268.607779592957,3275.0385547359824,1456923,TCS.NS
2021-12-30,3311.849609375,3317.393381737529,3264.173167057248,3265.3707085089977,1966475,TCS.NS
2021-12-31,3315.930419921875,3335.133963703124,3309.6770004292034,3319.877543137338,1207141,TCS.NS
2022-01-03,3386.357666015625,3397.2234590635435,3321.8281603636997,3326.2631779342787,2346158,TCS.NS
2022-01-04,3445.786865234375,3449.6895940340164,3380.991215898721,3398.199213823808,2488606,TCS.NS
2022-01-05,3424.676025390625,3432.7034501545454,3381.611963344765,3428.2684327770844,1733031,TCS.NS
2022-01-06,3377.2216796875,3401.6586712099115,3345.7774466241945,3381.2575892183004,1810293,TCS.NS
2022-01-07,3418.068359375,3428.180113754431,3367.420367389519,3388.3537388899704,2460591,TCS.NS
2022-01-10,3441.441162109375,3528.5004828256165,3424.721056860157,3528.5004828256165,3937092,TCS.NS
2022-01-11,3473.4169921875,3481.4888108289488,3420.285568039854,3420.285568039854,1906106,TCS.NS
2022-01-12,3423.74462890625,3485.0366556927033,3403.033227682781,3481.488641790242,3203744,TCS.NS
2022-01-13,3457.451171875,3479.715048380294,3421.1728120323205,3475.2800304751445,6684507,TCS.NS
2022-01-14,3519.76318359375,3527.6132519299485,3423.8782261400397,3439.6669332386305,3348123,TCS.NS
2022-01-17,3565.00048828125,3586.1556110947845,3514.5744627618396,3541.539286003683,3442604,TCS.NS
2022-01-18,3539.67626953125,3585.002018651542,3530.2739457678194,3578.1277414958386,2389041,TCS.NS
2022-01-19,3478.40966796875,3564.9112784096897,3474.722221889604,3564.9112784096897,3102539,TCS.NS
2022-01-20,3400.127685546875,3483.1637786694,3386.3105001298686,3474.2781567850393,6176776,TCS.NS
2022-01-21,3406.30322265625,3422.3418138894167,3350.8570276785663,3382.756324156083,3112358,TCS.NS
2022-01-24,3351.078857421875,3420.653098273078,3323.3112910112377,3412.078560539118,3258414,TCS.NS
2022-01-25,3349.790771484375,3384.888980694485,3307.4063951415274,3349.43543335464,3330501,TCS.NS
2022-01-27,3242.58544921875,3317.35786790561,3221.1267599154967,3315.225405503914,5718297,TCS.NS
2022-01-28,3278.839111328125,3314.1594600905173,3239.6979015769352,3239.6979015769352,3143862,TCS.NS
2022-01-31,3319.890869140625,3339.217099024548,3306.695632308285,3331.220038382925,2739393,TCS.NS
2022-02-01,3377.11376953125,3383.644788341221,3320.02364934981,3349.879425432354,2105169,TCS.NS
2022-02-02,3426.472900390625,3433.4037276998192,3377.113235607915,3401.3265512341627,1984212,TCS.NS
2022-02-03,3398.39501953125,3449.842683269199,3390.7977694626597,3421.8529744416446,1960538,TCS.NS
2022-02-04,3389.775634765625,3398.483587159522,3348.990719148999,3390.1311897835267,2307366,TCS.NS
2022-02-07,3357.87646484375,3404.7925911476827,3337.5727323379806,3368.539210961275,1919149,TCS.NS
2022-02-08,3326.28857421875,3376.2702047307944,3306.340393516775,3369.0285085947135,2946443,TCS.NS
2022-02-09,3341.482177734375,3356.9430711731097,3328.6424990482747,3332.1078043912007,1638721,TCS.NS
2022-02-10,3350.1904296875,3367.4729203279344,3339.216600228163,3367.4729203279344,2112459,TCS.NS
2022-02-11,3283.192626953125,3334.329421359059,3278.794287758808,3334.329421359059,3851488,TCS.NS
2022-02-14,3317.668701171875,3370.5381454891767,3296.5653515494223,3309.0052208005523,5951745,TCS.NS
2022-02-15,3392.352783203125,3407.63600953311,3330.331098756218,3364.096462084056,3931683,TCS.NS
2022-02-16,3388.176513671875,3424.6075628189806,3381.867635460556,3415.632998084702,3256906,TCS.NS
2022-02-17,3362.496337890625,3407.6353316946756,3357.875858793788,3398.749711533803,3134372,TCS.NS
2022-02-18,3371.1162109375,3390.709051805688,3338.861575025704,3348.991097834247,3688883,TCS.NS
2022-02-21,3304.91796875,3401.238235819317,3292.6115131522834,3385.421786187314,7465922,TCS.NS
2022-02-22,3186.739501953125,3259.1573238584433,3172.1671681225203,3243.2521466798876,5408531,TCS.NS
2022-02-23,3166.657958984375,3219.171853968917,3159.4160470145603,3208.5980507387485,2426203,TCS.NS
2022-02-24,3022.577392578125,3095.617375865612,3013.203235313269,3086.8649517934127,5039136,TCS.NS
2022-02-25,3128.405517578125,3136.624718327283,3076.2024857929327,3081.533859251846,2549723,TCS.NS
2022-02-28,3158.1279296875,3166.61374262665,3070.7822164584545,3101.082276188568,3288942,TCS.NS
2022-03-02,3150.97412109375,3173.8990646012558,3115.298442757089,3156.6165766955387,2761341,TCS.NS
2022-03-03,3149.419677734375,3179.8086775840598,3136.713412213718,3165.813823365856,1928039,TCS.NS
2022-03-04,3131.603759765625,3164.347141273917,3098.4603517860155,3111.3000300712024,2370257,TCS.NS
2022-03-07,3096.550048828125,3152.618405439203,3049.145389831269,3065.539317577579,3054130,TCS.NS
2022-03-08,3198.779052734375,3206.820583036263,3074.424831616922,3074.424831616922,3300992,TCS.NS
2022-03-09,3227.79052734375,3246.805668073335,3196.202103688731,3203.2661284631563,2719654,TCS.NS
2022-03-10,3217.43896484375,3273.4628498933785,3212.152063616874,3273.4628498933785,2005441,TCS.NS
2022-03-11,3198.06787109375,3234.2325184432216,3192.47010397876,3201.711062107901,1623423,TCS.NS
2022-03-14,3237.03173828125,3241.7856323016135,3181.0523258432268,3181.0523258432268,1765688,TCS.NS
2022-03-15,3193.403564453125,3251.2490497339313,3185.8507858462003,3251.2490497339313,3651133,TCS.NS
2022-03-16,3248.49365234375,3259.245339063583,3213.2622566490404,3234.809884640396,3090475,TCS.NS
2022-03-17,3263.46630859375,3296.5652453564253,3252.4037543243194,3284.6586005161084,3600452,TCS.NS
2022-03-21,3222.5478515625,3300.074888216849,3212.1517192604247,3284.125243260451,2413831,TCS.NS
2022-03-22,3288.524169921875,3297.4542632536477,3221.0379154660395,3234.366348219692,2907611,TCS.NS
2022-03-23,3298.697998046875,3314.15910942593,3278.79429290694,3294.7884114089247,1596195,TCS.NS
2022-03-24,3331.974853515625,3339.3942172821903,3283.2371329817483,3287.6799437165005,1879046,TCS.NS
2022-03-25,3294.2998046875,3358.320753023483,3262.80031885229,3340.904847554434,1690133,TCS.NS
2022-03-28,3294.521728515625,3299.2311511378443,3253.2035899409116,3283.237032979891,1760990,TCS.NS
2022-03-29,3292.433837890625,3307.228310863317,3279.6828843085714,3283.0149923595486,2689063,TCS.NS
2022-03-30,3315.714111328125,3321.445293769234,3293.1889742074877,3321.445293769234,1583455,TCS.NS
2022-03-31,3323.17822265625,3336.24004386944,3305.6291188569076,3323.2226941539616,2168110,TCS.NS
2022-04-01,3339.88330078125,3343.6596902799715,3312.6044835537823,3330.3312567550715,1387014,TCS.NS
2022-04-04,3350.1904296875,3358.7649677654217,3320.645737841415,3342.7708488713006,1472994,TCS.NS
2022-04-05,3389.6875,3408.1696391972414,3351.656990234055,3351.656990234055,2314947,TCS.NS
2022-04-06,3336.86181640625,3384.7996989953504,3315.3584397335258,3384.7996989953504,2051729,TCS.NS
2022-04-07,3273.59619140625,3328.1095666362144,3269.0201830609085,3328.1095666362144,2494829,TCS.NS
2022-04-08,3274.928955078125,3292.1227192112146,3236.587585621282,3278.7942871496307,2296773,TCS.NS
2022-04-11,3284.48095703125,3298.6536964936704,3248.6720768870196,3278.794246196316,2291660,TCS.NS
2022-04-12,3279.77197265625,3322.3340146067667,3241.7859391915695,3272.5745321735017,4483476,TCS.NS
2022-04-13,3253.870361328125,3296.43262160667,3248.183649923165,3293.9001325191025,1621672,TCS.NS
2022-04-18,3134.8916015625,3207.709223229319,3129.960038455755,3207.709223229319,3820792,TCS.NS
2022-04-19,3084.999267578125,3166.4361300253568,3055.89885314942,3154.3960678443605,3170014,TCS.NS
2022-04-20,3160.43798828125,3171.4116009849918,3092.196369835976,3109.96761334078,2640370,TCS.NS
2022-04-21,3224.281005859375,3237.9205218344946,3169.856573377936,3181.0525434049096,2280996,TCS.NS
2022-04-22,3209.9755859375,3213.929644546312,3173.500062343697,3182.0303466809823,1581465,TCS.NS
2022-04-25,3152.796630859375,3184.607203793021,3139.37947062442,3161.5045845690765,1960694,TCS.NS
2022-04-26,3151.108154296875,3188.0722114341042,3126.094998356819,3176.743043452235,1943469,TCS.NS
2022-04-27,3164.34814453125,3170.790221461051,3115.5661591054595,3150.84204042388,1727648,TCS.NS
2022-04-28,3184.87353515625,3202.7335052062913,3143.7775334280645,3188.161171907679,1703660,TCS.NS
2022-04-29,3151.46337890625,3219.4828558444133,3142.7111717645585,3196.1580990746857,2051115,TCS.NS
2022-05-02,3147.64306640625,3152.5746306546866,3103.5260341206936,3127.6504142646095,1324161,TCS.NS
2022-05-04,3091.97412109375,3150.352610577351,3079.1344414976566,3144.177147062356,2305825,TCS.NS
2022-05-05,3121.8740234375,3139.2899275277423,3096.950029855675,3120.7190662444004,1612262,TCS.NS
2022-05-06,3050.078369140625,3087.309034575563,3042.8809293147265,3073.536321944704,2010812,TCS.NS
2022-05-09,3061.185546875,3070.8707875272926,2973.8843157191677,3019.3341828755033,2481830,TCS.NS
2022-05-10,3055.543212890625,3078.6903011908057,3040.6597962956653,3051.32254251295,1622685,TCS.NS
2022-05-11,3031.77392578125,3064.161971372953,3005.25025996758,3052.2108543548047,1841769,TCS.NS
2022-05-12,3028.79736328125,3065.2728838583857,2976.772221615572,3001.5630194609157,2807195,TCS.NS
2022-05-13,3034.3505859375,3056.564638125786,3005.2501775708447,3052.2107706705233,2187823,TCS.NS
2022-05-16,3000.496337890625,3047.767794997648,2991.4330484759926,3034.439364407279,1195813,TCS.NS
2022-05-17,3066.96142578125,3080.645197108395,2977.0387561429793,2994.4546623176498,1754076,TCS.NS
2022-05-18,3064.47314453125,3105.5246719148026,3059.3639122384,3078.867807778195,1866781,TCS.NS
2022-05-19,2898.4453125,3025.5541736674804,2870.055794697786,3018.4456763431513,4642963,TCS.NS
2022-05-20,2926.034912109375,2944.605772697741,2905.6424558809776,2941.140467379906,3065125,TCS.NS
2022-05-23,2951.581787109375,2966.8205436107723,2902.9330017268994,2936.5206996791653,2293690,TCS.NS
2022-05-24,2921.592529296875,2954.3361333164494,2910.5744447313305,2945.716906382836,1711510,TCS.NS
2022-05-25,2833.61328125,2945.610802185031,2821.4475663720973,2945.610802185031,3548046,TCS.NS
2022-05-26,2886.659912109375,2899.675621465552,2845.152996895877,2854.5009742701145,2813186,TCS.NS
2022-05-27,2917.3876953125,2933.131599681016,2888.6726342881934,2910.1417734778424,3103153,TCS.NS
2022-05-30,3019.32177734375,3029.474979929779,2939.7965833136136,2949.323427865297,2094624,TCS.NS
2022-05-31,3009.571533203125,3026.6124915565733,2974.3709951207434,3000.446972276188,4840965,TCS.NS
2022-06-01,3001.38623046875,3030.7274370567666,2987.8339209345313,3030.7274370567666,1493835,TCS.NS
2022-06-02,3062.036376953125,3070.0873052010297,2993.424621008395,3001.2071413022886,2657939,TCS.NS
2022-06-03,3077.37744140625,3110.610011492241,3069.371285099151,3094.597480482661,1913622,TCS.NS
2022-06-06,3069.14794921875,3088.872766865215,3021.021246154396,3057.563601837621,1084210,TCS.NS
2022-06-07,3008.09521484375,3058.3241943557528,3002.1017895151595,3042.4012031637467,2308256,TCS.NS
2022-06-08,3045.173828125,3053.9404374288993,2993.603251373876,3023.704687819316,2185707,TCS.NS
2022-06-09,3065.7041015625,3074.5600352543865,2999.507580582336,3028.043561052109,1279197,TCS.NS
2022-06-10,3005.59033203125,3035.1999443400923,2998.5234934948394,3025.359920942585,1527582,TCS.NS
2022-06-13,2880.085205078125,2945.7449039172147,2855.798109527881,2943.061261429589,3030921,TCS.NS
2022-06-14,2871.989501953125,2897.3497923832656,2839.9198869193006,2853.606507263308,2611493,TCS.NS
2022-06-15,2868.188232421875,2892.9671591535985,2863.4470861010104,2879.1016702955644,1404536,TCS.NS
2022-06-16,2810.668701171875,2902.6730138373405,2802.662543426552,2898.334370400024,2032028,TCS.NS
2022-06-17,2763.16748046875,2789.8698087215957,2704.9773446255776,2765.9406648712384,5240434,TCS.NS
2022-06-20,2784.190185546875,2807.761604896775,2745.366902565736,2767.7305951575063,1502769,TCS.NS
2022-06-21,2873.241943359375,2896.321313698456,2795.8188096638946,2799.9338157288753,2964461,TCS.NS
2022-06-22,2883.082275390625,2907.771877636186,2847.345140817848,2862.462908590004,3336315,TCS.NS
2022-06-23,2959.87890625,2968.108699833873,2883.0819135631095,2883.0819135631095,3692578,TCS.NS
2022-06-24,2945.834716796875,2992.261648742065,2931.8796872203643,2986.8943632734695,2132118,TCS.NS
2022-06-27,2965.15673828125,3008.2738867735548,2957.821492005862,2996.734310666759,2037686,TCS.NS
2022-06-28,2968.242431640625,2978.842905916221,2927.4959714126285,2958.2683152747577,1400046,TCS.NS
2022-06-29,2943.509033203125,2981.527308210307,2926.0653540821827,2926.0653540821827,2133994,TCS.NS
2022-06-30,2922.57666015625,2961.7576717790407,2911.752546434991,2926.959856201318,2719603,TCS.NS
2022-07-01,2965.51416015625,2981.5264711882255,2909.11290315332,2916.2245112732116,1502879,TCS.NS
2022-07-04,2893.90576171875,2968.063657707223,2884.960287249917,2962.7411440773417,2622535,TCS.NS
2022-07-05,2877.133056640625,2926.959306784252,2868.7689504809973,2911.7519998724756,2170627,TCS.NS
2022-07-06,2916.8955078125,2923.8282503366268,2864.5644835981225,2879.1008792132275,2182144,TCS.NS
2022-07-07,2941.138671875,2969.3614764130343,2920.742941127774,2926.06545613533,1989921,TCS.NS
2022-07-08,2921.10009765625,2956.479495050684,2907.27938242503,2952.006757539261,2136916,TCS.NS
2022-07-11,2785.44189453125,2884.915527329393,2778.4643807395646,2868.053220532435,6974600,TCS.NS
2022-07-12,2759.4111328125,2805.4803374642706,2755.430439390607,2786.4264285602785,3734815,TCS.NS
2022-07-13,2718.306640625,2782.043159965035,2714.9520869755243,2776.675874125874,3863530,TCS.NS
2022-07-14,2689.605224609375,2741.8501614442216,2661.128370626433,2740.9532526573576,4764908,TCS.NS
2022-07-15,2685.883544921875,2716.6473457633606,2648.5720461846936,2707.3644698054904,4574806,TCS.NS
2022-07-18,2747.680419921875,2759.7438008534455,2703.5525457596186,2711.3556094087903,3202795,TCS.NS
2022-07-19,2757.322021484375,2761.5374492687492,2717.678694261558,2717.678694261558,1865074,TCS.NS
2022-07-20,2838.537109375,2844.949919921643,2778.668444964135,2787.4133060578565,3402251,TCS.NS
2022-07-21,2849.748779296875,2855.7580253170745,2819.92655745586,2840.5105735487355,2420640,TCS.NS
2022-07-22,2844.09716796875,2867.4167915471758,2819.4321814915693,2856.653888357133,2075886,TCS.NS
2022-07-25,2840.286376953125,2857.95543922205,2824.45602179989,2838.7167863129835,1797504,TCS.NS
2022-07-26,2794.67822265625,2842.214392123494,2777.278278402279,2838.447418714807,2639367,TCS.NS
2022-07-27,2860.108154296875,2864.816926220991,2789.3867969525772,2793.871341642212,1389808,TCS.NS
2022-07-28,2924.371337890625,2927.5105189004753,2871.5881638933847,2884.4588936225273,2106333,TCS.NS
2022-07-29,2961.503173828125,2975.3157011729186,2937.376413925399,2950.8300463555915,2430257,TCS.NS
2022-08-01,2958.722900390625,2984.0156856722806,2933.78879105321,2984.0156856722806,1306913,TCS.NS
2022-08-02,2952.4443359375,2971.368979620975,2934.3714928201657,2950.829856355455,1269114,TCS.NS
2022-08-03,2995.2275390625,3003.748174373503,2939.215617049292,2941.86145474622,2895824,TCS.NS
2022-08-04,3009.084228515625,3038.6373306019964,2966.39149968863,3004.64457361168,2150567,TCS.NS
2022-08-05,3018.1435546875,3028.861573018545,3009.1295758001834,3014.6903675855206,1106933,TCS.NS
2022-08-08,3026.57421875,3030.565419593508,2992.08811505521,3018.0984733695386,1068836,TCS.NS
2022-08-10,3008.456787109375,3036.036736786237,2991.191290157193,3036.036736786237,1878359,TCS.NS
2022-08-11,3069.67041015625,3075.231200998242,3027.1121308061656,3049.4899618791087,1449248,TCS.NS
2022-08-12,3050.880615234375,3066.531632271564,3032.673320157422,3066.531632271564,1472354,TCS.NS
2022-08-16,3042.9423828125,3062.809043729428,3038.2785009375384,3059.355857327806,839942,TCS.NS
2022-08-17,3050.476806640625,3065.589589525235,3023.56954088203,3036.126264902708,1622326,TCS.NS
2022-08-18,3032.6728515625,3042.314621072089,3015.407357324399,3040.520803488909,1430659,TCS.NS
2022-08-19,3036.708984375,3068.7734741310087,3023.7038067117237,3037.830120380455,1398410,TCS.NS
2022-08-22,3008.725341796875,3035.229039600273,3002.3123127432127,3018.0979945979097,1536532,TCS.NS
2022-08-23,2945.9873046875,2997.3800137393264,2932.892346073451,2977.69290554707,1849256,TCS.NS
2022-08-24,2919.75244140625,2966.9746068558716,2915.13322924158,2952.624064621986,1691923,TCS.NS
2022-08-25,2886.431884765625,2940.201524060297,2883.337593169555,2938.2732577100746,1946930,TCS.NS
2022-08-26,2890.02001953125,2921.2324952677013,2885.1767987152125,2900.8727055826316,1457962,TCS.NS
2022-08-29,2809.611328125,2818.7148636343627,2763.3756418964335,2802.839623799531,2539173,TCS.NS
2022-08-30,2880.108642578125,2893.876280423968,2818.1772643190006,2829.7473003990763,3431525,TCS.NS
2022-09-01,2808.849365234375,2861.139194303962,2799.252484458516,2861.139194303962,3546935,TCS.NS
2022-09-02,2807.68359375,2836.922912111712,2798.624945047044,2836.922912111712,2052900,TCS.NS
2022-09-05,2810.3740234375,2823.4240906299206,2791.4044893857963,2801.6291623975735,2147912,TCS.NS
2022-09-06,2804.6787109375,2817.056096189983,2786.112742544714,2812.2575465142127,1936453,TCS.NS
2022-09-07,2824.904052734375,2835.935855830716,2782.211106134661,2782.211106134661,1291534,TCS.NS
2022-09-08,2842.88720703125,2855.309482883852,2834.321902214568,2843.201212734981,1346113,TCS.NS
2022-09-09,2885.938720703125,2900.1548137963414,2841.8557375950854,2865.623822507905,1561185,TCS.NS
2022-09-12,2908.630859375,2932.7129524680436,2892.531387385331,2905.895243260765,1785928,TCS.NS
2022-09-13,2896.4326171875,2927.017076901439,2892.530976189004,2927.017076901439,1972678,TCS.NS
2022-09-14,2798.713623046875,2817.548704422131,2792.7941574263245,2811.8085767345965,5090269,TCS.NS
2022-09-15,2784.31884765625,2814.275513199802,2780.417206890092,2807.324470182577,2138023,TCS.NS
2022-09-16,2698.529541015625,2775.349913346331,2690.7264780237324,2758.8915488003336,5322221,TCS.NS
2022-09-19,2716.5576171875,2728.3967704245497,2679.784353680792,2723.015317228446,2072220,TCS.NS
2022-09-20,2726.871826171875,2762.434171951961,2717.6336218806787,2735.571797602663,1544295,TCS.NS
2022-09-21,2691.802734375,2727.85842551412,2689.0671186515897,2715.839934791707,2253818,TCS.NS
2022-09-22,2697.36328125,2717.5886173125486,2672.16027681335,2681.757156622946,2017983,TCS.NS
2022-09-23,2674.627197265625,2710.9071180452506,2671.8915813587437,2694.3143035923686,2652374,TCS.NS
2022-09-26,2685.70361328125,2713.9115701152955,2624.4449176434205,2654.715589532401,2925489,TCS.NS
2022-09-27,2706.377685546875,2713.1493914587795,2669.200855861596,2699.1575251901013,2227447,TCS.NS
2022-09-28,2722.701171875,2735.527011795521,2672.7882836301883,2672.7882836301883,2739767,TCS.NS
2022-09-29,2688.3046875,2740.8187395314417,2681.757209715352,2739.1593707259813,2493902,TCS.NS
2022-09-30,2694.8076171875,2708.395699120603,2645.9709725023213,2682.520009335048,2817353,TCS.NS
2022-10-03,2677.22802734375,2709.292518723233,2667.406919233083,2686.2420050783735,1763331,TCS.NS
2022-10-04,2772.479736328125,2778.6236496108236,2711.3554850786054,2717.588957864213,2145875,TCS.NS
2022-10-06,2782.16650390625,2801.94338884146,2773.6458694011303,2790.2835732028752,1790816,TCS.NS
2022-10-07,2748.935791015625,2784.901922759827,2742.8369861368456,2778.085328049343,1939879,TCS.NS
2022-10-10,2797.0546875,2804.6335222675616,2695.2106601899654,2699.695203717736,3064063,TCS.NS
2022-10-11,2753.1064453125,2820.7781703423966,2738.5765665760173,2780.417274423348,4730645,TCS.NS
2022-10-12,2781.089599609375,2789.2962264724383,2746.379277361695,2766.873509391012,1665247,TCS.NS
2022-10-13,2783.37744140625,2789.386687259664,2737.679976610315,2781.0902799100977,2054781,TCS.NS
2022-10-14,2779.654541015625,2825.262436507995,2754.4066484177947,2820.7778929579827,2245977,TCS.NS
2022-10-17,2798.178955078125,2813.15104677649,2761.9399421370213,2763.0189742303005,1517005,TCS.NS
2022-10-18,2827.808349609375,2837.385280197572,2813.2858738876407,2832.574312201108,1793722,TCS.NS
2022-10-19,2807.261474609375,2840.6677838083356,2798.403970627268,2840.6677838083356,1194289,TCS.NS
2022-10-20,2839.13916015625,2841.5670374514175,2792.1093833185605,2792.1093833185605,1587601,TCS.NS
2022-10-21,2821.244140625,2841.9264308188326,2811.8922363527845,2839.5885645200665,1021913,TCS.NS
2022-10-24,2843.095458984375,2857.752951953399,2837.070661866889,2850.649122739115,260949,TCS.NS
2022-10-25,2843.455078125,2863.372933459811,2833.608334661418,2860.0008211883264,2069643,TCS.NS
2022-10-27,2839.228515625,2854.1558203964987,2818.501441205394,2842.1960183251845,2438421,TCS.NS
2022-10-28,2844.489501953125,2858.2027604387918,2828.0785532735567,2832.574703596726,1355739,TCS.NS
2022-10-31,2871.376708984375,2876.6372932566983,2857.573657696762,2876.6372932566983,1919414,TCS.NS
2022-11-01,2931.220458984375,2933.8283581273604,2880.6387633413156,2890.575300348696,2991060,TCS.NS
2022-11-02,2915.0341796875,2940.482435498772,2897.364395986869,2940.482435498772,1405955,TCS.NS
2022-11-03,2883.605712890625,2902.7593552031317,2873.0397607189666,2902.7593552031317,1422652,TCS.NS
2022-11-04,2893.182861328125,2895.565952837209,2847.0973182984712,2892.823257100407,1464013,TCS.NS
2022-11-07,2907.840087890625,2916.023168933433,2873.1299406493004,2903.6137506809055,1474498,TCS.NS
2022-11-09,2891.96875,2922.317763177847,2879.019705987638,2922.317763177847,1162267,TCS.NS
2022-11-10,2882.616943359375,2900.0171339786884,2850.5594774302144,2850.5594774302144,1573092,TCS.NS
2022-11-11,2981.802001953125,3004.8673857085314,2927.038976756328,2940.1228186004687,3265394,TCS.NS
2022-11-14,2999.382080078125,3011.5216867580993,2975.552481780397,2989.0409336470357,1342074,TCS.NS
2022-11-15,2996.77392578125,3003.3831344257037,2960.265100697199,2986.342770174787,1400708,TCS.NS
2022-11-16,3017.2314453125,3028.5166060956044,2986.7474168217614,3002.4389362944166,1748235,TCS.NS
2022-11-17,3011.521728515625,3021.413260021648,2983.4207867371497,3003.428657283424,1417986,TCS.NS
2022-11-18,3006.531005859375,3023.886191689514,2986.3433328677056,3012.4210072589017,1164540,TCS.NS
2022-11-21,2952.621826171875,2997.763130116702,2943.179910784391,2987.691797611102,1304194,TCS.NS
2022-11-22,2980.902587890625,2984.4995080635367,2927.218598217636,2949.4745417875265,1149739,TCS.NS
2022-11-23,2974.922607421875,2994.435854215807,2959.3658847520182,2994.435854215807,1150011,TCS.NS
2022-11-24,3039.5322265625,3051.042414583357,2974.9226821505467,2982.0715168131032,1296591,TCS.NS
2022-11-25,3048.075439453125,3060.395068338358,3010.6225909150426,3042.09564667431,1588981,TCS.NS
2022-11-28,3053.111083984375,3072.6693392164375,3026.4039931614175,3026.8086028102216,2195437,TCS.NS
2022-11-29,3054.99951171875,3083.460056975127,3042.0954717838595,3042.0954717838595,1576028,TCS.NS
2022-11-30,3049.109619140625,3070.780933908881,3034.901738943921,3042.0955801028995,3410702,TCS.NS
2022-12-01,3125.408935546875,3129.320674205069,3075.366869477395,3079.8630198713677,2180856,TCS.NS
2022-12-02,3092.5869140625,3119.3390078373773,3069.0721362573277,3109.6274990054326,2411749,TCS.NS
2022-12-05,3080.67236328125,3092.5871623054572,3063.6770019225387,3087.056984913436,1475065,TCS.NS
2022-12-06,3044.208740234375,3064.53120899408,3028.6070100128413,3057.427378941616,1166999,TCS.NS
2022-12-07,3039.93701171875,3051.7167929409807,3016.0174060142394,3028.876438862325,1167505,TCS.NS
2022-12-08,3012.9150390625,3039.9369437406544,3002.93349851656,3021.4127184253575,1285619,TCS.NS
2022-12-09,2960.93994140625,3034.092398588754,2946.192655434108,3034.092398588754,1797896,TCS.NS
2022-12-12,2955.274658203125,2963.8623493913924,2909.9985553110337,2927.4435310812128,1527610,TCS.NS
2022-12-13,2996.324462890625,3000.235981787679,2938.503928206121,2946.9566026504367,1378016,TCS.NS
2022-12-14,3026.224365234375,3036.700308985312,3004.2380117667353,3011.3420618911446,1213311,TCS.NS
2022-12-15,2972.044921875,3025.6838992472126,2966.514526096477,3020.333525085076,1415694,TCS.NS
2022-12-16,2913.73046875,2960.2656286166193,2900.197011199909,2944.978716196667,2703680,TCS.NS
2022-12-19,2879.37939453125,2918.450893161783,2872.5901642906533,2901.815138571275,2120965,TCS.NS
2022-12-20,2917.057373046875,2921.5985288569414,2844.8491537414297,2876.5470140498965,1529971,TCS.NS
2022-12-21,2939.178466796875,2952.2173027124622,2913.5054045863976,2921.598475154693,1432566,TCS.NS
2022-12-22,2931.220458984375,2962.0640968575535,2918.0918305939645,2962.0640968575535,1384101,TCS.NS
2022-12-23,2903.029541015625,2937.649899386993,2892.82319170629,2892.82319170629,1360281,TCS.NS
2022-12-26,2925.105224609375,2942.280605691526,2900.061800443613,2903.029303397411,870157,TCS.NS
2022-12-27,2931.04052734375,2943.8995617533924,2905.8620844029233,2939.7630154548165,835883,TCS.NS
2022-12-28,2928.88232421875,2936.975394780793,2900.916181461144,2922.317900855153,910795,TCS.NS
2022-12-29,2939.3583984375,2941.8312812201243,2902.714771749522,2905.5024728835565,1037927,TCS.NS
2022-12-30,2928.522216796875,2966.559688661663,2919.0803020557573,2954.9147043886646,1163131,TCS.NS
2023-01-02,2932.794189453125,2937.650164086702,2909.189397527533,2932.3895797849805,709547,TCS.NS
2023-01-03,2977.666015625,2985.4442690527153,2918.271816906754,2924.2966153492257,1245178,TCS.NS
2023-01-04,2980.632568359375,2992.052964747602,2955.049519310616,2973.4837339189708,1231668,TCS.NS
2023-01-05,2977.44091796875,3001.00070304536,2951.228228425236,2994.6160814211885,1826057,TCS.NS
2023-01-06,2887.92236328125,2968.8530692467866,2877.5362121079547,2967.4592187363287,2488376,TCS.NS
2023-01-09,2985.398681640625,2991.7382972331907,2896.5547111423953,2903.613754663653,2885060,TCS.NS
2023-01-10,2955.229736328125,2965.660893386526,2904.6032569263607,2953.9709019935526,3864655,TCS.NS
2023-01-11,2993.26708984375,3011.9711192058594,2941.5163554119845,2958.556940867891,2720512,TCS.NS
2023-01-12,2998.347900390625,3012.4207633052556,2981.442331005253,2993.5369316546853,2250391,TCS.NS
2023-01-13,3034.496826171875,3038.4983560091237,2971.9553319355296,3006.0360632064353,1742837,TCS.NS
2023-01-16,3066.2255859375,3083.6532862672816,3033.1174683396407,3050.5451686694223,1843607,TCS.NS
2023-01-17,3107.012939453125,3110.1399520710393,3054.223972942188,3062.501002679159,1688475,TCS.NS
2023-01-18,3117.681396484375,3135.1090986179565,3101.357253479184,3108.48469619976,2421189,TCS.NS
2023-01-19,3102.138916015625,3114.9222389947813,3091.0108193863184,3108.484549100195,1585044,TCS.NS
2023-01-20,3092.942138671875,3121.9575463467286,3086.0446139576375,3094.689421787962,1529349,TCS.NS
2023-01-23,3140.58056640625,3144.3513027053577,3086.044322440379,3115.841536579629,1067916,TCS.NS
2023-01-24,3160.26220703125,3174.654953362453,3142.7884762509384,3149.8698906614063,1387863,TCS.NS
2023-01-25,3154.23779296875,3159.0660598724853,3131.4759632797122,3150.1453068799115,874110,TCS.NS
2023-01-27,3137.040283203125,3169.1827036169857,3110.599771674109,3150.789304292453,1785879,TCS.NS
2023-01-30,3157.824951171875,3180.632813128412,3113.5889568511743,3145.2715449050534,1953798,TCS.NS
2023-01-31,3088.895751953125,3171.9420023718426,3081.8143374740634,3171.9420023718426,2820375,TCS.NS
2023-02-01,3134.55712890625,3144.351523952907,3085.492647809887,3092.8500073277646,2205161,TCS.NS
2023-02-02,3182.426025390625,3190.3352773194592,3145.3635034639556,3151.7091367465514,1813847,TCS.NS
2023-02-03,3202.566650390625,3222.523443017251,3175.5282196617327,3222.523443017251,1804469,TCS.NS
2023-02-06,3182.011962890625,3194.1515611886443,3160.7677220012893,3194.1515611886443,1138714,TCS.NS
2023-02-07,3193.599609375,3212.4068130598766,3183.3451557440176,3190.242679677012,1455647,TCS.NS
2023-02-08,3237.330078125,3255.5393623719233,3198.6579142429127,3198.6579142429127,1986946,TCS.NS
2023-02-09,3256.41357421875,3262.621346651852,3223.719261165319,3232.6400151634225,1655427,TCS.NS
2023-02-10,3253.378173828125,3257.792634083155,3226.339745096551,3237.2379228015834,1187821,TCS.NS
2023-02-13,3202.658447265625,3263.908553895811,3194.3814179658048,3263.908553895811,1087939,TCS.NS
2023-02-14,3218.9365234375,3241.6983521658913,3214.2461174031714,3223.442815879289,1579818,TCS.NS
2023-02-15,3237.8359375,3242.756261571135,3182.1959052183624,3206.889133323468,1429449,TCS.NS
2023-02-16,3272.2314453125,3287.8198047959163,3243.6756507734817,3243.8595398428197,1618931,TCS.NS
2023-02-17,3219.902099609375,3254.619637461406,3209.64787029373,3242.89384653125,1061369,TCS.NS
2023-02-20,3207.164794921875,3239.0772946281572,3195.89883897094,3220.6838971572424,1296082,TCS.NS
2023-02-21,3173.78076171875,3227.029558057199,3168.0328249581758,3213.326566631502,1139541,TCS.NS
2023-02-22,3128.303466796875,3170.102422501116,3122.279583519376,3140.626954722956,1218430,TCS.NS
2023-02-23,3139.56884765625,3175.0679676657396,3134.2347178433697,3146.1904253938287,1441570,TCS.NS
2023-02-24,3127.291748046875,3158.100692470088,3110.599827670895,3147.5705160729894,977592,TCS.NS
2023-02-27,3064.2021484375,3117.6808616060457,3049.6252911757074,3117.6808616060457,1128022,TCS.NS
2023-02-28,3046.728759765625,3119.52054831469,3034.8188539926205,3061.121505031087,4116217,TCS.NS
2023-03-01,3113.7265625,3116.7615182969907,3048.705940736065,3056.0633004723813,1669307,TCS.NS
2023-03-02,3054.637451171875,3099.195411560482,3051.464635019518,3091.0104395119347,1556538,TCS.NS
2023-03-03,3073.674560546875,3088.251417771033,3063.5123881251166,3084.57273829781,1043190,TCS.NS
2023-03-06,3100.9892578125,3131.430198902516,3089.171408964008,3091.8383620479917,1334132,TCS.NS
2023-03-08,3118.048583984375,3123.1988249795963,3063.2824237877426,3093.769389644099,1844590,TCS.NS
2023-03-09,3068.80078125,3113.0827998019863,3063.28276151623,3113.0827998019863,1648500,TCS.NS
2023-03-10,3063.420654296875,3069.16859157978,3025.7141857210204,3046.774538114063,1024404,TCS.NS
2023-03-13,3018.310546875,3099.1036364238453,3009.159876386488,3065.25973960763,1901233,TCS.NS
2023-03-14,2956.692626953125,3038.9570525672148,2951.5884142286423,3016.517197373872,2670334,TCS.NS
2023-03-15,2941.931884765625,2998.4457784271503,2935.5862524149616,2988.927105372376,1780522,TCS.NS
2023-03-16,2929.1484375,2961.1529928060677,2917.1927295918367,2950.300843799058,1901060,TCS.NS
2023-03-17,2923.906494140625,2962.6244613680587,2891.4421024736353,2897.419956693126,6739966,TCS.NS
2023-03-20,2890.798583984375,2915.0317523258964,2846.424509123387,2915.0317523258964,2289468,TCS.NS
2023-03-21,2856.587158203125,2903.168355218821,2848.631877759173,2890.7988382721433,1815297,TCS.NS
2023-03-22,2879.302490234375,2890.9822527438723,2856.5866892222766,2878.6127378279625,1123939,TCS.NS
2023-03-23,2873.64697265625,2893.6039926472067,2851.8968654769606,2864.6801895416415,1372218,TCS.NS
2023-03-24,2869.830078125,2915.3537406365167,2856.4948638539495,2895.9486148857454,1329577,TCS.NS
2023-03-27,2871.4853515625,2899.4892548960856,2856.494687402186,2883.1651142967976,1524217,TCS.NS
2023-03-28,2865.599365234375,2896.5463922339063,2860.3112632842117,2875.807790984465,1303530,TCS.NS
2023-03-29,2886.751953125,2896.960379511943,2854.7476180791455,2877.6473103151966,1740616,TCS.NS
2023-03-31,2948.369384765625,2954.899130296117,2898.7992713020108,2933.7006960491485,2382581,TCS.NS
2023-04-03,2942.943603515625,2965.88932201853,2918.802269268036,2965.88932201853,1521830,TCS.NS
2023-04-05,2979.54638671875,3002.1243261524096,2929.608269598524,2929.608269598524,2655065,TCS.NS
2023-04-06,2961.981201171875,2995.68724226627,2956.739126941226,2965.9358271805454,1703464,TCS.NS
2023-04-10,3001.25048828125,3009.1597387753586,2956.7385575069616,2961.3369067410313,2203187,TCS.NS
2023-04-11,2955.63525390625,3010.033640232757,2935.7242652855402,3001.8026392985266,2348779,TCS.NS
2023-04-12,2981.248046875,2998.997722073373,2942.0242127497345,2968.6486132828945,2417727,TCS.NS
2023-04-13,2932.689697265625,2970.534027024399,2924.5505281540522,2952.1406274762603,4174070,TCS.NS
2023-04-17,2887.3037109375,2909.2837321918887,2823.6165690415223,2882.3375831860076,5505048,TCS.NS
2023-04-18,2879.2568359375,2903.260312610947,2860.725575355622,2901.512804903714,2617302,TCS.NS
2023-04-19,2841.412353515625,2887.7636289587313,2824.7662376900453,2879.256681962595,3298034,TCS.NS
2023-04-20,2855.39111328125,2862.9323614573923,2830.7439153761175,2841.7799540325545,2419999,TCS.NS
2023-04-21,2906.93896484375,2910.249642075821,2851.7127372827904,2860.173656247601,1929184,TCS.NS
2023-04-24,2919.76806640625,2925.4239465242517,2875.02599070183,2897.9719345104572,1640676,TCS.NS
2023-04-25,2920.871826171875,2934.8507648170635,2894.6612320138465,2927.309515965075,2024090,TCS.NS
2023-04-26,2941.2421875,2950.6688039321384,2925.469938598228,2925.469938598228,2000029,TCS.NS
2023-04-27,2931.861328125,2942.207613495409,2915.950995494085,2929.1483470891785,2434446,TCS.NS
2023-04-28,2960.6474609375,2968.004820473883,2939.4950522704,2943.311592718381,2931312,TCS.NS
2023-05-02,2960.78515625,2975.1320963561516,2952.1403490891025,2975.1320963561516,2321159,TCS.NS
2023-05-03,2924.4580078125,2957.65817854612,2918.250236448947,2957.65817854612,2468285,TCS.NS
2023-05-04,2961.981201171875,2965.42996376162,2922.7113360557437,2924.6885367956716,1953253,TCS.NS
2023-05-05,2971.177490234375,2983.4091447657124,2952.186396679855,2961.3370672458673,1710027,TCS.NS
2023-05-08,2989.479248046875,2993.38784535891,2971.7295729946986,2984.3290064830276,928235,TCS.NS
2023-05-09,3019.506591796875,3033.0717245857286,2985.248883567397,2991.318795508172,1107375,TCS.NS
2023-05-10,3022.771728515625,3040.8891845734443,3003.688573947381,3025.7146279288163,1559987,TCS.NS
2023-05-11,3018.494384765625,3043.8313346801706,3009.1598253633715,3043.1876106746317,1719623,TCS.NS
2023-05-12,3011.275390625,3025.71416407058,2998.124065310058,3015.7356552073384,1027479,TCS.NS
2023-05-15,2993.57177734375,3027.553537790775,2987.41003345753,3020.196178039157,1150390,TCS.NS
2023-05-16,2996.42236328125,3021.115589647415,2989.3409500316684,2994.6290519009144,986306,TCS.NS
2023-05-17,2950.945068359375,3016.517583915495,2941.334561816381,2994.3994756276697,1588815,TCS.NS
2023-05-18,2942.805908203125,2969.56816838411,2938.3454192418985,2966.809158600784,1369364,TCS.NS
2023-05-19,2963.958251953125,2974.6723165667154,2945.748742874228,2952.1404038272244,1152449,TCS.NS
2023-05-22,3033.71484375,3042.6816246528992,2958.623891436203,2970.533570909172,1333243,TCS.NS
2023-05-23,3032.197998046875,3060.6157110445483,3025.806336495552,3040.4289995858485,1687418,TCS.NS
2023-05-24,3037.991943359375,3050.729237970391,3012.838879386915,3012.838879386915,1016555,TCS.NS
2023-05-25,3028.93310546875,3040.428980318715,3004.6539075971464,3029.392940462749,1374917,TCS.NS
2023-05-26,3061.489013671875,3070.455795118888,3026.6336145765354,3028.932789306539,1791115,TCS.NS
2023-05-29,3053.6259765625,3101.126836063768,3045.946643251246,3090.8265783111865,1210372,TCS.NS
2023-05-30,3049.80908203125,3059.69553282269,3036.152119608709,3048.705523127727,1344224,TCS.NS
2023-05-31,3025.25439453125,3060.3857428071565,3002.8603407413625,3043.187959113515,5815424,TCS.NS
2023-06-01,3056.98291015625,3071.6976293387106,3032.611656510299,3047.786210667212,1177314,TCS.NS
2023-06-02,3040.061279296875,3067.9271010174266,3032.5658339871675,3059.0523752195204,2030661,TCS.NS
2023-06-05,3024.7021484375,3059.741660328517,3021.1615541519814,3048.7056218782786,1861468,TCS.NS
2023-06-06,2972.649169921875,3024.6565495489344,2961.8890766094332,3016.5173808287786,2022849,TCS.NS
2023-06-07,3011.826904296875,3015.45978007146,2980.6501840988403,2991.6862230402735,1567196,TCS.NS
2023-06-08,2976.46533203125,3007.3202992735864,2973.292516070797,2999.043270926962,1759366,TCS.NS
2023-06-09,2951.49658203125,2988.92710113042,2947.8639309217856,2984.3287517440654,1775689,TCS.NS
2023-06-12,2986.076171875,2992.9736962713932,2953.0601115757804,2956.7387912538566,2324605,TCS.NS
2023-06-13,2983.133544921875,3002.7225608987374,2978.811140811948,2998.124210882047,1371928,TCS.NS
2023-06-14,2989.893310546875,2994.307771618209,2966.7176705833945,2983.1336459818185,1658544,TCS.NS
2023-06-15,2979.932861328125,3008.793544788029,2974.0958056287536,3006.8016396344283,2273810,TCS.NS
2023-06-16,2941.5751953125,2964.2746801787644,2924.064254609405,2962.0511476509087,4156189,TCS.NS
2023-06-19,2974.466552734375,2978.635846247477,2941.6682009107667,2955.5658459544397,1468186,TCS.NS
2023-06-20,2990.4951171875,2994.942408695361,2965.803725782431,2977.8019803702673,1528452,TCS.NS
2023-06-21,3018.753662109375,3021.718447715978,2987.020706957234,3011.1563283053792,1645987,TCS.NS
2023-06-22,3000.501708984375,3027.5093766697696,2992.7191178657326,3020.421667836672,1529603,TCS.NS
2023-06-23,2979.979736328125,3010.600702724202,2973.3086851435883,2999.390070425381,1119505,TCS.NS
2023-06-26,2955.241455078125,2977.7093143980414,2939.8151596740126,2969.4634688796755,1978803,TCS.NS
2023-06-27,2962.37548828125,2973.771375126299,2948.431473899292,2966.683667337439,863542,TCS.NS
2023-06-28,2979.144775390625,2993.5056719120357,2958.7151967123827,2972.2423252055373,1575872,TCS.NS
2023-06-30,3059.56689453125,3066.7473452641193,2977.895148610408,2983.3614657856388,2672406,TCS.NS
2023-07-03,3031.817626953125,3074.9003264457365,3028.5284723972923,3070.7310329464513,1687264,TCS.NS
2023-07-04,3065.681396484375,3071.3793400747436,3036.4499732116597,3048.2165999535164,1656681,TCS.NS
2023-07-05,3075.965576171875,3084.350533495753,3062.1143025543597,3076.0119468927305,1453008,TCS.NS
2023-07-06,3078.698486328125,3083.8406595588453,3059.334527255893,3063.5501909386862,1848238,TCS.NS
2023-07-07,3084.582275390625,3110.2001769257495,3059.3348872388206,3059.3348872388206,1789326,TCS.NS
2023-07-10,3031.4931640625,3080.412918176495,3025.239224007551,3080.412918176495,1407431,TCS.NS
2023-07-11,3031.91015625,3052.8493652895645,3021.1627797878978,3052.8493652895645,1110172,TCS.NS
2023-07-12,3020.328125,3047.428526945696,3011.2485131702374,3039.831194545939,1515240,TCS.NS
2023-07-13,3095.051513671875,3119.974530016401,3032.234121121169,3042.657353528965,4585146,TCS.NS
2023-07-14,3256.35693359375,3265.8075126422405,3105.660234929049,3117.704859945182,6306101,TCS.NS
2023-07-17,3235.09375,3289.0165672292546,3221.520473895772,3252.0489220985337,2743228,TCS.NS
2023-07-18,3239.865234375,3265.0198799170403,3210.3558126880093,3220.5474184425743,2600090,TCS.NS
2023-07-19,3215.034912109375,3258.3956097228456,3192.42794053721,3242.7838313695074,2405370,TCS.NS
2023-07-20,3217.125,3231.615999345678,3191.8119589657226,3207.6500721995853,1715404,TCS.NS
2023-07-21,3128.87744140625,3190.743301408389,3120.2849419514946,3162.086290650304,3770223,TCS.NS
2023-07-24,3153.447509765625,3170.8182482458337,3132.4075869016933,3140.6748745909354,1680132,TCS.NS
2023-07-25,3157.53466796875,3164.641033805337,3139.9316997265273,3156.0020424597774,1272980,TCS.NS
2023-07-26,3147.455810546875,3177.692164718962,3144.390332959445,3158.649328138262,1066803,TCS.NS
2023-07-27,3155.4443359375,3169.1458889102455,3144.4367836891192,3153.632989545926,1701769,TCS.NS
2023-07-28,3116.894775390625,3152.4724190587326,3094.2292421162892,3144.3908689773757,2599831,TCS.NS
2023-07-31,3178.24951171875,3183.0798446211247,3122.003427202266,3125.2546433386306,2743678,TCS.NS
2023-08-01,3206.674072265625,3214.058931099663,3172.257586620043,3172.257586620043,1956167,TCS.NS
2023-08-02,3196.084716796875,3201.4260004622265,3170.957642026737,3190.7899244338078,1914899,TCS.NS
2023-08-03,3158.277587890625,3189.21063084712,3128.59867609207,3176.9024561267456,2026351,TCS.NS
2023-08-04,3198.779052734375,3224.2778338068492,3159.4857338621564,3159.4857338621564,2248493,TCS.NS
2023-08-07,3236.39990234375,3240.0690865999345,3196.642128515489,3208.439353054858,1853889,TCS.NS
2023-08-08,3223.906005859375,3241.8804503952497,3210.901141336807,3236.399919632617,1634225,TCS.NS
2023-08-09,3216.3818359375,3220.5619711755417,3181.593866924947,3218.6111506830484,1794589,TCS.NS
2023-08-10,3197.43212890625,3218.6113003342507,3186.238609779897,3204.7704981728284,1096701,TCS.NS
2023-08-11,3203.65576171875,3220.236829119453,3171.3293364816013,3193.7163741820514,1679974,TCS.NS
2023-08-14,3204.630859375,3209.414700848217,3168.5422705045635,3196.1311156291627,1190425,TCS.NS
2023-08-16,3212.5732421875,3219.6331170018425,3191.022367661881,3204.770413634263,1328445,TCS.NS
2023-08-17,3191.532958984375,3214.802421680767,3170.5857934276064,3209.414646959475,1843241,TCS.NS
2023-08-18,3127.76318359375,3167.613717061391,3117.916551705736,3167.613717061391,2526749,TCS.NS
2023-08-21,3159.85693359375,3167.3812675130794,3132.314578504026,3135.1013352464674,1375579,TCS.NS
2023-08-22,3141.743408203125,3168.5428129470506,3125.859028854142,3158.324703611836,1222012,TCS.NS
2023-08-23,3156.698486328125,3160.181932020387,3136.0300418873685,3147.177068102608,1330046,TCS.NS
2023-08-24,3146.945068359375,3170.4467623713062,3137.9810915042904,3165.7556764722162,1152881,TCS.NS
2023-08-25,3140.95361328125,3145.133748452828,3112.1106352399906,3135.101378683671,1158046,TCS.NS
2023-08-28,3135.612548828125,3152.75105887329,3121.2607957589826,3152.75105887329,1037485,TCS.NS
2023-08-29,3136.169921875,3148.6175730660334,3125.8125653079715,3140.721761236875,944517,TCS.NS
2023-08-30,3149.91748046875,3165.8485755841652,3142.579111915721,3156.4664040334264,1188200,TCS.NS
2023-08-31,3118.195068359375,3174.487418701091,3105.979648519252,3159.2532391652235,3417652,TCS.NS
2023-09-01,3139.002685546875,3148.1061360779117,3118.1949930075107,3126.741001486648,1277950,TCS.NS
2023-09-04,3175.50927734375,3188.839354347761,3130.5032017453473,3137.888061684127,1828332,TCS.NS
2023-09-05,3185.58837890625,3201.98370810682,3163.1083582727633,3176.902895771779,1501842,TCS.NS
2023-09-06,3186.0986328125,3199.1034965488716,3156.559195183631,3189.907290764311,1314818,TCS.NS
2023-09-07,3209.647216796875,3214.059581829734,3179.0393826105205,3186.9351937219517,1885092,TCS.NS
2023-09-08,3197.245849609375,3218.703966769239,3190.8828912594386,3209.647007555386,1518917,TCS.NS
2023-09-11,3233.2412109375,3237.932296351562,3200.1253456084146,3215.9169656012573,1783604,TCS.NS
2023-09-12,3326.272705078125,3334.725730646849,3235.424395053453,3243.7846648081127,4476016,TCS.NS
2023-09-13,3314.24365234375,3333.750950799181,3293.0177630715493,3317.2626390094715,1754929,TCS.NS
2023-09-14,3306.998046875,3341.9717556173255,3293.575213025077,3316.2872366378338,2604721,TCS.NS
2023-09-15,3342.528564453125,3350.9353249531437,3309.2267347478796,3314.243032341554,2952897,TCS.NS
2023-09-18,3349.820556640625,3362.0359753584007,3321.117055435085,3325.5759111878315,1395753,TCS.NS
2023-09-20,3349.72802734375,3367.3309950501616,3325.52964476678,3325.52964476678,1649396,TCS.NS
2023-09-21,3330.453369140625,3348.7530282650328,3277.2262645545175,3333.4723559206145,2004073,TCS.NS
2023-09-22,3347.49853515625,3375.45908502732,3311.6424013468136,3329.2453693121192,1989083,TCS.NS
2023-09-25,3322.882080078125,3362.6863447912865,3305.697080802258,3346.430264395196,1238778,TCS.NS
2023-09-26,3330.823974609375,3339.416473196734,3284.6567572865497,3314.010681013223,1726062,TCS.NS
2023-09-27,3334.168701171875,3357.112952975128,3302.956934967385,3334.818899053876,1541134,TCS.NS
2023-09-28,3285.35400390625,3346.709144183534,3276.6222567368527,3344.1081258394006,1755753,TCS.NS
2023-09-29,3277.783447265625,3314.80073078161,3256.3718204401093,3285.7720140406323,2243791,TCS.NS
2023-10-03,3264.081787109375,3282.9851507659523,3232.7307740458355,3282.9851507659523,1948148,TCS.NS
2023-10-04,3286.283203125,3295.804622906508,3230.1300947465506,3238.4903657742166,1788138,TCS.NS
2023-10-05,3334.21484375,3366.4017900176427,3298.7764548387318,3301.37747288154,2990768,TCS.NS
2023-10-06,3363.98681640625,3376.573712868575,3320.931561429297,3335.747772538649,2075691,TCS.NS
2023-10-09,3379.732177734375,3417.492640385133,3372.904533090084,3385.955889020274,4233074,TCS.NS
2023-10-10,3370.95361328125,3388.6960545006336,3345.362079715791,3381.311194805018,1848148,TCS.NS
2023-10-11,3353.30419921875,3390.553937299432,3348.7525873875215,3390.553937299432,2426417,TCS.NS
2023-10-12,3290.741943359375,3333.5649718150416,3286.608299299206,3320.8853185860926,4241281,TCS.NS
2023-10-13,3317.02978515625,3322.7425450571513,3274.4387674941177,3279.083361490563,2890357,TCS.NS
2023-10-16,3273.556640625,3320.5598001135572,3268.958537503607,3312.5247424765194,1671104,TCS.NS
2023-10-17,3257.765625,3282.939195378683,3254.3286698456413,3279.084272005949,1672065,TCS.NS
2023-10-18,3239.372314453125,3272.302442885238,3236.353328139562,3261.434137513778,1408245,TCS.NS
2023-10-19,3218.324462890625,3238.0686815240006,3214.832003562597,3231.223370291604,1514545,TCS.NS
2023-10-20,3254.552734375,3259.16273477458,3207.5209532330896,3213.4347140416057,1481211,TCS.NS
2023-10-23,3175.948974609375,3240.0240008651367,3167.7069078371565,3234.4826780891776,1106272,TCS.NS
2023-10-25,3157.2763671875,3189.779430139314,3145.2621710118374,3157.6488052225827,1518537,TCS.NS
2023-10-26,3107.590576171875,3142.002899555925,3101.304148843139,3136.741018000601,1984471,TCS.NS
2023-10-27,3120.81494140625,3131.1061000295,3107.8230386075074,3119.9302305469437,1108851,TCS.NS
2023-10-30,3146.51953125,3150.524263288147,3104.796239719202,3119.930229639093,910972,TCS.NS
2023-10-31,3137.392822265625,3165.5653292410716,3119.977136155537,3165.5653292410716,999811,TCS.NS
2023-11-01,3101.9091796875,3140.0470177894435,3083.608783594488,3124.5869734096973,1563475,TCS.NS
2023-11-02,3129.336669921875,3144.0979943996585,3113.5971840186144,3113.5971840186144,1245384,TCS.NS
2023-11-03,3120.7685546875,3155.227488075118,3114.621962453366,3149.732776133044,1402598,TCS.NS
2023-11-06,3148.102783203125,3159.3252644555632,3128.3121806905697,3143.213340229435,1099852,TCS.NS
2023-11-07,3138.975830078125,3170.3613524077323,3134.8314904867043,3146.0073603280116,1191144,TCS.NS
2023-11-08,3149.313720703125,3168.312609208247,3138.137850435721,3139.907272278595,992899,TCS.NS
2023-11-09,3117.55517578125,3158.579973678366,3112.5261256846,3157.2762132454977,2112352,TCS.NS
2023-11-10,3104.516845703125,3117.5553602980613,3094.179302698473,3108.754408421209,1338557,TCS.NS
2023-11-13,3102.74755859375,3125.518348524688,3098.509995691787,3125.518348524688,1030990,TCS.NS
2023-11-15,3170.5009765625,3178.603436184404,3125.564669561065,3150.7569866293434,2059802,TCS.NS
2023-11-16,3257.62646484375,3286.9631232989923,3179.7212020773018,3194.482754503449,3951984,TCS.NS
2023-11-17,3261.910400390625,3282.446106711715,3252.6903987151904,3257.6264533729463,2021292,TCS.NS
2023-11-20,3277.8828125,3291.200542556456,3251.4797282683567,3251.4797282683567,1475621,TCS.NS
2023-11-21,3269.1279296875,3295.9966725893887,3260.5598088550396,3277.8824969038105,1807236,TCS.NS
2023-11-22,3287.7080078125,3290.036314045069,3242.0268214284124,3259.6287255971747,1798051,TCS.NS
2023-11-23,3267.312255859375,3300.6070362048386,3259.628845010422,3287.568520824797,2729804,TCS.NS
2023-11-24,3219.6748046875,3263.8660077062705,3215.8562918450352,3254.273341378371,1989733,TCS.NS
2023-11-28,3231.828369140625,3242.166138837972,3197.229832568979,3219.6747935926865,1689195,TCS.NS
2023-11-29,3272.434326171875,3276.3924466659996,3237.090683940245,3241.9335153053853,1441634,TCS.NS
2023-11-30,3248.080322265625,3275.135057994798,3241.9335030426573,3259.1163570597796,3266235,TCS.NS
2023-12-01,3270.478515625,3275.4145702734368,3250.3620863601263,3259.6286996171643,1172141,TCS.NS
2023-12-04,3271.223876953125,3304.146220363931,3257.7663114500283,3301.212417878817,1625213,TCS.NS
2023-12-05,3289.05859375,3295.0189667313125,3262.2364605867833,3295.0189667313125,1377656,TCS.NS
2023-12-06,3356.579833984375,3364.7289066381736,3283.0517336834437,3289.9902688704783,1896572,TCS.NS
2023-12-07,3366.637451171875,3381.2127840148296,3345.030815693545,3357.4174498180882,1967653,TCS.NS
2023-12-08,3377.62744140625,3394.670689519725,3354.6704315335883,3383.494818936944,1641155,TCS.NS
2023-12-11,3392.71484375,3402.121292502445,3366.731035421938,3374.0883926549964,1102503,TCS.NS
2023-12-12,3419.909423828125,3444.4030235404603,3381.6319783454765,3389.0359467038065,2236866,TCS.NS
2023-12-13,3346.75390625,3399.327014186455,3318.301959327764,3393.3200297320063,3850968,TCS.NS
2023-12-14,3415.392578125,3425.4042954103893,3378.4657304357984,3380.7008135779533,3290396,TCS.NS
2023-12-15,3595.83642578125,3628.386103974232,3414.880405810453,3414.880405810453,8531230,TCS.NS
2023-12-18,3594.159912109375,3659.1662710789706,3567.104946763213,3593.1355937363787,2521612,TCS.NS
2023-12-19,3554.113037109375,3590.341620394988,3529.7124319987875,3580.9351717771337,2004435,TCS.NS
2023-12-20,3520.4453125,3631.0398484080574,3507.872459996768,3564.403684666202,2586083,TCS.NS
2023-12-21,3527.3837890625,3545.26513467688,3486.2659937315334,3498.27996242007,1517562,TCS.NS
2023-12-22,3561.37744140625,3581.8199259626003,3503.635443140772,3539.025700142194,2413058,TCS.NS
2023-12-26,3534.881103515625,3570.6904075901484,3529.8518256722914,3557.51228537649,1285231,TCS.NS
2023-12-27,3549.4560546875,3555.9753117984196,3509.2229705634127,3538.093966340341,1293976,TCS.NS
2023-12-28,3538.932373046875,3574.415852211362,3531.6682392482426,3561.377336856761,1682889,TCS.NS
2023-12-29,3532.87890625,3560.073706886277,3506.8018745840577,3531.5751456161715,1574996,TCS.NS
2024-01-01,3549.363037109375,3568.8275851289145,3513.8795612451445,3529.71204270318,825907,TCS.NS
2024-01-02,3523.37939453125,3549.3634298706984,3508.524845464829,3549.3634298706984,1344068,TCS.NS
2024-01-03,3438.20947265625,3512.8084878989966,3433.8323028478494,3508.2914833063164,1803075,TCS.NS
2024-01-04,3414.972900390625,3463.58788246761,3400.2579615190225,3447.5225716387404,3598144,TCS.NS
2024-01-05,3481.18994140625,3490.3635580837076,3422.4702454218473,3422.6098528337334,1963127,TCS.NS
2024-01-08,3425.68359375,3482.9133158422196,3420.1886545813795,3481.1902782695042,1067805,TCS.NS
2024-01-09,3436.487060546875,3494.6483369499874,3429.8281951199665,3455.160123552573,1370944,TCS.NS
2024-01-10,3458.046630859375,3473.1340080380555,3434.7169596150297,3436.579604387055,1292227,TCS.NS
2024-01-11,3479.001708984375,3513.879690118427,3452.412406909358,3468.244888948058,1777909,TCS.NS
2024-01-12,3616.138916015625,3637.0470599000287,3559.142026578151,3583.7288487280734,6813450,TCS.NS
2024-01-15,3635.69677734375,3692.6936681850148,3618.1878690791377,3688.0370557408974,2801505,TCS.NS
2024-01-16,3596.115478515625,3631.2262899610105,3590.760374343459,3631.2262899610105,1432672,TCS.NS
2024-01-17,3617.8154296875,3641.4243183462013,3550.713598917996,3556.7205834939423,3458696,TCS.NS
2024-01-18,3634.579345703125,3640.353499833649,3596.7675605644026,3630.2951711755672,2239110,TCS.NS
2024-01-19,3697.8349609375,3717.0600825465317,3671.5762582519933,3699.66364622584,2941975,TCS.NS
2024-01-23,3618.30810546875,3689.253392795468,3603.772039730458,3657.4617018928593,2618854,TCS.NS
2024-01-24,3602.880859375,3642.1280961605494,3568.9321609706562,3638.705179005635,2657709,TCS.NS
2024-01-25,3573.340087890625,3620.8870436828015,3543.7051787524156,3601.0991467068993,2205154,TCS.NS
2024-01-29,3564.61865234375,3582.4370565517297,3545.7218573588943,3564.4311359857325,1646747,TCS.NS
2024-01-30,3564.196533203125,3608.5080891700763,3551.4891523141855,3570.6673355072853,1411621,TCS.NS
2024-01-31,3578.638427734375,3595.565955397303,3560.3511204494907,3574.183827241903,2459358,TCS.NS
2024-02-01,3614.463134765625,3662.057029330496,3568.4167652804376,3582.436989907515,2363107,TCS.NS
2024-02-02,3719.638427734375,3736.612663128637,3631.2028376276817,3634.063205902369,2826510,TCS.NS
2024-02-05,3726.203125,3771.874458152277,3715.6996914451147,3735.2998425709893,1691523,TCS.NS
2024-02-06,3878.784912109375,3891.8203887754125,3741.8645549604466,3748.429229618272,4474396,TCS.NS
2024-02-07,3829.455810546875,3896.6031428098927,3820.593545941405,3894.7275215618497,2124267,TCS.NS
2024-02-08,3877.003662109375,3899.4172483124053,3831.941808049095,3835.6461148623707,2345173,TCS.NS
2024-02-09,3876.628662109375,3924.503719974254,3845.024255187154,3879.301056539786,2100596,TCS.NS
2024-02-12,3864.43701171875,3900.9177589811775,3850.228812262782,3873.1584686878864,1013716,TCS.NS
2024-02-13,3891.4453125,3910.670430925413,3827.674187966924,3868.8911494158424,1257415,TCS.NS
2024-02-14,3845.117919921875,3858.9973357555955,3797.6646047310915,3851.588722467118,1391283,TCS.NS
2024-02-15,3848.024658203125,3888.44392895267,3829.0807008130323,3871.2821780446234,1091582,TCS.NS
2024-02-16,3871.563720703125,3889.9920672478725,3845.1177337734257,3857.4498528668705,1307556,TCS.NS
2024-02-19,3848.58740234375,3871.5637647018066,3802.8224229354896,3866.640258482223,772291,TCS.NS
2024-02-20,3779.98681640625,3843.148462143892,3760.6211159582745,3828.2373627684356,1193648,TCS.NS
2024-02-21,3743.27099609375,3810.6527790382934,3733.0489521745185,3763.4339239193837,1885939,TCS.NS
2024-02-22,3832.926025390625,3840.2877016688244,3724.0461165985157,3724.0461165985157,2982052,TCS.NS
2024-02-23,3800.102783203125,3873.1581442686033,3794.7570791114713,3873.1581442686033,2538072,TCS.NS
2024-02-26,3752.2275390625,3798.1333269385277,3735.065557497388,3785.0039771663946,1379284,TCS.NS
2024-02-27,3849.150146484375,3867.5313277921664,3750.3049902620937,3750.3049902620937,2960475,TCS.NS
2024-02-28,3862.7958984375,3896.5099212553473,3834.7082823885885,3840.897925124464,1939225,TCS.NS
2024-02-29,3840.428955078125,3880.754817970432,3811.778790417747,3844.0863254782985,3772719,TCS.NS
2024-03-01,3839.725341796875,3882.5363087877504,3832.6448252006635,3851.776300908435,2043265,TCS.NS
2024-03-04,3826.923828125,3861.8103380983325,3822.4222912670302,3849.71267244036,1749271,TCS.NS
2024-03-05,3762.5908203125,3811.2631094828985,3732.4870019050036,3809.3874878739007,2070859,TCS.NS
2024-03-06,3811.54443359375,3818.7655308738504,3712.2770700452925,3745.663225699868,1744204,TCS.NS
2024-03-07,3853.089111328125,3867.5313044415575,3786.598195707899,3812.200473461429,2688905,TCS.NS
2024-03-11,3865.984130859375,3894.7279379757806,3834.70805162123,3834.70805162123,2304068,TCS.NS
2024-03-12,3931.536865234375,3966.8925114142617,3864.764560938834,3865.983989585085,4039801,TCS.NS
2024-03-13,3890.976806640625,3977.25539574907,3874.9401512123873,3943.4942087066347,2837260,TCS.NS
2024-03-14,3945.9326171875,3962.250432711918,3831.8947380025797,3895.150256479137,2919608,TCS.NS
2024-03-15,3956.858154296875,3975.3799172991535,3917.235648633773,3931.865588461695,3373143,TCS.NS
2024-03-18,3894.2587890625,3990.1499296240027,3861.76374108121,3953.106408331295,1526904,TCS.NS
2024-03-19,3729.954833984375,3805.636117588947,3719.920304502826,3799.305894869941,8931209,TCS.NS
2024-03-20,3723.952392578125,3768.123367840969,3713.9178639455963,3738.113425638154,1817913,TCS.NS
2024-03-21,3725.875244140625,3759.1205900676036,3702.476911275549,3741.9118998530926,3829582,TCS.NS
2024-03-22,3667.683837890625,3693.098599879169,3615.260310445454,3654.6483605203457,5852485,TCS.NS
2024-03-26,3636.36083984375,3701.257291825828,3630.68703955033,3634.016313190079,3440925,TCS.NS
2024-03-27,3602.03759765625,3652.773256160596,3591.2527728948003,3646.6774856432544,1968575,TCS.NS
2024-03-28,3635.236083984375,3671.529316493805,3601.6624112374093,3610.6654865850787,4311783,TCS.NS
2024-04-01,3673.170166015625,3688.690979343402,3646.2550439346555,3655.3048258696854,1569676,TCS.NS
2024-04-02,3642.269287109375,3666.6993019354495,3632.140885633653,3648.0836677291272,2142666,TCS.NS
2024-04-03,3701.8203125,3733.424488071944,3611.509094088183,3611.509094088183,3973090,TCS.NS
2024-04-04,3754.33740234375,3778.1107648289094,3690.519342135764,3728.6412532863997,3394637,TCS.NS
2024-04-05,3731.783447265625,3753.118641944344,3714.19949560734,3730.6111838217394,1636819,TCS.NS
2024-04-08,3725.499755859375,3781.8620387375217,3713.7301863711327,3735.299831392985,2302538,TCS.NS
2024-04-09,3701.116943359375,3766.1072720566044,3680.954012876369,3736.2379090370728,1876992,TCS.NS
2024-04-10,3736.847412109375,3742.052307422326,3674.3424188992844,3710.3542591400274,2101965,TCS.NS
2024-04-12,3752.555419921875,3763.762440285618,3700.131896496917,3724.0460679227617,4354821,TCS.NS
2024-04-15,3696.099365234375,3811.450077595125,3675.326950485817,3752.555521752734,4200329,TCS.NS
2024-04-16,3631.953369140625,3684.37689632826,3622.622198353119,3659.33739612377,3051420,TCS.NS
2024-04-18,3621.8251953125,3691.2231923226304,3610.571466067614,3635.7048405060677,3476284,TCS.NS
2024-04-19,3588.251220703125,3612.9626239981167,3564.5245644253832,3599.3174326502835,2957749,TCS.NS
2024-04-22,3624.263427734375,3636.8299998951316,3574.934491903105,3598.379760081903,1728883,TCS.NS
2024-04-23,3633.73486328125,3652.7724651814333,3620.5118705508353,3635.9388098818245,1807586,TCS.NS
2024-04-24,3592.7998046875,3655.586186600659,3586.6101623523527,3648.0837008405756,1317312,TCS.NS
2024-04-25,3612.63427734375,3632.7502707587055,3573.9965228878514,3574.1840392334375,2856271,TCS.NS
2024-04-26,3583.702880859375,3635.704436508526,3566.0719945433134,3615.4006982107267,2039178,TCS.NS
2024-04-29,3629.51513671875,3636.6425900369045,3581.686788233394,3599.3176762116937,1110693,TCS.NS
2024-04-30,3583.04638671875,3640.3467125091584,3573.058794270598,3631.2030581143713,2203078,TCS.NS
2024-05-02,3623.044189453125,3630.3591588386275,3543.095825813969,3543.095825813969,2491044,TCS.NS
2024-05-03,3604.3818359375,3651.4601199418653,3561.4302856696127,3648.2244896065395,2962234,TCS.NS
2024-05-06,3677.202880859375,3694.9274124213143,3613.384813638277,3613.384813638277,2053831,TCS.NS
2024-05-07,3731.501708984375,3739.988941315255,3670.12204659911,3686.3462169354693,2062112,TCS.NS
2024-05-08,3729.626220703125,3736.5192209369857,3693.66131770256,3714.6681858171114,1247685,TCS.NS
2024-05-09,3713.918212890625,3724.0466151272376,3666.887093758869,3715.606318089679,1726486,TCS.NS
2024-05-10,3651.740966796875,3726.484662213695,3643.441479536376,3716.1687445881325,1672489,TCS.NS
2024-05-13,3702.289306640625,3709.0414982162547,3629.327584853832,3642.925840662716,931326,TCS.NS
2024-05-14,3658.5869140625,3700.413361230903,3650.8030397651737,3691.222770938554,1058317,TCS.NS
2024-05-15,3639.08056640625,3682.7357004952323,3634.485385536964,3661.6818959693137,1115021,TCS.NS
2024-05-16,3684.9423828125,3693.018989202287,3630.673611714795,3675.637945909043,2599399,TCS.NS
2024-05-17,3621.7939453125,3702.937300542508,3617.9208829280115,3701.992673680125,2765804,TCS.NS
2024-05-21,3608.663818359375,3631.854456042576,3599.0759470919206,3618.4880769854944,1908117,TCS.NS
2024-05-22,3619.810302734375,3628.548101612322,3606.160490071024,3622.644183451547,1311168,TCS.NS
2024-05-23,3677.857666015625,3688.7681531563644,3613.6703123942825,3628.264752304816,2095742,TCS.NS
2024-05-24,3636.34130859375,3668.742057896385,3631.429294761055,3663.4993323947815,1309452,TCS.NS
2024-05-27,3634.027099609375,3691.9327769001197,3628.642772199506,3641.536837624862,1841538,TCS.NS
2024-05-28,3627.2724609375,3655.7058206803945,3617.9207475984267,3644.370298755804,1801993,TCS.NS
2024-05-29,3593.0302734375,3635.774643725855,3589.582477254128,3635.774643725855,1568095,TCS.NS
2024-05-30,3529.220703125,3584.2922676744465,3509.714018991741,3567.8558516313005,2919230,TCS.NS
2024-05-31,3467.677978515625,3542.1618998121,3451.430442400017,3532.904510318457,10956800,TCS.NS
2024-06-03,3497.811767578125,3543.815050940118,3491.3409811408733,3526.1032967744277,2156773,TCS.NS
2024-06-04,3509.2890625,3537.6278705417226,3392.627636061575,3495.1196584791387,3395997,TCS.NS
2024-06-05,3538.997314453125,3574.2792205302862,3495.1194421750433,3510.2334721952598,2799670,TCS.NS
2024-06-06,3618.298583984375,3627.2725390345563,3534.3213495003415,3571.634109972148,4328036,TCS.NS
2024-06-07,3678.329833984375,3698.2142761529285,3624.8168128885063,3624.8168128885063,4552445,TCS.NS
2024-06-10,3645.03173828125,3689.6180814133613,3629.161960387638,3679.3217405498876,1734661,TCS.NS
2024-06-11,3638.79736328125,3665.1050839975637,3628.3119124726636,3632.0904200618043,1419898,TCS.NS
2024-06-12,3619.4794921875,3677.9047569591216,3615.5121054162055,3659.8622913039767,2177001,TCS.NS
2024-06-13,3663.404541015625,3674.598461482482,3638.7026410361236,3643.236896058969,1932323,TCS.NS
2024-06-14,3619.857421875,3673.6538756786167,3616.031636949793,3673.6538756786167,1860730,TCS.NS
2024-06-18,3603.84619140625,3629.256562858962,3584.9063758687394,3614.1898098741085,1774045,TCS.NS
2024-06-19,3591.187744140625,3621.5576348500226,3582.922259445668,3615.7007640544557,1509050,TCS.NS
2024-06-20,3577.538330078125,3598.9813152014426,3570.737062326571,3585.8038156912176,2846526,TCS.NS
2024-06-21,3599.73681640625,3663.074093663598,3587.7401013764106,3615.087002922448,4642195,TCS.NS
2024-06-24,3605.4521484375,3643.426105277136,3581.364161482725,3597.8478554509443,1702154,TCS.NS
2024-06-25,3625.903076171875,3634.5935975227003,3582.8752747763524,3605.6408753024607,1338808,TCS.NS
2024-06-26,3642.339599609375,3652.8248194664434,3628.3117983770853,3631.6179924136177,1639845,TCS.NS
2024-06-27,3716.303466796875,3723.7188794930803,3606.6797101565076,3618.865303738709,4526556,TCS.NS
2024-06-28,3687.964599609375,3740.7220982180547,3682.0136353141756,3700.858893699783,2731571,TCS.NS
2024-07-01,3757.914794921875,3780.1135277066987,3668.930984521538,3668.930984521538,2658723,TCS.NS
2024-07-02,3794.944091796875,3800.61185331036,3762.023982045802,3772.462155624164,2307449,TCS.NS
2024-07-03,3745.681884765625,3803.162524946505,3735.9994588608656,3797.4002085008037,1821198,TCS.NS
2024-07-04,3798.297607421875,3823.2358967427767,3761.598989570618,3778.3661175753045,2518001,TCS.NS
2024-07-05,3789.654052734375,3803.7761780539627,3767.171887521997,3787.953678275629,1668616,TCS.NS
2024-07-08,3772.083984375,3808.027083028784,3757.7729794930797,3799.2892844506714,1758882,TCS.NS
2024-07-09,3764.810302734375,3785.072502499781,3754.9862757638116,3764.3379893103715,1305801,TCS.NS
2024-07-10,3692.688232421875,3781.624995321451,3685.9342421919528,3763.1102154389605,2669716,TCS.NS
2024-07-11,3706.4326171875,3759.615159156207,3679.8887389846327,3713.3284398600626,4872189,TCS.NS
2024-07-12,3952.27197265625,3967.386003323572,3751.3969204452933,3759.6151284962884,13509164,TCS.NS
2024-07-15,3938.338134765625,4005.2175259371584,3926.860550454721,4001.155815302139,4848030,TCS.NS
2024-07-16,3947.075927734375,3962.2840497986936,3915.3834227252332,3940.9829005455586,2029521,TCS.NS
2024-07-18,4076.584716796875,4085.5116261190287,3929.6481767988807,3929.6481767988807,5613364,TCS.NS
2024-07-19,4073.60205078125,4126.955499689888,4057.3641651955472,4087.8043639433604,3903354,TCS.NS
2024-07-22,4059.352294921875,4090.2187458114163,4038.1907573413023,4071.282329598796,1896386,TCS.NS
2024-07-23,4073.5546875,4129.748596183281,4039.4215192139973,4055.2336119896318,2365208,TCS.NS
2024-07-24,4077.247802734375,4108.350964066985,4041.126675185908,4059.4949095439492,1809793,TCS.NS
2024-07-25,4092.633056640625,4112.042883745572,4046.901795265646,4066.5954836949645,2810342,TCS.NS
2024-07-26,4154.50830078125,4187.268397348249,4106.409520256929,4118.671036198701,3552210,TCS.NS
2024-07-29,4148.11669921875,4195.362964674367,4138.553716676068,4180.21383187482,1746803,TCS.NS
2024-07-30,4133.20458984375,4164.118198879963,4097.177778242139,4157.585227320139,1797906,TCS.NS
2024-07-31,4152.140625,4179.266948047126,4113.936313834336,4118.670417762799,2330091,TCS.NS
2024-08-01,4163.26611328125,4184.285259071731,4132.920227203137,4165.443616342355,2202244,TCS.NS
2024-08-02,4055.281005859375,4164.118251496919,4042.9251782382544,4132.873162297419,2811282,TCS.NS
2024-08-05,3934.087890625,4013.5736879846177,3891.907205581687,4013.5736879846177,2787771,TCS.NS
2024-08-06,3949.37890625,4031.799467797811,3939.531600575893,3949.142201061965,2203067,TCS.NS
2024-08-07,3977.073974609375,4019.207504026678,3957.995163908957,4003.1587050867174,1237666,TCS.NS
2024-08-08,3950.6572265625,4006.945912072743,3938.7748095989155,3958.6580478204482,2441283,TCS.NS
2024-08-09,4003.86865234375,4027.4443989451242,3981.902223791584,3992.7435074037467,1302536,TCS.NS
2024-08-12,3972.52880859375,4013.573584922349,3963.723559610809,4005.0521972685856,936912,TCS.NS
2024-08-13,3973.760498046875,4008.8400304397005,3960.5521604462133,3988.956789854147,1495593,TCS.NS
2024-08-14,4066.83203125,4077.1999039105713,3965.42743135513,3985.168737449799,3226545,TCS.NS
2024-08-16,4181.20849609375,4191.576370483643,4095.0954075700097,4118.671156901704,3457058,TCS.NS
2024-08-19,4251.2255859375,4255.249574521071,4156.87498137627,4185.894947757169,2055210,TCS.NS
2024-08-20,4282.75439453125,4322.237007322546,4260.693654534821,4265.427758595415,2212298,TCS.NS
2024-08-21,4309.455078125,4317.503055311436,4253.639804359008,4277.736579801988,1896990,TCS.NS
2024-08-22,4262.58740234375,4318.402675534502,4258.042847258311,4317.5030108146375,1829872,TCS.NS
2024-08-23,4226.513671875,4266.374923745363,4218.087058430003,4260.6939984141445,1809253,TCS.NS
2024-08-26,4263.01318359375,4310.069896517647,4246.490976918167,4250.278259840725,1844164,TCS.NS
2024-08-27,4257.9951171875,4270.161857070282,4248.195429331919,4265.427753015881,930697,TCS.NS
2024-08-28,4266.42236328125,4319.870590915642,4220.264841898864,4259.510755261752,1848058,TCS.NS
2024-08-29,4271.8662109375,4313.715878264525,4222.821074859477,4222.821074859477,2133641,TCS.NS
2024-08-30,4311.58544921875,4348.038051973605,4249.14242918416,4260.693828489569,3637222,TCS.NS
2024-09-02,4280.62451171875,4344.014356887433,4272.055967366194,4332.652505910395,1216500,TCS.NS
2024-09-03,4272.38720703125,4313.6210706253505,4256.811818932973,4280.62427113772,1717263,TCS.NS
2024-09-04,4241.04736328125,4248.3852249914535,4200.760320366018,4238.869860215786,1265505,TCS.NS
2024-09-05,4237.92236328125,4259.746395831193,4217.281394309991,4242.703622965008,1688793,TCS.NS
2024-09-06,4219.744140625,4278.6365868505345,4203.8848901946485,4236.029645395859,1649179,TCS.NS
2024-09-09,4212.92626953125,4251.462060686222,4194.889518372097,4218.086627772867,1184938,TCS.NS
2024-09-10,4268.1259765625,4298.519014859862,4204.310350980651,4206.20399246566,1385591,TCS.NS
2024-09-11,4241.142578125,4307.420045613886,4233.473235852587,4281.00383317773,1325919,TCS.NS
2024-09-12,4277.45263671875,4291.5601745835365,4195.6469473824145,4270.398636628928,2742216,TCS.NS
2024-09-13,4282.09228515625,4305.194622601226,4265.428144890812,4289.098667337487,1458786,TCS.NS
2024-09-16,4273.23974609375,4304.295289007335,4255.43969677022,4286.2585344411245,1155120,TCS.NS
2024-09-17,4266.04345703125,4294.590014445038,4228.502101148829,4273.239388269134,1699364,TCS.NS
2024-09-18,4115.02587890625,4257.901071253871,4091.213423900801,4257.901071253871,2961779,TCS.NS
2024-09-19,4067.684326171875,4187.031372404745,4054.097354431545,4156.590712046438,2927551,TCS.NS
2024-09-20,4057.03271484375,4100.397388735434,4002.685288545634,4087.330983142617,5447908,TCS.NS
2024-09-23,4041.50537109375,4080.230256884889,4026.8296458385194,4071.330232096316,1702319,TCS.NS
2024-09-24,4044.155029296875,4062.8075818205225,4014.519726618274,4025.550095196614,3012026,TCS.NS
2024-09-25,4047.421875,4061.482255162534,4014.5198549622787,4026.2131833235376,2713073,TCS.NS
2024-09-26,4064.228515625,4087.2360774502895,4033.456837871287,4033.456837871287,3964251,TCS.NS
2024-09-27,4079.5673828125,4145.181886032281,4071.37701220358,4104.468587471434,3012477,TCS.NS
2024-09-30,4041.50537109375,4070.1467058660555,4033.5045488512155,4058.926784740199,2503416,TCS.NS
2024-10-01,4059.873291015625,4067.305927628493,4017.313968463482,4029.2435420878182,1823365,TCS.NS
2024-10-03,4007.65673828125,4051.44721117606,3986.116559722181,4035.919438655811,3350119,TCS.NS
2024-10-04,4026.11865234375,4069.4357029274943,3999.4181214842306,4000.317786149061,2965463,TCS.NS
2024-10-07,4045.62353515625,4068.7258712834955,4004.483984564525,4046.6175121163583,1472619,TCS.NS
2024-10-08,4027.066162109375,4051.825437221579,3980.388074704301,4045.3872397570553,1541867,TCS.NS
2024-10-09,4026.781982421875,4066.595614866151,4020.8643520160745,4033.456884593668,1082504,TCS.NS
2024-10-10,4002.590576171875,4065.5070098395613,3975.322319205254,4027.0659888752402,2378875,TCS.NS
2024-10-11,3928.549560546875,4016.367201197805,3893.753891609714,3922.6790858954605,5759183,TCS.NS
2024-10-14,3916.66650390625,3943.887604227915,3902.985219568291,3919.8384463197513,2137590,TCS.NS
2024-10-15,3897.87158203125,3948.1954760800095,3877.2310740598678,3911.3637780765134,2759474,TCS.NS
2024-10-16,3877.18408203125,3896.1678867388287,3850.9098028436433,3867.7632605900644,2359151,TCS.NS
2024-10-17,3890.48681640625,3910.3228978529323,3875.2902957519555,3894.0845506582914,2522659,TCS.NS
2024-10-18,3913.3134765625,3935.2384902660306,3872.4535818662375,3881.944889664929,2361000,TCS.NS
2024-10-21,3872.311279296875,3929.35413147785,3862.9622484885167,3922.3779276034525,1595450,TCS.NS
2024-10-22,3811.234130859375,3881.754584605675,3802.5496780872345,3859.165228757121,1928049,TCS.NS
2024-10-23,3859.40283203125,3904.2965301967497,3791.919544419266,3796.143361546141,1966476,TCS.NS
2024-10-24,3841.986328125,3871.504387583309,3800.3195802607424,3800.3195802607424,2676744,TCS.NS
2024-10-25,3851.1455078125,3883.8430156937015,3827.5595160672574,3850.670942439126,1759676,TCS.NS
2024-10-28,3882.751220703125,3923.7061156513423,3844.9282715296536,3861.965120390014,1532534,TCS.NS
2024-10-29,3867.945068359375,3894.7580119042254,3853.5658302619245,3887.497254393904,1445885,TCS.NS
2024-10-30,3876.866455078125,3898.0796180034267,3853.517979890609,3867.7074369038137,1935002,TCS.NS
2024-10-31,3766.577880859375,3870.839986500922,3758.557772361112,3862.962154926698,3740372,TCS.NS
2024-11-01,3781.52685546875,3795.5265346519595,3773.7915322018357,3786.889583476844,154895,TCS.NS
2024-11-04,3762.49658203125,3788.834960428504,3714.1859193893415,3764.5373521831416,2269192,TCS.NS
2024-11-05,3769.330322265625,3783.234994421101,3740.61911840681,3740.61911840681,967590,TCS.NS
2024-11-06,3929.068603515625,3938.7021869268697,3773.0316173071656,3799.939563929586,3792017,TCS.NS
2024-11-07,3939.746826171875,3991.8540128312807,3877.246703910295,3957.5907627391994,3724349,TCS.NS
2024-11-08,3936.044921875,3957.6376448006463,3908.187843785678,3943.637967299403,1648039,TCS.NS
2024-11-11,3985.114990234375,4018.9036701513614,3908.187674053703,3918.201280337874,1406487,TCS.NS
2024-11-12,3983.88134765625,4003.4335339434815,3952.512761507312,4001.5352724290465,1587640,TCS.NS
2024-11-13,3939.224853515625,3983.264427096759,3920.9063521955636,3965.5632315109633,1098813,TCS.NS
2024-11-14,3935.0009765625,3948.383812461554,3907.0493548019417,3924.6555443578186,1825432,TCS.NS
2024-11-18,3815.03076171875,3998.6875479838523,3787.221186498161,3998.6875479838523,3313944,TCS.NS
2024-11-19,3834.06103515625,3921.9504005395133,3809.9057047468586,3815.4104775297365,1776233,TCS.NS
2024-11-21,3865.667236328125,3884.2700598437223,3819.302106879864,3839.138846704682,2384347,TCS.NS
2024-11-22,4028.680419921875,4038.504015740722,3847.776008717878,3863.9112312507355,3096553,TCS.NS
2024-11-25,4095.593994140625,4107.932693294498,4035.8937655385084,4062.2794137366227,4052167,TCS.NS
2024-11-26,4131.28173828125,4144.474563456407,4090.7536685314544,4101.241378290607,2060669,TCS.NS
2024-11-27,4112.15576171875,4154.724363536381,4104.088151292946,4137.2131813248125,1558993,TCS.NS
2024-11-28,4028.96484375,4119.179995477792,4017.670281030027,4099.2955217974695,2558544,TCS.NS
2024-11-29,4053.59521484375,4080.028599301392,3982.2203960362835,4005.3318228209696,2017425,TCS.NS
2024-12-02,4059.099609375,4070.0623467391047,4014.87002722247,4052.7879830735096,1670944,TCS.NS
2024-12-03,4083.8720703125,4104.990228133534,4048.469681005338,4094.882078988639,2010905,TCS.NS
2024-12-04,4132.89501953125,4163.789504813234,4070.8692297125376,4094.122934068909,3302642,TCS.NS
2024-12-05,4236.96728515625,4260.648284679668,4138.210407931244,4176.9347603164215,3746747,TCS.NS
2024-12-06,4219.36083984375,4237.868889866684,4188.276807112925,4226.479320621802,1842087,TCS.NS
2024-12-09,4225.671875,4242.044378496654,4190.933600979431,4205.076018232145,2066639,TCS.NS
2024-12-10,4207.06884765625,4265.203099559396,4187.659404066042,4200.994504227562,2087828,TCS.NS
2024-12-11,4202.228515625,4222.349806544079,4182.818609222603,4206.404597631399,1635256,TCS.NS
2024-12-12,4228.330078125,4256.851270827812,4200.852558457947,4204.696352489294,1914642,TCS.NS
2024-12-13,4246.31640625,4266.248154048947,4170.860503868272,4209.348037802869,1967048,TCS.NS
2024-12-16,4190.60205078125,4247.359881247422,4173.327686669254,4232.1737900519,1646224,TCS.NS
2024-12-17,4108.31201171875,4207.44889332409,4098.346139910261,4185.666159565598,3225027,TCS.NS
2024-12-18,4126.677734375,4140.107840205238,4071.3908747482337,4092.366754522636,1575404,TCS.NS
2024-12-19,4054.59130859375,4142.006337975124,4045.1950074358338,4064.177621267067,3015763,TCS.NS
2024-12-20,3958.159423828125,4159.090570831168,3941.2650833812017,4108.7866456248585,4116989,TCS.NS
2024-12-23,3946.77001953125,4002.484177211474,3905.5778396822147,3986.39622640784,2195338,TCS.NS
2024-12-24,3966.891845703125,4003.4333784366027,3946.7700890546093,3946.7700890546093,1181886,TCS.NS
2024-12-26,3957.020751953125,3986.301525685132,3932.3906257955578,3966.8916181900954,1208464,TCS.NS
2024-12-27,3952.987548828125,3968.2686475658415,3936.2827538746483,3951.2315641401315,858100,TCS.NS
2024-12-30,3947.244873046875,3985.6846693501766,3902.8257382512747,3939.841838395195,1527169,TCS.NS
2024-12-31,3886.500244140625,3929.353632155194,3826.9422956665308,3924.6552500458943,1555429,TCS.NS
2025-01-01,3903.252685546875,3923.706266508262,3877.6259252343875,3886.1205985527304,763161,TCS.NS
2025-01-02,3963.332763671875,3970.21396166903,3888.541445300585,3910.4187239006465,1720835,TCS.NS
2025-01-03,3891.341064453125,3967.31925896288,3884.1278097948166,3967.31925896288,1791953,TCS.NS
2025-01-06,3886.690185546875,3938.5600852002444,3859.5449550545113,3896.6560578175076,2085593,TCS.NS
2025-01-07,3823.383056640625,3929.7331926762554,3807.48511819948,3905.6253667734477,2669054,TCS.NS
2025-01-08,3899.408203125,3916.112994968031,3813.3696038615626,3829.6471015423167,2181277,TCS.NS
2025-01-09,3833.396728515625,3927.2656647049257,3820.535960823577,3892.3851104960186,2392472,TCS.NS
2025-01-10,4048.6591796875,4078.4145191002203,3957.874923120298,3986.3488434305154,7894300,TCS.NS
2025-01-13,4072.815185546875,4103.045093599212,4012.3553694421994,4029.060163870238,4003771,TCS.NS
2025-01-14,4017.7177734375,4094.4550879803073,4004.4299428133863,4083.1605246383615,3441709,TCS.NS
2025-01-15,4033.42626953125,4039.9279080856195,3993.4204997024085,4003.4336440894426,1653474,TCS.NS
2025-01-16,3992.328369140625,4075.567318807286,3978.613708278282,4043.2968742708517,2637705,TCS.NS
2025-01-17,3986.52880859375,4021.6165011799776,3963.08887255939,4020.939695681563,1761466,TCS.NS
2025-01-20,3941.58251953125,4007.3107665807174,3932.206591942462,4007.3107665807174,1287799,TCS.NS
2025-01-21,3901.03369140625,3973.673232978695,3895.3790145716716,3958.497734138814,1971591,TCS.NS
2025-01-22,4017.749755859375,4024.0807657149944,3909.1043123511595,3914.7106117823487,2409223,TCS.NS
2025-01-23,4006.972412109375,4051.339039072567,4001.7524202557865,4028.7689459052554,1822998,TCS.NS
2025-01-24,4013.642333984375,4038.4354105526413,3966.9073539751175,3966.9073539751175,1910099,TCS.NS
2025-01-27,3929.354736328125,4017.5084152856,3906.0599315038703,3964.973867046099,1551782,TCS.NS
2025-01-28,3905.335205078125,3964.974090445813,3893.7360609812577,3934.8163629909964,2468272,TCS.NS
2025-01-29,3962.84716796875,3970.6285432095738,3918.5772926221866,3918.5772926221866,1217089,TCS.NS
2025-01-30,3963.0888671875,3991.941831258984,3922.927021299046,3962.943972286711,1531251,TCS.NS
2025-01-31,3975.026611328125,3990.540749832513,3948.7836420464023,3972.706876888982,1492943,TCS.NS
2025-02-01,3937.087646484375,3997.741503018046,3920.5106310847846,3975.606564509793,437172,TCS.NS
2025-02-03,3932.73779296875,3940.8089579536745,3865.1245003058734,3896.2488211358454,1265713,TCS.NS
2025-02-04,3969.85498046875,3981.2610880254483,3930.2248097290194,3947.285122132378,2547132,TCS.NS
2025-02-05,3954.43798828125,4011.3703550712034,3939.8423053663196,4011.3703550712034,1693912,TCS.NS
2025-02-06,3946.366943359375,4001.221226388129,3916.209217331792,3968.2602324120217,2284536,TCS.NS
2025-02-07,3894.799072265625,3953.374842814853,3874.1140268953372,3953.374842814853,1548940,TCS.NS
2025-02-10,3902.096923828125,3916.644230568612,3880.2520112210996,3905.045086746592,1339511,TCS.NS
2025-02-11,3831.14892578125,3905.045090759602,3822.884488602531,3884.1665374644367,1810908,TCS.NS
2025-02-12,3818.1962890625,3887.404606196338,3808.5303361658844,3838.446649169052,1678002,TCS.NS
2025-02-13,3779.532470703125,3851.3505477933163,3771.896462322554,3835.4501025039126,2277310,TCS.NS
2025-02-14,3803.40771484375,3816.1183489930536,3769.7217733214056,3793.886656483722,1681975,TCS.NS
2025-02-17,3774.071533203125,3802.5860959459837,3727.3849307355754,3727.674956536778,1799806,TCS.NS
2025-02-18,3743.816650390625,3793.3062796669183,3735.4073189681676,3768.174803332807,2149879,TCS.NS
2025-02-19,3657.693359375,3745.508400554833,3642.2759755929487,3742.850263486918,4366672,TCS.NS
2025-02-20,3653.150390625,3661.4632050728333,3625.9892027381475,3635.848428163005,2888572,TCS.NS
2025-02-21,3659.52978515625,3689.4942392872176,3648.8972369162293,3649.960586134303,1833931,TCS.NS
2025-02-24,3552.8173828125,3637.4909800573673,3547.4043553421666,3618.1106992569003,2508516,TCS.NS
2025-02-25,3508.305908203125,3535.8054964280086,3500.283120267886,3503.907852529123,4101954,TCS.NS
2025-02-27,3491.873779296875,3516.4735816470966,3480.419530987875,3491.0520789257853,3823856,TCS.NS
2025-02-28,3366.89306640625,3479.743067268356,3341.5199398740847,3465.195760859545,7085018,TCS.NS
2025-03-03,3376.36572265625,3405.5568531975428,3360.0301206751515,3368.584583379958,4990439,TCS.NS
2025-03-04,3414.062744140625,3432.379676631615,3348.5759170238152,3357.951843598488,2797737,TCS.NS
2025-03-05,3428.56201171875,3480.081589993446,3403.237261275363,3403.237261275363,2501894,TCS.NS
2025-03-06,3481.289794921875,3488.87742658408,3417.977801534333,3438.179549305139,2786513,TCS.NS
2025-03-07,3490.56884765625,3503.9079097926337,3454.998093954285,3479.743027656133,2051315,TCS.NS
2025-03-10,3469.73876953125,3501.1049762137254,3462.9244613654673,3486.0259949428714,1004626,TCS.NS
2025-03-11,3455.867919921875,3468.868578368607,3419.4754684803916,3439.1457755027523,1995450,TCS.NS
2025-03-12,3389.07666015625,3450.020545810487,3370.3731812216474,3445.9125154624603,3174167,TCS.NS
2025-03-13,3393.764404296875,3406.5717917540665,3367.714708703622,3385.306695598729,1693004,TCS.NS
2025-03-17,3380.860107421875,3412.516101378981,3361.1900359739784,3372.450776071524,2690906,TCS.NS
2025-03-18,3380.860107421875,3380.860107421875,3380.860107421875,3380.860107421875,0,TCS.NS
2025-03-19,3380.280517578125,3428.5135286476893,3347.077874633433,3428.5135286476893,3051244,TCS.NS
2025-03-20,3444.1240234375,3459.3962767054963,3394.682767165146,3394.682767165146,2845192,TCS.NS
2025-03-21,3458.57470703125,3495.450223009194,3349.252685164703,3358.9186380800415,4161925,TCS.NS
2025-03-24,3507.725830078125,3527.831058731868,3447.4587570622184,3479.7429444303652,1834751,TCS.NS
2025-03-25,3535.563720703125,3586.068321730188,3516.473464812513,3523.239631457287,3135390,TCS.NS
2025-03-26,3514.34716796875,3557.553929809202,3504.7295921250025,3525.897934373459,1734499,TCS.NS
2025-03-27,3529.23291015625,3540.6387825331667,3489.892526436254,3494.097310621218,2528474,TCS.NS
2025-03-28,3485.6875,3538.656968927356,3471.9135171595426,3529.0393930182477,2051919,TCS.NS
2025-04-01,3432.1865234375,3464.277439125219,3407.248318336048,3453.354865404157,2618493,TCS.NS
2025-04-02,3425.565185546875,3445.0422214056125,3412.129605979645,3425.6135625063594,1764313,TCS.NS
2025-04-03,3289.468505859375,3385.0165399960483,3282.7023391603534,3374.383992326158,4537821,TCS.NS
2025-04-04,3189.184326171875,3286.085501586113,3185.414699028632,3250.2733357697866,5317367,TCS.NS
2025-04-07,3164.681396484375,3181.4516833870694,2953.963620596823,2996.4454369330797,6623955,TCS.NS
2025-04-08,3182.94970703125,3237.1274167268007,3146.5574911118592,3191.7458179951013,5557558,TCS.NS
2025-04-09,3138.1484375,3160.766673429551,3104.7525222396634,3151.63239491897,2990265,TCS.NS
2025-04-11,3123.552978515625,3188.7497898675183,3098.904796262136,3179.663887666195,7108961,TCS.NS
2025-04-15,3139.694580078125,3203.683137131328,3130.4154074577086,3203.683137131328,3512160,TCS.NS
2025-04-16,3164.439697265625,3168.596104196088,3121.136181217996,3139.6947635283577,2384391,TCS.NS
2025-04-17,3188.701171875,3193.2443586174536,3110.50370573642,3137.085076745666,2932346,TCS.NS
2025-04-21,3210.642822265625,3241.960413439671,3174.3955010062373,3180.195072407739,2432946,TCS.NS
2025-04-22,3203.683349609375,3222.531957851611,3184.931495290658,3211.6096198122023,2710498,TCS.NS
2025-04-23,3298.98974609375,3306.625754540036,3225.818529364827,3252.593171873855,3543923,TCS.NS
2025-04-24,3287.970703125,3298.5064976170884,3274.5348867157572,3287.4874054696716,2252175,TCS.NS
2025-04-25,3332.82080078125,3361.6253897019787,3291.25720030747,3305.7561307053,2742991,TCS.NS
2025-04-28,3328.470703125,3342.2930622298845,3291.2567864500143,3320.2546435993536,1593296,TCS.NS
2025-04-29,3356.502197265625,3378.250591632357,3315.808440523134,3339.586779424834,1578332,TCS.NS
2025-04-30,3338.330078125,3392.65268577439,3253.5597190937174,3356.0188189819924,2809332,TCS.NS
2025-05-02,3316.38818359375,3374.867194117627,3305.7556362257724,3356.0185874198487,1721761,TCS.NS
2025-05-05,3338.910400390625,3387.433440282234,3331.2741554528875,3334.7539931441597,1284443,TCS.NS
2025-05-06,3344.419921875,3356.9856614658597,3322.1882287527096,3344.419921875,1324763,TCS.NS
2025-05-07,3330.017578125,3343.936456116555,3306.335993163342,3306.335993163342,1477128,TCS.NS
2025-05-08,3333.690673828125,3360.8520980917406,3314.165494570907,3332.8208323900835,2543591,TCS.NS
2025-05-09,3325.3779296875,3331.0807476867326,3284.5876543425793,3285.4574957373147,2531757,TCS.NS
2025-05-12,3499.46142578125,3509.22413241534,3385.209911911905,3387.916425868549,2228678,TCS.NS
2025-05-13,3397.582275390625,3501.97456151927,3393.232596801932,3499.4613194961807,3062887,TCS.NS
2025-05-14,3430.15673828125,3442.0459078220697,3391.396407841002,3403.3820953219624,2119499,TCS.NS
2025-05-15,3460.314208984375,3479.7428677232297,3396.7124309124556,3444.9454390459973,3548330,TCS.NS
2025-05-16,3442.3359375,3473.84680313206,3427.6437359304055,3473.84680313206,1666727,TCS.NS
2025-05-19,3401.255615234375,3431.413341631395,3386.659931697025,3431.413341631395,2537377,TCS.NS
2025-05-20,3381.4404296875,3439.1461226598826,3377.2840226457647,3413.82137266364,2038374,TCS.NS
2025-05-21,3408.021484375,3418.847303675328,3381.4401157430884,3390.816042208948,1440153,TCS.NS
2025-05-22,3360.8515625,3380.956790168703,3336.0101126719387,3378.2502763697153,2034383,TCS.NS
2025-05-23,3397.196044921875,3416.9144952813326,3349.8328737001534,3360.851966080111,1274331,TCS.NS
2025-05-26,3419.137451171875,3426.5801874567637,3392.8461073678304,3403.3819012793415,967470,TCS.NS
2025-05-27,3381.82666015625,3421.747090070775,3366.7479162656796,3414.014328285304,2467680,TCS.NS
2025-05-28,3380.860107421875,3411.114585484783,3376.31715701285,3402.4152283668,1222933,TCS.NS
2025-05-29,3381.2470703125,3414.4978538154573,3370.034470581059,3387.626457620242,3188072,TCS.NS
2025-05-30,3347.705810546875,3389.5594310198626,3337.750068509547,3373.417337946492,3404365,TCS.NS
2025-06-02,3334.560302734375,3344.419526975246,3304.4025784742903,3334.7535745851437,1877585,TCS.NS
2025-06-03,3291.4501953125,3357.468700034321,3286.9072447003623,3330.8873298742683,2848125,TCS.NS
2025-06-04,3297.0087890625,3310.56402774214,3286.379348716646,3304.9078969735056,2544807,TCS.NS
2025-06-05,3287.4521484375,3324.4116310325603,3280.2356236372652,3324.4116310325603,3584683,TCS.NS
2025-06-06,3300.226806640625,3306.7605099618336,3275.359545608902,3287.4520036268846,2070390,TCS.NS
2025-06-09,3336.991455078125,3348.791310023286,3306.760665733127,3315.634960419095,1718678,TCS.NS
2025-06-10,3376.97412109375,3399.3060406489903,3338.2592545088482,3354.6424396212137,2419874,TCS.NS
2025-06-11,3385.750732421875,3402.4265208353168,3363.516665314218,3383.8979728571367,2847013,TCS.NS
2025-06-12,3348.986328125,3388.4813919586536,3338.2592737504274,3385.750821410403,4060134,TCS.NS
2025-06-13,3360.200927734375,3364.8818717382055,3309.003623498393,3309.003623498393,2178493,TCS.NS
2025-06-16,3409.54541015625,3421.9302340050463,3341.1847251814343,3354.642349665819,1934088,TCS.NS
2025-06-17,3428.073974609375,3432.6573046439225,3401.5489430536663,3422.905437301184,2111940,TCS.NS
2025-06-18,3365.759521484375,3450.2107909678293,3357.665661762572,3431.779856254815,2696327,TCS.NS
2025-06-19,3339.039306640625,3365.3693479021017,3328.3122527933565,3364.394161188714,2672768,TCS.NS
2025-06-20,3350.448974609375,3360.786049100129,3326.2642962767654,3340.0145242959966,2351248,TCS.NS
2025-06-23,3309.393798828125,3340.014567071261,3286.3792966511382,3330.2626997221478,3123421,TCS.NS
2025-06-24,3306.27294921875,3356.690292940616,3298.081476031171,3349.376392565029,3403048,TCS.NS
2025-06-25,3359.3232421875,3364.3941654870573,3315.634829755361,3322.7537403887272,1757699,TCS.NS
2025-06-26,3356.397705078125,3365.759354753242,3330.555256962972,3359.3232652421043,2879106,TCS.NS
2025-06-27,3355.71533203125,3380.387367158931,3345.8658502962735,3369.2703330730474,1778433,TCS.NS
2025-06-30,3376.09619140625,3378.924137465807,3344.890218522079,3354.544471150048,1468351,TCS.NS
2025-07-01,3344.597900390625,3398.5257745006766,3328.7999228861,3369.2701724246303,2375183,TCS.NS
2025-07-02,3338.3564453125,3403.303732161301,3335.1382818100083,3400.670775871144,3090585,TCS.NS
2025-07-03,3316.4150390625,3350.058980842342,3313.294489180619,3344.8904436190446,2531870,TCS.NS
2025-07-04,3334.943603515625,3341.964900305915,3305.980605453995,3323.4363525656718,1109320,TCS.NS
2025-07-07,3327.044677734375,3341.0875101654565,3323.8265137554163,3333.481005692293,1639174,TCS.NS
2025-07-08,3321.680908203125,3340.0144658805552,3309.1984707578945,3320.5107317732236,2325242,TCS.NS
2025-07-09,3299.837158203125,3329.287752096043,3283.4539722634377,3325.387004876247,2034938,TCS.NS
2025-07-10,3298.08154296875,3314.659717489882,3272.7266878187834,3296.1311694956757,3035012,TCS.NS
2025-07-11,3184.9599609375,3252.2478474361797,3180.181641042415,3218.0186968972475,7635550,TCS.NS
2025-07-14,3142.734375,3190.8111306672436,3120.59768280415,3184.9600100119856,3924009,TCS.NS
2025-07-15,3171.599853515625,3178.523536457564,3126.448660244279,3126.448660244279,2590889,TCS.NS
2025-07-16,3163.576171875,3175.1222359666176,3151.344969328223,3157.607249475903,2540733,TCS.NS
2025-07-17,3140.18994140625,3172.2846643823304,3135.199754145851,3154.7696780470374,2947640,TCS.NS
2025-07-18,3121.304931640625,3159.3685771406017,3118.46738821797,3155.6502438038765,3432645,TCS.NS
2025-07-21,3090.28662109375,3128.839514334287,3084.2199924907163,3121.4028477301345,3844346,TCS.NS
2025-07-22,3091.65673828125,3111.7159107005,3086.764257203384,3091.65673828125,3198036,TCS.NS
2025-07-23,3110.7373046875,3113.5748480562365,3089.6996367952283,3091.6566291573,1922875,TCS.NS
2025-07-24,3080.30615234375,3105.4534578423713,3072.478182452152,3097.0385335433134,2934778,TCS.NS
2025-07-25,3068.368408203125,3089.014534530361,3058.3877948178133,3072.4780444334683,2568917,TCS.NS
2025-07-28,3013.083251953125,3050.951005299135,3003.8852447797885,3043.123036074506,3374473,TCS.NS
2025-07-29,2990.284423828125,3007.8973556438664,2975.802632112602,2994.1984086760676,4785312,TCS.NS
2025-07-30,2987.93603515625,3003.0047807939304,2981.673516260727,2994.1983151611034,2880121,TCS.NS
2025-07-31,2971.497314453125,2994.0027271024683,2950.166049468222,2976.2918502873677,2968371,TCS.NS
2025-08-01,2938.424072265625,2971.4972914199097,2935.488583681943,2964.7455243430377,2053847,TCS.NS
2025-08-04,3008.28857421875,3013.181055141491,2927.2692812506943,2944.392964480288,2519252,TCS.NS
2025-08-05,2998.014404296875,3011.322048140622,2976.5854331255146,3008.2886143717656,1927996,TCS.NS
2025-08-06,2967.093994140625,3000.8521121202134,2960.9294204705666,2997.1337788834585,1487081,TCS.NS
2025-08-07,2981.47802734375,2985.9792055799644,2946.154217712285,2951.1446440658847,2543076,TCS.NS
2025-08-08,2971.105712890625,2994.002666894786,2959.9509519667536,2982.5543093380406,2762140,TCS.NS
2025-08-11,2975.411376953125,2984.3155492907413,2956.3307005130723,2971.1058502168585,1884215,TCS.NS
2025-08-12,2970.127197265625,3029.8154640054736,2961.809979769089,2975.6068714078456,3358232,TCS.NS
2025-08-13,2970.91015625,2978.9337774241835,2963.473728360306,2970.812449963036,2148166,TCS.NS
2025-08-14,2957.30908203125,2990.1864106721328,2954.1779420022144,2968.757439673081,3342174,TCS.NS
2025-08-18,2946.44775390625,2983.434958599791,2938.815435653507,2980.988718063058,2945609,TCS.NS
2025-08-19,2951.34033203125,2959.9511467818434,2946.350144506624,2946.4478507969,2650784,TCS.NS
2025-08-20,3031.96826171875,3036.664852119672,2946.1539583708727,2946.1539583708727,4952358,TCS.NS
2025-08-21,3035.882568359375,3062.693270119804,3016.801891436903,3062.693270119804,3230726,TCS.NS
2025-08-22,2988.327392578125,3029.1306363096523,2984.4134077810354,3019.639270954844,1593791,TCS.NS
2025-08-25,3073.065185546875,3084.2199463957195,3010.9306783780526,3020.9112915939663,3448370,TCS.NS
2025-08-26,3089.308349609375,3094.0051794435944,3052.9083364528824,3061.714802808035,5522097,TCS.NS
2025-08-28,3027.173583984375,3078.8382300613293,3020.1284592672155,3077.3704857914763,3116051,TCS.NS
2025-08-29,3018.3671875,3048.0156702082504,3011.028465982645,3026.4887537573413,2271789,TCS.NS
2025-09-01,3045.667236328125,3063.7694152474464,3023.5531276055535,3023.5531276055535,1246862,TCS.NS
2025-09-02,3044.5908203125,3087.1554035307527,3036.3715480748965,3053.98447906176,2185229,TCS.NS
2025-09-03,3030.891845703125,3074.3369795089966,3021.5961322134785,3062.595025627338,1799774,TCS.NS
2025-09-04,3029.130859375,3050.9513740037746,3024.336323201764,3048.9943814611165,1481391,TCS.NS
2025-09-05,2982.75,3036.664997028233,2963.47367273015,3030.5006621101975,2802055,TCS.NS
2025-09-08,2954.080078125,2998.9929589138555,2951.144589474992,2984.413460841752,2626187,TCS.NS
2025-09-09,2983.826171875,2994.19832699537,2965.62628616296,2966.898378981974,2489301,TCS.NS
2025-09-10,3043.123291015625,3055.550145422665,2987.740308555338,2990.675797260498,2079428,TCS.NS
2025-09-11,3057.017822265625,3071.4996140027415,3043.221168990462,3071.4996140027415,2263446,TCS.NS
2025-09-12,3066.02001953125,3080.991059765134,3053.8867617246956,3076.3921752202637,1447167,TCS.NS
2025-09-15,3044.982177734375,3066.6070389449774,3029.4241839737238,3066.6070389449774,1732539,TCS.NS
2025-09-16,3078.0556640625,3082.263245795216,3042.2428439695796,3060.7363278880744,2573429,TCS.NS
2025-09-17,3104.57275390625,3113.966173979194,3074.8263264485827,3084.2199854121977,2418271,TCS.NS
2025-09-18,3108.388916015625,3134.1234145595795,3093.4178759668794,3116.51048247651,2633138,TCS.NS
2025-09-19,3101.050048828125,3112.107103450778,3076.3919928468,3101.8328935510035,4901694,TCS.NS
2025-09-22,3007.70166015625,3040.089740964508,2999.090845838676,3028.445731768582,3634901,TCS.NS
2025-09-23,2996.546630859375,3014.453158879609,2986.3703660594774,3003.983297445149,3177741,TCS.NS
2025-09-24,2970.127197265625,2991.262810224855,2967.778901999341,2984.4133369924134,1625714,TCS.NS
2025-09-25,2893.804443359375,2964.4520571099356,2887.5421635017433,2957.015390749667,4974361,TCS.NS
2025-09-26,2836.758544921875,2891.260737711385,2829.126226471788,2877.7574418213358,3934636,TCS.NS
2025-09-29,2833.82275390625,2866.3087778304835,2831.7678164651984,2853.2947314486933,3110035,TCS.NS
2025-09-30,2826.288330078125,2852.610021207006,2823.0594837288886,2848.402439766557,2253458,TCS.NS
2025-10-01,2851.53369140625,2861.9058470940704,2804.957413772581,2828.8326264436423,1952902,TCS.NS
2025-10-03,2839.498046875,2861.1229086009284,2828.9304789544044,2861.1229086009284,2899519,TCS.NS
2025-10-06,2924.137939453125,2929.22631078988,2833.3336834873367,2839.5959635916415,2112774,TCS.NS
2025-10-07,2909.75390625,2939.891634958981,2891.9453243871753,2930.5959216848555,3062943,TCS.NS
2025-10-08,2962.103515625,2977.5638026677234,2904.176590968716,2911.0260640606234,4121889,TCS.NS
2025-10-09,2995.86181640625,3000.069397912704,2955.0585719818546,2968.757519004287,3211304,TCS.NS
2025-10-10,2963.179931640625,3003.983173218589,2942.239970746985,2984.413250266025,8817365,TCS.NS
2025-10-13,2942.533935546875,2970.2254277677166,2933.7274691163334,2961.908209472205,2866865,TCS.NS
2025-10-14,2896.642333984375,2962.1036338769445,2891.9455044700007,2956.0370052457697,3611416,TCS.NS
2025-10-15,2916.7763671875,2926.499513769408,2898.31197994854,2917.954894078994,4282226,TCS.NS
2025-10-16,2917.66015625,2921.883430677564,2890.553079047838,2916.87439174088,3251495,TCS.NS
2025-10-17,2909.311767578125,2935.4369375213087,2902.6331292681275,2916.972551528368,4374683,TCS.NS
2025-10-20,2961.365478515625,2969.0262624451843,2925.320781572273,2932.1958010354274,3133039,TCS.NS
2025-10-21,2953.017333984375,2977.669286180243,2942.508423286113,2976.981832168517,310644,TCS.NS
2025-10-23,3018.330078125,3042.687339125331,2981.892616996725,3000.4550745732363,5564758,TCS.NS
2025-10-24,3008.508544921875,3034.8300966289034,3003.6961270890743,3025.0086400055093,2684318,TCS.NS
2025-10-27,3029.821044921875,3038.9550474990237,3005.5620951218402,3011.7496607245316,1946312,TCS.NS
2025-10-28,3003.30322265625,3035.0265765381446,2985.919291823652,3021.0801556355614,3470737,TCS.NS
2025-10-29,3003.0087890625,3021.080174034828,2991.714113509379,3003.3032409472494,2895420,TCS.NS
2025-10-30,2981.106689453125,3009.0978400091353,2978.6513253692647,2994.6603471523654,2241536,TCS.NS
2025-10-31,3003.4013671875,3012.6334402910475,2971.088871543434,2980.8120174669925,1868085,TCS.NS
2025-11-03,2962.93701171875,3003.4013640895914,2956.2583734171585,2992.499451583931,2194877,TCS.NS
2025-11-04,2936.81201171875,2975.214004338424,2922.8655907942766,2965.6872390451917,2670720,TCS.NS
2025-11-06,2957.142333984375,2970.0085383136757,2936.61558517126,2936.7138956519902,2542721,TCS.NS
2025-11-07,2938.383544921875,2950.3656744717186,2907.6423366423182,2947.419237380036,1830520,TCS.NS
2025-11-10,2971.18701171875,2993.4816703122747,2938.579823663838,2939.5619693268272,1556656,TCS.NS
2025-11-11,2992.597900390625,3001.142519888641,2964.1156755427983,2990.633609021809,2806868,TCS.NS
2025-11-12,3075.8837890625,3080.4015151753365,3002.51755709654,3005.3656835637266,4460315,TCS.NS
2025-11-13,3050.249755859375,3075.9819244274895,3046.61586484088,3075.8838537295965,1740435,TCS.NS
2025-11-14,3050.54443359375,3057.517763723578,3022.356900982103,3034.830102963518,2210794,TCS.NS
2025-11-17,3046.812255859375,3067.7320066302495,3031.4909272444793,3050.544457369475,2232853,TCS.NS
2025-11-18,3031.98193359375,3049.5622448251693,3023.0443122614724,3046.6158078736476,2548350,TCS.NS
2025-11-19,3091.499755859375,3098.6694669245953,3028.4460542827223,3041.705020306013,3151053,TCS.NS
2025-11-20,3088.65185546875,3108.0000778660146,3082.0715272134535,3091.794673762747,2700767,TCS.NS
2025-11-21,3094.34814453125,3113.4016740052466,3079.2229578295533,3088.6516518716926,4177037,TCS.NS
2025-11-24,3085.115966796875,3122.1428110333977,3075.0981288018247,3101.616062202543,6703764,TCS.NS
2025-11-25,3063.5087890625,3093.562543096727,3059.3838251197944,3089.142887490615,2737920,TCS.NS
2025-11-26,3106.428466796875,3121.2589624366606,3061.348076121797,3063.115986297256,2508527,TCS.NS
2025-11-27,3080.59814453125,3123.223169867727,3069.205159068128,3123.223169867727,2836233,TCS.NS
2025-11-28,3081.48193359375,3091.1070087848907,3069.205113141185,3083.937297684263,1616690,TCS.NS
2025-12-01,3077.455078125,3097.687374390369,3066.4550948216056,3081.8747335418534,1747647,TCS.NS
2025-12-02,3079.714111328125,3087.8659682974553,3064.6872347092776,3075.0980746626374,2512003,TCS.NS
2025-12-03,3123.22314453125,3154.5534946281955,3082.9551731709416,3083.9373188138757,3952112,TCS.NS
2025-12-04,3171.544677734375,3191.9733551637537,3130.4909417024,3136.9731988901626,5025905,TCS.NS
2025-12-05,3180.384033203125,3213.187842167148,3164.866083794654,3172.330486734928,5244013,TCS.NS
2025-12-08,3178.71435546875,3201.6964674714213,3151.3125880977464,3185.0983021118977,2544725,TCS.NS
2025-12-09,3151.01806640625,3175.964471029267,3124.401822284255,3172.330579931189,2734893,TCS.NS
2025-12-10,3132.259033203125,3167.41989738469,3121.357359750894,3167.41989738469,1386849,TCS.NS
2025-12-11,3134.91064453125,3151.1160479641035,3096.8035846478047,3147.7768486239356,1914362,TCS.NS
2025-12-12,3163.0,3165.4553640739014,3128.8212841349605,3140.607031689688,1146554,TCS.NS
2025-12-15,3172.52685546875,3180.384020730158,3140.2143592438706,3153.7680172761306,1562190,TCS.NS
2025-12-16,3147.875244140625,3162.509118995985,3134.1252044928165,3162.509118995985,1734623,TCS.NS
2025-12-17,3160.348388671875,3179.107227122374,3143.3572206041695,3143.3572206041695,1376350,TCS.NS
2025-12-18,3222.2236328125,3229.09865265339,3163.4912725011322,3170.366292342023,2307422,TCS.NS
2025-12-19,3223.402099609375,3258.661033366418,3220.259281411304,3240.09857605464,3902511,TCS.NS
2025-12-22,3265.5361328125,3269.170263717588,3232.2414895890165,3250.9022578364156,2632816,TCS.NS
2025-12-23,3250.902099609375,3260.625245626059,3234.6966963938,3260.625245626059,2365420,TCS.NS
2025-12-24,3259.741455078125,3267.696930860065,3237.2504153109776,3245.107580613968,1367708,TCS.NS
2025-12-26,3221.437744140625,3260.7235702886815,3213.384197736604,3253.9468611908032,1176664,TCS.NS
2025-12-29,3193.446533203125,3229.294848891858,3184.9999848268185,3221.437683809396,2079473,TCS.NS
2025-12-30,3188.83056640625,3209.160933545371,3181.6608551553877,3191.973384551631,2807593,TCS.NS
